phi,N,chi,delta_G
0.6925398018859044,69.68281467755934,0.1345910167744715,-842.0782198113819
0.29041654825137186,85.58077642251536,0.3336657715859457,-446.1565393660433
0.23231442449291906,84.12889458096566,0.28910076334151136,-387.668819183471
0.5502884737012335,43.08506733638029,0.3810490540643645,-680.210340525119
0.7150795903898518,25.803191857129516,0.2846424168408895,-770.7852722487777
0.42464433092197174,20.13944135008964,0.46440244494411864,-555.2927100474877
0.9711489144169232,70.98480843636008,0.11324457624237,-248.2282315308645
0.681133143813166,95.99731922093424,0.40046275525278496,-698.8916354324155
0.48131326345467373,96.7647251368422,0.30046373800633824,-671.2410719340112
0.3942751678302675,41.766425075828096,0.2162573069811177,-650.5036186492719
0.34631445582785203,42.99307706893131,0.13626452595871363,-637.5041551109385
0.7244687132363608,59.13768733974752,0.2695871635429814,-761.504127158669
0.4398007997860319,54.743311127918346,0.2430978732872267,-676.727385796217
0.06848433867737698,26.60621148854981,0.4838821458822443,-105.04629072771081
0.4000833702238228,91.75373449673697,0.2168940075994289,-644.682018381772
0.733235497617395,14.159100068734496,0.40652236405708353,-720.9531157551598
0.18884189584442998,23.428630090415645,0.20454881992668678,-378.79790100187097
0.18194272102454268,18.275838690874924,0.19948550831730769,-378.0157040389793
0.5309203463650016,21.343257596237052,0.2778096131722242,-752.370490592487
0.5311910353549287,52.71970474050275,0.12354521544771102,-824.9791853095866
0.6317129393802946,19.883300780125044,0.39832703109640377,-722.8212289223982
0.8424431581962337,22.934416445165343,0.4134939473085989,-605.0275337427272
0.7199662183634226,37.62654045368504,0.30542152761794894,-751.1252327068377
0.6088030404640312,58.95120562673682,0.3195572024328619,-738.7178211566969
0.7179945149188172,76.14929786497876,0.3434660885882906,-724.6895151137821
0.32649973557611467,79.88718622957484,0.3913025948349588,-460.77982552202195
0.36455288250986784,45.641718627914635,0.33838494595298185,-543.2369515022185
0.2336979662613765,15.965149652757006,0.13360005802988942,-502.1511502130229
0.2978397654610528,33.92020826880821,0.14041054985183182,-572.544170014945
0.628356601377398,21.225542856815395,0.22295234933406163,-821.9654151657232
0.10026284114617368,78.05770697523039,0.4476626622137564,-143.74090880555076
0.43502714922593766,84.52515032072206,0.4042440025205011,-567.4709096779233
0.4322455080630509,91.07263417156797,0.43206892982648215,-547.0622950117772
0.4938113956973001,88.6954204492349,0.3863164746198121,-628.5398187767314
0.4273136844899114,36.66305716180678,0.15398278062700782,-726.9412325772809
0.316015998513016,54.920814407462444,0.4607641851649583,-416.0964533374071
0.42782428082355206,59.41765889891591,0.49607495082246134,-509.1404600201804
0.8855213798547921,75.1892408948967,0.15769131720571555,-582.5537897858279
0.935276817839802,79.26829577475709,0.4682480302459273,-373.2147006573753
0.5017999423666498,49.43494146990929,0.3724483998338135,-651.0142187040398
0.621473892756269,35.58046672013514,0.2282092583539678,-804.0058874528459
0.1233060271777098,34.59466384198624,0.10056969560559709,-279.24865660319284
0.3209397721839145,59.45720910568098,0.32323996759755025,-495.13792412501823
0.41652968771455917,77.53189312261168,0.4825423365755608,-503.2871486345713
0.8589829747256986,97.85057321003659,0.1728578773719091,-640.0879890927837
0.25544625808857657,61.63405862060027,0.4528832892841157,-347.0480281222796
0.48337357897745026,28.56234903410465,0.19154149506593826,-762.3987320995537
0.9758485898984909,83.93719243085151,0.49730783307929793,-195.76796504273344
0.5190954168746131,67.19272238731506,0.10048526051031366,-828.1850705791518
0.6106366352477083,41.250676980999316,0.4395321728091065,-673.5903391836704
0.12821609267051726,90.59615529051425,0.4085217333316532,-191.7153041964101
0.8198139844966965,65.8493561227338,0.3730433086017543,-638.9254994765233
0.6009989258427089,67.33877120948219,0.3713850862380793,-703.5766211607689
0.5441666463371356,21.839962183458688,0.16382697358189036,-829.6699721756115
0.34590855709882223,80.6559347172702,0.3154688603731083,-525.8852411861199
0.3080383732466404,93.24517166673577,0.24228248581478884,-516.4109831809761
0.4186817668042076,95.04738348915299,0.32970878739721154,-595.9350463864558
0.6776747504769407,10.216371570717172,0.4394261101015514,-735.1885021538956
0.8679477049592714,49.25425425794297,0.32175118062088415,-581.0631742556119
0.5102138907284509,41.18616097510878,0.4168717062106432,-632.9393328266481
0.6659275073030269,32.94116472085592,0.4637242026504379,-676.7550653758394
0.5842178215109687,16.253816496529886,0.13770997084489559,-874.855624342312
0.6224054320536878,42.096538526441535,0.269202508431641,-776.9326574954507
0.6711952699680683,66.71720691184608,0.24247870393572957,-788.7270429715597
0.8354955888678521,95.20454826844488,0.3933851117053879,-609.607084056936
0.09153108856578998,36.898490609564035,0.2907980744620686,-171.9967750329873
0.7584091846144714,41.3807830099731,0.12292301668667549,-812.4301775296963
0.24879304704613653,62.827480302458575,0.47742175422983457,-327.19385844207335
0.20033850136719544,82.33866835383537,0.4740282834193976,-266.2528676131026
0.5710078183416436,83.27737329975972,0.4037896599422409,-668.4303909705402
0.10379826628013936,59.207326336017495,0.20549681548990387,-207.19250461858732
0.8776202897496368,46.08913117973456,0.21526503513928164,-589.7279845336651
0.6247039926102433,48.58644397670191,0.30190637342600235,-755.9240685477981
0.7189480310261557,75.02457110991709,0.3521145415211433,-720.147109924902
0.025806622561116495,97.24007149663687,0.4563067310734342,-37.336810274289554
0.5925432418561416,94.69433978935493,0.33803524898643295,-717.0424269613587
0.555649488546403,57.45774433346515,0.4708560827044631,-623.1956675155272
0.1657804512618283,76.5087469667037,0.23358386602930392,-306.2864408591843
0.16000910482227765,52.83762853394982,0.44598810043769765,-229.6416585947203
0.6916189381954927,40.32334870439787,0.4777978329075192,-666.4597500370332
0.3223910978542388,72.39938375016712,0.41135997173173244,-446.193032446216
0.6881308896211833,90.34180748147807,0.2059486158530436,-803.2075656197867
0.5532955847234167,51.867421623391856,0.17040015439105416,-808.5649331653525
0.3911715626406817,86.64303074166084,0.4294766160558179,-508.98412630325214
0.9166298398217063,63.00063668133994,0.41922121567805526,-439.8773167271372
0.8348365969744619,43.55618344824263,0.3796858378531266,-619.9004214673369
0.3602496153495127,23.020971201874957,0.3242799426755521,-566.1881283984422
0.05271963452305974,16.21726390421822,0.3173005502022975,-112.30195445819975
0.30867271194287554,97.75022676853871,0.18989848197962544,-544.6998288953833
0.40022196827962137,17.094695983234914,0.15144039693460673,-727.5351052681749
0.700859653842335,99.14047204013389,0.19996504084779848,-802.1454425495057
0.985451312393337,73.19803929944803,0.1997455995834154,-146.85400325444104
0.35879656840311036,68.25191557768576,0.48259598205820864,-447.25452435559697
0.7572968575097251,52.97702732519763,0.28890320376935263,-734.5951469234979
0.5913133782309767,95.43073401870075,0.49682594437303584,-620.7744061308166
0.6878677627261736,61.533551560260605,0.14999989176522452,-836.5576781601751
0.15810490330111862,48.34167728360784,0.3554826699420154,-258.41181674409427
0.4008987668716334,51.85138934605352,0.28949881968939556,-609.7569601410414
0.246038779769152,83.93385855450634,0.22268161582424503,-438.31005801217054
0.34658689376735846,88.77261668181416,0.38393922233769906,-486.98148585653814
0.5128655911150221,64.41943686215015,0.13809357317566967,-801.0623600287
0.6632920591607901,11.43429514845445,0.10253341993410739,-916.4575857608172
0.11379031535567755,17.655562223791513,0.16317427553559716,-260.91420149674445
0.13827705165079915,95.62220326343623,0.2212114092983075,-261.2553533855898
0.3255409943389419,60.129721120145945,0.4700718363976868,-420.265068459676
0.6583330499329189,96.78068811534779,0.37545486073051426,-711.6325317994114
0.8395761007653076,59.87981320311395,0.301053591122339,-637.190196022963
0.5521921979007791,81.54392393056695,0.33595897840837813,-700.1510888781971
0.8473634377740147,69.37520713955425,0.2854870253991597,-628.5602371438134
0.3871410550502459,72.33891621956786,0.131053126823292,-683.542730367359
0.3204521391760121,58.70203364406549,0.4735111860444079,-413.10814052266375
0.35717938207984495,78.35644533027752,0.3138756443549613,-540.448515151504
0.17766019262099708,54.90267480957305,0.3361850819491553,-292.6359833396365
0.8225303818118527,82.35295111666332,0.3825785380143295,-630.8876492490343
0.3418974289960401,36.32305547561937,0.48326016915132786,-440.7583755262639
0.5513226737881917,13.954625589864536,0.25110866680279964,-800.64287120137
0.5769804387466563,23.8076600721188,0.3410373941488123,-733.3670312221459
0.5211023982093856,44.00569911836299,0.43241906824462206,-629.544879424324
0.012634303282834278,89.35028846822269,0.4655343372106785,-18.369476909600067
0.9785785108971636,89.06656270536286,0.4037926442480193,-184.82989344549472
0.8972347441483777,41.17001333530163,0.17851238609302109,-548.0410303605734
0.213483143972398,48.22243932294531,0.3410008618645724,-345.3331583885876
0.29663962453657633,59.38885107720563,0.11449264717509121,-572.8785292000326
0.5196099500110337,69.86859936390239,0.2745930486072397,-719.6450863907162
0.8938731452074572,49.51643685981116,0.20029345051548347,-551.4175989349607
0.9739582672134888,73.48426283003184,0.2949862339701048,-219.16410762550652
0.2623912228710014,56.96650709976042,0.2673735521706018,-446.21143072273156
0.563071862066286,25.292500949406346,0.43495194549744653,-667.3213732869383
0.8008293104544355,85.86873410838167,0.4542812951164168,-626.0272797759567
0.3964826528737193,46.45908231011929,0.24145949457923976,-635.7268660696459
0.7264515751276659,19.070106169222733,0.39261796806239035,-720.1943525169123
0.16784763414063056,30.726162289207373,0.4010393571620592,-265.96556014848284
0.5986845964769181,51.86125407221138,0.3157362818514714,-739.4482045701557
0.8585471691371993,59.01440452962581,0.32297919501625183,-597.7270669289769
0.9738511770194844,91.17146544429134,0.2187808160996724,-224.4699973809687
0.0877784745704554,39.90968118454213,0.46797195246158496,-128.91761442322934
0.42978032920693027,88.99712868938981,0.10276872765796466,-746.2751803567128
0.21045200235549916,22.274629373567695,0.44062490072693306,-319.4462883222019
0.4516237607083601,27.58911581660154,0.13845730572821174,-768.670003310118
0.5468083011762769,26.536081349833665,0.1438965705899213,-836.6900994040486
0.10146017616242434,62.98836895462268,0.4133615421129817,-154.96636137201546
0.3009235599710659,59.77719093701107,0.36206508342746757,-449.3159527860661
0.9190325553491046,38.05091480354368,0.35314051509311273,-447.1852032031922
0.5676236568015914,81.12177115844995,0.34919557739492757,-700.3470111814064
0.4582637575731397,62.07707625078109,0.4913567372063097,-538.369170674819
0.7484554709821523,71.45269141048921,0.4606944144871252,-657.1359182226804
0.7370249088051966,34.62125570424443,0.13498534656694391,-827.0462094835483
0.05760745218738341,62.38621345470216,0.21943241086866677,-116.3246984029489
0.7045234475338911,84.54676105658103,0.4920179282192082,-650.3125982649902
0.8324584808489819,44.91041263635427,0.46662907968859535,-592.7080834199085
0.1726191265228148,89.61109479318036,0.28598985314005665,-297.6050448566954
0.7753779792399582,32.69851811212244,0.3744517884357528,-689.0270987624434
0.2908058843945199,95.7400983687969,0.36983826588150537,-426.9433234626408
0.31034035826296613,68.94883283589945,0.3372239059544747,-472.2486702048715
0.6619562360426894,88.50411125695186,0.4550023068815432,-668.2091311320703
0.11916432817556143,45.900461337135,0.4171044973478014,-183.33803344326543
0.6615749998272284,47.34676943313873,0.1052491433539724,-870.1654840702947
0.8800996568226982,63.51423006828815,0.13478648328197804,-603.2633793744179
0.6923850428706982,13.173168307040218,0.49429425110160474,-690.126035078932
0.4415213191321009,96.14477881246317,0.28840926940625666,-643.4382333141588
0.4394500966896802,90.9743935769923,0.12849663588337054,-740.2430107277324
0.7597941733345204,41.45436127952276,0.4312720919610604,-670.7416236666899
0.5643291612013651,41.89532617825017,0.41914362476825795,-665.0537431984484
0.09320607992798123,77.41842697198912,0.23734567606344514,-178.37888453819576
0.5810176661041766,43.72912725912475,0.34298645841286796,-718.8356816221798
0.8085468288355415,55.838852030695584,0.2444218426674432,-702.7023472427923
0.3403250557786578,69.82884568438723,0.3807071405196948,-484.40606767406763
0.9190250479838817,51.59528412371211,0.30492886342278724,-454.82181775353683
0.7457026603363045,37.673216797511984,0.3165329966903113,-733.246912282634
0.5725825486469651,54.92950862270786,0.26775049930942507,-757.2082869660318
0.74661110901706,51.17257301379775,0.3348280494290041,-720.2736957504185
0.0875659815234411,91.41994402725332,0.12851631491541743,-188.75975310751608
0.8522012941669992,78.518421791329,0.23197921970936486,-636.2554633517898
0.8150740309365467,87.5779142700263,0.4655978456466806,-608.1912835899524
0.9016742264180047,95.49156634227744,0.4067130825949087,-481.33722977160784
0.13605857355919243,93.19758594191184,0.43123800503465926,-195.9770913546041
0.0901444853521055,87.83765173078605,0.4752453525610105,-123.32375629879046
0.14564726132595798,11.577999481759386,0.2741073530270308,-310.8069399342238
0.4013911359007441,18.70150723335322,0.2631679180276947,-657.3043152168912
0.4258207238593721,65.14848369654567,0.13549321784415636,-725.8493319893805
0.5609740111562875,56.266147185884044,0.16425263413808627,-814.8943133930906
0.12979867863985495,31.773472943851964,0.2606280492581098,-249.1391261115494
0.20737151135374346,34.23808868227347,0.42182666270397184,-310.2811644078049
0.8054114613183411,78.02504164959764,0.2866557782304645,-687.959631018393
0.4686278225756144,74.31637624141992,0.23563688295310523,-703.5761308533517
0.801779445293938,23.86613537754954,0.27043644885195584,-711.4375662618269
0.01727785097372077,38.34735099542074,0.24724006500102585,-36.8101026073315
0.5505608714627573,99.2185401354048,0.24782121283663716,-751.8293925043736
0.9232935051151445,60.79859455961078,0.17965101147670093,-462.5573020468975
0.5805319499629527,61.31664775517303,0.4243326925967038,-664.0504427484701
0.21197381289636869,93.45578266542078,0.3350270449228781,-337.42059168178685
0.7134024110339664,85.07997919330509,0.32932260343651937,-732.4288030650373
0.38140613270493934,70.7286453210801,0.2732901204817493,-593.2043597310428
0.6650162683142706,28.534589933169432,0.10858515939751628,-877.1619343014711
0.038733328435895845,94.42393093272993,0.3325586628890778,-67.15569778310622
0.633182352164329,70.84404044098036,0.44509024082834425,-669.9038350162983
0.04155397623916552,13.389503983305058,0.45200490460398746,-81.18047065550763
0.7398850420389306,47.7327379526826,0.363764886162637,-710.698099789184
0.473454742193686,38.91677715393781,0.26943318687368956,-697.5367929839724
0.12931926836359262,75.21983564146036,0.26264631381974934,-235.740659938786
0.5417832072727359,76.48791018180387,0.3403371165388659,-692.0143479333956
0.0754389543605046,58.9545857368091,0.17009008413635146,-159.53574869973386
0.6502975739259799,96.08402908837101,0.12379998858718917,-853.4698496873821
0.9861646008204689,54.61629998338986,0.38617158622660497,-135.19913655199448
0.764009390332483,40.56812516845166,0.47231826139981525,-650.1694755768865
0.572298631385648,76.15307901306537,0.14879869651260946,-825.6597161955638
0.11058255402657993,36.843847737562726,0.2165328363685641,-223.33495316445425
0.6958373932774564,33.658527810423024,0.39353893784188043,-713.8837786691677
0.6579445099813724,52.22835305482136,0.21918842983417416,-805.3664033382795
0.05811518801032079,69.92939814431018,0.14505523899201267,-126.74881107158483
0.7864533158076988,14.294712507497206,0.35587052125301566,-706.219003937605
0.518342259072695,60.60415745922572,0.317581874630646,-693.8689821476971
0.42735034031592073,15.132615612639313,0.43933598295122933,-587.9696648912809
0.7824234301294362,97.85362599869657,0.2312107618851713,-734.4171410608249
0.4133378387446604,26.04728741971542,0.45838158353501013,-538.0927854439343
0.4814057499950505,91.17369965384609,0.26157961072091573,-696.0860181395959
0.18799626582034815,37.671480866644806,0.48184364300325033,-259.1112066534409
0.3248925215163001,22.37554810854879,0.11264707161648616,-640.6478324521897
0.8386223366313174,63.29424188048118,0.37145307569894515,-614.6093535012642
0.19316567394818104,85.03730104331096,0.3276764326272449,-313.8752870023476
0.41894523968527725,29.648496331590657,0.29749966624286195,-636.8537707635576
0.9792538172473935,86.23013228233714,0.17247106911051874,-192.38713738437977
0.24186781547140898,72.8622736618168,0.4317449912718129,-337.8853153962839
0.9084956862800524,88.35826298101301,0.21074623645377996,-504.54598183937213
0.9100295184495204,63.98858843741346,0.4076587448600937,-460.521499299149
0.09947041535913778,29.301440378112034,0.20684179878455877,-208.65760052502185
0.4643796703878057,73.53421593325069,0.37004871508659454,-616.5789125207638
0.5021720086163313,34.707766571343086,0.29178377014863877,-708.9936218427753
0.3173955710510849,18.3206813618651,0.3060231215373872,-534.3212863173866
0.056392746492982246,54.68144209444219,0.4022179807789702,-90.62488804389112
0.24685192450048987,25.19506047077585,0.4965177781075385,-336.4886829230477
0.1036190487242537,70.97983738692363,0.3084799111505978,-181.3586422873674
0.24348490759816355,31.72676082100817,0.49766832838225894,-324.9036848975106
0.801635264564353,60.65848145274122,0.11689810179170897,-761.2736820071293
0.8870787221282914,28.60751257146335,0.4324781998724929,-515.5079997416219
0.052358434238053864,92.62751647969014,0.39207153133684625,-82.75018887040609
0.3059078995374646,91.4774038387103,0.3601644664982655,-451.2906567197476
0.9709705546224019,75.70844781819508,0.28435955481762676,-237.22526549490317
0.5387147261026606,35.311153911430665,0.17998311828373012,-802.1976697304599
0.6237831744756591,35.567604906403055,0.15597812742260264,-846.6765439664648
0.015434500238766448,34.26713771551577,0.40455271737207654,-27.55051556978463
0.48521125457370806,39.12014219050181,0.19643898235423066,-752.5545686841192
0.9785619639299397,13.812693957862528,0.4932574538304393,-183.48600571860612
0.3776818169331421,62.26619579291674,0.44576300820587067,-489.61792140055184
0.105097395466084,61.836362692337346,0.4704381530147651,-147.04232017466921
0.4626705863370794,18.897660398414487,0.4985870244150825,-570.3659701776706
0.9537443766724131,60.083987076088036,0.24322368905292568,-329.712530543954
0.3449940012937161,28.08574529129978,0.14365832367157677,-642.8795440815878
0.7929442785507129,61.83051166477187,0.13190906699332217,-766.6736422786591
0.7928694045888007,58.75330210842857,0.48044484866207093,-624.391709731696
0.2140833308041579,33.313705749791154,0.18314767159361522,-420.07660799950776
0.44450034776518754,33.468099627875375,0.3489012287329609,-626.5159015441998
0.7112892496512188,66.05033026564921,0.49304327567918727,-651.217922312752
0.4123093897056493,46.159809378500775,0.1758375142057439,-692.6298558703052
0.1971868162630127,90.31466187243116,0.19143904782218388,-373.04184174073765
0.95814442067029,97.22396148732633,0.41862122198156937,-290.4821572107915
0.6477353591467675,98.31980066394544,0.30022089330206736,-753.0029497126543
0.8581506544924414,22.923583129927405,0.3452829994682481,-600.4196690541221
0.034737510643650805,86.80603361917383,0.18665994874828457,-72.8624439399436
0.27156769849531204,21.4251778027741,0.21678271005997282,-509.9403146490573
0.502029678320208,13.918494657365876,0.15044793031086834,-834.1505029914447
0.07609966242745068,12.461292217972424,0.20615557710546023,-185.47565363421978
0.9831725958728958,88.66368143915953,0.2851991124173111,-160.1412595391883
0.2417331482740683,16.61196663558431,0.1391914351824208,-511.2519361551772
0.3768063386985391,61.74486568937171,0.17790895744452426,-645.7138431360831
0.21973167661017934,62.29946119073406,0.32221159896573304,-358.4159318413583
0.11333694878334179,72.95869394124122,0.11562046212872655,-245.48032109412975
0.23783018989215104,48.33464688256671,0.31231760754885696,-392.70805377080404
0.3045979327931406,34.85797420491973,0.20865242805997417,-545.7475681933973
0.6317534225414504,52.22041899743934,0.4614779582875349,-663.6481245356836
0.28561008582385033,60.20542737358339,0.2870180505275084,-468.0381714559471
0.3650312257570447,36.88606921865049,0.19650526365625073,-630.5741819132415
0.015823986849059227,29.306018364808434,0.34797755254751184,-31.221516081379693
0.36840474340881724,98.7933172120254,0.33945755155514457,-536.1531286064953
0.5332082620643287,66.04648884600311,0.47953177665553703,-601.9957795648431
0.16877552030952028,36.079408316582644,0.11173639069011726,-364.9104976992606
0.5954844461931675,68.19818931596139,0.19626165838066134,-806.532469393877
0.29728941925463576,62.47874847032433,0.13301127623894546,-563.460354044792
0.6294094849056934,24.044776505427677,0.2438976305402826,-805.8725836999297
0.0356726731458269,39.338902189531595,0.32872854720253153,-66.70265797429883
0.8798415912584193,10.5375104692894,0.15904096201425366,-619.7681368879432
0.025796257814906437,79.20944810298904,0.1814884902900864,-55.098960094062406
0.13441887041524214,49.765066162616954,0.18456032108942966,-271.6110538100206
0.7716192123391902,16.832320990875882,0.3450257681235397,-719.184708130766
0.05497732755812721,45.268842639861276,0.21496087227178082,-114.21513969504196
0.7067787197235998,16.085563140766844,0.16647505054048972,-849.2243810834887
0.9616252176999264,49.631926964704455,0.11438532021317359,-303.42565773419676
0.8642492744794611,86.80636872965633,0.18353240661679507,-626.0577355105218
0.7059584182942845,56.4175430244533,0.48530497980245524,-657.3060327779089
0.9493395481612334,18.0257481708704,0.40465973305428715,-335.16233779302377
0.4312170711288503,54.27916188194731,0.18793106972885631,-702.1875745563909
0.8654213360353712,23.691897894307807,0.24537651413134834,-615.1027352184709
0.35883851461414235,42.776681286608294,0.42163516477011287,-490.28462766105747
0.9211683798457698,77.92555084204946,0.3461369958822944,-439.23423510695335
0.15580210311726153,85.78493736991908,0.33997858523486024,-253.5114034986709
0.9312284346297081,15.312966968456903,0.4196714858936176,-402.95153353239056
0.8260618733375484,47.18593193011132,0.3265440363896322,-650.1223734635255
0.8391337414325348,18.63484344609946,0.3313828794232071,-641.2507611667992
0.13144454972546546,54.776212430640946,0.28548816086126566,-236.1414106748265
0.5945571603749022,69.61545923809064,0.24961107727968726,-773.9338272590836
0.02606463125841274,67.03054561251597,0.43272923183474354,-40.294313278663026
0.7167606787295946,29.6667052570711,0.23527531901570684,-792.1013528774967
0.017582763843385876,77.28311404429337,0.10709700674392529,-41.14595949999555
0.09312583189632895,64.21839815320178,0.23884192908507954,-179.38215110145066
0.23098844224102313,25.596961679614964,0.4552010762067794,-335.08439602032433
0.8676220431957602,62.34619229334443,0.18687058154714148,-619.0453207584858
0.3663047916278611,99.9279253462196,0.18285391130378614,-624.3480801390476
0.5391607365083073,65.3978295238495,0.3211327824637056,-704.1552323165723
0.5667411495425989,47.822930744779946,0.33702227888385045,-714.2428820420857
0.23095409309984072,27.960824804774912,0.2257076140997285,-433.919247267497
0.570703832624772,40.95641452873643,0.15808437695117636,-828.3266942021623
0.6577327591290112,75.82286212433289,0.13865990270583817,-846.4953952323692
0.3022804854509829,22.194519313879937,0.3217854714932178,-497.75132692636925
0.42025432180042543,77.42396059603612,0.14709461811226576,-710.6592895752516
0.45402714605520744,79.28397899267215,0.11137694874753074,-766.5375149378713
0.92370364831124,61.83436788856126,0.4050196747485596,-421.4254211009515
0.5857438725299124,17.418304527298226,0.15651287288977578,-860.701131231034
0.9392873241857784,69.41623034015112,0.2633774365463624,-388.897615593548
0.5549140586898439,67.3925621814453,0.4282300810907934,-646.9328521556613
0.5005501924321191,57.482202746755945,0.3166993874259505,-682.3972947859222
0.013461566746923372,82.932989738573,0.2638627380948316,-26.3527574675374
0.48127126299746287,23.990037724368204,0.28762825042492374,-706.7198416133775
0.9189058985913987,74.908756887643,0.3317137864020189,-449.0532428852278
0.20439837524618476,74.36100816295725,0.4489486064154755,-282.53267998385667
0.06104931170170889,71.71959318103562,0.37939188483107744,-99.21714503329271
0.40864331560439116,88.6150898881482,0.40462622831769945,-541.2618879659991
0.3749485509822298,66.48701154337923,0.18598586578678514,-637.6897222412807
0.8500099967138187,69.28397290060579,0.14806400989832627,-667.6365369195603
0.03607889324876035,83.70262579123842,0.4281132098959135,-54.78116389632716
0.9117462451638249,26.250693139362507,0.4436865874735274,-453.3139141464542
0.6772849390150573,23.83898653583727,0.4301717565390344,-703.4493096858669
0.8961414741829333,83.15637745961195,0.4578679380729943,-483.3214353051973
0.605378489404226,60.63299194039396,0.13351896315336545,-848.1384298697521
0.8057142461874018,42.381875703701404,0.4332259067301042,-635.0553820278321
0.3388329960685004,21.234122166557395,0.47258754819127746,-461.3147194795213
0.3525749034670086,19.58473626352022,0.3004577122384904,-577.7882580799674
0.3920767457217265,82.45469131669533,0.27641763286623827,-601.4382442707172
0.7497011399413276,17.641358717818488,0.27072747586108453,-768.5366732558401
0.3719053509400748,32.68276377000312,0.3870093478073172,-531.1590178740545
0.24737541036242192,20.050386527069335,0.19831690487653997,-484.36989639871274
0.9289149896547839,21.404444086492987,0.43972262214112634,-404.3210885442977
0.8998508619897793,67.17974134926874,0.21052261832815788,-531.0002256408042
0.35182136976525125,80.05521275039679,0.3661939750923061,-504.14258847064656
0.6319453088528864,63.20036522131852,0.1662665509371426,-832.555206652643
0.2783653674200143,85.46102147933377,0.491347682458697,-351.40245539122265
0.2119928261392977,60.63538436213821,0.20966609714560588,-394.43125938140673
0.3396127384168585,72.45468906702166,0.26663582390846596,-546.9174996805929
0.3305578947631912,10.252630464993944,0.381941699090679,-548.2870315758607
0.8746305791726839,78.66061153229697,0.36572779925618015,-553.0017856263296
0.8158577384292509,25.905765785199755,0.3380745688800296,-666.4412771837958
0.7054307639879159,39.655369934360685,0.21752354747795583,-800.740663652852
0.950158320753719,54.55200967656487,0.28431724341888476,-341.4468618479821
0.42409248604589694,18.96279182130779,0.4332306839768546,-576.5677067652917
0.2501323777845627,82.08631797804681,0.3247532867210186,-396.9913195066273
0.12505046844765946,84.82047789847897,0.26180342321476374,-227.7308227127261
0.30503229103717583,20.64549599851747,0.18240720924479215,-578.0714893730833
0.15235845929104472,53.842237908239,0.36962703200822844,-243.68717359071283
0.10034237542100262,87.310831008016,0.2801355377227267,-180.78993015054198
0.6008735527727848,37.263269726487906,0.24577210546075,-787.8178446177777
0.36690370076131795,93.51002172369826,0.10119563526207886,-673.0271507165303
0.5632789357442207,21.870244920226845,0.48019809814959313,-644.657492939881
0.19750900630614548,17.914739337330065,0.4172189739245794,-320.0784177075981
0.6733677424597054,22.73474170623222,0.3566099284486466,-745.1532605586918
0.2211953383301466,25.942548390963843,0.4965340323646269,-304.3526814524688
0.28246312186915534,31.577549103225806,0.1773471255831841,-532.6034612218141
0.7369252137019793,20.24037546374989,0.23472174724654227,-790.4069410639912
0.5585431377318176,86.936440863538,0.11267842276382423,-840.3626177218339
0.33813968460967886,96.50203777781773,0.3045563052905086,-520.7627830307501
0.5421290068942897,27.510732094047366,0.23681232413768685,-775.587419185137
0.6901050088010777,29.94887163472828,0.47959529512175514,-671.0128027428079
0.9038894790480764,59.59990568452671,0.1124272675644483,-540.9447327569341
0.5790989491265648,53.02394541147038,0.1751748821770788,-816.8464264623382
0.2380326513150233,69.98382634704393,0.30555143872726404,-390.6046585103058
0.7417636781609666,18.23122758025248,0.29463796435200523,-761.5717147124483
0.7722136372036134,52.72113419418658,0.3234488226246842,-708.0203952869074
0.20639328866340093,24.529383429242934,0.43349234772623857,-313.5938277768109
0.8141627352843283,94.00443854123681,0.20867811383406432,-705.7334173311602
0.46563615762836996,83.16560156590695,0.3965638210300958,-599.8079519260331
0.7741713288471663,35.92956170510727,0.1923188941896653,-768.0148350639802
0.2427286555885006,29.349167897827442,0.44928367927219426,-348.3716825749434
0.33592866432332286,67.75520258892492,0.4121791334701421,-462.1934713369644
0.9446231769058198,17.860570585409295,0.29220729501779413,-369.05591914008903
0.654658771686809,14.961991862064398,0.4131242488220933,-729.083125107592
0.7674202738915109,30.8981255971237,0.2637111022598476,-745.0892437711448
0.6846068563562164,74.5718478502745,0.26356742777259956,-774.4798369602653
0.21021803549146406,46.451465154402385,0.33680932220177506,-343.01757207394996
0.47127497347761177,36.71359626594894,0.3700500047850318,-634.5229795780693
0.8027845952575493,56.2309269702758,0.24175213729266895,-710.9283802400174
0.6715344243711844,72.73254689083643,0.28088935950881866,-766.7354962938649
0.015907327940231968,58.550438755626146,0.26165557804626016,-31.948566374200716
0.09565958779976634,90.71852981663041,0.11638866539868885,-207.85927391971904
0.34985882580928823,75.8933393733552,0.3829669598071824,-493.00650010608985
0.9354782288262183,94.12734962340853,0.3029640230590245,-397.11295501896547
0.4913666713550918,11.284916407912753,0.4362938731684106,-662.8304160219658
0.2747727420817271,91.18004359597063,0.24437780705091117,-469.3809820673258
0.3632152450646357,37.87287347068498,0.3237888183723283,-554.2602132858583
0.21643957500298197,80.41580997582119,0.25738345544650476,-378.08228440846034
0.4227760560266124,97.94897494315404,0.22664066974373182,-662.4753102279069
0.2236747307584851,13.044507909556112,0.4260765282686656,-369.7548697245522
0.8388374571568692,98.74025569355254,0.38815824774192365,-606.5767313417062
0.4571451870607316,63.33676535503095,0.46533383287350905,-553.2337312066113
0.28420597806705483,88.98443467908949,0.2091036860801237,-500.8713365894676
0.924233815178652,68.22308836911245,0.4040925530019065,-419.661901961253
0.3180643265566128,68.47210363236839,0.29838685638558116,-502.97959950045106
0.9015203688024713,23.331970518466456,0.20440168981333062,-534.0710916488564
0.052549729150871506,72.07806751475896,0.22955781641793696,-104.41393261237697
0.7029727590623226,74.95026100951215,0.282481131861953,-760.4657033278406
0.4842112582539338,18.708873251026233,0.4055926381359467,-645.8857261203752
0.4453366401014206,17.79486278406695,0.3903426188054533,-625.3961763187045
0.04559687746494196,49.453194898444295,0.26489399093230215,-89.44372872370775
0.04986952668155352,38.37125611001364,0.4521359423222314,-77.51551409183203
0.33609854472070216,86.34164874531662,0.43156405597141034,-448.6943465104795
0.9381771491092846,69.15884790762956,0.430154676060577,-369.1396110142458
0.6153067775723973,25.943561125176362,0.38002606676896866,-720.9858247215058
0.37149734484730834,27.786654411137143,0.17169864425556175,-661.0514322677878
0.6097374982738074,37.21609256575864,0.10942474666119391,-871.1714638517564
0.21200890555952298,61.205546354396105,0.3524657766926569,-334.8289947606939
0.17176511397147665,55.21092417002155,0.1798192499564384,-339.17882497138663
0.36458092022073124,53.07901787338121,0.11885891953649699,-667.2964708433424
0.8560862845096231,12.81341471369207,0.33442984669582587,-618.9645539009977
0.5092136928032193,58.76002623275877,0.4110614617361247,-629.6196785814976
0.30096348573571846,11.784793945216986,0.43167979634463916,-474.2432653538799
0.9412465925677677,49.92620537974176,0.1371881670537515,-399.28612948489604
0.8096467678737187,28.671735030197212,0.10972159410863509,-760.293483412372
0.3265144639463777,37.44138475844723,0.4173637060280504,-459.43843136476556
0.9626562803234325,68.72407223656063,0.31101806231014484,-279.65751251152966
0.977604075873783,45.660392229298346,0.3762250057786881,-192.86925206935032
0.4104869310708625,63.165817600052925,0.3127614472379393,-602.686480931296
0.6528046408307053,76.34780409716441,0.174615123729618,-826.4697563806363
0.4075401344822035,74.63982934451778,0.29508339434186837,-608.0586936394819
0.2622011436257597,58.6108643425834,0.3426077209129855,-409.20682684206525
0.09099962247987088,88.15736763857565,0.3715168304944487,-145.83664260006574
0.26833813919547533,90.07525097768905,0.3320803433076952,-417.326538156273
0.27605025643955033,70.33142491709704,0.3208310719730865,-435.9738074595357
0.40066629808947674,16.93825286946032,0.44919083557808326,-550.1969021311628
0.19118831040480247,20.070327741786034,0.4054069338753348,-311.00536685386254
0.9447420352481869,64.98235841757801,0.4213905923074067,-346.29665447503214
0.1108222876735344,30.94446694500513,0.48953032356648896,-159.8303776182777
0.6227043624760255,95.77873603690847,0.332779707307181,-729.9404008818329
0.4428634402852962,30.8612057214592,0.34592880955681693,-629.1106260815793
0.4250476879970611,55.32752092876913,0.33043233836783314,-608.6814323288783
0.3745519472657939,16.967469927983405,0.12224490960765465,-714.7257768495386
0.860948415968997,64.56757330076847,0.464755591465161,-550.4547172063566
0.2848674410338735,78.49159546416215,0.1803477910572911,-517.7764878112484
0.030164634245750818,72.91859522622437,0.19856505192399565,-63.21396040430658
0.9097350756399245,45.599809169699775,0.4369826695944331,-456.66627348360174
0.8571906720221334,41.18597546315175,0.28299856862659434,-614.8348560924369
0.28136375424508286,34.088301269193195,0.19650265529074812,-519.2221635723778
0.523017797358518,36.45963308072784,0.448430141357279,-624.8624951145908
0.11690643331903072,79.9464995998699,0.35029257491763954,-191.46610203083185
0.10155852738585423,79.31132351652204,0.28808042167706516,-181.72835704234961
0.8307167862650349,80.82124609169514,0.4343444805510267,-602.3588373758997
0.41206040321784837,94.58627990607134,0.21330394486134552,-659.6134391605909
0.658482209398261,62.307873660726884,0.18775517956584384,-820.8513970456429
0.9343365473076097,24.189635692942083,0.4143423016296155,-389.14087175305013
0.250227979730233,33.48070453392786,0.3263363482571706,-411.6745346783481
0.02289663466504417,49.674613287070805,0.2932744523997962,-44.42686237939902
0.03366543766809697,10.512792173510185,0.17999352427075857,-95.02088141585097
0.7051979785551086,42.192941025964004,0.41203234252083953,-699.037022285918
0.9160608470976086,48.911092472603094,0.3871766108242386,-448.5660440613889
0.46798366755261356,15.74285428375952,0.15322607716299005,-798.5634053751129
0.37760696513556835,81.82225514340297,0.4573058294441009,-479.25314011879493
0.5420032161838562,71.16604573537671,0.47538734306156316,-609.3408112647755
0.851738500829812,75.38943474748008,0.28528796809251833,-620.5197924354424
0.6491107963170827,17.22073932326162,0.33906771854036566,-764.5774720994613
0.23832029874846417,60.00369431944317,0.12058696980108104,-476.78648546530104
0.7690886004301621,57.0100029778294,0.1650223465947535,-779.904143223733
0.14192122738974058,60.039348888842035,0.2736516514225348,-255.97251238863706
0.17224877131413863,63.89513262921518,0.3315517122978349,-284.2124099923433
0.6104286371528098,32.86015406368121,0.2857955174848977,-769.3550699871194
0.24400773801977854,76.3081896672333,0.2613093402856731,-418.46829784933743
0.70068297660442,51.43913377777499,0.3782877360984185,-714.7380728735964
0.35252815684411754,27.958299154006827,0.41740571239345703,-497.1336175102658
0.2818754808072376,68.53062116965519,0.37852212953168973,-414.95303935643597
0.9889400378533416,40.201093211140886,0.4329415876262218,-113.12939359252216
0.04980380206729034,41.594976881805735,0.15927769977455344,-111.23275784396718
0.6429060712494499,32.64365230630316,0.3463480896391389,-740.5433673320952
0.04792559331199947,57.3726147606976,0.4188435021217598,-75.2872130258963
0.755006052760624,53.83652482175646,0.16486842720567507,-793.2415613320038
0.23548815834832504,48.460087110278884,0.29044547983263835,-399.12758794216415
0.09803522973091673,46.269151992117095,0.4591216160784467,-143.13667689689558
0.6454807176708668,26.260816025596803,0.17220212504053733,-845.5035864677932
0.7279491929470698,54.22722823926083,0.2915183213028266,-749.9486351445289
0.6745334086204671,40.91400430113043,0.41021471682750665,-702.7866386189244
0.060862928191523086,62.765591940863345,0.3733439183252365,-100.63216164970375
0.298420806643073,10.575997923767751,0.3548528221562445,-519.9954909508587
0.45206657929547756,22.64746005349391,0.2858632007223335,-685.097235143461
0.29136122393098657,55.33484468128063,0.1581744084708212,-543.4783356988202
0.8043031871449634,54.25556171183389,0.3098955324837135,-682.586305081649
0.13849280304964293,37.07683081922461,0.25543201770194457,-262.72576120391517
0.60993577445678,48.73159233042691,0.2825301814965562,-763.7083212118849
0.9784506447549045,57.89650118534144,0.24423108191307905,-194.32874808840734
0.8945054078268915,46.835911999913776,0.3585330778374749,-512.716434781057
0.22771392123539663,54.993698068168214,0.16405967328474028,-441.05988212211275
0.010080249861394322,28.397066903289506,0.37830989650127045,-19.669605526688425
0.9709853952207491,80.79079277819356,0.1372255387254352,-247.42033191415774
0.8750587250034301,26.98410866126571,0.32116350454999587,-571.3756901546228
0.9110830170010603,54.1701735775462,0.21551619128240956,-497.07111798283324
0.4171934798208807,70.59908399341444,0.27092397459353906,-633.4019149725929
0.7397231529135964,76.62590063285067,0.4621992118267556,-659.1097190590806
0.2185748685977661,43.993286998765775,0.16082085846174415,-431.0335914859642
0.394457989662249,70.53867463352172,0.2097203319495339,-645.6657140294541
0.8445170903594318,55.60566531495795,0.1901579467683907,-665.9142883927715
0.13505997973366035,55.11632779047003,0.39656201375475875,-209.70878621984176
0.8859880605161662,28.3900292634854,0.1350100278207795,-592.8998220169198
0.4965778129276109,18.13439445938212,0.25614052411212673,-749.8770447465209
0.42757374226512296,19.548440142727564,0.23001073597163316,-702.4355273039295
0.309533460331256,26.83417697635769,0.44146337473527086,-436.27729821973963
0.9085118095673206,52.749635017839275,0.3335103640333569,-480.7069708457282
0.5172709915460633,29.120432164862606,0.17584256419572855,-796.5789939885054
0.7979458409668082,28.69748324014121,0.43545261651855904,-646.4910712860393
0.8504987515354118,41.56003312048439,0.4689185201014191,-568.2044089665881
0.9139347074997061,77.03781539117804,0.12728806888320696,-504.1860467549961
0.3073131193524147,87.33984976639614,0.260155746952878,-506.5983785067594
0.34301463696345774,33.213563386813824,0.27593660068519366,-560.8501528379538
0.5931723988206626,11.249763486930366,0.10711263295107148,-916.8094048230968
0.4424976527502817,51.38477289298148,0.4380912787275536,-560.4194956690596
0.9241856819673472,34.88829258044409,0.14774647029438848,-467.1563189522816
0.3996127706008167,51.17078686354946,0.4464240365275982,-514.7079417907639
0.4782224874077061,52.121414731729075,0.30054278280339053,-676.4239103139312
0.6148423667822026,85.47318959504483,0.4525478345155751,-657.9955924789097
0.4066446962542726,13.999362449806847,0.25638237985618273,-683.3733029635067
0.9826288672066044,99.83917898198513,0.3312496110555382,-161.92970197981938
0.10687425886780666,18.111640697585933,0.2707495553802065,-220.23642992043295
0.22619125145105828,82.83308071744693,0.2403218498637036,-400.12897811381765
0.3262020285011772,75.20196520881584,0.44177604017018957,-433.47113637042725
0.15476838676682778,28.792753193830972,0.445516618706976,-234.13079275790327
0.2885348498409243,37.69083437585118,0.23669623255601946,-506.6437206731353
0.7736603870022907,95.7428693838064,0.2618866836388849,-729.5327551255717
0.5224341608675135,59.9085355477355,0.24627163754738401,-741.1876443942315
0.0432745634056556,56.2172731961127,0.43735820738686637,-66.4310160624194
0.9729701334834451,63.26626112383685,0.47180015678507947,-213.53647063541288
0.6136863480153139,98.1218330334451,0.2588087185169765,-771.0114202803726
0.06776068903096054,39.736187970261014,0.21280752939036815,-141.0683472813531
0.6579453963610409,62.23902073960364,0.1419348660137489,-846.6152707782842
0.38080198328132925,64.3127058796777,0.21047032990030373,-630.7576849565738
0.14295983118257083,27.19966899668978,0.19324708297842652,-296.2180181287955
0.5623913010412089,97.25373697949794,0.32444730385172016,-711.1773630495278
0.7225383514932637,45.18488971127047,0.1761489426723929,-812.133834697366
0.6677040723807193,45.53267581001394,0.3805056694968624,-717.3279462117183
0.2525628904303493,91.90885330816347,0.4372272282081787,-346.2615965218585
0.5243688970238496,77.69986887149527,0.3788589249503024,-656.7588473776082
0.5369101751894519,42.807018675846784,0.4713681960096926,-616.3244528441385
0.7124672968493961,32.60013595345486,0.3332885349307797,-742.0710048688461
0.36267000196224564,10.490274169764824,0.21149140323815577,-681.6086101464144
0.7917779432871204,35.464670134661176,0.3473418787019943,-685.1054770084314
0.625363411917688,22.998006077469448,0.2181174882425772,-821.791224023399
0.04756497487816789,31.752107154327817,0.49789167883447694,-70.89028308503886
0.5455494412357033,96.25219318798113,0.40452961594568926,-652.3610273860259
0.8546738535231345,28.71027298889952,0.16659239921510144,-659.1779673466469
0.5662226793041756,11.021089369889213,0.35006116150467304,-762.0835485364656
0.18231170014658118,28.81460383354267,0.3420093931544472,-310.1876485988658
0.5101688429406323,65.91381099616942,0.381363949709834,-647.2382801379175
0.7518069197987152,89.98855735271691,0.38641235371843086,-688.774385888184
0.11790309251649249,45.709798706267186,0.4679650059151452,-168.37642527272064
0.8107570971654334,85.69243484261995,0.30470890243894355,-674.1087564873635
0.17413200833979986,66.27364874786265,0.3449929160120514,-281.8060771514209
0.5333949623717432,20.764120449205723,0.12137407210502311,-852.0605568074784
0.3880286127879832,61.145214993711456,0.38093010540626515,-538.9259842320223
0.2536512921611286,62.81117582595689,0.27901339379412027,-426.68928058461046
0.6444838627485576,36.155812587780375,0.38555986865533387,-716.2315994760382
0.046644266596990586,61.10104943391793,0.3320950464619745,-82.5861350136626
0.7548448906087721,93.31076375986642,0.4809644473321262,-643.3177515427333
0.5264018259596835,28.278630624388896,0.3409725565002071,-700.633000407827
0.8682557863329758,92.80229988016173,0.48440684447746996,-531.1223335473264
0.5203039535229229,99.50956891896345,0.14296740182459788,-798.4412469459264
0.04433250516336718,33.174585452787,0.35700300239215044,-80.74687249433156
0.1507289495044992,27.1910180268665,0.23552820630228644,-297.03641301227054
0.7896924968680107,10.215121046462883,0.17200735276911122,-792.1440110149731
0.49213652788078915,60.12390751500508,0.27802595962179116,-699.4067827849287
0.4430416860365414,36.012396323273855,0.44458428482254664,-564.3869629694489
0.3220660857499436,97.50577437114177,0.18322136723610663,-566.8181733572707
0.2888582143017878,59.72602544865038,0.4337776189327124,-397.36636151325615
0.9565685862399588,56.670427831024035,0.28441978570499826,-312.17160167166526
0.43430994416775903,36.58170417483588,0.3586488847373335,-608.7483902940543
0.8763229720215165,23.375904838854805,0.386789875859359,-552.5242658015516
0.6451998607416588,24.973250510071047,0.3906428478577363,-722.1716463292269
0.8512590933481866,89.25396509806869,0.382211891848138,-590.0641294207093
0.8454005538785079,72.7565081851117,0.22594176102574043,-651.1000729658493
0.9471857872339075,10.472876034101144,0.3783938251806622,-352.4393090725268
0.6939833914790321,78.5610243773838,0.12592201439629602,-845.1447742241676
0.7992889966864789,81.94339651046744,0.4405712541648372,-633.0922026608999
0.7284653374945299,74.99352350342386,0.4103089048442842,-688.1678443053431
0.6031222992268649,23.625893936235357,0.38035283784192586,-719.9005721660232
0.7130070512138971,48.27728597461231,0.1613730145441184,-823.6521861357852
0.7114354031963362,63.53128970134005,0.2843965383997369,-758.4014342925406
0.0500896371755717,92.30676979258982,0.14285527739523182,-108.84977465498532
0.5157886188208725,93.62251074704021,0.20660836683012263,-756.2745469468954
0.7867983335119451,39.88027710178827,0.22247778075145128,-740.5716806853135
0.24810294277980394,13.314552352902435,0.3016822043561591,-459.19164479215686
0.4658450267445332,96.42553201104296,0.11371511968131931,-774.0663950568317
0.4362859967411872,95.18116805540646,0.10782348735367804,-749.2810427893205
0.4047314258985591,59.95459265357528,0.14662087219389336,-697.3106028996244
0.12940273721206325,74.92143414122552,0.2554214441132445,-237.94743514661747
0.5251973104447449,33.38192139840622,0.2515183689263656,-750.9324239361853
0.4473233979649249,49.26061870183242,0.344272469235509,-623.3500126209032
0.6601249021320879,29.28040652597963,0.13843564501478367,-860.722226047619
0.5484247976068026,32.22267183710151,0.28709163215676076,-743.6021698839755
0.03699207105911015,39.379610850762575,0.44306992358323705,-58.89467672502699
0.04127962785363635,35.36654490448137,0.2714756999953678,-83.28665573038684
0.6973326049978681,48.30353167020639,0.20783546496137972,-805.7827807855567
0.7034294961881689,97.33912695080645,0.41652457628074213,-688.700970164589
0.9507403510499775,47.03578360649006,0.1612207341686558,-353.613064600236
0.869170587873735,20.343404645981906,0.16556025080969217,-631.664099520323
0.4686984740395108,20.271363027648533,0.4247925365127869,-617.9328041111804
0.6233883814514655,65.13820314020813,0.46685250033880454,-655.2112120385482
0.4580380931423407,68.52796561789314,0.4431671024209135,-566.6606822815035
0.22848731193439786,20.91749910119627,0.4497795233205726,-341.631249776595
0.3791434573112159,22.599057025935018,0.21946664843589941,-649.8499215369831
0.11180654781537283,73.90317128903268,0.49496074604355444,-148.3337812584131
0.6631965766150927,94.55515041555704,0.45897051258838817,-665.6769344783432
0.1981895408396882,51.050062510971244,0.44365934949641017,-281.5646987402898
0.475958431741294,29.204045357449406,0.47553265989763294,-578.951001747567
0.9580878709609499,64.27245266235664,0.3359573239501039,-299.5547259184305
0.041035552035125544,16.92184969723591,0.453089091196335,-75.0650515166921
0.15869535105508792,40.81147641038727,0.2673724863488788,-291.4205214446588
0.30260760068428366,29.59434568299125,0.33212802773093514,-482.56891498264054
0.9329708251279294,32.75806264029838,0.48105489141849966,-381.73114487906895
0.900664960205764,60.737143893310474,0.2883305431250758,-511.67344658823663
0.16876082399572143,50.98094467537166,0.19341734502330024,-330.2358703572716
0.9714954178119283,84.42208129926412,0.16930746115417727,-242.07405725790267
0.7457325746268325,53.780033422482106,0.15543429396383834,-805.0811867277087
0.5391775412739458,47.22568008590557,0.21521950361369424,-774.6900334881682
0.9230688253022562,55.48627475368579,0.2439552543001518,-452.2589842251388
0.8729949993330611,69.76800894920098,0.2138224239610115,-598.7839298906454
0.39349016266691206,57.86203049511641,0.2105715309259223,-646.9068507230864
0.6532163320598431,12.808615797119597,0.24351458246293223,-832.6089044689033
0.6444374426618767,54.23495656680894,0.10602162393328861,-869.4735659186217
0.3304288221065053,10.355474558060836,0.12838394321937582,-687.1695219333925
0.18580237116157258,77.3484791275203,0.31224008963095745,-309.6983989863822
0.4674736799127391,35.01879153217324,0.2537143115182796,-704.730756637839
0.26801541558052594,17.988848026717502,0.47054077305970454,-388.3010571968927
0.3579638238390745,46.33251600449502,0.4403534870892498,-476.954810351736
0.9450610895204904,78.96789225320163,0.34937693877231646,-354.03537049475375
0.461915113121526,13.046283355024794,0.2654214897219607,-735.4107723953716
0.6811936361670581,32.938788912309576,0.17085143878146494,-836.2707228083309
0.3395052968723009,66.05682043855155,0.42719137701721066,-458.2069270021248
0.9859438568817567,28.160513266080663,0.3369083473396589,-139.105838184207
0.6555922539208339,44.92942982972082,0.10953151743075687,-869.3379052238726
0.2020892764306722,67.79343473851995,0.2888563693857221,-345.00773403138635
0.10622031864903764,53.177545647399555,0.1295208817639631,-230.8388622621874
0.9343169597535413,65.06248212483202,0.1258002363538059,-429.26361748751674
0.9358822755664149,59.651197601290164,0.22915554441026292,-407.60814916480234
0.6189018079193725,80.06229084882641,0.419274009190446,-679.5767927083716
0.026651669359318356,69.27351419554697,0.12209586784095393,-61.159270337301734
0.2310241865909582,87.83962407330432,0.3495202645166958,-358.58457726649647
0.7952512484361552,41.867095978671756,0.446429028184702,-639.4798904817264
0.8679506327267765,54.264285163964914,0.3725342120839219,-565.9654565979625
0.4549100181244007,16.932934973110534,0.3910363011670356,-635.9202853429662
0.3682102059118956,18.832357805184536,0.24526985587572492,-630.0196983798376
0.2787405112288843,55.33796618816093,0.4274454802481822,-389.53254392261726
0.12463110349104752,49.6206631470611,0.3287164168311216,-214.22234057072654
0.123429645230115,92.99526238274174,0.45670326485785584,-171.70509206497283
0.9435506444398046,41.00591282594952,0.4049768080488344,-354.239927912668
0.8024535924309902,47.96995237155349,0.35602486818767687,-667.5003523393101
0.1714837733777032,37.7797847441923,0.4577150386778449,-246.5073592560258
0.2129090488862544,86.81687648543713,0.108545967582458,-434.09601104919403
0.6524405196472183,49.119201006635286,0.34487131605631594,-735.2307402408502
0.7593709308799582,69.72804850221996,0.47892081614135673,-644.1568820763406
0.8041085483552387,10.979629416278806,0.2548467304875606,-736.2013264758375
0.1700709375096552,98.69577653816168,0.2893311135304928,-291.63630491323755
0.9744457222632232,76.15152711945672,0.26589927792009116,-218.03371913334286
0.23324602449872597,37.19166586914481,0.12496090651529422,-474.95172166563276
0.5876271244680834,66.77251475137668,0.30274216614144717,-739.802372169381
0.5858634402124339,68.55051192687316,0.2579825117904554,-765.8737760544391
0.9580146479298265,23.693998216301047,0.18005305823529236,-318.2695503398544
0.6545140942136548,12.688792887563968,0.22914702172121568,-841.1223808063565
0.5832061809950657,94.08710481912189,0.2549406656793626,-763.5619311999629
0.5183971270906972,85.22823118876087,0.3843666461359627,-648.2695277814545
0.7593643873355795,86.08143358441386,0.3748053527167997,-690.1916713967046
0.11393415537587254,62.46522843190636,0.4213500870336645,-171.1204438897938
0.012050063159562892,78.43828236453793,0.16320533375772434,-26.720491253223685
0.9434390904336744,17.534495075119807,0.10007310146652877,-399.72119170703394
0.498684525910182,19.846702300257665,0.415684967146303,-647.8197162953608
0.331768671258683,95.74130086586521,0.387630231038384,-467.0747225688747
0.37069219488144356,89.02859765745221,0.49396297832244296,-449.8412705586243
0.7977664497965474,78.69181775103786,0.20247070608905046,-730.4545756275126
0.38472280817037663,75.90241507000538,0.2348236440415007,-618.7752491561795
0.764765790513819,29.408451342047165,0.345594023082183,-711.4128266699188
0.44165276204609694,47.43352557130815,0.4282641156624559,-567.1600204838145
0.8371959134954325,56.846555653545835,0.16783097635744898,-686.5660967535903
0.08467998276836537,71.45637962270425,0.10830744631655619,-188.361596439087
0.4815057610285336,30.69467243878892,0.1488866477751868,-785.3102228446517
0.467512716009121,33.50692763008831,0.1983360970198338,-740.2921595539393
0.26904141972581674,36.69128767327649,0.45596321063302325,-371.7338031161689
0.9347424500457643,63.636625800919816,0.1617590086732578,-422.1158162182426
0.8969278887018697,49.144121985276456,0.15221444720339206,-554.0288139810307
0.4447243759069893,43.568111977200935,0.2711935230876591,-668.3580213001309
0.10521641360115982,58.7527428860294,0.4473508621698552,-153.12480987795882
0.21264748591877528,64.39417166133231,0.25068456119458077,-377.57247004103834
0.27606199973418916,46.31342202022628,0.2693006919330325,-468.210838567729
0.4845353780510104,86.75819953521678,0.43088966598615097,-593.6663708225869
0.3416095689943536,78.86945253249027,0.28332563463492744,-539.0159548294188
0.7686533484044735,89.39099098349996,0.4407549421740875,-654.8249815693113
0.476506075482382,91.25387934720257,0.10519324707640361,-789.2931031696542
0.8629630943545845,85.76996878671507,0.20425181398605502,-622.7769108337633
0.9858661151325748,41.203682314667034,0.12748966885964733,-146.5664136557262
0.22543923100126145,12.488521756555572,0.3086860527608003,-426.155829707369
0.6094379496316007,15.732424781237476,0.18454545155324792,-854.1427673356633
0.8405522643175806,39.12322788520755,0.22819468984286606,-663.2090032335843
0.9363319022461826,13.41348557205748,0.4638525088089368,-379.8325889707102
0.29428469654741296,56.12094087807537,0.15406271363284205,-549.6984064491132
0.7225018890674519,17.569781768577897,0.11154950481938825,-864.8324564987844
0.024715825448753836,37.21268013982569,0.29126048334004917,-49.49661292558231
0.8715595896217427,88.64379081126171,0.13526194047763687,-623.0684771253285
0.07265977813231578,32.75086613903548,0.47160416490056745,-109.72943583573965
0.7287274906964227,46.150483402514865,0.4374308913242164,-679.50630116493
0.984718179130306,88.56309712523652,0.32785470466762234,-147.48769507946687
0.5011659851768256,76.24015205010751,0.4581408716604026,-590.9670789093996
0.21514731091870207,91.26522389251464,0.45985652588417936,-289.59878843352897
0.5927507112287943,88.80539910425746,0.38998367330099615,-686.3886417713607
0.6216669801431329,24.488207699315524,0.23915376036703306,-807.0020468879487
0.6647112825820742,56.720052681443455,0.37217529188751586,-718.9046409555444
0.17915950732944308,97.53137730082236,0.4055293433489292,-263.32896135204237
0.8907384385837599,19.091863611354054,0.11632602845222335,-588.5894018825767
0.618571540150469,31.66275704865286,0.12836487210457564,-864.8152729968123
0.05269733046168213,54.368631006128574,0.2551576801245212,-103.2572239154809
0.680360243412866,10.14774120158718,0.11693031521658717,-910.2859750856197
0.20216236569641993,41.62434000251079,0.204437182676464,-386.55627275872575
0.03679396569306541,32.182973677598454,0.37837386990097255,-66.03281980935115
0.5499342097285903,45.28562439469442,0.16270364366429896,-813.8733622325657
0.8070473658093765,37.90762906487941,0.3660648005027246,-661.029485210524
0.8527423253169939,96.50989850401184,0.2143564435130162,-639.9437660749256
0.11145050664617451,64.92080961445245,0.41208149247077697,-169.49091950818578
0.6597819299698068,61.65924022400502,0.2760858808467824,-771.429164931534
0.7058737199688105,39.92801190537422,0.49775896366317973,-655.3534521903235
0.2986266541900597,79.40133840725272,0.258016078951802,-497.0736728720911
0.9619367187110585,97.86400719775813,0.15051497844106812,-297.5092980962506
0.2831137206666859,62.63596610813874,0.23462969712459453,-490.5849806615632
0.07858254559718206,56.57586757487376,0.31616321224876653,-139.80289949698152
0.5188947539199699,42.256160518215665,0.13789351752107018,-812.2161009687931
0.6904285884528307,65.8642769815532,0.24050321454857163,-786.8498583685252
0.24976659132138232,64.1406415106244,0.28481569934301876,-418.09650777928823
0.3418105581853578,53.02490409653869,0.4056798151579978,-476.2617616229
0.5623554233709382,57.409151698790595,0.22850736341110253,-775.8133606698652
0.87894460247372,44.929028566743234,0.41008996000555287,-535.0049471536255
0.7423793878186662,64.39683809429299,0.42537701567929487,-677.1311312429328
0.21540011993248506,72.32065791985116,0.4590352693175631,-292.6286687811992
0.2567415293066809,91.28763186472727,0.39774719956926363,-370.2816565229205
0.5234030753841437,45.999486018744534,0.16316729739952163,-797.8008690524405
0.7635795210655668,37.16524067105651,0.40038584100593044,-683.9449260260382
0.6163865426288822,92.32183749024995,0.15766833229357383,-831.8081312984059
0.5012977809748974,39.661887803043626,0.10703889388158988,-820.4389260587175
0.5951828330434373,92.3278716009614,0.1407839912654021,-836.8255174766268
0.7509388285470674,66.18321097519208,0.36610909493971566,-700.834874073626
0.5363381979243372,81.9953815588629,0.2745771082945767,-728.7147514736404
0.8897976893199563,84.82911808097225,0.45219267145396513,-498.6605181975297
0.9381261406804726,36.46809398932014,0.115559404135437,-416.8035353128334
0.9070474164929818,49.31019337385106,0.22162217411648336,-508.65061852706265
0.7494279732588215,31.636735401442248,0.14213293648794087,-815.4443140080604
0.25139458391139835,86.31464440369834,0.11977986485286496,-494.4329040215584
0.38756601708870986,88.45182055639002,0.1652166089028661,-661.5184386027624
0.28439995204502366,55.815019421146374,0.22526777558216807,-498.90259164348464
0.6545070362379227,66.3618170295245,0.16319982477476863,-834.2116337721351
0.32773719195285217,75.64392852097785,0.13255957542174227,-605.0593161759238
0.7493037728062494,90.33042306997902,0.4015623895310616,-682.9196808901338
0.12123889684109672,20.588342469411018,0.4236083189559263,-201.698277752254
0.7698574675858378,31.256488682344425,0.18880999623194983,-775.8998588409781
0.5841839351602687,80.91110382689851,0.4585013463023794,-641.979153904961
0.8286809134035702,31.828217968189303,0.1497238937633164,-713.0478890380016
0.4322581390880976,87.16700129899748,0.16969933210972926,-708.1164888913703
0.6224651641446763,34.662854844227056,0.3973731421494825,-705.5677652858768
0.5533238889342039,57.01362093088977,0.4225499453993292,-651.7182617626097
0.9661578410260198,80.4672448190236,0.40891554732916346,-253.49624109553565
0.7503649035897478,21.822564511904105,0.31137452726905246,-743.2258620003696
0.5439169844194642,25.086700959619947,0.31990491489181505,-728.0713301011958
0.18055144872794598,33.23238447827879,0.1106338005777602,-389.35188383674546
0.8960319325131306,15.215223026992826,0.11834010178275829,-575.6366415366028
0.21172102702964402,27.846218095753144,0.21285266615676304,-408.5846575768139
0.6470423916543536,24.663858975059846,0.38333353298170125,-726.9307876794761
0.9277424159152005,28.125317911719893,0.23310371677768377,-440.73923674607346
0.22910803760745765,71.76957397655212,0.32337951252759917,-369.59312950677577
0.231405069921687,13.018141551689236,0.11913885784560417,-516.5833802208851
0.8447825322135842,89.6788847884387,0.15363252796198862,-674.937660511536
0.821101925449507,26.340826840505475,0.18803543389761002,-714.3283633262945
0.3546692859181505,73.60046181842921,0.3079421258151437,-541.6492255325485
0.26979436290820796,41.28512391423601,0.4998046836610809,-348.42736326388143
0.13484070281652738,55.45593696493961,0.34227682069402765,-225.1100448874315
0.9781773810381414,70.78520664041156,0.13546904025207188,-201.73205155429582
0.8286362388626611,62.227284818237926,0.23967452116274357,-675.3039811049033
0.8914037728402561,36.40421580303291,0.12739660462715388,-577.6043643166696
0.513405739490199,18.98466367196029,0.13454495852013038,-835.3653596381998
0.12209713564054846,76.33425737070849,0.15557749990565894,-251.93245371531228
0.06152873168130311,60.94100776750694,0.4522709672063324,-90.52813488347046
0.3339704607586504,34.526950645577045,0.1270697254554245,-631.1125102202493
0.9119238243271031,66.4144612648069,0.19940758887150972,-496.93330350315165
0.9386301984346982,84.53581288319481,0.44459076596893,-365.0669428998777
0.8343405884537533,54.66825388961521,0.3175447899277176,-640.261815197713
0.16550556060112986,58.567525419074286,0.3175074999145877,-279.8877120145426
0.4215247076888575,77.80743150783826,0.22492543081878838,-664.6240274171575
0.25131806032612364,76.9144163443936,0.20709765846090394,-454.555173217848
0.21124277923379794,15.9614386259049,0.44252487256647366,-334.25456255666336
0.6811293331084368,10.292046595876492,0.3031060632948217,-808.2221448256738
0.48638943436537124,63.8799828162939,0.13215767743169216,-784.8909748151204
0.32841145207630923,87.30631778900212,0.10070779370814234,-621.9097350490808
0.10821017308812524,84.38048207204815,0.29686512214318395,-190.3972736520225
0.5438681035717967,98.75948481782729,0.2271019272141034,-760.8979300049624
0.35008465000555905,14.41084694474423,0.12575826087050435,-690.7474217478205
0.3932738900274503,29.07336875855633,0.35881505823522464,-574.1022028123242
0.3142985669588121,28.914676356488695,0.30805776802695617,-511.09623211462053
0.38945130082112683,44.42797058128727,0.46778443638077105,-494.55025795940645
0.5547423928861713,68.72542918206722,0.15115133887095614,-817.3005148485502
0.02386092948510212,79.31491991979841,0.2692649306782994,-45.95848439280222
0.840694055319008,40.37249890310537,0.4563155589181497,-586.4709164703268
0.9134814643963279,37.56532693975872,0.34874314004285745,-464.8775708057768
0.549519096649529,25.90094289000424,0.24066811283875753,-779.0803531014217
0.2726606944489238,27.701034880900334,0.40700820072486577,-408.1308641848984
0.9804342202097974,55.350787265964726,0.35166814709634153,-176.02872048651696
0.38553014940629005,54.59883668953494,0.11184552148395671,-697.0750198863677
0.689782286404687,55.85480118326224,0.14477436973469932,-839.8247742440659
0.6861534963001681,70.30746876782669,0.2562530290183106,-778.6743087146737
0.4356228833659866,65.34235896820599,0.40854169902874005,-568.5274478042239
0.2051749941867541,38.8574416574794,0.32773640510393226,-342.7901032485643
0.9572477883696436,17.88871437574354,0.21513251910650225,-320.0137189705761
0.07241704213347332,31.95380369860571,0.4406637443755438,-114.92867571014595
0.4854464000665858,33.04930973020163,0.40022152231330377,-629.8917509106806
0.22631609559447374,34.178582414488446,0.3711770302845214,-357.5871364605828
0.2980946495832552,80.66177297582034,0.38062710220204166,-432.18713182407134
0.82195677575064,20.87051877004758,0.3735922021889686,-649.2484289204446
0.3699202517232592,14.771467925271121,0.4325600733617192,-536.5597871961261
0.09168130431467093,56.734605708737014,0.3976181745354065,-144.89598023955753
0.20238282501954555,34.279238898922884,0.39374882470687733,-314.8528353717699
0.8531659420598776,93.21793884640424,0.10522635350818299,-673.3477545002775
0.9674882730589668,75.33009941924092,0.25900369768948295,-258.56824354653736
0.27262251740404625,98.8396584966777,0.21382724581727997,-480.66790651383064
0.6719008079491255,98.00595264840088,0.25765039980305304,-777.1271532913476
0.08957501754979494,58.20645228032307,0.4459228056700455,-131.6564338836589
0.7189962799947213,52.4814324228512,0.23934563518739904,-780.3470160632521
0.41810788015245,33.079596205830555,0.2815067694217118,-642.5314341945488
0.909796719922134,74.77036434575497,0.3731732821533932,-467.72805127032126
0.3153054465542736,93.46729861540354,0.29907487463965365,-495.5408830899388
0.9326376574574146,80.50943405653949,0.4481565994758935,-385.03936285410305
0.5031824785408545,46.926163216032535,0.4835243691584964,-583.7133384411117
0.3519150655530743,24.24786439573243,0.31618249877509547,-559.053163738114
0.6440792032339744,68.39535122836469,0.3946521109536302,-701.7563126290657
0.25475127924490354,76.24303132989704,0.23806831399787948,-445.219744018296
0.23516832540252483,66.55144641073082,0.17347586321879288,-446.37117542366497
0.20241951573226635,17.155635737452624,0.17120895177887419,-427.9990087753544
0.9507015725492942,56.05260356503048,0.3125547398345155,-335.6947061483773
0.49305545306620197,80.07662379457695,0.1922860558739352,-749.9720730426002
0.7465826636076934,46.4158317499342,0.10807382602180052,-828.3834768075019
0.47451204370404837,34.15855866352763,0.11344210229238927,-798.5991351883451
0.5857893568657746,37.807041349209314,0.1273862864644599,-854.1498169909581
0.5824562015132787,30.858011084166577,0.4530991279180673,-660.1561181898641
0.97028858175904,87.03795570999253,0.48199542892744784,-226.75510380181507
0.6650644616955395,63.363428094965435,0.46006307972469385,-668.8409667426382
0.24497408214001154,79.43141803224384,0.19654461104368015,-449.3290245679927
0.024893705980499413,24.01271064194674,0.11640448178094145,-63.81232974789825
0.2243084968812186,49.99060533462145,0.21027761156000813,-416.8949126395459
0.45640924945199757,89.50262869998174,0.10349844470815582,-772.3845610687259
0.3955519299919511,46.910407691389324,0.43735898294261055,-517.6840400425235
0.8060797145300221,42.44703539721161,0.47723959532297655,-617.5214857521925
0.7798456199012274,21.833516244522283,0.4787472525626132,-648.1791781895238
0.09731404855514768,66.19778558847236,0.28946361121527625,-175.6285770166894
0.9429705104698101,47.94662266710178,0.23417094115821868,-378.88126797083333
0.5269075438354651,49.632749037818954,0.11025883976993495,-831.5914044416448
0.5944758836026172,50.183561392923195,0.45797738035918634,-652.907101757851
0.4069556358811876,61.10357755117448,0.39216848930538595,-551.7124621442567
0.6465109365815938,75.50531833550026,0.1586604528573537,-835.7303299518787
0.8638997774294757,61.785718397210154,0.3836936592679323,-569.5889583753324
0.6704572474831094,10.65581213070574,0.43455766171254295,-735.6655226211775
0.9606965729431127,17.627490788705853,0.44219068439916553,-281.0765274291906
0.6970998046687795,79.08105987264176,0.30836441291226474,-747.8570801550153
0.815286321717057,81.22499902836022,0.18717374087158314,-712.9279370835177
0.05413879214245775,31.206192823099933,0.2724443618149305,-109.13141161147887
0.6692445437175994,40.13653588537125,0.4770118486957683,-666.0680667041687
0.6516575915648379,58.55637865422586,0.14216076742555617,-847.6450304768622
0.10971112996199123,89.4587213300865,0.21804539515152885,-211.68910766050524
0.835539746142338,28.2485265657161,0.1784258700315139,-692.543163295904
0.6118889558231081,87.16478650708122,0.3493992194489657,-717.8448045644896
0.10636152857723428,29.107699940597296,0.39816104668398555,-176.68148313618738
0.5925777763482298,11.952059953896596,0.28570893777474793,-805.1069771939865
0.47884753136239483,78.31713307546548,0.206009254190392,-730.1367666461275
0.23862769849004925,56.62320125463545,0.43079411990286953,-337.57731586139863
0.02936096876807745,64.14897076367613,0.12071852829514916,-67.59310424177323
0.36825593556204655,42.79705514576065,0.15727156933507094,-653.8529717832408
0.6174540559206746,79.98786987229533,0.4890863396809836,-637.9873332089193
0.3326935508175469,55.754635268037674,0.4972043830782268,-414.31845006379325
0.3111095594652607,36.09676458808463,0.18503392913052932,-566.5268568717719
0.7460988172811763,84.25848903014723,0.3653829366149236,-701.9362985321379
0.7534521546046967,22.768158121975794,0.3376138612815959,-727.9781095045934
0.7143905187695917,98.73286997321335,0.4502563544558523,-669.6190139341736
0.10915831502308504,67.97536309567772,0.14240931595971948,-231.1617343244368
0.5158426378325046,71.2718714594258,0.2900068039324538,-707.2138423240534
0.5566426871579141,24.414686760724994,0.13066526090399427,-852.3360434469774
0.7399084364015862,49.74869733969561,0.3501138242437065,-716.7676814227049
0.89511416781565,66.51993303622677,0.20269214771696645,-546.1464115962385
0.37165808871733996,15.099965897852542,0.2126922087089499,-665.1136939259375
0.43009020289229793,81.55464209063292,0.27391628801798706,-642.896579953778
0.7281121425506575,43.871263426417975,0.3163906841520252,-740.1020876436174
0.659383690296803,70.2292914385738,0.4599854582337687,-667.0540084952087
0.5567125029000236,52.796026483218554,0.4341527644479696,-647.6561376268082
0.3531368393628935,65.49492212463298,0.130528820010721,-642.4618821186745
0.20144529962596638,65.44594681555222,0.10620705309918432,-417.7362732140657
0.1901312245676087,87.14446204216749,0.358540539376628,-297.31091067827
0.08995162464087521,71.78643185761499,0.46273856662691315,-126.99695697463467
0.089576832888367,10.54160847739034,0.2362476020135128,-216.18268476601128
0.8388822591610707,33.98877717982771,0.20176289712525108,-676.4415611433895
0.38599929419038026,20.529796620635558,0.36542566167245205,-575.5992894143532
0.06952483048947951,19.819058531074045,0.16669780159986805,-163.6658839485901
0.888497158104535,39.47566728335989,0.3520582353688345,-529.7353762735376
0.2288050648664932,97.72847495591363,0.3393743466280452,-359.00677452289307
0.27276194170505885,30.54589246045188,0.1971264031770899,-509.1278202021567
0.20060788275353716,80.19145120986454,0.46776356779386485,-269.3557401606598
0.9581510386851373,71.64441744401731,0.3567593993801904,-297.01451855821864
0.12028928444493847,71.97376431016127,0.489576862205238,-160.82170093088953
0.717719977321383,57.349916744394875,0.35973216403442165,-719.111078558793
0.9234469681830325,65.7351896634118,0.4733083653802167,-410.00453231737674
0.664641269415858,85.43952844424601,0.3258189812913299,-740.6592962252464
0.8515520772636112,74.92729701514233,0.3156663958239064,-611.3037126998141
0.24759815987498668,58.668332317002125,0.47891674132648054,-326.03977384896166
0.6704494190219813,39.74726847372575,0.4720050062851747,-669.1073265078535
0.6968539131674814,22.183288775619985,0.46659826412763883,-684.8943900688112
0.4591658624195163,79.59957758766323,0.23066099459498104,-697.4504360819093
0.8631347082012638,31.77300302890458,0.2376343691469996,-618.8554642352786
0.690498378165204,51.16791364614587,0.20814966451208006,-806.8610731372886
0.8869802353160562,53.94216241408163,0.25854151329102126,-554.8574707876877
0.74814026620801,39.2319830888246,0.43672209620569236,-674.7520862524904
0.5198846128872276,43.98495871330381,0.47645321675537555,-601.3051038159617
0.4987144516757303,71.62692479870603,0.4060488134141512,-622.3278685012784
0.4546530741660496,48.19376146602623,0.16991607172781287,-738.2040216708663
0.031213925596004513,89.90770312606234,0.40840876537298254,-48.82427332236451
0.5344385720149124,93.76860588205727,0.1506883926808829,-803.1437382557175
0.4245137690399786,56.73512297472118,0.39302069238555004,-569.6115759379194
0.16438292418058378,31.884039886632547,0.416961329099204,-254.6544639888079
0.1266883044191921,18.3907604097933,0.4048332648183134,-218.8493922035623
0.4503648407473882,14.21991323971794,0.24564566185284487,-731.8355160138582
0.049114792475324534,79.8129032410091,0.4024429885920414,-77.18999713833801
0.9768482913184442,78.14027853500502,0.4674981606484504,-191.8092358641275
0.3805585126807851,98.55042593989795,0.255987123807062,-598.7561115020775
0.3844670090921089,73.88894432610596,0.16318056039581186,-661.098900686238
0.06010377452595303,33.05983666315609,0.14851210095871023,-137.13687087008532
0.42813888727358584,84.09278666124933,0.485794153074842,-511.23336973792084
0.025430528566976904,11.264465058677395,0.17323861969394105,-72.58198613702633
0.03949176066617242,76.63358155200865,0.4054454136975576,-62.3236922982884
0.34231724849915657,59.903673629043205,0.35018921782171775,-506.01398296198096
0.8145495687909601,84.52081390331774,0.1388534519739801,-731.9972410157668
0.4596446583339445,45.82224205971242,0.1582210452431618,-751.0125122947511
0.02454376762186794,13.029286803715337,0.21129903332420077,-65.26040420913064
0.1699556310557834,91.4083019901404,0.31762076237055564,-282.10785582693666
0.735124267512762,68.48656764304955,0.18796478891842622,-794.6248472299164
0.7335278624018237,98.02782672994154,0.35260132341248973,-712.8505814637426
0.7494324482768151,67.76117587077718,0.2502596964163536,-755.7118430683371
0.3546359886598645,50.6116721706973,0.2195807084363798,-597.7096487014469
0.3552314080981988,29.189351757953567,0.34676022194596345,-539.0928740080766
0.7960341536982034,18.416057535211323,0.4040842210481541,-669.7351236750641
0.40017512777938175,71.7933710128298,0.1289508577649981,-700.2048686299901
0.7226471849593519,58.14792066537366,0.37520782692514,-709.6746228058806
0.5795005487035565,73.41292409421703,0.3060295825180147,-733.3379482898946
0.36705484598321503,68.24295588853755,0.4064249812029198,-499.9845225455679
0.0884063896050265,10.084701655464851,0.10363998864945044,-242.66367364480527
0.12380286894389363,74.67375342729491,0.22646780168616784,-236.19852387176917
0.8817675488427261,74.37750212123956,0.3235847681791899,-549.2110652485517
0.4532936998219371,76.97511255289223,0.15203427127819827,-741.0455230656281
0.9841244481557466,16.006485645898064,0.4614221749638613,-148.52183085815616
0.3666190095236355,65.38681072420894,0.1352406318277613,-657.1629339000536
0.2549552185765341,66.37598374474277,0.16768790053985055,-480.56121627051334
0.353528533414768,75.8432959369747,0.2976232269768806,-545.8156436420845
0.34622437502471276,18.71572144841434,0.1622785435747273,-650.3326823749258
0.6346095969968754,48.329624239558555,0.3333224552260672,-739.6582590366214
0.02248281241022798,47.725156976981054,0.4975185132597293,-32.62865792754954
0.7580032645218087,42.30151258982086,0.17507645935744673,-788.6716276078357
0.4180863326931042,57.10692959338372,0.3162089210718547,-609.8851649206615
0.43359440979625885,18.58881794312076,0.18624504460986957,-737.5904878795645
0.4814927148281219,32.618021741706485,0.4289970310436474,-609.1898463511569
0.4502281998202939,97.16674412107137,0.3528239085192959,-611.7467285255684
0.4975214810791872,12.389595369339123,0.3830335633326297,-693.5989148351836
0.34898622415037417,29.361134825623246,0.4344524811871684,-481.9750689831504
0.4542792141524719,40.94044586156084,0.21261940148747227,-714.7367310418904
0.4065583089673454,36.3033193062096,0.1953300647128344,-679.9685166804113
0.5178778636175372,94.08231784085574,0.46630385587254775,-595.9419539208383
0.6208037031590052,61.48537383979597,0.3886505123406122,-700.9445938557317
0.24621979507317446,50.66143600557417,0.1647501693404148,-472.13712346220285
0.5082684058319815,42.82863642315853,0.2240113892638752,-750.9681190776666
0.5927294808266859,54.25265976186018,0.22170703555469934,-793.2448860502714
0.02660934829830327,18.59802721355735,0.4859987234555354,-47.022629182285385
0.5200838638841327,52.09354927721181,0.31855182347337563,-696.7423165352571
0.24450738110604903,83.66611942885748,0.34589823744712894,-379.24239585413216
0.4064477769857547,52.76909458655724,0.35287036325066823,-577.2074724668825
0.8199995591102353,24.22179019664972,0.1910963216421276,-716.2756191376476
0.32971088482525296,35.4472046629231,0.473456274705608,-433.5725514176869
0.48355258527413963,11.944539548849525,0.3732983957236936,-692.0165463521167
0.034246330586913114,75.81602336339853,0.4501240392155603,-50.6074510254207
0.312575860601916,45.80521673273933,0.45212733416376427,-420.1113223215787
0.6369266712243603,24.89612340266665,0.18788118356087977,-837.9036864742078
0.3188585390682196,94.03701415383387,0.3756359280856525,-458.53482902009654
0.21168155605816066,83.28861797586009,0.4469124138110432,-291.5042128359491
0.2948425662918571,22.987202096346586,0.44672732372188095,-421.8225101637346
0.9452907406727643,43.47920074993981,0.29424955031844136,-361.59834102748965
0.0950657858072326,45.53862707658095,0.465254886240425,-137.8894005592181
0.4640906083032203,92.72196162434278,0.11702856579639441,-770.7854636621062
0.06721916558545205,84.88235594522511,0.4369666154926606,-98.8886070041156
0.5378850764630428,53.63050005701253,0.3431965265016603,-692.48616812331
0.15311502224475876,36.430348954621564,0.47526262793984875,-217.00431273680488
0.6314031091422302,67.46727056735844,0.39753338128520366,-697.5347781639736
0.2691095132403188,47.67181831809678,0.1921471654248459,-495.7087984624254
0.6870970811438173,14.348910223532265,0.31826337655937453,-780.9226127546759
0.35020313847535445,21.209884022032977,0.1297684599064095,-668.2426534254524
0.014085118835424494,84.86572851026602,0.41795030443367054,-22.17084319314255
0.29899681483788,95.85213998701718,0.3283747970195682,-458.8475633522251
0.0902565502700279,80.33450536593993,0.2479547007285553,-170.5971731827426
0.49513883895793626,24.18274399038674,0.13795210991655105,-810.529577346029
0.29311226728107875,83.15396997704347,0.30154754608347345,-466.54895002416896
0.6371920313868861,26.012173552095337,0.4793161993584585,-668.6369520507795
0.49993722848276334,25.2449956774338,0.4856338151901963,-595.802132900948
0.045323955543949974,49.93331264289523,0.15833712261361654,-100.3617836619418
0.3222612225589889,20.594477998858046,0.21676397383846893,-583.673499818204
0.48927800692476786,96.56832560075456,0.10049909887441065,-802.3290508322034
0.5707597657326234,50.95941225624278,0.195919086460651,-801.404318896485
0.11277386804944052,18.112458857008935,0.3136490678664714,-220.40513921687008
0.646971864618358,42.85315602363682,0.293369079456991,-766.079743357806
0.34682372416879576,27.479231830449887,0.2320935370373523,-596.0653192462869
0.18926286807460616,39.56349506199507,0.20030731027765106,-367.4690298419513
0.7992201545134525,87.97210578144193,0.2460998007247763,-710.6137034031537
0.07725091913567378,12.473869778255443,0.10461059167213632,-205.9924434182375
0.921174456270551,67.41236374030244,0.10961868008576664,-482.4282735027353
0.7021408369277876,38.42888854342186,0.36614783281502417,-724.8962434677492
0.4760791998865017,41.83063231950477,0.35144645859440193,-647.1360321533489
0.020937667186436873,84.43620560029963,0.4554863305050908,-30.774661154116586
0.39232280482547005,90.31867934426208,0.39432575550963533,-530.6306514745255
0.6428824452576807,77.44843951344687,0.14461675877914504,-843.5033168567986
0.851734836080463,74.18842767084344,0.31819062739481274,-610.2360893149979
0.615408714227237,69.65892759865267,0.11104592612345901,-861.7759120283051
0.39975327282576956,34.35525291454887,0.1783747217489706,-684.0157189218496
0.44841219900990753,96.98418018845832,0.10759312934073405,-761.3940894225146
0.8658294203162189,61.538630903557205,0.3568550145135102,-573.8465511552346
0.35433016331666073,51.082924218034364,0.48333441097360674,-446.6576426768447
0.07385444664937099,58.84054266434937,0.3195434666897974,-130.87375579719338
0.4438191057129243,77.52322877205036,0.3945431126354939,-582.5208083387231
0.9884899434895135,19.935965159416448,0.4057880564639109,-118.08583402537528
0.3821774054193615,32.98982217123827,0.37579942255220644,-548.5367744706942
0.1991936223552942,72.26401449557315,0.30055388478127154,-335.2017467449831
0.05422753386585082,14.147493558907353,0.4526164097990152,-101.48444718251181
0.17754950495325414,86.9571588052036,0.1084239455766328,-370.2852164760211
0.3275831162821294,64.67816844874525,0.41170571413757007,-453.5244537408064
0.5727927687528498,93.93563999812766,0.3268723148600955,-715.2008319535421
0.6622766474411578,46.79550591660874,0.2799453760268743,-772.767401983583
0.05196254571130737,77.1751016526853,0.32862712490304014,-90.76551671883998
0.9274565011299596,53.59638696401203,0.37328887926839804,-415.3113123885048
0.24092557796402686,94.94354691110867,0.4987267451484968,-303.4126233718631
0.15608076751506186,89.17422448480016,0.39389255879024565,-235.89998186560206
0.5302128453810437,24.990977547967994,0.24754536528219673,-765.0048066437508
0.6740341026242108,34.43360274201898,0.41385338508137426,-703.8351546820845
0.3111077335727,28.86887084550066,0.2282899210072245,-549.6858215071247
0.666052394369796,48.04271226712721,0.16317648151887965,-837.0619105240644
0.29840797595452734,15.720356976364581,0.23462384765128397,-554.9110946369562
0.8941280897579815,16.10563468179315,0.2725212853016661,-544.1172082197621
0.8730808424278094,68.76381497837579,0.2427511753758005,-590.6540716830591
0.07977048920619745,43.24312129482724,0.3210603732908742,-143.65857200751836
0.15739446979211882,88.951423257446,0.40608134283676434,-233.75184623080824
0.6940975124242759,60.52869956103966,0.4777572423293187,-661.1748170424128
0.010117699459195401,85.21475820818098,0.33777409212075227,-18.030105922956185
0.8153773427261755,14.586273461885003,0.1597483800890036,-746.4406305727309
0.35911501621598085,69.54296687351948,0.44944974603068555,-466.3656529755855
0.7397274968594106,13.15461345467097,0.42343353975412323,-712.7487416213236
0.053352462717404944,89.31847429812764,0.3425410349852472,-90.67293116921286
0.215079140810111,41.7857308001157,0.2393701608748922,-393.0500061519725
0.07938907600329463,61.43906027154083,0.3236838611952384,-139.09539560100978
0.1862273192024289,85.03943064596363,0.13109579562495446,-377.8991728756697
0.38673280762928774,76.23775731057462,0.32406342999601556,-568.2303481975364
0.49172077478387466,76.92632420396917,0.27480544616354635,-697.9265130424476
0.9077695329390871,10.80584166262888,0.12494567004466539,-542.4786742563261
0.6246305395863079,62.78108280762969,0.1173431300434936,-860.4309013164349
0.7023502177016562,91.15468722891872,0.45739543784184455,-667.9594165976762
0.09046846313909247,55.25144696765829,0.37373254150001634,-148.22771032290757
0.29105134637075497,59.62746866543297,0.4369848831962203,-398.36252681188
0.9818972746940257,14.320861093593374,0.2480802176258645,-173.2608798193861
0.5592138556113075,16.46314662701917,0.20368173564933462,-824.648636268
0.7820610847324927,55.008816338465095,0.4287346301985048,-654.6262943349005
0.04183281668627845,37.84227109503133,0.49160982656221,-61.72904100960548
0.09239468985060377,16.993011020175153,0.45771283474859925,-156.02545438368156
0.11704853413964202,22.035749058913392,0.40036490606578,-199.36607856255566
0.02498012745199972,18.235169213878482,0.2250712869516347,-60.45459010008379
0.9135393892841872,64.71823894787518,0.34800189251604263,-462.5513375983649
0.2585625804496559,51.26322836128776,0.3120065849031075,-421.07079423947755
0.9866377485090065,77.43179764754453,0.1354555916444521,-139.79496216857711
0.7333672535315121,60.63575145599577,0.4348459168433886,-676.3729355956431
0.25559857431377364,21.32824601754512,0.17146994030821455,-507.4483154910556
0.9819685429713348,95.07169042462496,0.2850502204229707,-168.47957785317936
0.8611631803750442,68.1389998990944,0.1717211111581828,-637.2308948308481
0.17169804531256452,53.02218876907976,0.1403742197063827,-353.61661141644146
0.19161547303357357,48.649524484054,0.49846605231342234,-252.5461263248925
0.6765824186379692,80.64589738922054,0.46793212309003984,-663.3645208086799
0.08671464068238476,15.889584109917465,0.33767670471220895,-173.20420019480528
0.5828343651457302,84.33511231828054,0.49220188427073885,-620.491800850263
0.07527086615606773,64.76577053568725,0.4581503491680906,-108.44963117661554
0.2268716541434931,19.85715570765048,0.2978353052592321,-408.15342539572646
0.9394711542590416,68.07510641006215,0.26505983936806143,-387.97369968121296
0.4986002046023772,90.13623188745797,0.3038709978312713,-683.4723783325513
0.5722387101236205,49.70879587273983,0.41597067219231876,-668.0827723338571
0.274289612303063,78.46935790616205,0.432522227611021,-376.85337326771815
0.44126041225769197,79.4803682490569,0.27539290621680357,-653.1575622024385
0.14034235795112326,67.12636544258866,0.2823795281453628,-249.50917847625414
0.5162839840970219,65.42073660030715,0.4135608139512298,-631.6286219720844
0.0628766769439065,40.21855638480839,0.4419770519928835,-97.62212403852405
0.0572843811923964,29.776578586381465,0.4378909211589451,-93.44660732973274
0.6760547848148085,42.36044875229609,0.39337958523061656,-711.4474499514929
0.06388197826764704,65.46383073545476,0.23878965191851323,-125.21134726812447
0.5208581687067282,72.37373684875371,0.38843376820800846,-649.2093005252748
0.2707059642740602,10.922288960074164,0.16933857101078043,-571.6145289786155
0.19394006414692447,38.19522937397818,0.32090823519449696,-329.09929658638754
0.571852512253554,66.11734060817504,0.10358446971728404,-854.6739992153612
0.3005340314027304,58.41058570760648,0.1852964690816435,-541.86383542996
0.4572547272324653,87.3367056070084,0.37499985605390074,-605.3722234138692
0.14619436194020421,94.53352769995573,0.12015975541361135,-306.58832939082487
0.13395597468415826,72.20649983626635,0.24067535233288898,-250.32349076074397
0.11439835615788664,74.11533275144652,0.35907840019127446,-185.96190695873418
0.08012891018515567,41.68577106716447,0.28553590539121365,-151.2352380242723
0.5526394443267499,14.933882765363641,0.19535178961681546,-831.8210071436054
0.7508853816578271,86.65730410680557,0.1785790200424785,-786.4416457574264
0.786519534754879,20.032020339057762,0.3424018325608993,-702.3559967201073
0.9486879119766114,18.907909549256168,0.48661059058533984,-327.5963875747697
0.17502451298705804,95.6872623686763,0.4929188434956473,-226.32734793118638
0.14290657481106422,86.03928781982196,0.3687476492219469,-225.06824873179997
0.47055568372398515,44.87466558273156,0.38640543663383375,-619.3759626968728
0.8537873751587071,61.08237674323568,0.16970466472906376,-653.8458972607153
0.7617278884477839,48.48722650924385,0.44909890666215135,-659.7872027941492
0.5570145460544558,68.29993218826729,0.17712505988284843,-802.517948890615
0.1636476002955821,42.20508020310308,0.21349734295532252,-317.40717052632425
0.3934373177236077,40.82769868381391,0.12121738711935702,-706.6336610440945
0.7149588611216549,52.51161852805989,0.43729764193107623,-681.4443814087601
0.3759444312435148,55.52847591897405,0.41553519692362695,-507.2872964950229
0.04833696327112878,26.264054315386254,0.2521931912892925,-102.57172125718921
0.5822062818517373,29.40786574598824,0.41361156451617864,-685.2519015023894
0.7157318880990904,30.76503949524186,0.2933143967989434,-762.3925999047991
0.7104760618096075,47.78888538663523,0.2178481593188261,-796.0000595749867
0.1715685217640337,94.1697890839028,0.35477179350665977,-271.15754469331586
0.33927175761585504,32.99487480832593,0.21026647279273922,-593.1068723858749
0.4109888464509814,83.73915741824298,0.41818268247928636,-536.006776295196
0.4220717844725833,42.328975707872225,0.19317794304244093,-694.2877810122349
0.1218753197145841,47.09976177587371,0.26043120189243535,-228.72170484025054
0.3878209000873277,21.2072971655819,0.1355119365444042,-712.2537393234576
0.5064995428129526,32.83068004846897,0.11111106839132456,-826.1959088764713
0.7063494586740441,60.3296792458562,0.3927793595921478,-704.4346154950383
0.568058735067218,56.344284935137274,0.3349709332666642,-713.6164175783405
0.4068319491909211,40.97189838465677,0.3111620076218373,-607.6843839569135
0.9190454154994433,60.247700041238446,0.35937750101741817,-444.1142802059663
0.5961218952991033,99.78584498351738,0.39865359960956326,-681.623119682427
0.9652950660313048,86.69997700567178,0.19974319141817942,-275.2116560128676
0.8600288292231371,13.965205171185337,0.29346432805984823,-621.5224561656305
0.6701535795926121,70.09251189798718,0.37018384115706016,-717.9315324684745
0.8913272255162115,62.38877623773579,0.20353089453496623,-556.5030385472725
0.9814148845559596,73.51642873743829,0.19422623924673774,-176.5315463059141
0.22645972162486155,14.07803367625771,0.18425846412422253,-474.4989680848581
0.687235389505728,32.04861185139686,0.4125480845958287,-705.6002196189992
0.9104036923019464,15.335205999692754,0.43286566090367806,-464.9440397121394
0.027052156816136402,71.57696033970214,0.20900010793585785,-56.23504668099019
0.7934992166019327,20.417481800286673,0.22754089712466252,-741.8990959778075
0.09761489089318745,98.73175750155085,0.1619563117148756,-201.33626054056631
0.9082232114963091,80.65257239541926,0.31296931610538603,-484.36404223276
0.6097731059360703,66.49044671379033,0.3923865241526113,-694.3409295442593
0.16882804979524718,29.694676825712097,0.4664201820112601,-245.3354825979542
0.04862196421963236,17.546203985800844,0.4038251117255416,-92.58234407115516
0.8212650541006967,49.71709620936094,0.17296526546393504,-712.3892751456763
0.14670210212589366,86.33505280487093,0.4198662026701271,-214.68843746850325
0.9307505463698854,76.26222082780765,0.3368725395180967,-409.2031725382489
0.09904795156624524,55.920339102136296,0.24966271367146942,-189.03121278852748
0.8312189141173676,67.42454289471115,0.3825903268635713,-620.7844295572878
0.42506189236589975,88.15619913191367,0.28162469686823843,-632.3409494819072
0.8652806404423113,27.252093121932788,0.17552068059723203,-633.9937007388193
0.763202756946784,27.012134113930948,0.19960897214165924,-779.8851028528236
0.8458246367129971,96.09762845248314,0.260958026480568,-637.7661739289322
0.470837250562036,60.325481095716135,0.3602173897874048,-630.8369228896772
0.709492950394125,98.53632448849218,0.4987335511183475,-645.4480709543392
0.32229424083662195,70.93896255893188,0.25264087260904533,-532.8068999431538
0.05622980245714944,97.52218516775567,0.1440889333826216,-121.29666016540376
0.2377521086369679,19.078666718377026,0.3440201480732791,-405.29206213842065
0.011334406323148591,26.015553863761895,0.21685079805679786,-26.916685444388442
0.3657675928687437,57.760394044711205,0.47971314260441156,-458.62245461242793
0.4939522602443531,60.23924786431858,0.19311294418777078,-753.7315396241912
0.029018945877213063,64.31948385417036,0.4053393167525927,-46.81521068791894
0.017575218921917844,99.4091962139854,0.29872039248777216,-32.366084329613344
0.6827342970636598,61.24505262986759,0.4730294749028098,-663.5031385615682
0.10842712503438302,89.56949067185776,0.3242338437349781,-183.74681370964382
0.082368596101697,98.348563647445,0.12754400354336345,-177.9106474517973
0.49568621179891276,95.55352692136127,0.3466539146869139,-654.0165941817697
0.7137961233891943,16.409736499664646,0.15711158345685192,-849.5866170512777
0.9676219338603039,26.0838613074868,0.13575866439657658,-269.4567787063922
0.2994893541613952,15.45870269429161,0.42732367970588714,-456.5667323445585
0.1251676145024645,68.71167632385695,0.31265869414094816,-215.83407001100812
0.0771658523591647,54.23057202543448,0.466748669261542,-111.03268922145622
0.21336048265599633,30.67301267772468,0.26132504649445576,-388.2646195026245
0.10805356391312429,11.91321999069707,0.14009226994676005,-271.0536518569004
0.013316674172908476,55.16646989945815,0.4228767334543171,-21.733942721467834
0.28937221831684484,65.73141836469632,0.4101771892606506,-408.71703584616233
0.1709227459951424,85.06704471657352,0.39425069141536917,-257.1140391245573
0.02788490405322816,94.26852924852528,0.21564029519871922,-56.63305045045984
0.3575393437782127,70.64217966424246,0.24491604297511727,-581.6565766471315
0.8193974712518555,47.65671226515118,0.37343207998356964,-641.6471878496112
0.30758828497432217,25.130315355496965,0.2713138136627074,-526.674455119858
0.7058977417637124,74.12932747188036,0.26569065646677253,-768.4332112618204
0.7241602486987574,35.71704328899311,0.3893156075691655,-708.4542172713147
0.03504533442209062,31.191350756768887,0.2701441835399685,-72.46551411696088
0.9525494008753448,43.47833172525499,0.21404695381489974,-339.26830897699983
0.1462292051302107,84.06133742651429,0.2877481933897882,-255.39342053299407
0.7131156895175624,61.882006174980795,0.10120277860019225,-851.5640675616445
0.3818542722534684,68.5825402547365,0.41019499287237815,-513.5169320948105
0.8608580918934219,38.00290821002001,0.12526703042348342,-655.5091816514824
0.9850618078552602,16.422858589032945,0.25465690090634485,-149.53518218730082
0.19945650801062917,44.967140978525386,0.3192214422032196,-334.90148017140405
0.8130665056871655,66.65102112680927,0.3118291687365109,-669.9861613500409
0.5053928886278211,69.12606135074205,0.22574855887689937,-740.1736494094785
0.9561224429973336,70.6287846472268,0.24382883104304912,-318.1474975164772
0.6549272174845814,39.74360929236117,0.4609713728763023,-673.3176532555879
0.5913731436133722,87.78305216153436,0.2785812897906027,-753.0519032976233
0.23493297865113838,83.10525402721287,0.269624063305858,-400.3472911117297
0.7143260630246037,39.392078093947504,0.2867766262835949,-761.9822688573988
0.2924372613203337,21.535599515557397,0.20925833564435387,-544.142041327473
0.83884344048597,47.12206043771933,0.2160091840999114,-668.6921396845855
0.9677183859163988,74.69913918550078,0.21783067826139524,-260.52236023835815
0.017637121849689595,58.50620825864189,0.44165909108603496,-27.55009770121721
0.9455404202555933,56.813955664068885,0.2237991948146505,-368.89527268710185
0.36129108730084947,78.06174862166789,0.3838291186503565,-505.01788689061385
0.48854936592010345,26.458715257159437,0.4119074880281681,-631.6147434791603
0.9156038034240684,60.61584027634892,0.36585363840643403,-453.2163615239874
0.7704385349310972,87.9943771056127,0.15806790508815516,-778.554870051203
0.24835803834797976,56.72383938326387,0.18344246868976982,-465.02951514868664
0.10491563428459484,31.62141495389878,0.2366150537013786,-210.68274389409166
0.8344017031900092,81.08375980954158,0.23960894016506173,-664.784577335876
0.7421189298237686,74.829998598811,0.33703823247914,-718.2074897797947
0.8511726347130467,67.67762711172635,0.297486240235748,-618.1953316762738
0.3863605018221772,23.4028719760199,0.44062934172177937,-526.0323645072118
0.49227143642036786,82.69779897505381,0.38592316715592734,-628.298179537538
0.46571825541373146,16.188344253819132,0.2324635173415934,-745.8818620360728
0.3184272371402748,76.69721160885375,0.2859760218708014,-508.73648988316546
0.33895893044538977,59.99244245332206,0.25948225233680877,-552.7207616028526
0.7142762740011857,65.68378675133994,0.10989099695371674,-845.9492951323654
0.7480097041927566,84.92916842762762,0.2170940302299175,-770.6363847717151
0.856576906779439,64.20894257630178,0.21024525762230223,-635.4158911257294
0.838003997314089,74.90026659482662,0.2694134181542853,-649.1555553693813
0.7488589563141295,85.27306212154669,0.20117333867192128,-777.4845922018125
0.3361222615118543,28.611872138521193,0.493665941549879,-435.51710396332413
0.7058454110666397,96.49092651975688,0.33633123948922217,-729.9496842279085
0.9631720022661268,57.892304268504084,0.3866458696727886,-270.61277396265126
0.9079151165747789,52.02600962229062,0.303875458782246,-488.6307837429785
0.9620579718618619,67.78211816138094,0.498776550956318,-265.57550271768264
0.04548336954483446,97.6462590404211,0.4088656981366222,-70.14114980658701
0.609367154169326,20.410065185009415,0.25199036160083127,-803.1203758892643
0.22103604295425225,73.3050584302162,0.23003654243621346,-397.87897241196254
0.2516285397110251,64.2573748396301,0.3512788015894158,-389.52713027953314
0.8371796899728642,58.91592766137275,0.3949160497136617,-609.1604986340751
0.7451878461958864,63.190617506269305,0.3242161130254346,-724.0458883988493
0.33222637055886756,21.373712106586282,0.4147268724127954,-485.7984019181932
0.5195170563771304,43.37508607503338,0.14552476850174856,-807.3579136080597
0.19456327951953836,14.289443466905139,0.3943541302139044,-336.1268902298992
0.01375065972410838,34.89002155640358,0.47936877440710446,-22.059012275460358
0.8919589448396108,46.752630616378,0.243910776305467,-546.4637196818649
0.705449473004949,52.07964695946805,0.4007742472518171,-702.0667716206431
0.5282420780604136,34.156051639765266,0.30912670871478953,-716.4881062451352
0.06301688530451001,91.86990487885383,0.19090006709466426,-128.7320908720387
0.4224233738738645,12.408183247267358,0.10122590090399278,-802.3341795104237
0.3824410630038484,47.08288078417083,0.45656712598985116,-492.9211581043739
0.17811605657976404,12.567135936764185,0.12797436725610517,-416.37305048525707
0.16306451322592186,60.78032835838151,0.14351238781908707,-334.8745776798327
0.17971424128254193,16.188678118445345,0.13924196075353784,-401.6361457634199
0.5948988838594609,91.09163183530991,0.29632069262767347,-743.364313999841
0.13220987280331428,99.30257178182379,0.33023199763798794,-219.14921670196816
0.24377827153012818,97.11135987737899,0.24773942339885782,-421.95971527130723
0.9373467373838849,14.800140097172024,0.490595651007495,-371.24788805594477
0.2250725487629855,35.59714484676935,0.18500523053125986,-435.8794841693868
0.7585794645685159,77.44916583399996,0.2765803074648008,-736.1999905659749
0.5960792093575631,59.656634862220045,0.391417851216321,-691.1361472416635
0.41489367325801363,68.05470759021351,0.42431815515302485,-538.6266810530032
0.5933801756277317,93.47577846318704,0.47740175387451966,-633.6096977051393
0.14094762932322497,50.667625614683196,0.2562264494860115,-261.7368469753613
0.48450413016953403,23.779045848253276,0.38105204356949796,-651.420079442917
0.9626908338305606,52.41355974401118,0.43181988774338553,-269.075335262803
0.4291663988061949,81.61994009154992,0.4027670703836628,-563.2380487728103
0.24802361953249646,12.143772228949956,0.1301778612047551,-545.1015019442791
0.9189567430103102,93.71353884456352,0.40298654889553887,-435.13686084935364
0.6085588335669853,61.10439166203939,0.31079839267015724,-743.3965702287431
0.7233000995565032,66.40311777193241,0.2861942823715896,-752.650805543282
0.542536532077697,48.087931334436604,0.3928740268606453,-666.336680384644
0.020977969826402168,23.130613886813858,0.12290688060300617,-54.215883549530524
0.7505861082101004,83.72510593356746,0.17147454900225192,-790.2058563642994
0.9691232324035339,70.85748841796936,0.33876216874841336,-243.61790261777432
0.7118638553470725,16.000780927601106,0.2481746624620203,-805.0047839650214
0.8025822231279982,38.46583758045577,0.4012996802592157,-651.7399930719652
0.8445549361699781,10.06791961703846,0.11695161610067713,-718.7628612038477
0.9892172373329334,86.6415787567345,0.30149718742816456,-114.11386284725053
0.2928412289908063,70.0350291396212,0.34844795007428886,-443.98595125825665
0.45039650847244206,77.47778638052682,0.14597752488935486,-741.9528119411079
0.541969568198879,48.998418096690244,0.4406719492628687,-636.077705937016
0.15940658041832212,74.61645042213542,0.2441460076720194,-292.2579580084293
0.4813564805705405,96.98599973063108,0.4155698347589307,-599.5812763455045
0.2814412690569591,98.15446454746824,0.13936213862744795,-531.117660017542
0.8301937035250002,68.54142050473743,0.19219284215213273,-689.0058936437773
0.35012232576837843,39.119789268744626,0.14658757057019867,-638.8076462523086
0.09005096887076314,18.97615254101547,0.332983534934149,-174.61341598473248
0.019883710542246642,90.61171104571844,0.33399710564515367,-35.00705177539421
0.8533326177930063,19.78521428188864,0.39664704674638096,-595.462317246793
0.8516687995234725,22.257134370228176,0.19774791671999112,-659.0274784461725
0.9254069314618204,40.35018332070039,0.4413030789514102,-411.38594055616437
0.08109462231374447,92.49693930874669,0.2926702839478754,-144.93036357593024
0.3968634762364303,35.87149142761146,0.22204488184410548,-653.5503444366776
0.42963006466816756,32.914558697314426,0.35515444907173355,-609.1914997212859
0.8536661083936649,22.180749152269936,0.44714354839461434,-577.3219575310826
0.2661919846603251,20.373176954170738,0.22079384102418498,-502.04234979059567
0.3061603100429849,28.07051431864436,0.47144451793390285,-414.96262322458983
0.7280727238039238,11.89046583398266,0.2735782333087189,-796.5917049377431
0.18645144082213871,38.22563018779877,0.4985526096753621,-250.52693702555027
0.6326673394536095,49.92302987021998,0.420622043930572,-688.2208653013146
0.7373650502961424,17.13834804158592,0.2166440664373135,-803.8653049438556
0.18684439640242342,96.00287484520709,0.1652451435546084,-365.01552850060125
0.22750587235909478,70.95020630526348,0.381860681159077,-341.80839575648906
0.6958130629890179,79.48135049049755,0.43845645824581314,-679.3933840726073
0.7886142312046109,24.91765268827357,0.483617863681328,-637.0294310948791
0.9442877303840321,36.055500914960064,0.4033175109817905,-352.0704408129408
0.31247689941690404,62.320898977275775,0.4399770291036982,-421.263409003316
0.5476609124321675,54.880663390137364,0.41994511317944083,-650.5551012251066
0.15387650044785284,78.61946888660431,0.43647701370059766,-220.02144922050823
0.4381572561393712,90.7543294567032,0.4939707685244987,-514.5571203480014
0.26589827088026113,34.500138515240536,0.19876329366087978,-494.66926451172174
0.3518241767779323,32.73135883991162,0.18811039022881243,-621.9929922394607
0.7972982867814268,48.817525450985215,0.3038490921841408,-693.6605541042468
0.7971651297141772,76.28285735480344,0.4008264790254319,-651.3689270573065
0.7004155656764647,40.23608727017488,0.41950494609858546,-696.5779204527591
0.13116652230262701,95.76547235947014,0.12690260328888303,-275.5627335323245
0.28834457717381845,19.255476322985793,0.12337121335010154,-587.0953059338143
0.9305099061799769,33.1828101050533,0.13532537534968073,-445.38834917522007
0.4534756280070852,31.549155045882166,0.253471363160434,-695.245216923366
0.6194078564287587,69.56694616853102,0.43609590192592274,-671.2418073344385
0.027942873920110953,55.12099858472632,0.22706572603506012,-57.852527679462455
0.5176596471454477,90.27190887311485,0.1258200530641665,-808.2128416040376
0.6853600127687499,43.78318387707504,0.33530015600239427,-741.8644675762449
0.06770414717630154,37.093820879052984,0.4033797515030161,-111.76960897182393
0.1229788423842364,24.126276110542445,0.27974784977130707,-238.4374821220372
0.37100191110896585,40.91900598725728,0.2725261625786619,-591.1605047981225
0.9355695880128634,64.22696778761892,0.26183702773499207,-403.72601689004165
0.25382204367019723,26.354283384581674,0.35873649597214763,-408.391287033227
0.03117061918832005,57.37358967632524,0.46307426614213687,-46.341216661274544
0.8030929029836508,76.74828117149245,0.3017605334127434,-684.7935732689209
0.8422634096387402,35.22754463626256,0.2659746108176355,-648.6928691570242
0.5359615909286697,21.52696817458915,0.2579177807328571,-767.37908407165
0.885186274516632,88.21408970424,0.3211530299625318,-541.4718990943477
0.18545339316737283,98.59807021336624,0.10536005751605076,-384.94548069313356
0.27917525074601734,92.3943680505417,0.25137380273359444,-471.9982444139035
0.030040740206500167,32.28144053866193,0.4470893869455368,-49.43356622034952
0.5817636361222441,99.03616335524086,0.17817170767080498,-809.1445324672633
0.8796409734879581,82.3234787169664,0.12790966215936433,-605.2461370809992
0.6042732337408315,58.34493499153119,0.21058834646793467,-802.4110511048395
0.08868010394696613,71.3062050394121,0.18087456314187753,-182.1310174917821
0.6893590730104536,79.49956384758687,0.44590884609854176,-675.7114389765989
0.6724218005850887,10.032394874953045,0.20240459138814462,-866.9913759494361
0.1734093259762078,63.617904737808885,0.4698630014043824,-236.56738408940055
0.8224046050629317,84.86886090174406,0.28435145434784004,-666.680757018609
0.9041425549375335,16.234544917230743,0.3497583418530439,-499.0254865092129
0.3938651040374143,72.48533722770298,0.3535230344282245,-559.018754369724
0.3125888343630192,84.40451680880133,0.23526212794943163,-527.3025315175679
0.5731802768068501,46.278530811634035,0.3028985791004254,-738.7377057186615
0.9630668480844543,75.82891286988833,0.16879062561298908,-290.0844518985363
0.7204638566979725,71.06901681956748,0.48264608573123424,-654.5385301190101
0.7842613014005116,17.080561898178676,0.3843373996135392,-690.9073490467292
0.7632118025234554,74.31879017444585,0.1533349591012892,-788.6134199481075
0.9478540781270746,41.36366106234627,0.4778818014728772,-328.3139802224066
0.8098683556537843,73.71200617705,0.49599772896044236,-602.5196598700818
0.2729479534327551,66.58983782827003,0.2736977540180505,-455.84212905771574
0.23667503096186657,17.503895034028744,0.3555146711065855,-402.588995310258
0.24724883188883615,22.440430727217624,0.4691878935535444,-353.8500587719756
0.21867620933949158,62.54323840262287,0.23177350511870332,-395.3777119645006
0.2140981399828687,18.36557823864608,0.4460673430260227,-329.8699973621726
0.9258123301424689,45.03873732900784,0.4125022046155713,-414.60109683955363
0.9426291946455639,86.518637540333,0.40698442630089615,-355.7043540646116
0.09805731630873946,91.36521713940193,0.15121330164629876,-205.03082949546
0.07279286262011032,16.071795817096877,0.16816015103002435,-176.07586110409136
0.8498897140948888,97.7769669040926,0.37086235937072154,-595.5328579837483
0.5624670255721271,55.05320274494675,0.20751896328930441,-789.3523392869968
0.21733499225223787,61.19217256199149,0.295088684236151,-366.69406352534924
0.4625803521494032,58.327871687500064,0.4160280718476842,-589.6644972095536
0.08227137303047126,80.47487545166928,0.19464278638950835,-166.23262547715572
0.972572349796157,31.796692880882553,0.4510730686212767,-218.12658948933398
0.1471524033506963,87.53097794161542,0.36145073508478864,-233.48586312605107
0.800422268337883,91.21310916172342,0.16874151385823194,-739.8481884148379
0.9490162221347602,18.537056679636457,0.2661800123170342,-353.03012183771875
0.7067908904383908,69.25869113288884,0.4487136179168919,-674.1331488948188
0.09677995484133997,61.63224076707966,0.28594250934570176,-176.1148891667039
0.5881852807637091,37.61011587888769,0.17498424901922585,-826.2512948539005
0.1366321699171219,88.14620185882642,0.10381381369062087,-293.518164526394
0.8596110321194739,94.91743100363075,0.2577322252880847,-613.3186844646139
0.6693698290817682,85.66666748383261,0.11551441073288596,-856.7530780948036
0.9332150260524005,78.73184244559039,0.14709186510040537,-429.97630597401826
0.15296813978007198,40.13130624915164,0.2934262339225234,-273.7616444220801
0.4546106707887334,38.10085565982636,0.13701554212698985,-763.4237007363716
0.5426918614954634,26.75898631410637,0.45743501522503194,-640.1806519050992
0.11617126948961037,93.91179382501795,0.39080795977482197,-178.7899572252674
0.6733675780983742,80.07569658749983,0.23652253943416765,-790.1110972158665
0.5651069026231107,94.50032373050477,0.1877058174466756,-796.6428308137286
0.3510812177097615,11.615972087256418,0.34136754698461746,-584.8614776774708
0.41465903495139494,74.20114449967322,0.16574136026655173,-693.8285730274739
0.7903043392519243,85.17277386943574,0.49874489505069386,-616.304697431795
0.3592849583508306,51.00817700946788,0.2250660253461963,-600.173271676963
0.9631804822123857,25.301708558648574,0.1597358180666758,-292.64760659978873
0.909820940881392,89.21732299664039,0.16409155889199992,-509.983123713946
0.08652439445468155,59.32313469774101,0.39318977950692524,-137.5822224720562
0.8453684898686186,22.35466013006552,0.385741600978864,-610.0322625456697
0.6703033557889476,53.8718903133988,0.4728393943892554,-664.2227025174088
0.0642131070458261,10.923830051432809,0.4509392259615994,-127.57345491892293
0.9462588140814775,71.81313054968626,0.11587730696560122,-378.99761156655904
0.826817240792281,61.223516495073184,0.25701963729971466,-672.0010465056305
0.8260302839913273,64.83049485537563,0.19961839962185196,-693.3883219833191
0.9073320922692777,20.124753989154478,0.1721160866598102,-524.6425092254339
0.9126626150016868,88.65006478178786,0.23383960208115218,-486.9379625609132
0.22469794083512773,67.90762291083107,0.10472387118814003,-458.9644700564888
0.9286153573603478,18.209962657592953,0.47957085482389816,-400.11603162215516
0.05697152679643847,40.823798310116274,0.47680353158053956,-84.05157040772254
0.8738036593287285,67.3147736011804,0.3446839671158849,-561.091224122953
0.4575782719692829,99.6416717060676,0.2734674655384975,-667.2511576882332
0.8245443933990867,33.232315524976684,0.12955279633694017,-726.8142671157111
0.27758047257308494,27.28974769447283,0.1367784248241841,-549.9771502899904
0.7497657910995641,82.12457764185001,0.2918598817412762,-734.6300508182788
0.7986059077342142,45.90747845554419,0.4321786545328119,-641.3467357218459
0.08931862415205849,18.38458312691988,0.43737933413425534,-153.05436158728025
0.9061261715375891,98.4840133315386,0.19054945095213582,-515.7646352207455
0.8109055855231044,82.30317332982366,0.39302733418345737,-640.3550704176873
0.5935527892221394,15.607177116016645,0.4425199773940911,-695.8964338409259
0.7037708119514996,40.115900909392934,0.39639995380627036,-708.1570051510458
0.3489038775866524,95.25280280268166,0.4804353301276325,-434.24140174535654
0.47114915541536107,32.480446183775406,0.3906638235433276,-624.7464470037273
0.15441557728858243,47.3302063461792,0.38130886224174054,-244.76647451169686
0.4999091401713355,34.75996049586347,0.33828488471331847,-678.2871339343216
0.7771649192207568,23.37966327411475,0.30261997993086387,-724.6151295248945
0.5572284900841454,10.90713934064471,0.11693957223174385,-902.2772345875684
0.1408147080701747,18.560634516215803,0.3989832194993703,-241.93775279658206
0.8229609520650362,41.83706176072886,0.23813542009531546,-687.5513359020766
0.7332270321778621,90.5617869272649,0.2366401843699559,-770.0261042963504
0.046607875853763976,34.04161182376831,0.14333160924321753,-108.0816751234571
0.798784047492328,40.36127415374935,0.33053164751159125,-683.274928060005
0.8579395956035032,80.39432583523427,0.16566584615191338,-645.1876663177054
0.5121319721737447,93.5711871864809,0.41664643626996545,-622.8270543746979
0.381021936079929,24.338697528299598,0.18910001289739564,-667.0041803566605
0.09180950997694699,10.599025671968588,0.3122335451713607,-204.80111016955834
0.8217104587415864,61.40688993511439,0.30355533777401333,-662.4321343602153
0.013585686783186064,28.811306602771744,0.1257633659896468,-34.506355961126026
0.3466169620075651,98.76803213898236,0.16609469509705935,-609.0254994395668
0.3311805024626931,94.10141661644192,0.2117594645368724,-563.7171592447424
0.9037720818685511,11.294179625155683,0.14508945028481277,-550.5976867269002
0.4503052465170292,46.29757568371012,0.47588106037099465,-545.9752169253937
0.8808843876358774,85.62772701855327,0.26739399227840066,-565.3989107645374
0.09750933001966605,22.401152613463314,0.2752783828921297,-195.79611986450195
0.8391572411287291,78.5860030818704,0.34808885335271034,-620.5634632449652
0.610130787501794,59.25854810075586,0.3400151282121717,-726.9152427601638
0.5371607003400037,30.41551307500837,0.48536215301603514,-615.7309726199472
0.30983671311410194,63.60926037002016,0.11812699992542833,-589.5752956878237
0.49056189159317587,37.54676301955526,0.4264798396396582,-614.3518525385821
0.2779853917501039,18.427694062122637,0.38665627475784903,-441.1581000800167
0.4567015976954493,52.171328301278045,0.2731568129829318,-674.8008801347258
0.7634406029511723,29.22073344970995,0.14542925558525854,-802.636883592366
0.6229806711397097,49.12868915878611,0.24772749135557964,-787.1261408800989
0.6769237575608367,52.655470666346545,0.45882223832552305,-672.7005142990791
0.8843724252514186,21.888201176606266,0.28102360470432464,-562.892493671634
0.06188056075862719,86.35498256842855,0.1516486216875677,-132.48122421761153
0.20496417685878954,15.218252649408116,0.19480330782207386,-428.8979093674091
0.7197100616726659,27.737137736126787,0.2897516130717561,-764.703850049819
0.4100709961653804,91.27027208905508,0.13876999560221767,-702.7950382819465
0.6472089813090516,11.110607957857065,0.3720163339063336,-768.1332385386323
0.8898098098355913,24.160897104520807,0.47868214088950434,-499.8260810014058
0.7312833580841175,51.64968603633168,0.1441888904579947,-821.1321812192753
0.9244549284358797,66.42773023308806,0.3850827886642003,-422.354420278866
0.15890277271507808,39.06178275398177,0.28191885315800264,-287.7157082366952
0.7514967110723207,63.287092121956576,0.2723554899522376,-744.5712913235702
0.6985744707198849,24.404483337551262,0.41439767348240575,-709.570922643217
0.017401683473571693,67.52960320525595,0.46493587819439774,-25.79866281573703
0.05211589147518597,40.58458530940254,0.33947169723565507,-94.17469793693151
0.04309419436144452,66.6204721501629,0.3800853957688106,-71.11553128611033
0.5270650500314129,64.95841868755682,0.31211535336788315,-702.1887586293183
0.7709796031267726,78.2434642402929,0.33488396560938205,-700.8593829731262
0.4072504477044048,52.54268716622592,0.1993705656612932,-670.5241637188396
0.013165290723685413,46.92850818802857,0.15577648696420043,-30.60180345741022
0.181396795560161,15.773357093068086,0.33430131609072034,-333.8205877828253
0.9395348105214313,16.190129002302882,0.14230106200662856,-411.9965941743894
0.249769197073728,27.672358997334776,0.3681721503999117,-396.89779709710984
0.8463178949950653,43.02418900275713,0.42825544685221106,-587.1549950255355
0.3729798504190932,13.046036479049633,0.4636616240026873,-529.8667574261368
0.5208708918926134,98.28314083033558,0.32820506840366304,-683.6216560084198
0.48993786898671277,88.87477051764891,0.2278200587231478,-724.2823588086881
0.14179113888167655,98.62282203843311,0.2541020749342848,-257.18810709772447
0.3688397700676279,71.88445666038871,0.10063757686380065,-678.7880891213232
0.9896513657952954,61.697547570232196,0.24901247316101902,-112.03739186656094
0.5628439774790924,59.091219852102874,0.3785007549109253,-683.5991866855901
0.4659305603029022,57.361512834050416,0.2550619783359954,-692.6844435370895
0.5481606211470337,49.7948559620537,0.49768374794775583,-604.3586152252492
0.2677488920577915,48.51854074843468,0.1616685841457589,-508.23766581639063
0.5650388905753789,88.29623800007148,0.33613614510061685,-706.2215498216424
0.7237534686222493,49.94305993608518,0.11087462863696912,-842.7854138349396
0.11357025580561192,53.00723751536122,0.42076233421343245,-172.508506524057
0.2828806690039244,92.9023515667817,0.37201821091883314,-416.10518708780234
0.21474383899886082,88.41662742258596,0.2139232698109843,-392.8228680104033
0.7399816470222774,82.0796459357714,0.4818244525512727,-649.1231771699455
0.9269532461731227,56.98802142407528,0.4657599291372011,-401.15453883419644
0.4261934528897857,58.51123283940369,0.4105754385872863,-560.0307313396182
0.6305810158738157,18.240840739923595,0.289593705351173,-789.0560140697105
0.0405879170865392,61.35237585377158,0.27606168326232894,-77.62616148682285
0.1388578578439345,59.18791911520213,0.49265395767496967,-185.71588929864757
0.38676155241636667,42.90843365062375,0.34995668856652073,-562.280654902514
0.6611042232463625,84.62567449543425,0.3013100544199361,-754.3266795856655
0.6375219351263743,52.862970619172785,0.24924120947037132,-787.349035353045
0.19831336265013513,39.763753956378764,0.44309257542016234,-286.4005302759228
0.1402382479761879,86.16046919871073,0.12935427123379184,-293.09565597640875
0.9293102138788955,58.80808734782119,0.26027896464613487,-427.379745859051
0.3582525255416182,56.98486481897508,0.46935793630320466,-456.93317676417485
0.4612233777224975,57.13566662586535,0.4780155488135174,-550.3965543287719
0.10345252451979366,26.18566400326197,0.417997433611882,-169.85524834846998
0.9020300318002924,92.68421090592545,0.2549462318937082,-513.9720003087976
0.664658095130859,61.832278466525544,0.1644257821427159,-833.4084221740935
0.5097715422562009,49.83222620722721,0.34035441859636767,-676.7077177131613
0.432640424531606,70.5117942729622,0.4376473303519576,-546.9096205948381
0.060436201493283825,45.9173501885403,0.28228918034716444,-115.32192762398702
0.220008323926054,56.80194075650821,0.4059918682158882,-324.2471800619813
0.8489576134699873,75.81123767445385,0.38921933333299596,-592.1833508763943
0.6197603245304103,90.35236719285494,0.47195991014925764,-647.8307523627371
0.19999761787272063,30.726899379172814,0.23298631821158128,-378.3981348652491
0.19541915321595646,85.68509575128233,0.2581791370422786,-344.38140172678163
0.3531230022907213,57.55927732201028,0.4308730249747851,-473.2546304221098
0.6129906075640739,80.15932548516672,0.3844578930357141,-698.1936095119686
0.541566954490939,45.11632082269789,0.29916598872545214,-724.9091364999824
0.5264941777071418,32.61562279988178,0.3063823672737902,-718.2392649446863
0.8615521838153058,80.66035002709901,0.29795726554688257,-598.1065273404467
0.85402642749167,76.52825434521392,0.17487186969900895,-650.6413479226532
0.8382945327483677,48.95875238084716,0.24777589802310285,-658.6093890535159
0.6984026500842714,13.132604656517401,0.263181114225024,-811.0331560479926
0.3946012092455294,38.9130268240566,0.3765262014272809,-556.9822533514047
0.27395738471307096,51.23200915299561,0.4720894355777756,-362.8136416930801
0.9465787867174957,20.10586906959459,0.46943197057122865,-337.58187238786496
0.054379263596759264,54.011838696499694,0.4317121749509275,-83.81800303287423
0.6160154118283905,40.38355640042163,0.37234492779135564,-715.4554942412491
0.839201639984685,22.377522483801712,0.421348021388229,-607.5680530991197
0.2764746517634188,33.91717174631063,0.3698190626186203,-425.6342130909232
0.9691711502939,37.125311032571375,0.4721625102379927,-234.38731080922258
0.8782054925032095,36.1627481263434,0.24221706810157811,-582.8319149997378
0.2053415267267024,65.1814015063724,0.10024310898065064,-427.1977288005398
0.27490313059467225,32.73450879289547,0.4088109230532514,-405.15321746399934
0.8893568519066203,31.12766097794015,0.16398583788938725,-575.632885823443
0.11706675752007294,77.62997825414051,0.2896282282053,-207.58805997390797
0.1947076281892626,77.57151023138768,0.24887496500399509,-347.8667961164295
0.6063784209685882,14.082472278403507,0.3832496454704466,-740.9371139935306
0.1540740581296732,29.251363376318743,0.25267741114437087,-295.4677381200568
0.5710942674803985,51.68242449874342,0.18488281123251404,-808.0721674217692
0.5740343089508531,72.73275589977509,0.35188694752132466,-703.0037203143444
0.594427312633908,17.34585856700319,0.18751239250921545,-844.6118044746422
0.25568736335178016,50.35591360056337,0.2867059533486658,-429.3829856530616
0.8146592494245131,71.21486716871829,0.22550466548387496,-700.1191671477064
0.9610347497396666,48.31860112404615,0.412139749148814,-278.85823087668854
0.28232830202409803,96.6240682305101,0.2525411680836961,-475.4151520997367
0.8581834527858792,37.262961478766556,0.271507837702601,-617.2584254807184
0.2971909990062256,83.97510169456567,0.13814399950217165,-556.9548549828942
0.35194857165004145,14.411285713707114,0.2696154425139544,-611.3880851059865
0.779734577329876,61.93113258642129,0.35556634139772647,-686.6754414975302
0.1445834962496559,21.07047699148154,0.41647330760200596,-237.81901760252535
0.07057142147541451,71.62225250524108,0.14864332808719963,-151.85456817368427
0.3888999482138293,96.26189095373564,0.4402630680805183,-499.2078722015093
0.1370895561531642,78.0536296312965,0.430329629855121,-199.0747897102434
0.08796170032213871,46.415481692973394,0.11927542773905563,-197.0723864492356
0.586953459811267,43.054829350774156,0.3904328731752681,-692.9414591007159
0.1902952505216033,85.56177597419436,0.236436589090961,-344.63930675834604
0.3048832636979086,60.916597726427234,0.39006682455951147,-439.1668870249887
0.7245067952414261,67.39558830319399,0.129701461084438,-829.920354497101
0.10113580750859107,15.378135464211368,0.4147499679663815,-182.5878144967366
0.9840888697910529,17.6318400948343,0.21573108280054998,-158.13496736036916
0.31258153468359934,15.532993342350395,0.33160979655320394,-523.2830665135971
0.5447166668124434,24.41362989700833,0.29991889604524335,-741.7933010602419
0.7860124917757115,30.010660856043092,0.4559261470062844,-647.3821151272363
0.24226636740871124,57.65646041408428,0.1513510490912242,-469.87258394626895
0.3443404816140892,84.22638866902535,0.4176969533631453,-465.9613361309389
0.21214339179151476,77.87800121582433,0.3259731028600774,-343.1939807073367
0.3810067455220161,38.18704047386293,0.2873599909200323,-595.523343263246
0.7302379390485858,96.05242772361498,0.3083616636043093,-736.0186712892474
0.7101383559333074,98.5947039214362,0.3394916301464098,-727.145210760196
0.18837879512418046,60.72102874372613,0.42339866779438695,-273.98100165505383
0.47738548282866927,90.49868039749022,0.17277324784362708,-748.0753592378472
0.6844426313287575,70.01644159280836,0.32097747880584504,-744.1442991916
0.7333868966316016,58.74413927829174,0.341867813102514,-722.0124738099342
0.6333162323971858,23.5835830587455,0.45177246927865755,-686.4796551406115
0.2009262579529835,77.6346954015747,0.4859032172088853,-262.82173284261523
0.8607174743013359,11.616678746062739,0.24662021956278496,-638.7856183629225
0.29267881865499196,87.33827094884235,0.28641715139482427,-473.2703213787573
0.3725233669416634,30.627665550250182,0.14477610119639495,-674.9399513470458
0.5573278458912999,58.38293981805949,0.18766390447173711,-798.2098610693026
0.8521909348156123,35.42397105941632,0.46967319580277156,-566.8653110104655
0.6466573058248299,93.30593772319631,0.4109606009255157,-690.1665618129227
0.6976539503893348,69.72574170114015,0.17816841389674606,-817.3044627673361
0.22204091409315382,51.26892445567265,0.4358986589264058,-315.64594625887895
0.3555105876637213,59.562149657456246,0.3981970507069186,-493.9988308981651
0.14415554968072758,73.10584702241192,0.28822637394456474,-253.125946799311
0.7321653479813377,99.1479518640893,0.13519526412673782,-819.673731495786
0.9397826504296659,96.60330794290682,0.4640633430957951,-358.01914648390726
0.7301708962571372,25.581381469498545,0.3147025912011614,-749.3576291322606
0.13218514171579757,20.28653758689046,0.3871591126615843,-228.9911832262021
0.689498045313997,70.45246176604363,0.31176637775331284,-748.371349496982
0.4345606873029196,56.83181139316583,0.2093951063406792,-691.6594509576066
0.10027189835856565,81.07326066631695,0.18959765551777205,-201.5491956906546
0.9894846898309109,99.9427266661692,0.4911195873379405,-106.9790196525958
0.719642784922653,13.333698009234904,0.3267624041670807,-769.105946487702
0.6199892098715878,23.865113180148008,0.3757522163671747,-727.2405726516007
0.8656359159014485,80.36034929793381,0.42485239096050054,-553.3019130979558
0.32883427259112563,14.487915154441547,0.2594807576570205,-587.623221768378
0.6635081885108718,93.4219282481014,0.3702604084681188,-715.2065629307903
0.46891482381687644,95.17005413205182,0.36573127213066814,-620.4078494976558
0.1314707723756137,98.33534371250718,0.3329032393582917,-217.30070385813747
0.5402483194467403,66.81193462101226,0.14139822807089578,-815.8952076425581
0.6292712979665477,22.942747756859475,0.11383464058177042,-882.9878990975716
0.4737849057929177,30.74860805116421,0.40726409270145847,-618.1321141308093
0.1327661259027706,65.32607899226466,0.46768585419899544,-184.0449371091735
0.08377751128451164,99.72061601699401,0.41780333285079985,-125.15623963280056
0.6615416954630924,98.5944271247495,0.3056128775832556,-750.7905965285189
0.8311500007097486,94.9269495808477,0.4226209933224151,-605.2172289116339
0.915612164511576,11.57787723068774,0.4867934393558482,-443.9527529668808
0.39042213652177427,51.460690234982174,0.18962282055712412,-657.8223831541942
0.9295495180188306,99.21207494411635,0.2818820856851544,-421.8166809969442
0.8134074026557315,17.57624514889937,0.2651716789753342,-704.7806416079352
0.425560834996051,78.32480742547101,0.3217666697557196,-609.6571290531831
0.4081936322134547,99.36554330093308,0.46711942925218597,-502.0458616014032
0.3368092266125717,18.80787150663496,0.2622939676284587,-581.8153163762897
0.07773427391740305,26.03546174506171,0.2824602149551899,-154.6611345820873
0.019531613180559942,44.42898659456686,0.28931340558658913,-38.733496314430376
0.2505886902184229,20.51221456377585,0.12992938874754884,-520.5088930603657
0.25952500206509876,12.248423877838388,0.2873828039002336,-488.46391315439547
0.725067824994458,90.49994084232765,0.4853167381917093,-650.5657056625695
0.16422326378143373,12.15323527732222,0.17881735474440585,-373.63328577366167
0.688573201290541,82.90050550615318,0.2582601798529557,-775.7600356266871
0.7257285939559729,26.267822831457135,0.16427621485297716,-825.4954670104303
0.46052281769273423,22.024674111553765,0.476298409361923,-575.7152693950442
0.12530043429971213,97.35501919122271,0.41254345265038916,-185.964116333309
0.7151194197223947,59.173238647197955,0.40314562694946976,-697.4837442419945
0.9053743062611074,71.07612486305031,0.12444124210767389,-533.0507150774678
0.368855865093608,62.553540055291556,0.37115708769017275,-523.6348131988088
0.7535649817559859,42.69873949488694,0.33912361108880484,-716.3030077046748
0.7370803436077195,13.824651349581742,0.3436542260813288,-750.5122811549556
0.06296132416921921,77.0020421426224,0.34921613556338166,-106.23931191516121
0.06459351228142016,82.82467598579302,0.11410754074584145,-143.92284550613078
0.6730853860690046,62.94512523750124,0.15907330775898,-834.9071874929285
0.8242895130873673,61.47367653792802,0.1247688827485002,-723.4826822613845
0.9121506652511682,64.98139158982991,0.20970790393074018,-494.219785851051
0.1488298607922626,55.58605316188279,0.21098624487146467,-288.1627144170941
0.5817224040297276,98.8107192240344,0.34991080533331115,-704.9197772986325
0.28641202557579093,99.50737459191612,0.3321153714558792,-440.2785504899115
0.22824684974135445,99.72315791124332,0.21060064540973347,-414.630567480659
0.733620781478106,76.50126354412319,0.3425925485819389,-719.317827155324
0.4149280407556654,95.56320522401833,0.38950467400493094,-555.8890059262411
0.43893826649532447,44.15747890567634,0.17971581033971412,-718.7714652016444
0.837513235786483,86.45596692585377,0.37269183578218923,-614.2323007924517
0.24391104991424534,89.3010577798109,0.3857936221366519,-359.429072743716
0.5277755301849413,51.279396659801975,0.49105448651143924,-594.8746446816576
0.8211561730254249,75.32445935105925,0.3425852584755742,-647.6689276244146
0.13925102719846888,12.065500171949516,0.231994218326809,-309.3252000045887
0.594259312040754,39.114090295343935,0.25640823989597405,-778.3845710744454
0.8304462857163085,84.02408162826943,0.24541555684390307,-668.8646928865228
0.7591762316599171,31.99705030024768,0.4653884588974472,-659.2410222606701
0.876792468163214,76.0162592583641,0.16079053582759936,-603.9186726337915
0.0419129150215369,84.30559851592454,0.20245604439711867,-85.97312397083498
0.68762702240463,30.669188460466778,0.2570063101565976,-789.8051442837422
0.20985777755242208,59.52745051916681,0.45674255344140835,-289.02868737977656
0.5558783535180779,63.81743861148381,0.18270909628452522,-799.3471596000448
0.7692833207861937,90.78692218207345,0.2060665588267818,-758.2604936799631
0.42178763578572426,17.58309062488894,0.49755639934709583,-539.0348931228787
0.7001196364884387,32.96710583081382,0.22059052526407275,-804.1924606778085
0.8336024840656635,58.321289819311005,0.37087215412766183,-622.4804067517529
0.9368043160670578,70.1771727094993,0.1124370423779796,-420.8489731837194
0.5441912430806168,15.655827572007539,0.3990980958566044,-699.0625216298423
0.3197779318901438,23.408404668928057,0.254330952927485,-554.6278763170369
0.392225630279694,88.86663351701695,0.30224384281032746,-585.4453723983588
0.8582849954409402,20.780458630399295,0.1985091749900136,-646.1698896825396
0.24551029806228206,24.641847449099647,0.21107195135528956,-467.5241729062724
0.8755991125229186,32.33821449735703,0.34495881078485346,-561.954000940654
0.06667951865169079,91.0111935647084,0.19625963777996663,-135.12411279077187
0.9618989883753166,48.5281827681513,0.163505111246559,-297.491302237649
0.12672507869617755,36.13197894361622,0.4944398206674978,-176.7403018916965
0.8757212753691641,10.572405712043562,0.3176649038571334,-587.5567227965985
0.5399562445039879,74.37856162998283,0.43119471752483185,-634.9161198011631
0.5601011927301516,17.296441554428736,0.3485583188166244,-733.6417603167278
0.9710428349661497,48.70115352066521,0.1412140686884377,-247.37380573096038
0.942334867815284,77.21434721656344,0.34064313816287084,-365.9961530508297
0.7926359835862238,15.69281531311594,0.44846766832490137,-659.1359825657049
0.6485517787558039,26.06863804032714,0.4325148268276866,-697.6166487243389
0.6741473589793818,70.1567327422805,0.15368503800661115,-836.5805705019981
0.1407991574859136,16.27229399076925,0.46427403693357405,-227.42968845547225
0.4680572209048915,37.71913932491255,0.14945744626500856,-768.166700740323
0.4305824845406267,51.62839765607721,0.2156757442031526,-685.4319809711014
0.1098709424703425,38.8771551872539,0.42002405755894967,-171.51194710524686
0.021101868773172522,89.31237413291814,0.3066350871773054,-38.54844339826451
0.02594294148804689,51.65347001876186,0.48070104505507383,-38.13718753913338
0.7327172452683217,63.39508672276783,0.3868066330001959,-699.6404671272534
0.448506891972382,94.78051434570466,0.2676888108174228,-662.9327933837505
0.49076312523642435,89.99205772984678,0.1914400061449094,-747.4929369260401
0.2584854774633766,31.87640914148685,0.1421335906682002,-512.5223284788191
0.5400215662621122,37.103577949014756,0.45326536948732177,-632.4926688254534
0.13466291752922938,57.69337042186536,0.29306809301020453,-238.6650245669515
0.17027873099299326,48.009016029170596,0.32704397273276575,-286.71635696994474
0.8112911524724317,50.80053147788065,0.43354893992459875,-627.6550462318346
0.036880766019710354,50.18121173133885,0.2513002721141967,-74.05581671643894
0.9076932420834526,56.84292224041756,0.2723340890025272,-495.50341626805664
0.3414241656597801,98.7037741327373,0.3183058437066953,-516.838244757478
0.9235152218631699,35.65904734887703,0.3472065471315583,-434.3710056000726
0.07242482169654246,18.078309895118082,0.43821072185800025,-126.74201579233305
0.31644608613409037,83.42954470039459,0.3594763840741194,-465.5786327585594
0.5913055646144689,58.770624816512075,0.22748451863002261,-788.1832076757503
0.9290487447373221,67.18769594582602,0.48610589993834086,-390.82880486529905
0.09820346299089282,93.82264141812323,0.46342954054410945,-136.1917626948994
0.8030091843064618,48.9015431745941,0.22687455361733613,-717.6941887966027
0.6107634428770868,35.48444260092923,0.26309758969864694,-781.2107763250257
0.6372078933612191,31.583531449923655,0.227159906578469,-809.1754364293763
0.9824629192782558,22.994100922137143,0.33910664236931953,-164.17671394345692
0.32466115777786436,81.04830228868198,0.14069962253782198,-595.5029954356722
0.36298421179553036,16.060933604666197,0.20892157062216254,-653.1415158002285
0.5351367977370147,47.152991084556405,0.33421421848276467,-698.4898337886109
0.6225821712045222,91.70557398242299,0.4343256459066641,-670.7375401830958
0.31551119736681815,16.147090296375538,0.3110135732396364,-535.8807127723941
0.7021970651236272,59.020201091133714,0.2763518384013406,-766.0990912153113
0.09048210714060415,12.959729545878808,0.16044910706787166,-224.05280238286977
0.20090868934747688,57.56702133019781,0.3864072009451288,-306.25246709880105
0.022986823763402688,82.42114938848191,0.13776528596145915,-51.577088718199434
0.7446277099597798,81.45143082301263,0.4060719323538773,-683.5847239244737
0.9389401425946465,27.22135078252314,0.3484587062324783,-381.39506368951487
0.763336781825683,40.91282309454965,0.27420025282147287,-739.686768835322
0.1794136919682852,19.642850256438972,0.44592610880592953,-280.10066454893007
0.28818070572960347,95.19248421460387,0.2110118383055801,-504.9525605624394
0.6677547126570935,25.38645334716953,0.2794749904486242,-784.9582947680237
0.3132576917848098,51.462253437192466,0.4153856725503934,-438.430054623996
0.4086820873671199,64.06298695567875,0.34528884513146874,-581.0109918426809
0.26068788586775377,27.54821121706642,0.43348089636025045,-380.3053254146215
0.5335422170038084,87.17587067871023,0.4401885129590687,-623.5699291669727
0.8620867652404614,35.345505602986975,0.2775727807003237,-608.190995760898
0.24489897377282988,19.58371734863925,0.3600544536379928,-406.858666555936
0.5289464884962544,23.871566579970214,0.3844604876922372,-680.7173014693528
0.6617035761246359,19.394789706499004,0.2055486576628249,-834.8903514707603
0.016444308811779752,49.177140190952485,0.26831479655617807,-33.2782528155244
0.25791330657519673,44.335290893443876,0.25860743682377746,-448.31695403335567
0.5659220740228568,41.23290689827644,0.4153716715745266,-668.5138914920316
0.8186955146380218,91.73821509305344,0.44097742928851547,-613.3761684374751
0.23340224752786823,44.73652755137429,0.16388098546104668,-454.00657283176514
0.890870781594875,47.628844130764406,0.4005039898477678,-511.235947413921
0.818074145921226,33.957750819474235,0.25954962601835185,-688.9955524081763
0.3961933002412416,19.47538999538385,0.4581383527569277,-533.4053832242258
0.8072054378452389,97.52548891178301,0.41093413327947925,-636.4851634907042
0.842263602800939,76.83507455225005,0.38820753004530195,-602.6448969474784
0.28602701775345785,84.98450490632067,0.2910147693122205,-462.24427136216366
0.12284830398843306,52.60431209704649,0.3894825402115517,-194.29908069479032
0.10890047532707564,50.38741951304197,0.13720019181848708,-235.00644894795082
0.8731351304782886,15.319432319759475,0.2279974158089091,-609.5982292454614
0.49451417093427535,36.477872785887314,0.12547349941582536,-805.7311317954736
0.6680235826595406,56.39010236587634,0.4066567412378307,-700.0303562303815
0.39225676603484727,34.039718327691574,0.34981079227467615,-573.790927070344
0.7746471225540655,84.5481308156707,0.1584169655441303,-774.4002815946857
0.8177289238202738,22.37669825128833,0.4439829702613026,-627.1700532291145
0.8846849956758098,83.36845318559227,0.2950466292802052,-549.4493371846548
0.6389344165529128,59.28857298893128,0.32904172545872756,-740.1149039638404
0.884277995452844,90.26968372820764,0.4498654064400279,-510.6420336073371
0.8595160407933529,75.46407366101802,0.2808020423136641,-607.4385213800871
0.2762108539124225,86.99013987994664,0.4177441365155482,-385.4512021368197
0.5867769267915174,23.120338048056496,0.305599925294013,-759.7942089451534
0.2669155510955542,44.01227906850117,0.30281988418133854,-439.91591432053275
0.6350627741833833,51.10600710036944,0.4490227853561749,-672.0496399889581
0.8892045678295183,52.92529459297686,0.33486735518725086,-530.6149416525666
0.48347681005027254,22.918965667763658,0.39745416975763637,-641.7805703475553
0.8180689665641491,68.70249942424188,0.4123974961072796,-626.1609482569385
0.02676243772278642,99.0494202901432,0.36309111995291143,-44.7016515975859
0.8598005586089077,21.213721804006223,0.2124758525872503,-638.4105870280487
0.9353191005568822,57.938459027349886,0.34752520502648365,-392.0137914157406
0.3171382891272963,84.89998167659203,0.22529168035040878,-538.7141000574802
0.7054526023775094,69.321472171191,0.27841691538407687,-762.548079984012
0.8128463196266141,76.5043197808965,0.19162990215233197,-715.0530717973571
0.13178260937486216,12.728986282654123,0.1312741429288367,-320.8837875687179
0.41615701325275534,60.009032902654425,0.3530784840881248,-584.8191346437699
0.21245173854058877,35.39521418962083,0.28114128331313015,-375.0004095666107
0.7416277197234368,91.82356057646592,0.40456946806649663,-684.8107449035097
0.40779653085233114,43.591591220199874,0.2470742457385897,-645.9517866691953
0.010133223304263536,33.50361807475171,0.2597704362353259,-22.110854164564216
0.26738098994790555,97.10582906146364,0.3033867704759888,-429.3553638854145
0.20923640081980097,43.10348337314553,0.1019155893820535,-439.89601378022775
0.08327288294136354,41.153304240110586,0.2665341053312599,-160.59666664303435
0.530200843212533,31.93648630579063,0.43230467743740486,-642.9092112263068
0.3402059526808739,92.75079976013838,0.10055731751880176,-637.8758327952639
0.2245527710911844,14.933158274969784,0.3354129773242316,-402.2228814574711
0.9279331690066474,36.02499992693144,0.3085437304036548,-426.11081168586855
0.32730256451293316,75.38415406478492,0.1152504518308064,-614.0003541400619
0.1351485287911169,72.79672701366572,0.38636896451309855,-209.8364245943098
0.522714754607078,41.87702160707085,0.23261301659604516,-755.9518393488231
0.884489438356158,23.64305711918732,0.4943102223973128,-507.33647592628165
0.7723986693110897,63.588122560458416,0.25044330231130646,-738.2723310183179
0.15522543186871063,37.19363253986346,0.2380571433030744,-296.9575825269902
0.303000924460837,91.2523998588266,0.37692495889832356,-438.8744415770978
0.24242526359480462,13.789071846850103,0.3330277245045666,-434.18744465357497
0.9190832756215129,50.63000997695055,0.4162066971292543,-434.066841946421
0.28370100966638745,85.57511161518121,0.4556085956926692,-375.59874842551994
0.17599415708334396,44.50089243653496,0.43593468284084036,-257.3030473960901
0.456014816224457,60.624184865090626,0.23876730881422545,-693.0705580489094
0.6095454565153524,57.563619467494185,0.33266286209175094,-731.4712056205965
0.16534198647512818,72.33689007013872,0.3931818957438046,-251.17451740525314
0.034020393151484196,37.85383234767782,0.20459373180328597,-74.20215512341156
0.10286971586332283,95.80399882233974,0.31073525199887175,-177.468014534232
0.6479287785514543,67.75334109489475,0.12242959820454141,-857.3978583675835
0.17017939057367984,84.37687776321314,0.3996267261631541,-254.2502371638524
0.2636665518205053,33.08256959164773,0.2930194480011009,-446.72870555023815
0.6722043734089334,75.78331797537183,0.3056886713881446,-752.693983903145
0.8639348608783034,41.82687017097991,0.2648747502376867,-606.7964976567762
0.9436182863661184,14.764585030083982,0.16105969288180055,-392.2677996086211
0.38591113861467075,84.17853835391668,0.20174546775325944,-638.5002330246748
0.2318440426976564,44.080196720686224,0.18550764761748542,-442.1247249127935
0.7343496286810898,25.631298922212878,0.17707405140034022,-814.2117671510272
0.7081754305110083,24.503363677216498,0.2630013724921386,-785.7526506537148
0.9649341350136,53.41266199594539,0.3767955454488643,-262.85038064439357
0.10593027460631366,74.02986733617222,0.34410773239913506,-176.42121605761562
0.8705814617219569,65.36552479630208,0.40319246562582456,-551.3204565871646
0.18214703560683204,23.46502942654655,0.23796149851969087,-354.7200564456331
0.7423886870905587,72.38835965921203,0.30974827778232006,-731.3378787750597
0.9855167913066023,60.42232820686026,0.16084862279872225,-147.8439076675946
0.2371428739525707,51.751135885142986,0.35380521782842267,-371.84165918308327
0.7373361997375011,56.17652686069637,0.3830945736964214,-700.7579933173197
0.7686743731399012,58.54851084644963,0.2835102199324211,-727.5237344077892
0.28534017990624755,72.76465177847015,0.2961116409841279,-460.48741548300006
0.9128058619446234,78.46380762549778,0.4336249278157701,-447.1326605177931
0.07827072629506678,25.259908622334606,0.41303261582931805,-132.7421910055423
0.23430236018333436,94.26879366483531,0.18497496227908283,-436.0811521167274
0.29868781570077324,70.21816489788763,0.21907498969703754,-518.984870157474
0.09825236982147126,19.39614340416451,0.3707843703939966,-179.98496787844786
0.25034714067501285,70.93650218974284,0.2849268619603914,-417.5867359349323
0.7814201219900541,14.330731596790407,0.3279045642656635,-722.8570823722063
0.2718888726850479,52.05051438868519,0.3636173514461044,-413.6634728473063
0.5064833906092123,67.83946864895006,0.3372982105201275,-671.6612058961739
0.14264683104367476,30.820241785162786,0.17166870297192477,-299.2280383485443
0.5898533616019117,42.69220746179757,0.1488327753052778,-840.111812840571
0.6086529418328043,16.406710959375193,0.10265883913926177,-900.6877868097919
0.223895653203669,66.22191328881205,0.43343976037020493,-315.41776321678117
0.08315824687827077,49.51762059817262,0.18427646758835303,-173.91403121991112
0.6977490216697243,34.64619055100104,0.16828195692865944,-831.5680688288667
0.6307675592468558,87.69204087697373,0.18696140611385978,-817.2204637084835
0.4826051401148375,24.19143103694572,0.3190807015912679,-687.8940038718855
0.8875141293121517,17.15403973498124,0.37269424049566946,-535.6052776922996
0.9677239878719983,46.67099378132403,0.4806187373627234,-240.65529706371854
0.727746249500347,84.14954895352024,0.14029874591089314,-820.9873627461249
0.9530278911575861,88.99099129292382,0.2041068571742667,-336.7878491678427
0.15420171719543413,10.661913168998671,0.41053717807759493,-287.1922887865339
0.16635479430579023,20.807267534027456,0.25801023797135014,-324.84118096876523
0.9890855992230735,58.3261146178494,0.32837026679887604,-114.60584423096789
0.3790075684503783,19.690410193764308,0.149724259838907,-696.6272613496282
0.5582708960074023,31.88934514804559,0.476178768590113,-632.7670922463064
0.9358375692850287,81.2260444376438,0.3835136679311696,-383.9755908851417
0.601895238220654,29.074412742526665,0.11054127086256633,-874.6974915416365
0.8626408059121444,27.992466585357725,0.1842894504063194,-637.0088687642309
0.7031504885223271,37.3430441283335,0.4221754199122777,-695.990182603022
0.8487593600328993,62.831279018066894,0.27866859938213656,-628.8356671744601
0.47089114574011814,29.23181041573202,0.4166040155305115,-611.4385279241335
0.9403926223976086,53.46589420072542,0.38403551148330883,-368.25733890016886
0.1327559450303976,29.140434607402305,0.44042592660521585,-204.56896758768718
0.8015177174865312,10.544908880925078,0.43540962553898,-669.7073500883805
0.24058638103030408,44.06909234728628,0.21206827764340852,-444.04023658142785
0.6164378113195454,95.93058999374776,0.3299958532842706,-729.8869244165061
0.7707369772673236,37.525584709823036,0.4298126983240629,-666.1462516818709
0.6969809125235452,79.08236420792315,0.3281578367543878,-737.4542764715358
0.44081347618235955,35.42870000016742,0.29917930312298036,-652.1950555455973
0.9217412383232623,81.92084764491374,0.39700056072872936,-428.1595579751947
0.1685927237140916,27.632115407557723,0.49461018829333947,-237.04924445074954
0.7156080815307218,33.465531864242344,0.4224917701596659,-695.3024349732709
0.2581168363528884,44.866255460320474,0.43577810631905156,-363.7605130552484
0.6842049810691685,12.630658093525007,0.1393947676166071,-884.0530760811388
0.196808960185087,40.493772251186265,0.13571288800061287,-405.2503094754016
0.05682538457969771,25.371646451907246,0.19186729667569488,-127.9997926732707
0.779096525922565,57.04403375266586,0.42688846609883613,-657.2474447828805
0.8110973300072682,91.41953393028595,0.3747660231515363,-646.6143755595212
0.1691812424324569,65.0138145268827,0.3072372729137576,-287.8945585918562
0.8009575483071708,79.20984831850606,0.43958365073432937,-632.1938730389546
0.3314812004367531,61.285417229978556,0.462730072680825,-430.5912761899006
0.5697244603423468,98.38924175406096,0.27067087508316345,-747.686223340443
0.5998443743470557,57.72687554070612,0.2205092532587666,-795.362667649726
0.9053597627246417,94.8425543722675,0.18308834849034494,-519.7716489675929
0.5688259102576316,87.29937225376044,0.43493828526626677,-647.8040083864215
0.8615773772159864,76.01688550076422,0.40297785053709767,-567.060742521833
0.423089877029807,69.45613001393957,0.4899135893634764,-506.3213031415664
0.6501088639923002,49.70583120962724,0.3920581151519539,-708.0633843795565
0.19763676213748868,32.35573583586837,0.14076242218739057,-409.69054791996683
0.7079700184982466,66.62319879711967,0.23318498725601233,-785.4699915869508
0.9191994844186806,42.17622612769076,0.44771991142271106,-428.65052109809056
0.4286328420984764,70.399687635556,0.1356563226691634,-727.6636425669401
0.6443437559638796,35.04706797277527,0.48181058075614214,-661.8127665441062
0.5434120140354449,70.23747588819664,0.49116063740360494,-600.6210542213925
0.024210882699036623,56.93524793962527,0.1808506038516899,-52.93974859706368
0.8996272989873919,25.261888182098037,0.2875060370133849,-520.1627088120174
0.8031045337651572,56.61666214779431,0.16316165513263858,-741.4790504731255
0.41717506784660646,83.08418467701827,0.12410655452516904,-720.4826222830734
0.09914893052885813,26.70520420826746,0.1440049654647674,-223.9316477987218
0.3545634339591589,43.23169370725113,0.244828447551736,-586.3009042852282
0.5251289811967509,67.30675559459596,0.14023875880703845,-807.3635849189783
0.24928989605916843,82.91191048701849,0.4903679572044308,-318.4157103768461
0.8258549900519786,43.52905645343388,0.3296476659466785,-649.9959710892949
0.29956749091009505,15.044030302439468,0.11020377489471503,-624.2320967387392
0.21083452656456694,69.41527923733366,0.16694268390341774,-408.57398193335393
0.17940672447763784,67.15540124399939,0.4269938124327872,-259.35175082423495
0.7217441995818263,80.74610757601369,0.3261705819538486,-731.6956365868399
0.5456902327323869,13.515378817301034,0.27679681379321824,-783.8615605652849
0.6920549109742244,49.78111924004522,0.43769276165335924,-684.7737534094862
0.2945382025530263,96.53478603861156,0.1430234465134883,-549.0951839442231
0.4020030239469549,28.3313466941211,0.19781170695523556,-680.5406642878419
0.8876951274062458,29.471312837472457,0.44926164762727694,-509.7123266884053
0.33379441061311177,57.135871661198955,0.19408829242649672,-583.2279253489936
0.8948901538661468,77.05978295961147,0.3505717619302182,-511.56142188988827
0.9569597316273993,75.19571559241008,0.41559282956445853,-296.3878161425098
0.02914339269188143,58.738484156432584,0.26066730752398337,-57.59948747533557
0.49434581658945476,99.8243996165555,0.17353285776618022,-760.5263835371459
0.6196148834333239,81.02918261215996,0.42722407478476254,-675.0204005887446
0.022251371418488562,59.68576170016031,0.14297748648443595,-50.65712049307792
0.35316096266736713,50.185146809375446,0.41280368616037955,-485.93201047715
0.037482736335405914,36.752572196389224,0.41662518841819485,-62.578272696136175
0.614161646480062,42.87247955583986,0.21067874139415235,-809.3870194577828
0.4638951364111647,41.462183874916064,0.1149237863173942,-783.7626201458435
0.26765668976903506,43.67207793389632,0.24166564284681133,-470.9967723365263
0.772038470978889,74.87863153523125,0.17004354359377216,-772.7024530482173
0.5420561207068361,83.07165384318441,0.39167770841360594,-659.5347759888946
0.33577868895849633,94.23954002069928,0.3685068868291377,-482.525907273825
0.9265968487859865,12.147011417314221,0.17757041341578034,-462.5531424296328
0.9663176777771099,36.24555347123227,0.28542012273821726,-263.96883208527237
0.18875303778053618,73.39558570665028,0.38675404780821054,-286.2466309535394
0.9688239590691208,76.175889193351,0.21043863657039596,-254.82868296416245
0.5858519383097667,89.11401380127641,0.31922564634048456,-726.1769904632921
0.8678512637922183,28.176256705851095,0.1180941886648383,-644.1722239163159
0.2956675757115971,12.163092020311243,0.26348205839357186,-552.771415439647
0.05567558485334348,87.30799273993978,0.20195980508681446,-113.03638606562053
0.022333379631704932,48.82817747535655,0.2513110720359363,-45.72784385989426
0.43231246353688274,18.953517562186697,0.10220926797443486,-786.8190578056837
0.014457872266373392,86.97986794254717,0.35313265922713655,-25.005142891273337
0.4465717983608714,44.64666202118315,0.41993848414625556,-577.9025644922372
0.7390908423675616,51.670461146375075,0.3988083576912337,-693.32085655183
0.6649675671062633,90.09508992624473,0.42710522531719874,-683.9741186348609
0.7273163879740513,95.382360489177,0.42122641269048855,-681.4752822798189
0.5926892606173231,72.2009983523011,0.45687928582603077,-648.0859882467126
0.9449100177743447,78.98810702702696,0.18759071703462143,-375.64390283780045
0.2453006161140936,29.906402729531887,0.32615165945700697,-407.91631014004014
0.8957499782243603,16.373845882321643,0.4577285555079732,-496.30761863571337
0.9720941455454136,55.83913110136147,0.23176584881673043,-234.6502520112313
0.013477108955861402,12.597160294123011,0.17497139885828444,-39.077021852098554
0.43251503024588994,12.166186802463908,0.15599855850173316,-780.7110996615032
0.6725507668266171,47.345778672965196,0.4103695621087109,-700.4519387117851
0.6122448396660924,66.9069033270302,0.24977391720736888,-779.5494348502561
0.9794588147250907,96.83332817593312,0.45074080493687474,-176.96478212601136
0.6571607205538449,41.318806591673436,0.3974428695474408,-708.7028273895997
0.6150972613309387,13.228269048593738,0.3517322956759785,-765.2583869126157
0.9178027333203623,44.69084961604417,0.3174377539881269,-456.9237972444538
0.894072144002969,33.527713969046545,0.2318344795436462,-545.8236781197229
0.8275022115729949,48.18646405444481,0.39550652946604636,-623.3969947272503
0.40922718647492484,15.326971415227677,0.2543233202715405,-681.6856896838883
0.6935482376114606,93.88597457431787,0.26725491903322396,-769.0617138090759
0.9468798952290222,60.18093237355856,0.10729731275445364,-377.5721087012386
0.24508833076333045,16.383522123274435,0.24394551253488928,-469.27635945700325
0.4882216092886126,43.921017417301215,0.1570536010356662,-777.0680963011861
0.7524197628741357,73.89440403335382,0.3223505920427517,-719.5137045925968
0.5958100977259119,81.4316784891719,0.23663653235234033,-780.548927875264
0.7780731221898904,91.00346522204859,0.4578911898668351,-641.4316849418217
0.26873023988488465,87.36892698765769,0.38922762071626404,-390.1441466491334
0.13820893242525706,19.118931079007496,0.32656940105532334,-258.38424044852127
0.4717883660552012,50.981102766106005,0.2348418122622721,-712.2533844444783
0.6615183117238548,44.053404576421045,0.4021850507158008,-705.4177034018148
0.5955954814019808,79.22186120055888,0.255200389425006,-769.5886482067875
0.6084619689758208,91.39911670585182,0.49359193340727525,-630.6598668783473
0.10080862898704475,99.04747197649988,0.27686274480874995,-181.54357197110167
0.4914924155388192,23.602860871872767,0.45699310948504235,-609.7493499169242
0.20841573441330605,70.95136668636167,0.30538128640789536,-347.2759874549525
0.7064644854762094,35.54586248768307,0.2487856442126998,-785.9671792600243
0.5572507843164095,90.0709891593866,0.4407677872562862,-637.5202927976284
0.598762001114354,33.34425655827682,0.28014026328161795,-769.0070628063434
0.5936555570225615,88.24607576913138,0.41725234464893346,-670.415809360402
0.31008920929171574,54.53422116291332,0.17467522091913557,-562.1402163862194
0.09170183554397131,77.06175849428516,0.16319290879391324,-191.08766842757765
0.41482728289159304,12.948209070530956,0.31365786334138623,-662.4949493334142
0.3017865856165427,38.09061767542833,0.10659475883271297,-593.2471221370048
0.5683133393123893,93.77096803346433,0.43019098325532956,-649.802096377139
0.22867499340920025,68.0657606086845,0.29467472896938385,-382.2422787027577
0.22922776136997328,51.8929804769043,0.3404951053112764,-366.715914334546
0.3286528708632503,77.76666115558217,0.33979404346063197,-491.95955309556314
0.17985800308429778,53.693167148072305,0.2218596279776049,-338.30429210256074
0.4039705459098428,17.57978110676424,0.3227586228183468,-627.3908853458886
0.8175368568456818,24.98302765238933,0.1303819845724894,-742.1515974170477
0.8449642965029202,94.66364771212426,0.4896633377951324,-564.5870832257016
0.11608211838601377,45.7779483823354,0.45342571732426207,-169.61456620527287
0.3341155382615943,44.11434840968171,0.29160491113337544,-534.2593639475247
0.6109478434103064,56.20206311916136,0.15111080659233372,-839.8477932536948
0.2324095355860972,72.83065019636564,0.39820896842317355,-340.81959918172475
0.9110873712622093,15.694239383708759,0.4746527018702532,-454.27589415924905
0.7025007026438627,56.7519518981643,0.4460409060890459,-677.9799717550341
0.22588414022729172,63.74086513267378,0.14813789631682314,-442.8913875184692
0.11454916168629738,42.205982877078974,0.25675236466198637,-218.39555225614512
0.08230034022515599,22.117269084239634,0.34860648097046465,-154.0929514536386
0.1942145965578914,61.6078368181799,0.42346351334006815,-281.5844076696083
0.3976369242790163,25.659518496170516,0.20581357592078514,-674.2550972080325
0.7457728733026889,32.09572453689203,0.26500560800768524,-760.0898106710641
0.14817896919420523,80.49757444525741,0.13574063783060042,-306.7748580525105
0.04573296487125348,62.119209583174104,0.4597411477969072,-67.03983243523264
0.8838665633756398,61.008259654267775,0.28886616116567754,-554.147590526384
0.3386680148052286,27.593848819241334,0.2898029718201882,-553.3166314248057
0.3337543701012472,16.260881379854006,0.2964299029828127,-566.6036519204418
0.5246052637978155,78.64919281670971,0.1616896506548253,-791.8752343997371
0.4214331348643441,25.881580620581026,0.3551527110734447,-608.7511785142194
0.2993255225907684,43.380699081697465,0.40182753715920805,-432.2098009111673
0.71126773430416,70.7760918665161,0.380980870900146,-708.0102847915616
0.7863252287983848,46.84058408586936,0.2140912520062233,-742.8439973090876
0.819754078937845,52.05293451410422,0.17466146383927797,-713.7448716697639
0.7646296710282983,31.686109712381104,0.36108145514990275,-703.3078302992909
0.6866192570396784,14.107481238979314,0.3192772011846836,-781.2485523210725
0.19915210929275715,45.855384870395696,0.2956040536146475,-343.49615284003136
0.7270173827802779,76.19098628553671,0.42313221130235135,-682.1440472123711
0.2792171541611768,82.35800635485404,0.15128809241970492,-523.4691249293523
0.7173811726703313,69.07668314949908,0.2600653643567832,-767.8529863956028
0.10590564500920124,63.928312619458076,0.2552961569282595,-198.62324155918395
0.4245556545794748,67.09778407492371,0.2709793205695795,-641.5486647676773
0.3951579305154318,83.58200680973196,0.4563983382785918,-497.3783027208735
0.045967126854881246,49.06912906417478,0.45404123513047034,-69.5073847320165
0.87633920248982,36.13924816078193,0.43226292186655735,-535.8402062750731
0.6729505072787632,80.99068534557671,0.39688083381633676,-702.0352946617235
0.7726922843699208,83.49335882967289,0.40333321746429995,-669.1705404125491
0.6624065756300412,43.7674358646851,0.37662599620245396,-719.8461908294204
0.34614015690960176,28.069410419181587,0.404468835433908,-497.19583621263297
0.5066579983991752,40.36232502527509,0.153990592094627,-794.6923217152085
0.13617037335594465,90.79249497910465,0.3754595316829058,-212.68780227545992
0.16838495436659356,98.53825417674081,0.2168185312270901,-314.32090679844833
0.32758721081120074,26.30740512331474,0.32419452133601806,-522.1714907465433
0.6408110989597195,84.88632298118829,0.1522922117633123,-838.2557673609589
0.5976028487060321,85.86991632875646,0.11705430088272624,-852.3750913443354
0.7697549480357812,83.86240701883901,0.18582281096956496,-767.237299804178
0.5315140146155333,16.55637537778034,0.27737314638703603,-764.3509706994626
0.6721575055794623,93.47616734250369,0.21705853531844693,-799.7461218548677
0.05300610651822693,47.63295861826114,0.4165751765946599,-84.63786689735501
0.9246319455146133,48.5054398177858,0.3218103890444911,-433.79608993713134
0.8392633148256126,13.15258470571591,0.29283478226934606,-662.2165737147437
0.9278823539656368,25.183692786399412,0.4327665619348696,-407.62395450174995
0.18015253382851612,52.03582387602026,0.3655435075264486,-286.324105915965
0.15305387065307535,50.104603249198775,0.4964698373910942,-204.6992813862475
0.539439213276123,37.000038607705086,0.3123287058740814,-719.5268268857878
0.8319441508595883,18.646675349571694,0.19400348356566852,-700.3848662476454
0.7336105348594921,93.04043331657736,0.3626489940973582,-708.2289653391373
0.26345304152039095,60.255718996298214,0.3321902231381684,-415.52134784017505
0.4757442693557687,47.94955897241405,0.2614455577039273,-700.1585027934856
0.2406526121170621,64.93875688258836,0.12938809420757652,-475.59303949925345
0.5629456163820619,91.82801731845217,0.34659797044652385,-698.363633111444
0.5661816562634935,29.06320858279953,0.4606480363885832,-649.0698786191078
0.0914575160115502,60.09307968491846,0.2301978484600411,-178.7195206100064
0.6301603320887763,57.70261445813776,0.44711577633220145,-670.2245169761538
0.10508970085598862,61.81560134138092,0.2685294791853725,-194.39675939451345
0.03734644958915691,96.45369481426677,0.26255674741834134,-71.01929351989679
0.8480269396302828,49.401079631940775,0.2632800199752328,-636.5798612663219
0.2534782142101722,45.627046771776655,0.3938317189430325,-377.4527363965925
0.4657982978597685,28.149335961061972,0.19815140467154652,-743.9473630006659
0.9292016873042553,22.227359625059727,0.18358307971637144,-445.11685546497796
0.6229051735968912,92.91017970167265,0.10616455997363534,-862.995969465746
0.37515372478214737,25.357469400375287,0.22799610036626394,-635.754861986051
0.8448047117171109,59.66794980455546,0.3218428330651944,-621.881235024219
0.2202831051651839,95.61210543719486,0.23721250773781302,-390.9778027980018
0.4884971413439616,24.317510712014357,0.40119827487711435,-641.1535481025625
0.5644239705529933,10.263960652053271,0.33702644487556943,-774.686799138297
0.5841098261692284,20.705097756933384,0.2589184754162015,-791.0224689523701
0.027159674599753568,39.10399181726236,0.18291824018701328,-61.00553093553133
0.3794281198649972,33.523673134981436,0.3736418505407414,-546.4123419751049
0.5145949397112374,82.09051666733677,0.4948763316759279,-577.1280147578663
0.45869026149876785,47.424257974237044,0.13034987114114327,-766.7405679799278
0.8155041010386519,84.03619501757564,0.1697518617873469,-718.9792635580671
0.7184823049668639,84.91526639205618,0.3960157670959198,-697.2227420020756
0.9235199261648703,48.42657257884326,0.36251356888391995,-430.3041170986144
0.22930517455659477,33.670962263045325,0.31449086302213397,-387.07117555466766
0.16309236340634337,60.66541347665857,0.20736084100639154,-313.21221759394723
0.2091546344274042,27.70971521085463,0.47571092652682656,-296.0554365796541
0.6532503531758552,90.09083358029675,0.35423156889636676,-723.5913264251392
0.256650416509594,15.954749934549668,0.16921794665777595,-523.9402140639364
0.6612779146055826,82.59306612321029,0.14763436450520226,-840.383152398343
0.6796848857626618,44.75645326500995,0.4118878494634447,-700.5037967273596
0.08969981720814739,17.30467761523634,0.33141841944092165,-177.05897407140094
0.7352102167402218,47.99292084486943,0.16029189228923246,-811.5249963889282
0.3176851607203721,54.12028657374309,0.2172147209561089,-549.9007397616213
0.22669800264087933,86.80764714391042,0.1790318841852796,-427.2446869314469
0.26363570589454677,41.529934049027176,0.31787862127658206,-429.2583082491314
0.8883708548658922,45.85096352502239,0.22142591602069417,-561.4195818219841
0.603004724932029,96.05075794066735,0.4746881941698786,-639.254667701313
0.646718880301272,43.54926957040405,0.38943386913712663,-711.0538619087795
0.2227812196951814,15.640396713391105,0.19653544540074838,-457.04534711210306
0.3627638399880448,61.78658064515559,0.20413726111813688,-613.3536032294525
0.8042733614337689,19.544893091912748,0.3047618057478726,-698.9384036774353
0.34337172545790623,54.51796555105944,0.17542573744518677,-607.0434079063465
0.8063976460893276,19.099076040612164,0.16533715258955,-751.1479921145065
0.2059851188245596,99.86919302603333,0.1982238361429381,-384.05729746156715
0.7277280927780334,41.28725440088383,0.45186164918451766,-674.1409481387615
0.12447476621573145,48.58455315398507,0.33279884645751584,-213.140350178296
0.8159376618217977,90.67325897855926,0.46963708252732883,-605.6435458146622
0.6692577734809011,37.634693712657054,0.12500336482082158,-861.5220395234811
0.9481714432581841,31.611105710521386,0.16693109185004107,-366.13814969637735
0.03893167597054911,16.986962686627,0.2541481506728879,-90.02526623695968
0.13921992512663656,62.51902542648497,0.2509740224036344,-257.79905013876623
0.03672912583133163,61.94304125758988,0.3504574347974546,-63.86697608376209
0.026415266651256042,65.4990841724698,0.2314949380020942,-53.81308208913848
0.8391317136862181,15.430715335300746,0.1817839793043286,-695.7130041816448
0.6287965684907328,50.52977785239736,0.10676906440031014,-869.7693107493399
0.640888668947722,62.92119924184502,0.4593937756225369,-664.8938969619323
0.37860512722276973,46.64778532958205,0.13911927742266156,-675.4440727350095
0.06223196720257936,36.48538346984695,0.18433190086252327,-135.26816201351537
0.43256346736259677,78.8116076876234,0.3962769638565282,-570.8150711871862
0.16421975587994142,47.67095722455524,0.4929423190006389,-220.72779644955986
0.9259033362912628,81.83037747516832,0.3147145138666976,-429.27102301061547
0.8709740903288602,16.11805664907586,0.24423588509493702,-609.1580764015383
0.3049007978587641,11.615090652037106,0.18581505135058293,-610.0975944856156
0.02698101261374336,26.35204909214389,0.10059068486155286,-69.01886029491837
0.030507138966766024,34.607859216935154,0.26722822688486825,-62.87781584978458
0.5282620253333569,37.415590780738256,0.185545825179791,-791.1688714778869
0.81669173801416,54.445678066912926,0.21107693381742934,-704.4521516828815
0.3454760825203684,58.58635509474939,0.11728437191008467,-641.4205928419578
0.6542962105252087,84.09827324132513,0.10332300875003703,-865.8031892225781
0.8508229632948385,85.68237671231333,0.44944364248419266,-569.6423312952901
0.6334983516439407,59.9089682141663,0.34724008258059486,-728.5120517272466
0.016007072134937277,91.6860606869173,0.14314652468149358,-35.78043308585607
0.550117874017371,61.53285205715322,0.2559185147646304,-751.6477995836796
0.18135256625798798,18.817171167324233,0.14779529156731863,-394.8941149639037
0.7940625747068489,48.228190336558846,0.21003845795197607,-735.4608737242742
0.41412497770182244,96.41851627693339,0.21473221523322938,-660.774308906472
0.440415549350972,86.71731298634795,0.45999242863861955,-537.9305416118831
0.30783115368532954,49.67797182348201,0.3374890903005079,-474.0428223839787
0.23496428204548508,72.28963013841278,0.14805968376136228,-456.42489307263423
0.16675538074184168,31.11610122821922,0.18757791378751323,-338.07138501403085
0.4095221989796204,90.73019705351845,0.49829659342243693,-485.40138517053333
0.5368309603911606,68.92353605715562,0.3240265028415713,-700.2772637350591
0.8929207492113551,88.24179516046327,0.2813180220626822,-532.4700061150181
0.4039073347499134,37.75552127178731,0.34990234962062206,-583.2631503322754
0.32531820651382354,21.444557939035533,0.180188117542849,-606.0491685968045
0.8118113041533672,77.7371270265352,0.12555634917943825,-741.5980255106081
0.6922680196783323,49.009020395081706,0.3416940529469984,-735.9712958959416
0.1224885197780732,50.65573430530542,0.1645972790287066,-254.52259868934382
0.70318595390537,17.85885457945948,0.4249022122012974,-712.6091457054815
0.9421780487986744,49.03188724954916,0.12815222452270542,-396.52262231999634
0.4972643458579495,23.771039452803173,0.457556092082973,-613.4627891147526
0.4907740308317513,36.09847941974417,0.3664803504015367,-652.846662611366
0.7191032888020183,16.395415162252274,0.3944518874846489,-726.9589470794989
0.20585985809979926,17.14181894144321,0.14817418187453196,-443.4765763471987
0.3696639311890491,29.994046450638336,0.10195457252527583,-696.9036838586603
0.32058282905008356,18.083562156001527,0.1250741459933653,-637.3514731923084
0.9859655689987581,34.75282941018418,0.1431732623881628,-145.39716143030952
0.16838584680070018,76.50353772754629,0.46823863303170876,-228.69640826404643
0.18047532525687468,22.892590662137767,0.41032196191850157,-289.12845692690405
0.4616886579177319,91.57442546116229,0.3264203190983091,-638.9056974007849
0.27882566046343515,26.667449055720834,0.389317272242267,-426.01529637445253
0.8632637995800854,66.91391484365542,0.3335534431093519,-585.1111847324067
0.4377466929749772,17.55534538141729,0.45588565520859714,-579.0079804307424
0.6811990856553074,23.793819860310663,0.23030609053019716,-811.6761724803422
0.811838784036056,56.05093586552334,0.2614528575957108,-691.8802245887714
0.27660504760520843,48.244596489179415,0.498747258595966,-353.69479055958357
0.7280828154684569,73.36724637987743,0.3005111629085325,-742.6750233564974
0.4011152262897305,39.04182746582336,0.3480979943097434,-580.660994715395
0.25942902488796693,98.66898285556387,0.31993567974637693,-410.2916186695006
0.8823066398237486,12.497810790710073,0.4555704109628963,-532.1573385025902
0.5637340801167585,16.13808877483997,0.1508115901791608,-860.0394145661933
0.4964049936460035,84.81053916177262,0.31558865154202,-675.0895856445828
0.18699094174972314,37.018965300713084,0.15553679446609434,-381.9300875118225
0.8936078084741562,21.239921790773508,0.4325440641112418,-503.81394047425994
0.6350851173390295,64.11767760701204,0.34987806839436886,-726.508948388649
0.9386711884900719,33.97094866011656,0.10944940793012586,-415.65289911972945
0.053440813461925835,73.66576595519422,0.235173669397297,-105.29378101542959
0.12429217467966244,90.14938923676718,0.39740366785942494,-189.17595540556502
0.8698069810016289,31.087854740837855,0.344089401301337,-574.5796797157607
0.4527288812735833,67.01260977488946,0.3853429659975388,-598.059595910951
0.4676384584756534,18.702871331152284,0.11775057161090947,-811.3828625969288
0.2288155185593013,62.785664143091296,0.45073270258365294,-314.8032515796669
0.488659019978976,44.955326505586285,0.2965404102684054,-690.0273548174677
0.4397525437695997,81.22534932284898,0.1961055667055701,-700.190702794808
0.716440093343571,78.18900895670902,0.4143379708856838,-689.049626892597
0.6327747532292837,83.06336373911262,0.4456487035027261,-667.9701581801964
0.7930055008850463,41.46465044451354,0.2942560522653954,-703.772070222997
0.7774395736263249,38.469360328955545,0.27632979245651607,-727.5200665367962
0.42308730118750193,87.19485512518612,0.22046237141835148,-667.7008685855204
0.30545443784538323,54.929191724541994,0.4257041247442306,-422.61995795574035
0.33025747296444424,91.05552172702421,0.22241787092609255,-556.9461636727278
0.9801418675094989,56.51255400522531,0.11019111151583144,-189.63397345186664
0.41104746643850026,17.996121140644263,0.149728189388045,-737.9252287200848
0.7503570782964731,20.37184926992409,0.212178101087716,-791.3313053059304
0.09108724828846558,19.91531752204021,0.3993959592858569,-161.37226690472713
0.4309737311765965,30.874252803809107,0.35983551386836543,-609.4286817144064
0.3322943200238532,75.06567037125629,0.1399411323837444,-607.3855509329632
0.1670089833963719,79.84347063301254,0.16370374429554257,-332.1876195545842
0.03339606559519177,74.37918640958442,0.35720317951959923,-56.936587752836076
0.25690962855992683,33.36833251326192,0.29762658110554785,-434.7288790644077
0.7874552178947634,86.87598286275998,0.29831051339602443,-701.8309124067988
0.301541900436737,16.722486413810433,0.20688607226994682,-570.4416573140066
0.8655571737719654,35.59067089280718,0.3134717933593878,-590.6475707817468
0.5772707343835528,67.74598065698643,0.4353845331943025,-654.5156925093523
0.7986409763696325,50.04573173747088,0.2841851081727659,-699.8687844624486
0.9893753403486013,95.14974387191043,0.14286126822656575,-116.96284459438691
0.6377519664133696,96.4965441272407,0.34083001881429087,-728.4781617758335
0.3440620155525845,75.7804316036504,0.12304535872213718,-632.7204437504254
0.3138239547625654,23.15451154702655,0.20251880836188613,-574.9771621051625
0.9632338906599435,89.30023702874225,0.2711096944187289,-279.9687279680386
0.7102761456675881,62.52341845891266,0.4322139065556011,-683.0650784241734
0.5024528969779082,59.318818046218105,0.3261889697975645,-677.4365162894456
0.21979463974136904,40.54022078234442,0.3134786027506221,-369.39789701712243
0.49009767048813796,70.87963774064274,0.14637192830007173,-777.6667972428592
0.7568971235676437,52.10711267402184,0.18090194492511405,-784.6065399708827
0.9652224302191179,45.28024971697229,0.15056055160901366,-280.62445290972175
0.669353621527597,64.19711085431288,0.17108771875965237,-828.6952218108673
0.03414304841318856,73.2666897647916,0.3207513890430403,-61.231909693753025
0.46587065891262014,13.760357743036376,0.47863287249371544,-602.9026087147045
0.8211236692826689,14.376896468071756,0.3370232512531891,-672.4645201645959
0.5103071063599517,58.0669474294374,0.26475509255532625,-721.7740083479877
0.3472252646190179,19.859643135559857,0.3649484901211527,-534.2541149619681
0.8538828346457187,30.236398232849144,0.19587730259019237,-651.1253433918873
0.576040047974323,86.47215699953576,0.15143892351590116,-824.3261512928336
0.5043034254166956,21.94991136278504,0.3009507568937336,-719.2567226975862
0.48656199640608305,20.45741867300085,0.16341724862806278,-794.6027108817738
0.6778641725376894,32.154671248461455,0.155016240002765,-846.172954467407
0.4561771053849623,58.23205611264432,0.24837080929766564,-687.8817705845512
0.5657774354645043,53.216046771690216,0.4081710332619293,-668.4611112757034
0.2927451769081535,40.074906894213115,0.11633654729685144,-573.3033930736852
0.17842805715341337,24.507125644234193,0.2482830949583985,-343.25383229994503
0.8136522249075809,71.37889429965355,0.10657082275592296,-746.47088411652
0.32281360687132554,81.85034396830052,0.13259515520894505,-597.227575334336
0.13315130064055997,39.03185702489404,0.3678235410179038,-220.2078961450707
0.19057679117907003,74.643928923715,0.46573083686348793,-258.2221739891482
0.41440876667362375,33.91045973989012,0.42369223944984935,-552.0049583783622
0.2897183475907427,48.33430901842608,0.33907989394616367,-450.5327569291497
0.6911810731702709,86.66760990578435,0.16267472518259676,-825.7922764166409
0.3529028577478167,28.392585288073803,0.3093756358722106,-558.578549929059
0.5841330207002543,49.681451188464614,0.15157557506742247,-834.004741421063
0.17376835463487952,28.53461941283525,0.18906700977284438,-352.23969591505886
0.14385343921350197,80.5425205428387,0.25200724583808365,-262.8818567749585
0.8981845200139171,33.3062130986185,0.11531764797024557,-561.0877810490979
0.8572944603668301,46.07878254690241,0.4515419820063157,-562.3583232738993
0.8897795018597451,66.10134011040384,0.40244577539917614,-511.73392118434356
0.4935623246328196,82.11237605745337,0.19735613391729806,-746.9388814949776
0.07902831551530964,64.16847947118606,0.32358255603601704,-138.16451580319898
0.31398344783393617,10.931413537169252,0.43555527999932697,-493.80992118987643
0.8737739543767966,93.48975425418892,0.11120755609032047,-624.1569431602235
0.42405408872856576,35.3395018318988,0.24190383754009026,-670.9069083778361
0.3303300299432924,81.30304042572128,0.2081885542450618,-566.0943533247835
0.29958694245099216,36.21870095486322,0.4027481701152864,-436.15151096803794
0.548454606144762,18.60632064263117,0.35952334741139436,-717.5388233145691
0.45323166646613194,31.478709609305305,0.30799544367155907,-661.3850667824397
0.3773918207438393,78.26452955640387,0.41536743849518853,-504.11899363190406
0.42458268689092377,29.20560284502177,0.40445755630946556,-577.780845962263
0.2713314048172598,74.12052550047946,0.2888630736764456,-444.7501668699491
0.19798637489523965,14.14737688357266,0.29417186709486476,-381.3684475247729
0.2078113632467302,20.232152505711156,0.3442646157488068,-359.18377603532787
0.047577523712897876,18.635788951313387,0.27472105142419007,-104.14180919893771
0.9366918358301668,79.78441772330567,0.10596123274475477,-422.0147346497718
0.9473739014158739,12.57198221423899,0.4049627337673447,-346.3037222617255
0.11082820106183681,98.79402094226724,0.17936227495888477,-222.57945925677788
0.08233674527667974,35.670838905436796,0.10132847177147664,-191.94719999252388
0.41794127865512165,32.48848045732356,0.3966490679258976,-572.9986699538098
0.7586656183394477,76.48503743507747,0.3629741935554952,-696.7698853042017
0.819515249752593,56.96698374508808,0.229287219082063,-693.285514494193
0.03096190452215511,95.22597548299964,0.37706636590110454,-50.61780180705659
0.28763632985994253,62.90576717538197,0.30420648541208567,-461.3652232978913
0.5346001195245078,47.80806159734578,0.19038857569573833,-787.1656472368148
0.1423937104470361,20.315848642986353,0.17637468069510162,-308.93213278748885
0.960590050902882,74.37166335836169,0.14477464272011767,-305.48968599100436
0.25626891752670955,98.52258749967332,0.13986732409388092,-491.56742227574165
0.5307448793329546,72.73633363440699,0.1147502125502077,-825.7941265291336
0.1174606549178734,48.5329924846218,0.2171726758788749,-231.8242598309797
0.342127877490015,36.73300901609966,0.40200931140835205,-486.3377977282098
0.13064903201200406,13.123191215329527,0.2345630399421239,-287.6729835128281
0.9036098940869366,39.40281071081404,0.37103502611184924,-487.6109992364421
0.9408643485359514,44.83436506772935,0.1568817458367774,-398.52694775185785
0.5404941252979566,95.45570423711133,0.3428836824532173,-687.4976793526195
0.3528510697546655,50.78406840688737,0.21064096931612122,-600.5138226374263
0.32702175959386715,26.459372891758274,0.42329031761969993,-466.87725947102246
0.9152045924078123,82.59175647243657,0.48993899610012437,-429.4860896838388
0.6169514265239137,18.313665402260924,0.43194599922420973,-702.7721615387187
0.41140069243431787,81.22744357644585,0.3711665011968168,-565.1452101899548
0.7661171043457742,97.46606048364038,0.21138982812581772,-758.320487131432
0.5345837837456372,89.45791770712412,0.4777911245092027,-600.6713056323073
0.22361271492591467,88.39123661465882,0.1644979252262121,-428.34723345748426
0.2437211227296536,89.79267083782467,0.21190464301866505,-439.0692264043797
0.2796993181386934,58.25864382657102,0.17732745793652632,-515.5807633952381
0.025687442715204976,14.571783749662599,0.11350428241478633,-72.25431316139684
0.26069723654539273,56.845058493155484,0.3209967975439474,-418.0359348188588
0.6091040538663113,24.6091085734175,0.320535429315054,-756.0580520079274
0.7483168791764694,54.101558244449805,0.2586737658606517,-754.5205388117258
0.12116197096660396,83.8341344089015,0.30580446091632585,-209.49743400698117
0.962800702108389,20.48007114854944,0.4387052488766062,-270.6454033966252
0.48897466748569735,69.17651943937018,0.12710191771745719,-789.0822152380418
0.07099722693097966,62.499597999915004,0.1505696692383845,-153.3652462340112
0.9311768004648197,68.95593646064069,0.21756116549950116,-427.0215117876617
0.2762391873500431,95.37531002505773,0.39991472383050275,-393.48117088983923
0.3135183962934355,83.68383673803116,0.20935255183936197,-542.5520825281113
0.4601590637118941,89.32801509986588,0.4642939165226211,-552.3740646645906
0.32788485040718185,81.82748054462687,0.42238092767571334,-445.05004018999466
0.18412455815749412,27.026750674985323,0.17860680358633083,-375.9324142984765
0.13458622743035187,13.717646272789334,0.3886089947030794,-248.1925164584137
0.5094913425810004,44.14554929376836,0.2822832913278779,-714.9192368449313
0.0791194678683395,71.30311478478723,0.22575633031083564,-155.31363406118405
0.7056374834494126,11.474071094604938,0.4765547288460975,-704.4707787758156
0.3450485446260078,28.053294616143816,0.452498138797675,-468.90798844254005
0.9827716854880661,77.43946872091831,0.3671986428299929,-159.55639947577362
0.07159633134205108,27.83203524964461,0.3596464387291133,-129.31639598643656
0.05760032350217171,69.35993959841109,0.43697378636350204,-86.19678418667091
0.2567728564697333,36.39010194857474,0.3813664157486407,-392.50818546972584
0.35457889341530757,33.239499050319154,0.3570982877851211,-528.6118245992552
0.8069817390525496,64.18192383347505,0.3197695072181355,-674.4260513710512
0.8230803733333266,21.807242484069405,0.34992552904607255,-655.5461779804729
0.7191141821373791,38.48697959593521,0.11562042507539028,-846.7252999572052
0.8192126389406135,83.38610679106668,0.3182963596185515,-658.5764219682063
0.7237760315915055,51.458580009696895,0.22080311370577854,-787.6112148344719
0.8655434360542853,55.7109575770873,0.17386868632598923,-628.0343434956903
0.4652229390085703,50.901406120163685,0.38258525329882886,-614.8957611235568
0.28090940762621514,33.98781243142889,0.2585994108920252,-487.3426863076173
0.6268691509436604,10.983286041782435,0.2818972715243018,-819.4946414666347
0.36727757518187876,25.883056165691094,0.1391304950021146,-677.1583644319717
0.07629031993114904,75.53260766940015,0.3872066910093451,-121.25746782441969
0.8487193934313577,52.765459209341365,0.4151177132807006,-586.2636640616329
0.8274139980391546,87.17709891945005,0.45091312638717107,-600.1470547808366
0.4963864788259392,66.68203162293418,0.4008902521170671,-624.668036836282
0.46669578605242423,82.52393200717482,0.1880787552283712,-730.2205720352325
0.12648996503231294,67.50062841519741,0.3802915855882131,-199.50026075416045
0.13337959832591811,15.419232939211778,0.38165402189623177,-242.86403687735645
0.7918034062389556,66.97907899037035,0.1267251239856959,-769.6755082429335
0.8469297281177385,11.629292196471079,0.2092115597271449,-679.0918417624039
0.015567892415697056,65.29240673434151,0.1374448372186925,-35.74725698398696
0.7782234048817367,52.76655288136825,0.43475795300500353,-655.1683678357746
0.5352507720809367,11.00208152308862,0.17671514027442742,-854.4268441104257
0.4386042369274381,69.54487689677221,0.4067248634027444,-571.5704637993892
0.47598295160864007,64.3956493728547,0.14353715481874643,-769.0164321665264
0.7087886199571123,61.40643097963546,0.3129178724868211,-744.9017792356548
0.012342408097624241,59.06143596516537,0.36425600807784997,-21.809301298078072
0.07143868480682738,91.50856768263478,0.29043802753698833,-128.74508513145517
0.83450849182649,79.90819203362886,0.4344048048092355,-597.5809905419195
0.9876980665263168,74.61468036459205,0.4232667184786677,-122.52707805175005
0.24675307207303904,96.07778967688752,0.484903901898586,-316.5351535271331
0.4021150886891285,28.121415710536713,0.3349445737446542,-598.6734956131774
0.6979088362051231,77.5237843422367,0.2889993235640175,-758.033979364903
0.661487995947211,10.691585851351311,0.15544582909522192,-891.5160368927081
0.7780587945038604,84.63487697588054,0.3771458125540813,-676.6212057431298
0.9058392610716803,43.047459311372315,0.2522089927929171,-506.4408932970845
0.2687887085825016,35.6175963448694,0.4900499813566842,-355.4422307755876
0.526533996777752,57.848638836349984,0.23440474493782434,-751.7542593024314
0.14768410886872124,33.32703461910961,0.20787818112470738,-295.5822534714206
0.9609050357668922,85.79396584366577,0.23160790133278428,-295.51905990030156
0.7522517093416965,32.233612182829944,0.1664784214609653,-801.4138587754934
0.19360387789676603,28.250109888144358,0.3549953379884083,-322.62641592293363
0.7350560798079321,13.115113341870423,0.2117204180391089,-817.9171833621974
0.7928571009539387,15.330619905734082,0.35990993054270215,-695.904676128322
0.1437195873180015,95.58556436289044,0.37937245640308725,-222.20275806558766
0.49924594468674427,39.62982755231407,0.13228385933731573,-803.1868829189823
0.8162827946569583,74.37867336254416,0.20292282436498282,-706.0558632207014
0.35022701872934675,39.66913117866201,0.24767246920544342,-581.2448288676669
0.05946543980160725,95.4853420532336,0.29598253862996976,-106.91345647102528
0.3471995833229652,20.860625715738465,0.4953467527453753,-458.2947540828564
0.7763397649888231,41.328858916626764,0.3940968494345326,-676.640745635964
0.10839146691224516,80.19508291352577,0.20955510111736453,-212.11633062545744
0.31404260288881153,11.100746633993383,0.14430653862780482,-649.102110949364
0.8465117329104904,36.79322370011277,0.38291480521773213,-602.9451587793332
0.16869661446741038,90.76220093788916,0.33374902063138423,-274.6001075748853
0.3908789518988903,96.01350205585268,0.3866109728088707,-533.1093187567725
0.5531013769053018,86.89752991810708,0.11594261726387259,-835.6900978993762
0.1843804371203438,90.2551907856208,0.22799496972161337,-337.7055213517839
0.6966410479057255,85.74670685185438,0.3949958380276215,-701.6676313250159
0.7756807635014142,70.37273990466949,0.36602838858493336,-684.4022326704643
0.6318920434121321,95.62260409021265,0.1097686293459586,-861.4470322623134
0.8545715081312033,77.26420511613796,0.27648656896395674,-617.9957500748113
0.1380871415630317,50.71098727160394,0.19544530931552584,-274.8875606214336
0.013229084328870344,37.69233747019136,0.11122251600944222,-32.94182625847655
0.2716014839305168,63.87941757545857,0.21751811476367178,-482.23840263553205
0.8332348237978459,31.684334392370772,0.3791303617008793,-625.5963855091044
0.1344336635920054,68.60593137381414,0.4901971807304213,-179.22087570301122
0.7585655745773974,80.77738375513471,0.13132285412363057,-802.2850418219663
0.9207146204216254,82.56572839438775,0.45934149806617874,-419.90944960975725
0.5595566831836514,12.848563823457894,0.1206330668347449,-889.6989459977777
0.8753785427390565,28.073951962637153,0.17183360642727014,-610.893657630273
0.2531424522982838,62.33408714192004,0.4756072800842628,-333.3586284270559
0.7183653467590108,12.145884306664758,0.3116726556511754,-781.6299299575098
0.7745303056387607,56.98244395410876,0.405391080396294,-669.7698368395143
0.48774480526393516,85.04470524749178,0.49659491418238655,-555.4771897571198
0.6006979597440748,88.6756039886406,0.35045780425028183,-713.255996815388
0.09711685529093825,15.618443308783835,0.3117947743128884,-198.04019326248655
0.2808099197570574,76.15813824676418,0.18737494151230197,-508.5871192141982
0.08525850064264263,61.54117523273136,0.2513459437401931,-162.93272357970605
0.24465213275744863,33.905283260347375,0.45730722354922304,-343.15982376637373
0.8847203725734711,34.98896010783517,0.2612582816078051,-562.4440235269244
0.040228975439840685,21.59027699027341,0.4989616519122667,-65.17487256826787
0.4968936211501499,86.0313019729287,0.39361763522698,-626.6666910977967
0.5222126706078383,81.85940595060652,0.1528250451290612,-795.406463472221
0.29005703897442364,96.51677541986629,0.30060885897584655,-461.483336566418
0.7759909497227347,32.79081690838392,0.15615106285106353,-783.1566779692516
0.5877529166427071,73.98256160797476,0.4530848614756845,-647.8569146450324
0.2013400640207799,94.64163806298959,0.23138515084197953,-363.5476240540448
0.4717626085368669,66.5770906554331,0.4443899516148043,-577.9223499466294
0.03290106927495074,31.988417167575438,0.28557426035789324,-66.79189440345903
0.027548572360524805,94.14290484335143,0.27301165432132485,-52.13562115273968
0.7301883687803523,77.31190154009458,0.2167714429335363,-782.4921862039998
0.17881869952879492,81.86651283149857,0.4762783146446269,-238.45570586536132
0.9591124788018679,58.490426078576384,0.47421933422277585,-281.35138776788045
0.3610461158603408,31.926755691841688,0.1805755293168384,-638.6784383008048
0.6947417568435053,39.97767866655427,0.2377803277883606,-793.4563141153179
0.46322648482535755,42.294100251301195,0.29579811205034395,-670.560901137778
0.41127300447418164,74.29683693002933,0.4065718753152786,-544.6817605600049
0.6645769691877202,83.12779087991045,0.4730441630425555,-659.0222908372685
0.6235360910875937,46.51076717082998,0.33649092403121017,-736.1007748973201
0.8693259650915454,66.47889982120363,0.1336124039814357,-629.9880004561804
0.09273291692679109,52.809424705547606,0.2752752513515513,-172.87228300103598
0.506423665772968,11.53907961931836,0.24063449765503628,-793.6917553470465
0.6055313295383692,91.23101929989039,0.3241133674876063,-730.4308924679056
0.6468535153017942,96.93090916377633,0.11100930370256457,-860.8213718862448
0.6229704568737899,49.82778561703925,0.3618326988340733,-720.0675947246615
0.37048689203054025,50.96522976198709,0.37003722128696215,-529.4181746276596
0.040455548881523216,76.9873273821165,0.22044199365733533,-81.69542198129375
0.7092264761281761,39.97289265502043,0.1959901445042315,-810.2275157523311
0.05296263640354404,43.21797151131999,0.45376605695475647,-80.7510279509066
0.4713001148852298,14.708488778885304,0.37745573808149957,-665.9764110228115
0.7147407352704007,28.061966945886976,0.19375412301606929,-815.2712347990146
0.2780413644990896,23.263474229316913,0.4277221727265621,-410.6567989656575
0.03724456443138708,92.63948895939238,0.4159662995060168,-57.240748284932565
0.10086607119800775,18.220543224377604,0.4507974213007818,-168.14428076205934
0.1463239622005,30.578739984271568,0.4763724694575665,-211.37357948647502
0.6617960978336562,26.688556775217034,0.21896039134630746,-817.7907403897752
0.650459917278145,43.93166427034586,0.4441734137573877,-680.4033663088991
0.9688300966183324,32.87083307554684,0.2867408763012701,-250.36996134886087
0.3274002259280801,57.08256038738351,0.4056673762161489,-458.50562830973087
0.13874335823923917,66.82758303935435,0.45186533385111294,-196.40644365061203
0.17908085579005417,34.51229962872644,0.4013832182025885,-279.1241445201866
0.04152010837069849,13.725841897455513,0.42716950378269525,-82.98300164579373
0.8174007206447298,97.91267881112837,0.13589605947467076,-728.0640057916531
0.08463217142169578,71.42003025227316,0.1375558489849992,-182.61337299992664
0.8857868849746257,19.977098687572216,0.24194637119265272,-570.4413231057962
0.05746853756631009,97.82884056336857,0.43464935880297106,-84.60202338064471
0.8070456392557782,46.289437328459336,0.24714311848998502,-705.1598112467043
0.20184043856377268,90.66914402367539,0.37262243494566516,-307.97156827116146
0.03262146146452053,73.29581823624237,0.46070574117495366,-47.55998919695928
0.6975143553873173,17.464510642160693,0.2253780076604359,-819.4040649696607
0.012597048967283895,64.4588732929593,0.47283781534548097,-18.683803439662324
0.30171645042420203,50.017455390750946,0.12311767073409624,-578.813852852269
0.06595085080663546,21.112100630962857,0.36139146647525866,-124.6044633212882
0.12893944867951093,10.544481278566177,0.2269203927584269,-298.8211914080357
0.1329022434114584,98.646582753902,0.21698877100258282,-252.82347799272975
0.7187265346419385,36.22534475425469,0.28756684604758315,-761.2142644258263
0.9627116526087589,80.1134578892008,0.2641430611061871,-283.38755513972296
0.24969495671960482,36.182371258597605,0.10296726676837675,-513.3782305755224
0.4009280701772297,74.68087487071897,0.18084111027789393,-669.4933603153952
0.37690198825995597,27.456274199135457,0.23792095762838553,-629.2297051290957
0.2616612488744839,19.967099521555344,0.2936590186611565,-460.96062493673674
0.7084496986108426,76.34184566162564,0.15624079864235965,-823.7730265904272
0.2758862052160701,35.71463864799463,0.3679148457421484,-424.50537507476776
0.5141263220531669,81.46630965517531,0.28281954424067046,-708.9936701410137
0.13715526823567492,60.323905356175096,0.2218280658088725,-263.26847678737954
0.8410037843778156,40.294170695515945,0.11231794373122268,-700.7941297663342
0.6836252189837468,17.055895836278093,0.27158557260471805,-799.6371977927365
0.5379834312576599,33.376656313375406,0.2494158429079465,-760.0984738216766
0.6118037657769247,14.254364740560266,0.31112820879468894,-784.4863749956675
0.22988238076915452,68.46164776893619,0.2965102642321358,-383.1277919708129
0.8371747187093286,31.5969660748251,0.18235449353613237,-686.8827686106539
0.1299610363983533,25.94034748766705,0.26537568398577394,-252.76502736069887
0.8735293712007193,40.93336782098657,0.11572223399605282,-627.5657114336083
0.6108773445475879,54.7703879259445,0.3524172162786815,-720.8309738702865
0.9315634284410698,91.78509496810182,0.31672240456141776,-409.2083605518896
0.2923997647229405,69.95502121171381,0.35242523030868667,-441.3837215353207
0.9266736664276148,83.62752234250543,0.2645124890772327,-435.1381077814551
0.6355407903899482,36.60221469329636,0.2749634891073967,-778.3015083271958
0.019788540861899004,28.724091930737117,0.4155166917762151,-35.5026179419536
0.11083327454653627,76.92336422603414,0.18405660672622473,-223.18516147022197
0.5910102164489739,49.32638159845921,0.14251382421412606,-841.8345487267642
0.10317838182023606,72.65543620323845,0.403440714018081,-158.5224009411679
0.7429191719520649,11.631958244777431,0.3447963226864349,-754.0878251386613
0.6685318568469039,86.05651710332431,0.3865250620576668,-707.0815012304352
0.19359478746976144,33.989060451569046,0.49388175795421807,-263.7940719455714
0.6341870638679592,56.82081036912629,0.3719895898914177,-714.9805418398624
0.5653852868424003,79.95807707751536,0.24959955662704347,-760.3864645383961
0.25140773271866906,21.114839769179795,0.2937140236370358,-443.7799478049573
0.7034118736759094,79.54408749247308,0.20058321786392563,-802.4867426632665
0.2562810409022841,91.21684537847113,0.16522227179337207,-480.24056355796955
0.8574331654916327,55.59474302567478,0.3301158635830859,-597.936124729184
0.3983174625524,56.37664372082041,0.29248192095450953,-603.7889422136055
0.49536496037776906,73.77018073373694,0.13108970257188887,-790.8541853822753
0.6581004707255743,88.1339515825425,0.12087689286064895,-855.1765563325745
0.8753060474380855,55.07265762096258,0.17730917319202344,-604.503606103808
0.4570439571570711,16.315861799477755,0.23330045919194753,-737.3756961119652
0.6518027594394435,60.82058778440397,0.17245095229784324,-830.0484298764205
0.5949124022947639,89.6774717982963,0.40432252426410564,-678.584801737571
0.08070874874929469,31.13353612278611,0.16928328525079653,-177.89930638880506
0.6302326192804174,14.657753763139489,0.3736621598678104,-749.8728145019603
0.05543970908369079,86.33797788799659,0.10372313773434341,-125.45689178858633
0.5054987575161425,75.8117188133744,0.12513002859691308,-801.8869918083948
0.11439663111486197,28.583499622707365,0.10041123316770638,-264.6169430872233
0.6065044950440275,12.85788294833064,0.3167486974145098,-785.6738472691691
0.716564351324788,83.62958220149267,0.3305688901060058,-730.9612700959591
0.7800648035221958,11.696644397378767,0.43933461694693365,-684.0732045709897
0.5882109378714642,46.55325035092435,0.12683245098114837,-851.3735147744179
0.979511884500086,71.85934357867896,0.33829546627537344,-182.44847446894386
0.3627005747541755,88.58360112795086,0.10034738780237742,-668.6219181641379
0.021104644707896848,66.7825121058245,0.4760530906977579,-30.590749103022542
0.8120530974979353,40.9747562730079,0.20829778291192566,-714.6038270181997
0.45328605218295626,39.110983183561416,0.36888021705871865,-618.2551297904616
0.5417317679470546,26.909878780636824,0.10747310939383126,-856.1243296913411
0.8400638243768094,40.11033229015064,0.3187414391231027,-633.489146702203
0.26675014922571344,18.12304354499453,0.4103686761341063,-415.755148136382
0.3302130761096063,98.67984825415684,0.4246435528679683,-444.5562595047906
0.10477602146011189,77.63119515138212,0.13580377204428334,-222.95955886997154
0.6781560626818428,75.1668219298432,0.11352472218943893,-856.999071095261
0.218734968201994,27.042857415890182,0.3303450633768128,-370.86023522980514
0.8461730038524257,23.943021941481646,0.14437778347282249,-686.0624177239349
0.6080666007094263,69.4272204177728,0.29895171987805924,-748.8087529242468
0.9031381762565438,62.98754205566602,0.14806911567578937,-535.3270613464862
0.06977501318686018,79.4072610565018,0.3265941998606483,-120.77789318255748
0.9818742809516945,93.6022984330613,0.4845272510419537,-160.27846658725258
0.39983715020988814,60.68216092234786,0.37435714198018755,-555.2646347440027
0.5447502591366239,71.06581383845935,0.2358320616446429,-759.2610017529789
0.6408593830832547,66.41802209038889,0.4081878973238591,-693.6870759578067
0.4855727495668878,74.15057024666308,0.2449783656342227,-712.0381333134615
0.5273305710277948,83.62596855351094,0.1733187879736088,-785.7581377799536
0.41881250838490164,73.99435854928463,0.37616775881994013,-570.5821237586222
0.19314567816390352,63.72778622630378,0.2076109364558512,-363.6297270424733
0.9600539789855991,64.6289583522381,0.2055697785791542,-302.68893720034436
0.7950742179507103,65.89541108490168,0.22948608515219765,-723.8313905533067
0.5959337526329535,73.41296971213788,0.3388615922026597,-720.2262116283446
0.06545021094266759,83.45897909684514,0.21441171463011466,-130.40516777008494
0.8868291719762412,14.27277432694746,0.233735736416181,-575.1303000204621
0.08585745005977043,51.80069991453481,0.3758222018998726,-141.25614152516798
0.7765380714288828,37.86211946132897,0.4508749812045787,-653.0042948570871
0.06765516480337593,35.18502462651779,0.30664591286436116,-127.57676717416734
0.7560420909468565,42.71600399989248,0.2099081743146344,-774.1989929198668
0.8376851472353892,11.180013385112415,0.41475220859621065,-628.5406062446607
0.45075469195749074,57.15223167835798,0.14677254023842767,-745.9171719013725
0.5534968999022457,72.02794209317895,0.30500911906443884,-721.286301698205
0.8308296438971862,33.091935090454655,0.37847365044942327,-628.658353249811
0.9612735675327672,60.880202980484974,0.2803392098267486,-289.5670883049316
0.027412302674582063,14.078697340393855,0.2817708060581202,-66.15622097397998
0.13719161542709504,51.16209782179335,0.49774625723866606,-183.8886686674359
0.8568627029649206,69.34399825353879,0.20995559230092975,-634.5491152023114
0.6749774877064012,65.79718398721033,0.43184493443221494,-684.8400707237705
0.27691690836747246,43.506263104274595,0.16878406398175883,-520.8454361822996
0.44622413006706874,64.65664386801649,0.3003966286501546,-645.0436564900783
0.11894942469965042,22.98578105597925,0.448086958798223,-188.64739327326518
0.03810729741215094,65.91889722676561,0.37082454511391205,-64.02118334514749
0.7273454388490523,28.912807093342316,0.25093866163403195,-779.6174362536897
0.7195905363228282,64.89438120396822,0.3918179299012544,-701.1939741210373
0.6904021957139778,36.82559905780445,0.43158300076764033,-692.6238167594154
0.876761232022736,69.59589257132595,0.2521006054429059,-579.7362461689739
0.29090746520744515,35.71182329780975,0.31456537590676714,-471.23868445947556
0.4251454657371379,70.28695467919533,0.42194407981009363,-549.5053961952515
0.25556619773254463,31.203250097690933,0.3365142721957351,-416.1749957558705
0.6228015854315673,17.86475225541518,0.4835197474653121,-675.1354663911605
0.63427659236588,46.93560031555052,0.15552865301364172,-842.9088388695179
0.4096219332115375,96.14545658547536,0.4409465379605906,-519.5225142793912
0.9264283996840796,82.01173847337836,0.47483870148429896,-400.2782228623743
0.48877895477544075,28.703935409202682,0.4567190937279759,-601.2836503757744
0.9092934273401487,81.0720155854695,0.12093454658814902,-520.7867044431177
0.7258475174136941,19.413320068035212,0.2394362217051505,-795.91587273683
0.929879645799482,26.449528901803802,0.3015712473872663,-422.1189079775457
0.7525469551106174,24.403945453320155,0.29823544237047794,-745.2819772106038
0.23019892850005733,98.6997783541079,0.2876919848000279,-383.7136271949379
0.6858707491414268,96.52211058834015,0.3822746749858109,-708.5116941339244
0.24367053181966175,61.72660664891698,0.2316130383566223,-434.27735918132015
0.29480066086656204,60.54937487304014,0.45857267885050745,-391.3927553033608
0.22701617324672593,48.98862600244215,0.34363047582747275,-363.1854353397201
0.496447194596563,91.94253090763264,0.24278494675287665,-719.7233980990841
0.4353360159362668,18.520521963450083,0.21240752532587634,-723.4519026872886
0.8989931752470933,42.225474751889635,0.3539499402950058,-503.05941921494207
0.5912678260899559,64.58323118335028,0.16586961509346101,-824.123225465404
0.3625773032174943,91.7283236075515,0.22234818248610635,-597.7792987891982
0.620884775989887,78.51791287552072,0.4760873635063161,-647.0296093730508
0.34470228710682504,46.627228863023056,0.43390293421610004,-466.0025724202965
0.8295908764304828,83.30838569192787,0.3471468136352265,-634.3556116340244
0.09730271647176485,62.04803587612393,0.281319059117335,-177.96479837716237
0.2243387564933778,58.52471348244319,0.43418029381722123,-317.3259897323477
0.10216939386204364,23.780908803811222,0.3606774175997146,-183.26828010657334
0.8598130185797535,23.56441519761337,0.2664706155904861,-620.6280913788709
0.27662544001125905,16.95160280226446,0.2384511888186729,-517.5585924214973
0.9848346269424698,49.14982385549463,0.4733511910756728,-141.57162314929087
0.1588655066670415,55.6415972936779,0.10410911366393356,-341.35670711656314
0.32768507224427024,32.05045880527611,0.13604070432822055,-619.4702588402876
0.8854592757429988,92.90845824413407,0.4538201156632443,-507.1259786424843
0.6326848675594715,19.048571452987563,0.47176411319557054,-682.0351237379267
0.49491117670653545,69.60619825756048,0.18784367263836224,-755.8207447196071
0.17054648748622928,64.76892453802824,0.46682742326304205,-233.75100395460547
0.7851046102356135,51.40571218975361,0.41685656651911496,-657.9423823818363
0.3363621406786543,88.60165246468087,0.3754682215071907,-479.9520953836155
0.7480454597498427,76.48056164674686,0.49088755694889874,-642.6082474856396
0.5811491685647556,40.443396225142216,0.1637794019472342,-829.1558392413208
0.6143367880142423,33.48393337526318,0.33925576562216675,-738.3242453541641
0.32877451386638906,82.23174494641171,0.46545728297762434,-422.3020979170469
0.0835461361798603,21.60258606123756,0.16083511742198145,-192.65315249912084
0.5934157734635495,77.46751522324757,0.33655786442278834,-720.0912312918756
0.7386277426478272,29.078854155451,0.14971097735918582,-821.8502719209739
0.5745434515274191,33.44483199572704,0.4357341972721197,-664.9532833161765
0.5991360897455755,88.02059431071898,0.42897093675882336,-665.7097151353895
0.6934707466303516,72.33583117699158,0.15798729817283516,-829.0199421749478
0.053902795068548004,52.04147887308173,0.15690697448557317,-118.34083699989876
0.2292138928995158,11.792865547565759,0.34277690084112733,-420.8760122693273
0.6115869282726556,23.202417287034194,0.28947148419215285,-776.9778167737738
0.14290683612617158,37.765737925962384,0.4853260374880731,-199.7563780541034
0.2748819640363056,42.99706119141254,0.34085244060025643,-432.4562525027346
0.05411236914386761,51.281608659676195,0.34128925230516616,-95.35381111887995
0.22097892657227947,16.567716142376874,0.42042554617973116,-354.9145611283969
0.021367183100991588,18.78678980043624,0.33803426797884556,-46.00026110144295
0.8119400269613151,16.507481258298046,0.18332449181478194,-739.5343154584081
0.5860015121111648,23.287956103143785,0.26682203667337767,-782.7258915919517
0.5457586284781814,95.14397427446323,0.4019803006043281,-654.1643738070499
0.015504290398147609,21.152904500304903,0.28592505428972637,-35.10120084524998
0.843121685329797,22.93016332836128,0.19739527630211093,-675.3015816093921
0.01006648154602958,23.231799135958184,0.3048639789868091,-22.37348920571222
0.7815719671727448,75.71506762544733,0.3827134420946441,-672.1930665514052
0.22457233875111549,39.99257964210176,0.2739866943384661,-393.8282819378865
0.8137984166308477,74.53379529507595,0.2854642534736399,-678.3827318195976
0.1365416531308979,49.949279539123495,0.39313526816697264,-214.14470675238164
0.5463931042393995,13.746487617976618,0.4358572884822022,-684.8706983382862
0.038864080965487206,70.6245661343822,0.1281745460926366,-87.54212501729043
0.553557800015396,19.643513509714914,0.38974337667162995,-699.3207895248232
0.1403453085354751,52.738599763639215,0.2582347358478401,-259.57332618169363
0.7999823090019794,45.04087857553388,0.4500614073080974,-633.1463402549847
0.24152076879088263,56.77710814632372,0.35266534234533087,-376.9073401631313
0.12361793819466263,54.41446404147851,0.3693733798395763,-200.46890619861188
0.03980690254048986,74.27641975079187,0.30114815346779533,-72.88297948235324
0.5726614058914132,61.81268208605138,0.4676973631378252,-633.5858179631942
0.6587304783550911,22.540581219541394,0.19231392900607883,-837.700215892512
0.8869343909901691,97.75751936268848,0.4361272607305062,-508.3476988229729
0.07053612325701973,41.42517430722275,0.11022390672077505,-162.81256313888397
0.3940756546988525,84.32838767743371,0.35267499258017365,-557.9727265790835
0.1698353928195892,25.963264244239213,0.10201534639498835,-378.45415805455684
0.5021610846297273,12.833547969776719,0.23141219763891896,-788.9985836657944
0.24364985712477327,93.71070744204489,0.42577570275402654,-340.25579583871934
0.41281679433457646,88.48846536841928,0.4041299654040166,-545.715883562957
0.37124569786011796,97.88766247824944,0.24089662651191823,-596.8087331935495
0.6862030845342831,17.17555503579337,0.49736845544188746,-677.5276823131587
0.7370704514547598,76.69637893943748,0.40319983911128177,-688.4793284090662
0.4261689379725846,42.23111205274896,0.39010386613740444,-578.4673258279558
0.24912775270465043,73.09720041209826,0.3482020387476259,-385.9540337655375
0.7887626977843621,15.646255657956392,0.39923674100290996,-683.0843506583509
0.8409939594860326,89.99916997866076,0.41051113945672146,-596.3775522256334
0.53921668355837,56.76777429415554,0.21841906975396067,-769.7734651540894
0.2545779813335153,54.789899353220804,0.44042426641237753,-353.6453934064885
0.7782184151274066,23.523585911379584,0.1596234413208306,-785.0796417793629
0.3589135532191738,95.23787323378716,0.2830102163920831,-558.1114312465893
0.9103210495851419,12.269578574914725,0.4347463230428218,-468.26693775238635
0.2713864768973098,39.21640801739628,0.3242065762072246,-437.9960822908004
0.9314550749940734,46.122819790052574,0.12499234975974045,-441.9031493698235
0.4293554936870772,78.63916689556221,0.4777902793568686,-517.9910325793912
0.7482093699156085,49.127466567884184,0.32243550600860726,-725.6435669235344
0.21471591901114223,20.830894103522304,0.4159519865525926,-338.04759392088727
0.6223056399126462,92.79782620056471,0.22509027641528057,-793.21789592221
0.580554664047858,53.77987753453674,0.431190079723052,-661.6959973333121
0.4218995767055241,30.56495840205931,0.3348718155101561,-616.1678548276377
0.7307211369759251,30.914152774274005,0.47324567461686706,-667.4279261836655
0.8116186634563312,36.35411536588967,0.3613275268856029,-658.1635716545521
0.7227259946603801,39.40717411034176,0.2793112248115093,-762.3681127176573
0.8068359813289501,30.556123507457336,0.3919754715800432,-653.9311123441471
0.7402815741329154,61.617340055158145,0.34942071105630995,-714.7702196130404
0.15665603939711154,31.141843829761164,0.3743135781912591,-258.30366851019556
0.7669546735156427,53.384774840094934,0.13850996043920372,-794.3801313613621
0.19687333764704798,46.843473016426614,0.17308813503962997,-387.9539255703883
0.1072377989148738,58.74445413943575,0.45307265808090635,-154.56581734242687
0.8936135442888473,14.665698626685518,0.32612664097205124,-534.3252938108263
0.5962716099228247,40.53814587738074,0.4792717378587442,-644.5419414440393
0.18295689622885397,93.13865696333804,0.373743860059923,-280.75309508772744
0.63348687799726,86.68543890014043,0.28132418935089915,-762.9629658705488
0.3361912987166598,72.56504947559125,0.24282760818700175,-555.8632427019646
0.1487123883406186,41.95566051317469,0.2608917503615841,-276.3288580962678
0.7934957559311202,56.81319874778117,0.1036470642590409,-778.1750756969068
0.11778686639340506,25.372880193282334,0.1947240389286797,-250.0564167579388
0.9532040690694555,76.28641171809532,0.1401779836236985,-343.284916816476
0.7664955127602249,47.493688691446245,0.471065596962458,-647.5573062896168
0.707981952337451,88.88039054514812,0.2689274857908057,-764.7426401301235
0.24436564435825733,96.76412495891171,0.394732359249118,-355.16837967559866
0.754399166833884,80.28186725507517,0.48890370852747234,-640.7575871262286
0.03209845584770035,22.318392658750966,0.4937360637492424,-52.8375091827357
0.5527911307825223,81.11078835546463,0.3402610534455275,-697.8899011097619
0.3145212626968993,65.06552510680817,0.28628897486744775,-505.65131600710583
0.8256450979884596,51.251019502746345,0.44411028311501544,-607.8206276084444
0.7560945075932789,15.346293593790609,0.20781368421023477,-797.1347514251598
0.48808170170270565,19.369413982824028,0.23623235032429526,-752.8124419210989
0.47290896195366194,68.58689365747296,0.27371363886984346,-684.5966670418547
0.0816931168017301,98.955338188653,0.17478074039907981,-167.65355130762933
0.23997625932187913,71.31984715370099,0.3726281844836211,-362.6424012814518
0.70310225132013,23.643261921775377,0.21488957971584333,-813.5086860807951
0.07432560182046326,89.63287595384836,0.264097896772751,-138.3719222048792
0.7815086255373028,49.06494648950171,0.3502597427361519,-689.5119924576575
0.9699651994402678,80.41602956486885,0.10842016629093121,-255.63853884127013
0.0875041413406265,39.88106808408967,0.4258698844610348,-136.93000494351622
0.4587419274109717,88.9819827516017,0.155936511316019,-742.1616047399898
0.5774424942254223,52.681395762544135,0.1427727611065378,-836.0206161524077
0.8066453105728741,25.54650262469284,0.12273147326847207,-761.6499943721471
0.15707605567152286,62.92584606536134,0.37638670790649,-246.4852498860374
0.36292545942525356,14.735234765627533,0.32543919050159453,-591.0147322566983
0.8288803860455789,93.26894755450006,0.11116724678930501,-718.3133323562921
0.5178231550532706,26.768974645289443,0.4994311672243684,-597.9915102720194
0.17020648351549597,93.58440951564167,0.26351356480252774,-301.3602317279636
0.8620283388500862,49.060908476063965,0.1376874849894985,-647.2802083284719
0.9274017460578994,82.18402880854285,0.48584252174911746,-395.45928895945207
0.734871346097558,34.61555195072359,0.42289102501902065,-688.6853163211118
0.9641903926639195,60.99705385720004,0.36837468158195297,-267.09625262325176
0.9179966779106102,14.211453071243442,0.39019552528213264,-452.0572683164015
0.1289754606371917,13.240191529786003,0.2360487839952226,-283.6127867540005
0.41106799988607823,44.903575905827864,0.2612653343126111,-640.2489460180919
0.5949511673131354,85.72462492211231,0.22871226565542827,-784.5500581984184
0.727738632533978,76.40637863415364,0.4704366225517643,-658.5363749948381
0.5343623350312517,43.106129869330516,0.16957866389930545,-801.843297739211
0.6462140051803401,66.70920234596389,0.19775417551734226,-814.6673570440139
0.1244692537465338,56.41080850148336,0.4414385173342893,-181.7550236242581
0.40816888591165684,60.02541502586528,0.4458841450644253,-520.8334841745593
0.016719981481783067,91.1108222415748,0.36233303676950523,-28.367249798042348
0.6488125015721281,71.2460960706915,0.27520318541218525,-770.029762724056
0.17118603591061973,77.43211664381705,0.3476778364763099,-274.8378576925566
0.40588674156272625,63.61315361384353,0.1655229530123759,-686.3654607286079
0.4986762361689645,34.02189113143412,0.43946615008370415,-614.81666168152
0.6630514899686087,49.96705450982057,0.1867500080515927,-823.7620336253336
0.7579752018087355,52.63804019815782,0.26326465709063496,-745.9126794910035
0.7108001241841814,26.671283854427994,0.2432264036705314,-792.8842046168678
0.5664633965719473,39.800922803999555,0.26464270317014515,-761.823598159002
0.5281966101921727,12.138490207929777,0.45253019101778,-671.9802207256137
0.8497619407904313,27.508665306708416,0.3601320144731164,-608.1695869804234
0.8594453579876122,82.56186532489434,0.15081432636259576,-646.3695934489513
0.07064178177741019,37.66511947900691,0.3870619955577713,-118.8359264298026
0.2747420162912956,40.69130895801199,0.45241122582139426,-377.9935311502727
0.9132226124674244,66.8249443921101,0.4424956978622846,-444.69961240567767
0.5907992053061374,61.6289775117081,0.1988610778789564,-804.654957741128
0.14196777703223126,29.90808940560082,0.3856789679928134,-233.61234225398292
0.07970920965844441,82.24280716993982,0.18384333419930685,-163.14560333255457
0.10254320280040705,46.642935258329565,0.22641054329755397,-202.69601021670874
0.7644433246033603,30.26267826700394,0.3391422279380373,-714.0509659186117
0.22754731824043076,83.01977425747143,0.3441709063160474,-356.6660122900341
0.24809944681590476,71.80022052712232,0.42194781070995424,-350.4580871607079
0.1379848854326358,92.13099606277234,0.40167809413504085,-207.4747413553212
0.5976627375216428,94.92903101794158,0.13638564291241156,-839.9441456552279
0.5136003870813393,47.693715220223936,0.42585607040599405,-626.9179054780428
0.28591074111918463,26.02741340755527,0.28977867711466954,-486.51560341130886
0.6549620053049244,63.60926588841783,0.26654907761892177,-776.3844296617252
0.7722279879045187,51.92642793981718,0.10294979786447517,-804.8886032522198
0.9700028068068032,67.31171732791111,0.22508222934616812,-247.12358099341793
0.47913822070865014,92.98901824906683,0.34825185905422285,-640.0679445368309
0.4147249714434754,26.20237186440182,0.3097986103922133,-629.1621081036137
0.29633170188628094,41.92681961334505,0.19901885250989,-534.7568136596135
0.7789086327971909,11.444993551890747,0.11033555211718422,-827.2522424906123
0.9627685297092177,55.57958492271355,0.180207424821548,-291.10200133701426
0.5984161172873561,91.24918642129006,0.49234085086700186,-627.1201870575502
0.639469970596444,55.46859607350284,0.4939082172357294,-646.2235122918132
0.6853531876423054,97.33859868967399,0.32892318615255056,-737.1791569952959
0.424818251606491,28.059987766711526,0.1257227613794442,-749.148435004449
0.2259403692135102,33.96202852839153,0.4075742166317432,-341.34684517115505
0.26099755153037457,52.84562242008573,0.4455688932219549,-359.68365496684993
0.6148552542303245,91.49838454709443,0.398310978145605,-689.4604202737574
0.634895465129153,41.419315384904834,0.11413267612002308,-868.9201229428975
0.46267401972216377,11.690476255516874,0.44703886937276205,-631.3483750097328
0.05247328546407499,29.326832208707586,0.41009315521833967,-89.68099610242844
0.8696898396514664,48.69147827416372,0.16689071751251894,-621.382803688175
0.24942798941372735,49.20976191070437,0.23424369137288703,-445.3108265584245
0.5794117066584257,59.334746117705585,0.22900154887539814,-782.6671600225498
0.7338968426266159,84.10232782504922,0.25738054138579924,-760.0367866028015
0.1906526948979569,39.86000685730549,0.20095438181300837,-369.4353823918762
0.47382751056796374,80.69228695011294,0.4590506208013767,-568.195772526253
0.011311361825768355,51.53394960218321,0.10215183169335314,-27.656930182831594
0.05649428400313206,28.147738023517288,0.3221880876700124,-108.4019014517494
0.25548001233024503,42.82951747200098,0.11089985870516826,-515.5279531708862
0.6555484516135188,67.59886917985443,0.2744160983213578,-771.3258582441375
0.8789417533289595,72.36164159737964,0.31646700371821845,-557.4705289319896
0.4259967696484738,52.60824721956039,0.4978435988143447,-508.3582680284937
0.0345373371599344,19.816620552974975,0.351479716193855,-70.03699212528701
0.2968665916901886,35.67850119344759,0.2570938461298662,-509.0408982530278
0.9478615935903812,93.97581227014578,0.29405759745064575,-349.23033057860977
0.1189950953407649,70.28495431741518,0.3943086650100991,-184.27853165124102
0.7505939786095188,57.991198124704944,0.3670566887966936,-701.725055074538
0.7423810634560272,65.15013446887845,0.15108629373269694,-807.8733860088873
0.5881248070216689,87.76986280917937,0.3336555997223356,-718.5336441951091
0.9222715372008072,98.24318737386122,0.16595901863549795,-467.46926708336906
0.6393070688177144,34.16015362082754,0.14023617241417852,-857.6151166566285
0.9571755624438006,90.90430344561022,0.40303092473697366,-296.47327453620863
0.8196091636960757,34.28014570509766,0.48269310204774774,-604.4261890020379
0.7881645525511104,16.693694659013882,0.24459108909218064,-746.1621314689328
0.9420301516683685,67.79739573881164,0.12854792919480107,-396.3240266673187
0.614701428104336,81.53440314460708,0.4659071631190589,-650.4748356129626
0.32590268576898707,73.25170334429464,0.1380292120307891,-599.8937470707009
0.11158850610232518,40.98714988968082,0.3104585871616514,-200.30823614907996
0.6903793469274634,13.74730128276834,0.2981442109615601,-792.8524836274825
0.5228135530735187,30.437490576903894,0.2701501042794852,-740.2488208633836
0.38773898297158077,42.603159157068596,0.4589203823323541,-498.96295654053915
0.9407513481138404,99.83094106909792,0.17290485675222544,-395.0203028081875
0.9041794937720489,60.56042329162004,0.1265164727481316,-536.9224607732709
0.38038955322017093,62.582914814802834,0.3111507940378814,-571.4814513670349
0.9365782586696264,29.450604551672576,0.3089908294232958,-395.68920967890165
0.43338022564615736,83.56447423375836,0.3274132934792695,-613.10939815688
0.21201649396521574,10.486809794531407,0.2991887289884356,-421.85455792804146
0.6182378098750909,68.87002246529755,0.3417045908231796,-726.5317545039331
0.10236308169423705,44.53584485853379,0.37058697689280773,-169.91189334248185
0.1596123321459167,68.02639611109004,0.4311420948403496,-230.9889422993998
0.8079875588775441,33.57406639678442,0.22410889462570954,-716.3840185710926
0.8127243509468483,88.6290734309042,0.3880629850557755,-639.9025093904237
0.24580144346392213,58.299694979593234,0.4499007001406814,-337.39391403692804
0.741925505935065,36.326164119448876,0.2744271499194829,-756.0301177321517
0.9640990773700127,55.920039240972976,0.49256509191516373,-256.9618288874426
0.9486847387060541,81.71452237256149,0.2854866567811467,-346.9629178827157
0.4456319281402848,89.58336544588813,0.311758142315091,-633.6242095113496
0.8566280049314947,85.9813637360723,0.4105528076357533,-572.6493094241453
0.5559613791579183,87.26970610959684,0.10701864670711943,-842.5666188449935
0.5634926280917995,87.24817158647708,0.37302235227337055,-682.900933015642
0.24448509541090516,26.400129880030775,0.3856083614248118,-383.18675248132683
0.38652765712594866,67.79335167600784,0.22702100705694242,-626.898228010522
0.22057575554159178,32.857775978902794,0.10920954093061211,-462.93270068695404
0.7376021962959757,51.48389192425769,0.4955134309281357,-647.2860115185164
0.6377797301840734,94.0909928521762,0.395113574668028,-697.3944644293996
0.7983858314696487,73.32648383476592,0.3853260518609105,-656.703076760737
0.6174807671463353,46.15040073787641,0.45987299384753755,-662.013567845976
0.28164057405931575,24.22340296928603,0.42579555506427536,-414.5577018539719
0.9434760207066778,72.3835787888703,0.212538425533542,-378.67550330265
0.6476966134116614,65.6632412452937,0.4018635966824149,-698.6993295602131
0.4768105679520454,68.33584504423216,0.27062883413581973,-689.8565691346346
0.7720226826817429,45.12409285948889,0.41459856443486587,-669.7487129379011
0.25953411927890707,13.978404772326348,0.10896613075351486,-565.1743996307816
0.8046153316013619,83.60326837358164,0.3843879555073011,-650.1978698783685
0.3415279521917687,79.74436195070825,0.46514657930326775,-436.8026518048018
0.08316260178309007,63.06893310896948,0.1614726159957575,-176.02093249607623
0.7772209373479382,33.936346341652495,0.14009248867076113,-788.2537202645033
0.1971396821338755,42.191041189332594,0.2947780157524274,-342.25159417741463
0.6414149454503758,61.582453768969,0.11275543766215167,-864.121568260806
0.27439055921409267,94.17029174173878,0.19215942548305553,-494.4589313527722
0.681739591436691,72.25689004456444,0.3748261390306288,-714.9873090168887
0.13357632504256076,33.77596984280392,0.27615709204002875,-249.992474390405
0.6214299242979324,21.02482019852018,0.1577605275558579,-859.6830733148671
0.19817843845281358,82.91300017796473,0.4152806807444064,-286.77504758323767
0.5032923093635285,60.661581668436156,0.1333913057881787,-797.9519442804466
0.8652466341793565,36.33232570987079,0.17826582048486075,-630.4077532995003
0.4759131898069699,35.809835512975,0.2390199334042924,-720.4825849733913
0.7666251245345859,90.90984935472335,0.19959463617523254,-763.5178358039233
0.15351946088348958,97.02766610714289,0.491577134162278,-199.94802291227222
0.654009731940436,35.822187891461084,0.10661612698461176,-875.070822054158
0.15894077349673263,58.79343028017974,0.1508997635754269,-325.1979736975325
0.7631940907989703,18.44129884809741,0.18239383878401735,-796.5040912746393
0.7097798277621986,59.58700046782057,0.47754139710672316,-660.3376145948163
0.4043584452762106,62.957881528522336,0.1513333988046902,-693.3325504971591
0.4706394326233887,18.88735539553261,0.3687763952311788,-657.5267868537765
0.17504655967015514,95.72771953377243,0.41330311258796393,-255.02684996251693
0.6328103727856259,77.13068516713412,0.41358478948765065,-687.2315493898989
0.9044327516842535,22.168982225821207,0.47954291036100216,-466.4997776402184
0.5592185828282857,90.17222448361166,0.4626971041577784,-625.1555004714377
0.3188534403526018,34.56562860966656,0.476845708930587,-420.3347687691336
0.4112572016388678,68.02289407127682,0.2912456456810202,-615.4439503443762
0.22391271627777778,60.9473420530937,0.16170523417418126,-434.31024334139505
0.44292518255862573,39.063289323480724,0.3097172699341859,-645.3320810031087
0.4952260394415177,56.968135131182635,0.3650970135205188,-648.3148829224059
0.9319302217015352,79.87576413199533,0.45565314707408755,-386.19237475543827
0.4313061914354656,96.48422093785334,0.41072237793524613,-558.6882251439253
0.8550085849484506,21.53700845356512,0.4686063089152065,-568.9674238893957
0.17349001062791403,54.34502980131699,0.48285821173250143,-234.05616532238977
0.5442671064096627,97.67756048006828,0.25587640112771126,-743.4183960468943
0.588963195374658,48.00591071863735,0.197279199279625,-808.5646535405599
0.5918453924680191,69.7244215595637,0.1949280779798445,-805.9150508455575
0.5021083475535758,65.0272239188676,0.3562577391203887,-657.154087399785
0.7618042276856035,44.397257839725555,0.31285850890754074,-722.3901204191922
0.1794074205307746,80.79141954764762,0.15872187743698643,-355.929130510846
0.07674240226944466,12.337817413848951,0.34140460830523445,-163.3667567079695
0.14986553533173422,96.67057696218858,0.11437584892398572,-315.26377254797967
0.5619668920313553,59.67747539790137,0.13679357278540014,-831.3991979138378
0.2547285605501214,17.328737132744777,0.42213396014302507,-396.7746221617435
0.7337656969750179,80.35002372639455,0.4412869836794572,-670.8119607566418
0.07159879715586497,66.76335514916798,0.39811968151944166,-113.07657399426238
0.9008144869689283,11.322777788120247,0.34433790819751886,-515.6476798352954
0.9426777113720227,70.02687939431291,0.19668526849835516,-384.24316351221853
0.7799380254462384,45.08016453659797,0.18011614748265403,-764.5366810496788
0.870394214587109,13.291739150896577,0.20540866681912406,-625.3857886490234
0.38077622818536994,23.469710972217086,0.15632284463541068,-687.3848325220554
0.16640331817839296,42.46024571603917,0.21441452015471774,-321.76499371186367
0.2059495108101213,96.47739831459907,0.2576829563691849,-360.0319154654914
0.5012469817546473,97.5951881374117,0.32113788692659007,-673.9774834525635
0.6581578919511747,71.32210109103468,0.32413644923133283,-742.9459676581538
0.5674140342063447,90.55039451385235,0.41170872132291025,-660.9397086516974
0.11284031874301163,97.2267295397733,0.3397847057035349,-186.4092264384185
0.7226963924007368,15.788682520516613,0.16152960880122744,-843.47689885465
0.7832155727777236,63.91147846449719,0.3031499083799478,-705.7442928140584
0.03893441349934879,92.25981621780018,0.30917640960046283,-69.7560355521102
0.4597204304834178,89.17692796638556,0.3736099021099002,-608.19341546958
0.43903608191438354,60.94597961644471,0.49460096939264764,-519.817191765143
0.075875022508088,48.495923372734815,0.3649603593485172,-128.11462715258065
0.1832338526067262,40.77597232037914,0.24163651791069066,-341.1518679720323
0.8086911480997091,81.53228543423633,0.36593107633056443,-653.2115927042396
0.5829482864676263,85.98363046694969,0.41243385546019085,-668.741184866602
0.2245259734262198,23.206687262527424,0.2244177937577564,-430.4143713109461
0.4592349078545751,40.56253007780059,0.2541934756989138,-693.7138530774395
0.8475262828741427,42.9555205551303,0.2970466476435514,-627.6529363531351
0.11024562556115698,73.44053449243934,0.42628107051524455,-163.18956117916426
0.946372701540482,37.01259515440832,0.16849342483144275,-373.5196161402513
0.1486013647994164,61.530903815105084,0.2105340511883248,-286.6742481903691
0.29493121409740725,86.50627813791826,0.39269799166503583,-421.26006338646016
0.18785194721661805,31.65403777614062,0.3023201894335721,-331.19449850663875
0.47016560825525516,59.127654129173784,0.4263694783010047,-589.4642092352996
0.31435079372594915,34.230418662150996,0.22727861799635793,-549.7157801650063
0.9787379416489015,71.4177879635792,0.27151889342609925,-190.85822391103767
0.025095367074196004,80.40922794961777,0.2308130134698753,-50.584693225374735
0.3251057955598681,35.388272052209544,0.1649492621790301,-597.357055585
0.5928023251389993,29.150537972698796,0.11695065298384946,-868.6113332511599
0.3432222786598424,70.7447187785491,0.41681168887034115,-467.27797312393477
0.45665716201253853,89.82224798690802,0.3951340071926128,-592.1004329554778
0.426715612369996,40.93746442719167,0.1892829403451779,-702.1999120384268
0.09450672618761524,67.78586406268369,0.4983042246690811,-126.05629883968795
0.6460699927158021,44.043770714648346,0.22540688246223747,-804.3227770903802
0.827331046704369,32.06478145344161,0.42460469311710625,-617.3300821449017
0.5272710451033755,42.9605340308622,0.2381731205178812,-754.928215575274
0.1565928288563317,23.25996917587102,0.2635257044395234,-302.58378605787937
0.48164850005610016,29.20405830007112,0.15126462721635622,-785.4058504066875
0.023844754566204707,54.91152074046892,0.4857618730047858,-34.60428525798189
0.8993312138229139,76.03379393525678,0.10958951409849238,-554.8617015458458
0.24578298490689973,17.303810515336487,0.2904089994566062,-446.07322207156005
0.894312907359276,43.91937082686501,0.4468992358836199,-492.71042565731545
0.5824241581221594,17.57636495247874,0.404088426807247,-709.1007862820464
0.9736664227098653,80.05161964260165,0.26408846838430045,-222.79738323959836
0.842336607619113,89.0023610142624,0.18861578720749694,-668.0092582394371
0.020867088727910058,78.68975416884986,0.36210575683895985,-35.60611172947865
0.024816218779647153,72.95694777816459,0.4057133561173333,-39.76897119362645
0.7385708218113931,23.905999392665073,0.4328755925594103,-689.6767961753537
0.5164595045494353,83.71155151804969,0.13999622237308706,-799.3056156182603
0.75025815780782,95.17284804899381,0.4158073483103508,-675.5008705192985
0.5878980449654726,65.69610784236139,0.35884036068089553,-706.2025999559496
0.2376354558567684,13.302192130954426,0.1866913429683307,-495.6030881000008
0.7808740715237928,17.785969666253553,0.34587731202691346,-709.1840066914202
0.040415153588896774,27.267370674259386,0.1771534450767515,-93.46405109323508
0.800383001462032,17.118424032781647,0.4599002829620742,-644.9660737866332
0.6617835210066906,21.54962765015357,0.35269005363534345,-749.2235115513669
0.6698087464269646,21.156491688103547,0.3643865554401964,-743.2164608090098
0.052983824597798074,65.42066748823683,0.21076971616461684,-108.14427283801454
0.21557846540551134,60.45791416943641,0.26434355213074623,-377.2082270717207
0.4891580556666722,60.57295211851926,0.41591656484970396,-611.0149224369324
0.44322369614793267,98.78617225779216,0.2571026199840535,-664.0744279508235
0.03593624574230237,43.10934114659751,0.3090738607815361,-68.20997020516292
0.33911415849804905,48.765591606768595,0.3682587709983981,-495.62097021076113
0.9581135325264206,60.303063110994756,0.2819234760955227,-304.9477836370283
0.3104327304114156,60.545676058457865,0.20747392270561638,-543.4637538666667
0.6301279747721926,61.38123660709845,0.3522769311636278,-724.5928136131969
0.678059038704265,79.17651443214403,0.4136948902256171,-693.1468251356175
0.621190318338615,97.5655853884607,0.11362855928033433,-858.0341734782372
0.29390273333446254,10.086632909421116,0.49745161660283865,-444.39118196219005
0.5702551440191201,71.89294325827791,0.3324282043696605,-713.1810418463081
0.7000122830950314,77.85338529070242,0.3185884782567075,-742.0099739474429
0.385654765712505,99.64582560274299,0.22816876059064528,-620.89772284892
0.28469785825312327,71.19602263290787,0.41024548851399,-401.91915243200674
0.27949569025929244,16.696520236732585,0.4158377739509461,-433.4493250046777
0.909738352621593,49.5484329524582,0.34282067261419474,-475.5677357012558
0.6415865842387426,77.81652518093188,0.10112865744808382,-868.382906454893
0.7473848983446472,17.152837405183508,0.2652464468871272,-773.6473189108348
0.5664666320371334,16.989417177378215,0.4587155206260273,-670.0385458658156
0.6278499373346405,91.82063495079949,0.3344312660880361,-730.5414264631031
0.2809886918270492,18.778637563764477,0.4158032378548947,-429.4380131753064
0.8849784130983452,20.57980492609429,0.4256181118662663,-525.477904676117
0.5011715169270102,61.92916532567995,0.26992194105298695,-710.9518778047445
0.7992447974674121,38.97029294704478,0.2144978253112984,-729.6171584723172
0.5176552693010097,99.60440153790506,0.4432051550249888,-609.668765755006
0.12399351585165228,41.11599501820078,0.21205946008214124,-247.496829358561
0.11958608759480141,31.08688798490095,0.10997210256860841,-271.1779566671319
0.4648296663878929,56.07668431765417,0.3728074077916206,-619.0156643390739
0.4312937442569579,65.20941042623181,0.23697436078370165,-669.4682488919
0.9050302562362481,96.69817471477634,0.3170615188989472,-492.0054530590406
0.13909447013161647,11.610253876243004,0.38097518053144463,-266.7545166645943
0.6828256474382735,13.292569588427268,0.35973909922609315,-762.9760792612269
0.9097775544627783,11.298610669655663,0.47391157214685464,-463.2775378401976
0.41285512109316996,30.76211996442632,0.4740317871525581,-522.8090909364302
0.877280008580772,46.86721908156947,0.49150447479201775,-516.2586163999281
0.15142576120234594,73.67184425831636,0.3334506334768846,-250.33482695546468
0.1132396411852417,53.34143624428547,0.16064598377785458,-237.10878120355576
0.2387009568480247,49.53498916792974,0.35293001839574345,-375.11798509308016
0.5207705654859807,68.963377134695,0.3734373030472552,-659.0630282074126
0.6434856385407831,95.70702332587317,0.1908296990726057,-815.3229096850399
0.7658263777012976,75.37222582482592,0.27688814852811494,-730.8076334658864
0.7612199268884534,22.459356711202563,0.1527924314862238,-806.7708649550224
0.11964373365418611,13.337089675903142,0.26845875436745215,-256.7855771961152
0.8665261952329253,17.29280259969091,0.19091935726949308,-633.2612760578486
0.12008786668223678,37.1352742461011,0.49991487001399004,-166.11306561160774
0.8898544867849209,51.696103376044455,0.3667261689361029,-521.3886740487771
0.9484738764822662,79.00759220223009,0.15942726573354002,-363.2876134608308
0.5824177943166298,14.714178534518116,0.4921580076203891,-664.3650236370206
0.6900185382185244,70.36071991311982,0.16104271825443528,-828.7138074623713
0.3723317301562791,51.46360146880606,0.3444911163371741,-546.1608959905212
0.5496418705602608,36.06906348983219,0.2741462758520571,-749.5452523451436
0.8254268009370204,91.3557588499608,0.3241473491014488,-647.8102930429056
0.16630886875605638,51.62181165866389,0.34480962163072126,-273.39787567545676
0.5017109227776648,17.156625446537,0.14930019205242326,-822.9384628506383
0.41103469479071075,86.50601581212112,0.26259652765956726,-629.6480850269755
0.8590578451460023,79.08919094935383,0.158507942346569,-645.0531273382358
0.13837176393866432,88.38888315654349,0.16826636638105458,-277.74953194186025
0.88391974281056,51.00255257673668,0.3038927806980989,-551.0512970136908
0.2552657924742799,38.27131227436699,0.12796454688722686,-509.5017956314107
0.6035840319840411,32.7249635399272,0.15993186142771118,-842.6533706513655
0.3823004542058813,31.657180748708832,0.30215617602824596,-593.213971805209
0.9240882982997839,59.4306029148968,0.3830639606087842,-424.1894151904785
0.20357710845320764,67.42861813414777,0.45213700293617587,-281.3078559120562
0.5024895870529685,35.58916739495991,0.3203526242611716,-690.7978355596039
0.2337232623100104,91.25567969008252,0.18772484961347757,-434.22544586883186
0.7952025169616989,26.59642308430863,0.4011897531127987,-664.130367099498
0.2756330267920828,18.1364958195271,0.31847176437461433,-472.84158868606664
0.94441780347561,75.96619873761645,0.15283816535219394,-382.39729192381463
0.9159105935795786,27.90894453030705,0.2662445402869652,-475.32396586764656
0.4756864701799929,37.21760979644469,0.4882842640982672,-564.3005400161412
0.022672524199734746,40.86961706891193,0.4256929495627543,-37.6161663139039
0.9561093861583564,45.58670023678243,0.3627079112410708,-306.5996735480096
0.6822448376255764,78.31235258916438,0.33411996391310966,-736.2788231081428
0.492139578754987,41.779479606998784,0.30307058913243334,-690.1520303919096
0.6020038575727458,17.388254435289955,0.4728510617313585,-675.8188670954779
0.11876584972020902,61.35413510075052,0.3289155852957773,-202.31937076597222
0.16438666345417458,73.13947248585231,0.24931998876690253,-298.9991337391174
0.6361339268786368,18.225690393981072,0.23551378127849942,-820.9209704296076
0.0579817227259486,31.741601089274,0.4837686973942217,-87.41086153476365
0.6982554937033397,97.57179194023654,0.12546176651316807,-842.238495282513
0.9113833220544069,94.62794284899483,0.17107237906823514,-503.4144270418435
0.704776154480314,82.5649433397192,0.4439072904594472,-675.438381506643
0.5594214601123292,86.61523147904833,0.11275889551571634,-840.7635374998536
0.7883194017304692,23.07512925062342,0.3266128320761613,-704.0997080845436
0.7434964310978048,15.323286440540976,0.4165676363354097,-708.2024595224519
0.5888467701311241,26.7281024109202,0.3559133416007537,-725.6304518473489
0.20308255685915508,57.37229729738805,0.24616325588291377,-365.91751592986066
0.01767535196332265,49.64054779528753,0.3666549249978366,-31.399350977296923
0.4581594414500985,71.11118510929879,0.4725366292632549,-548.1077540924443
0.24622018974041118,96.45673502631433,0.1716886604801447,-460.85965724291043
0.2325859691079986,14.860878926414184,0.3803043442694555,-394.34034371463395
0.5065620674619606,29.972497138920357,0.3409458706990819,-685.4475249588972
0.37788654324177157,94.30582289249182,0.183004150641749,-638.8963230747393
0.5039747405615116,14.04994109189628,0.39765866289784013,-680.7877975170861
0.27388991976148047,39.754223888147266,0.2510634998513165,-477.3557774036678
0.6079150126715306,70.09598660345546,0.42262361051799224,-675.1359866586052
0.6195466748443694,74.17722490358526,0.1704892057004524,-826.7773594362385
0.21473899109769046,42.50730223858944,0.2192662718497311,-400.6324828441706
0.5661227972400495,23.94394874462735,0.4157765149266386,-682.4390904705874
0.44631138700150985,32.576598170580844,0.15466063341322234,-748.6287528766235
0.9600375882401359,96.68664652312944,0.3555857259139852,-287.9163928131647
0.7173480125307617,13.228518489006024,0.19148118248806334,-838.8770298549725
0.18825382955561962,98.75825959668592,0.4891118412060734,-243.7929416453063
0.874387806116612,85.98134595423802,0.2087939564201471,-596.1685773462433
0.4774810844697202,13.541699445648366,0.4277271337625894,-644.7865588638608
0.8399196188549525,86.9124720277108,0.36080452116880635,-614.7054724561539
0.8242893822845021,31.68709583744552,0.1598833983194784,-716.8726992597318
0.02700356249443968,35.40375577551683,0.21487159665498035,-59.224397892690455
0.23898865342565068,85.47067663329776,0.4118966809037834,-341.5229584530282
0.9028697776672293,59.96441757501277,0.1540715703837154,-535.0203764029054
0.7643499868956505,79.23664561020227,0.3931240366132903,-679.4037403545958
0.1426190462463263,21.298204276142307,0.13400234859546975,-320.71329176669275
0.21804653106148134,63.38067879939466,0.2865235660566015,-370.9276664274974
0.6162744750622974,98.26167958821014,0.48901292500272064,-635.8638484099164
0.2831219638875244,78.00370715615594,0.24181031097165995,-484.1588241344173
0.2101869853708623,74.1339902253075,0.49139491674722613,-272.3918601406614
0.9737434683890579,68.43679557491402,0.2546019460451308,-223.07807180266033
0.4594480165409282,75.35640699792128,0.12351569980381139,-764.7077103113977
0.5190318493915069,47.60036271914605,0.15147179476972328,-801.5966873789163
0.649193843459105,64.25332342478603,0.3518850469958815,-727.5663261522915
0.08422036947359285,17.604651230983844,0.25278045880696004,-181.85381661921215
0.39860050233318256,41.9351183339119,0.29952495204431817,-605.468035908833
0.8973195808897112,96.80330992917902,0.46122454205253105,-479.44198413803485
0.9343532560118156,28.56515010842778,0.175160200642143,-424.672257905751
0.49535672862780256,71.16026630163584,0.466139516314208,-582.3770177785084
0.8843684428984103,22.451439109431952,0.18410544235342807,-587.3114421739489
0.4990542531460595,62.963169370863696,0.2970264815123079,-692.228090211023
0.9758983375872234,55.128266769467565,0.22112574850418323,-212.05927966060347
0.7814447608463319,18.678518589876937,0.3372828001545263,-711.0309728708769
0.8237040038822678,18.01304544266525,0.24389048053014523,-696.95357124523
0.19270305655995945,44.744284273481355,0.24508683811877097,-353.6194706356712
0.014397972505725283,49.6039668895567,0.4923629482766193,-21.294855870389622
0.504851290390669,66.89755657016215,0.412897590835377,-623.5050771644935
0.973148628635465,74.8173712858985,0.30426788183188125,-223.32213195344872
0.9579131196939373,23.24757642015809,0.48418919492031176,-288.28815245726446
0.6119018597792708,30.37103796853451,0.4412841164541278,-679.5064276481788
0.19096240718883223,78.48480979660805,0.2658423385626354,-335.2205015037712
0.018795493818081172,31.582864624865756,0.3551034120810973,-36.001086725613355
0.4965631462068929,54.84688846636356,0.18291076015986857,-763.5235282776599
0.30590928301989156,66.19905227822795,0.3384973492851573,-466.53957672983745
0.3400534241039553,43.92401046682415,0.4523583516627224,-451.71270046183605
0.826606659152294,33.22888657004787,0.1569755921349794,-713.482354903699
0.09755736378094125,96.36589024869733,0.1448160222532196,-205.12892345212512
0.09888616853222791,75.02079974004039,0.31268218575626455,-172.13658637232624
0.4437860271990273,12.782395611518794,0.24774547805592195,-731.620286032266
0.4151690117845249,94.30740638342506,0.236547338249129,-648.8851710816026
0.07260652855023336,46.98383611221442,0.20546261187830905,-149.95794960698765
0.5445903707648413,27.418342555204074,0.41281377814929543,-668.1816010303455
0.43338914643999055,25.992959437942865,0.40337548071792206,-590.5480684364825
0.9831965088389856,98.83436216578397,0.2692450316186944,-160.58219560230026
0.07476456808663949,60.46087752669496,0.33553157659047805,-129.43385006932587
0.12507122384709174,25.264179637714953,0.1271901797797073,-282.5304776871141
0.16525523876598233,44.64090817148589,0.44265466601645975,-240.39420240907043
0.32836365982360144,83.38562891154118,0.3679019585050186,-475.35677349790404
0.6612069811989734,78.23590551155858,0.33673474972796186,-735.1942741802645
0.9571752028637687,27.575704107639943,0.24818471613817575,-314.9460892541661
0.8995379449766603,34.46384973364637,0.37471809371222453,-498.2405386789708
0.44326256774519157,38.23772791397546,0.3539002543056391,-618.9489375350512
0.07950472795467149,65.33723378920833,0.30772995160024075,-141.71321673669638
0.6420397651195957,13.471711863059706,0.12836109036189539,-896.3197227987464
0.41932465177090544,87.54954050319432,0.34433586106137337,-588.515748865935
0.032871811933646564,73.40250343961762,0.3638902384802639,-55.58670791414934
0.8110268968040342,76.34326724906826,0.2985586945652968,-676.7387717672722
0.5286704646381117,63.96271024258995,0.4938655820065574,-590.4789126989663
0.4391143235007171,10.546230577011464,0.212644419337095,-763.7734979225299
0.7191720913969444,70.39659932165033,0.22007433833782586,-787.1094250393354
0.8510150116317563,68.03818322009698,0.3247236254103276,-609.8334053483408
0.9235891877022068,76.53124317202052,0.44562434038994747,-414.0646350684966
0.33499006445506785,97.38101128027623,0.4942502136884056,-411.41876319648065
0.19014913743341857,11.825249534844673,0.49858498788723205,-301.0879280257779
0.33370230653399957,51.166819328158894,0.23231101536061682,-563.7737429991528
0.9667790487056276,57.09032801872069,0.2794649557547771,-261.141908605402
0.1065091839517991,12.268434855967126,0.40454999409133496,-203.44645284126614
0.9412820319798468,39.36485177741308,0.49190126002206724,-350.9975173231577
0.6160974004820505,59.39754260743789,0.25285109525343996,-780.0726518136778
0.019488158470387366,10.530918772327784,0.4177381500397963,-46.39749720337315
0.8519629660272274,33.32774746479537,0.33964182900464845,-608.7176987301515
0.6775592093381758,16.44182456596079,0.23840384850244614,-820.3583783626427
0.15173358886851077,91.67399902947494,0.25841887039994954,-272.99251200908424
0.34452380488212503,59.535056613766955,0.45162140852351274,-451.5670604600303
0.865425118811821,77.73843630494297,0.25429346999823854,-603.3492247045816
0.7240634409490398,74.89562029843793,0.13339458400946855,-827.4792408092088
0.32228377919654044,65.958992097592,0.3508957864561958,-480.2351194993987
0.7883299466295208,69.78098696736447,0.2559087976381692,-719.9513017382916
0.2597096056586293,97.68228021118306,0.2002110269063108,-468.1776492071839
0.5484295609833449,23.520511028917447,0.1372713302391282,-845.5834500924954
0.9248950181875283,94.85719504803251,0.14092354959843376,-462.44720402726114
0.4374958291776255,26.893202328985705,0.3541469842828803,-623.3900272680062
0.5551227577542802,32.147929310969445,0.3105182647782603,-732.8173006616877
0.770671090594192,27.313767025580184,0.4361778431515756,-668.3718133890227
0.2096623432438641,41.33225268056978,0.21552199379039838,-394.51848795451775
0.450077439393634,20.663058018750394,0.22297392931871685,-725.9190951992457
0.9116533230161379,23.28868058118548,0.40330872863195355,-462.6983845543984
0.6488063238488839,96.73022969745857,0.3998508785456697,-696.6007337870632
0.6973532012402641,41.94468544486733,0.19930850839188508,-812.232662761008
0.9529990843452535,81.916692172073,0.26267061521129553,-330.49150715000343
0.5871260375497794,26.637773343375027,0.2233296490847655,-805.2119275476639
0.8631267624059109,69.28789838840339,0.16392514027115973,-635.1916241720918
0.9825783035027015,45.835850168340976,0.13979300108080017,-170.95821869435497
0.6727361097306489,11.593254351215943,0.4467162785846326,-723.8229284178
0.6810839253397851,50.32521736196487,0.2191420663126008,-803.2928224399886
0.1874086631721666,59.062928834213004,0.4999338495249962,-243.96888221737692
0.46380906487286216,79.05803576316535,0.2828347292974299,-669.3386886076264
0.7330741340644933,66.21874933970841,0.3687725572921602,-707.9259776493825
0.3457279364683249,34.434005959573625,0.17075317765075085,-622.5588158859139
0.12449584932036159,31.476875219016588,0.4818657259695961,-179.8860541559635
0.03050512657584195,70.56358993092032,0.31346309048282006,-55.55380828588395
0.665354196220487,40.75943711989473,0.16272701511301468,-839.9204135744435
0.04260975486465695,76.7784689373131,0.2535807518516745,-82.54672787392592
0.48848520350438235,47.0166633547776,0.24455280803563056,-721.4385788450369
0.8750557069813126,68.26947163995187,0.2155719801873017,-593.6485712613834
0.8175156264433081,81.04021415192894,0.2661664343378962,-680.2862859778456
0.7149927803752558,16.110828814946835,0.4014465395220129,-725.4013390758352
0.8525558867868888,56.17657982860038,0.4509206266209129,-568.6560442585835
0.7434663328924418,33.68888894742155,0.2293605792906643,-777.71674534056
0.02780295136996217,87.34140551912829,0.35581936440274575,-47.228857521263436
0.4717963846926043,37.74655256286508,0.21956934946145698,-727.832610923461
0.02438502036653986,79.53682209450656,0.33938939427363995,-42.77466786796728
0.5539685705806089,94.59029034327278,0.17661839284863856,-797.9681580124432
0.24144722645121963,30.701281608514222,0.36624429972306927,-383.4059326340762
0.44228545231288385,25.35507917221157,0.3159902238330029,-653.3295662798944
0.20993953547936736,98.4300128086836,0.1836899431376895,-396.6675939884269
0.8128761729946394,69.91738819544739,0.49227012150059346,-601.4685608438965
0.19063397614694844,25.628379060137732,0.12221164243505865,-410.6855081942305
0.3298403156056621,37.98021655671903,0.22231675639734672,-570.4596410827768
0.02487237041154563,46.93042078202277,0.3366121471153115,-45.778830333782835
0.3133921783757761,80.25143679131916,0.346172625740421,-469.4124437541166
0.035710907059416576,52.10679600201406,0.13526762853177338,-81.53858304933091
0.4509868581201642,84.29715286379202,0.4901523129119193,-529.0348352596221
0.036419308516547934,77.81488658673021,0.1380364891564494,-80.94732525716633
0.3904045898840785,23.70777682454191,0.259603443993795,-637.0965903553545
0.6044111372736124,53.76000416898034,0.26588563779988494,-770.5807579418467
0.9018189554446643,59.58773790072412,0.49025989354211386,-463.99144369653135
0.5525872367215623,63.03294458672525,0.16340549642054186,-809.7238488280595
0.5147893064239244,82.35482246028025,0.41529564956292697,-626.813170125183
0.05626689614513383,18.613155043604596,0.28339966626715263,-120.47884461386695
0.3767701846018088,74.63821489001076,0.15621273543569744,-655.8108701613494
0.39572446573070097,48.09924857122802,0.4254834711726152,-524.4585223360258
0.3271937189167432,88.62763761836287,0.38949390142152496,-461.46125782839874
0.8814379208547797,82.18530812133059,0.49203587427130024,-505.6874850181243
0.39784049623723217,13.173047299974401,0.23889208265145784,-688.5034259495637
0.21671061277996972,58.95310343231047,0.10687485706447526,-445.96400346066343
0.7793161153250646,83.45975056579272,0.4555710596030764,-642.0984188562464
0.8062745904861778,12.143742159459268,0.3752656823505025,-682.5276505489586
0.3485013699468853,78.28385597106285,0.24728358445324608,-567.933090432771
0.8149430223591684,99.08514562750382,0.19103407337086797,-711.0493063885311
0.7015514512060462,17.422856963437333,0.4039131645577597,-724.7497208159783
0.11780639923719688,64.49003933437493,0.20424442733888293,-232.6030858388815
0.37077564891941656,12.184593645818172,0.1404587549126448,-720.6272635080632
0.84503736716979,83.02117162707373,0.14065048890300036,-679.0075741525538
0.37548649624006586,55.44926922242634,0.16809987733056714,-651.5454501392311
0.8577767129377398,38.08928950744592,0.15160186499855946,-654.343993342722
0.4465485882070417,32.80438689924061,0.4969286632073652,-537.6835869055274
0.5633286825707022,98.9818136076217,0.13826630083082173,-825.7518448686382
0.39160095311368137,80.91677284572121,0.3376500752917959,-564.7377327123259
0.6111030633951547,24.019015575987044,0.42194809618251805,-697.2331291209384
0.5235445675194464,19.472279929956187,0.38461052488797765,-685.1439518868059
0.8356511890110557,86.06520377704896,0.2787331279060719,-649.0850157667667
0.9580125806802613,43.990076092139816,0.2643237917284309,-307.82957233117907
0.2934103642767645,13.614685328598565,0.40398575226399125,-469.0920314086866
0.16118770522141287,57.29901699073983,0.23273906721713025,-302.0558089755128
0.3309824161786882,61.79492802884715,0.2728455408016457,-534.7900031911106
0.7082234591628375,49.58375599855347,0.30594160288215344,-751.022926743261
0.21653081806982855,78.49335483768971,0.24699637557291934,-382.8693739225619
0.3254890472514642,16.275710796126898,0.24884767872782398,-582.1804501600739
0.9262739729144995,56.406490881790965,0.17236474566797566,-453.24592606052425
0.7483023191278161,99.90684646051237,0.40769924871034535,-679.936005555952
0.9444642808692951,31.70950659661701,0.11875264754496931,-389.1245913098845
0.09496207083779229,28.487059795081944,0.41237074020798004,-156.41222341731455
0.4876416172789652,80.64316729826565,0.21822378498849757,-729.4288290438494
0.89653289633535,60.41213582911137,0.38616666137915945,-500.123724292769
0.4406582591177093,57.89948419698898,0.15213898433156126,-732.5776127630717
0.6855491092184737,96.14554696852103,0.39727951781423154,-700.4876808276751
0.17685518384710522,75.1696066111695,0.18328197372722,-343.19509213962914
0.25182295765855506,64.30944928057366,0.4826103151794333,-328.06248812223964
0.4250308838850187,13.867096921669955,0.2346753260077601,-716.0465163069761
0.31752962780087873,83.70215997934099,0.1988229718222336,-553.698521505721
0.6409988226273539,13.814579993175894,0.2268728366470558,-838.5476670062611
0.8199018709573221,89.41928682455037,0.2620703653687412,-678.0645350665183
0.36093169624108445,50.983450565334586,0.15997734608702766,-639.6449541079031
0.7579557070767893,71.54038287605803,0.4411203329831451,-661.9135472643956
0.28455808254992837,55.9486502199514,0.19495824531502418,-514.4809309837058
0.40502452024554425,96.5367270352953,0.20496587113437675,-656.8014447816928
0.044854942349084576,21.075603932758845,0.244755824743346,-99.65424432861705
0.15172337426187987,26.28397504618553,0.14646374259749795,-328.2800546140429
0.1201859468565737,58.64636585589056,0.2424929401342784,-227.86004107063823
0.5753944093826792,17.921123312857578,0.39314354932950546,-711.8677704952729
0.6250972990228523,70.99720164270447,0.22425662540890376,-796.634823429626
0.06427402789281803,29.69043277412658,0.3301501367448826,-120.34032496779587
0.557421673274188,95.83351414566341,0.4290209207737329,-644.3044480668812
0.7480893104100296,59.31432105407918,0.31248423894270416,-728.4977371902024
0.5040434994580031,21.34685084285643,0.27364804881653315,-737.2029106686061
0.4624458683780915,71.79047166931329,0.23684469890268267,-697.7886363276275
0.6315993388837342,92.24056719057185,0.23452560456490767,-789.303590106866
0.384846843087869,44.83803179269489,0.4438223925052196,-503.8750717686979
0.6054040115077197,31.34646935713663,0.24484756169351415,-793.487125506876
0.916097249252039,16.048723943046003,0.2247965220281079,-487.9724377566073
0.8477938756513705,19.16663841041612,0.2445968515593211,-654.1588077500815
0.732987154528226,23.631270505638682,0.38488129622159883,-715.5523304221996
0.8660705920416029,81.30208232623761,0.4044562109793579,-558.3896729514755
0.3037530950004383,10.86141826426246,0.4225029748254997,-488.97741935077926
0.7454467593635418,22.320227122174153,0.16311021713357415,-815.9811973539164
0.2957240839017245,60.03560888645395,0.37094771275957483,-438.11146443742336
0.5160212872704698,76.70794442276431,0.3995437315296235,-638.2598289314634
0.48803094844852973,55.17870227225378,0.40200399992011004,-620.208243052705
0.0564885810655076,35.356930897052436,0.4222137411952437,-92.16177079481538
0.5689753926422095,60.418116820567036,0.2838456068289087,-744.3831380529471
0.5048054279382516,15.533083049368399,0.3693505735078214,-693.1666650996441
0.518779536597325,40.84611413292262,0.4647272303519001,-609.323866892292
0.041211722437363894,61.28633326972442,0.43443673818122264,-63.17564587904405
0.3767114979338419,86.04897266620242,0.3071449751961757,-565.7179776191205
0.42470901505877806,17.03035718335129,0.46814456833508933,-561.295032539972
0.7316041612068686,44.13673107004441,0.16826276583109567,-811.0121304608764
0.7297885946295412,25.338439662254594,0.4267791058435849,-694.6301862047183
0.38401950209377816,78.89411792290522,0.13739942451615905,-674.9905603815513
0.405595254922101,63.43052683023855,0.11816141861230034,-714.5614198414914
0.7065730213266311,12.93666787984394,0.4667187783938521,-703.3276240660481
0.42120338727586565,96.33094909487932,0.4592780463968197,-519.5445728020555
0.6044522825301294,40.47538209267363,0.41156378372840674,-688.3533633468008
0.27201455404404934,68.47930812300986,0.43657680762094786,-373.72082430496926
0.06275317084976614,72.90641439553129,0.25439141018018235,-120.12706668901446
0.6903994507707467,13.308406058900733,0.1584833644759303,-868.8351258998439
0.6654420035218913,79.54249723453258,0.24152901156572826,-788.0642320917328
0.0916986492031662,88.46698055628853,0.40558667802614,-139.8118551975661
0.03394267495259979,94.25436785200321,0.14547476670584883,-74.34736169078133
0.012404163286293471,44.991652098610146,0.32086264311194024,-23.96051025030081
0.13729414056713785,39.27689127117233,0.4707746743852893,-196.00891394894606
0.21770239605678265,19.63030279756535,0.22367051584553713,-426.2217074754081
0.8498762496100077,66.91179674192128,0.4114809591672095,-584.2553230099824
0.43467815693029976,79.30897241642329,0.21826665598063186,-681.8345112939262
0.6491352586545075,55.244611521028766,0.3763698462099111,-715.4255786367175
0.960352089158311,46.3143397570387,0.10103014925334049,-311.6859053874486
0.44317816425097684,69.61250452321946,0.3905559521119577,-585.70693194353
0.7929745227594829,46.00361613889685,0.24412519762983287,-723.2396310084588
0.3883869123476442,33.520472851247305,0.25566164618392984,-625.8705903747626
0.7366388209997359,95.40133687623279,0.3312291100288616,-722.0337022504592
0.2687993692013729,45.683077828025056,0.31049757692347024,-438.0271188364579
0.8800702989899842,88.56966755175924,0.44730756043213193,-519.8174490429144
0.0611509529343221,38.81311463740661,0.11861568594379679,-141.75701537706198
0.4532685135226206,82.92513202069375,0.12939263718768454,-754.1827007579657
0.9788269116607947,66.85912588238001,0.11231542962422335,-198.55917795728155
0.15085839624202624,88.41959330148705,0.4433831233917067,-212.72824793742996
0.10924736253042262,34.789915368157864,0.1641165462683984,-234.5349291730717
0.3352488728233466,65.14211646566184,0.32060509616089605,-512.8611324981931
0.14333706201596313,20.48030908008321,0.11564322430915928,-329.0609582766153
0.674209329878845,69.47410277501668,0.14143884517918381,-843.3707125642667
0.6121437405466411,78.49553929200948,0.28232814975258136,-758.5924111937177
0.5256369410339333,95.51085818845756,0.42474778915610156,-627.0500919292967
0.9608917610607809,31.84273594651219,0.18314862090809153,-302.0167951717371
0.31964901140944674,20.349868079173557,0.3811750395829733,-491.49305675252737
0.44516222399998373,19.432495387923794,0.3011993904976243,-675.9017791283753
0.4640511624270044,33.108429226712,0.25812669338979666,-700.4788397714658
0.7009742367408263,97.62457506886285,0.16391934704014344,-821.0496344954057
0.23280950148467308,67.332157933313,0.3383621863571613,-368.9568623875123
0.7504228886719477,39.630715274643464,0.13495455460353636,-814.5337642071878
0.19160766346472893,20.882132183889652,0.3523549365097045,-330.56786784808924
0.9675031793107758,83.03287410137122,0.3347334456632576,-252.44968694144995
0.943382215738631,58.355607910322526,0.21341025904817582,-379.411797813081
0.4015351948377376,83.18141639554395,0.18175126798080732,-668.379138627183
0.872254206731828,42.98347139472883,0.3413419872369266,-567.6874848528727
0.3964246627158082,38.56892083919328,0.18714460733132823,-672.1058968094785
0.5403789814540592,32.162541630312546,0.23107976629660354,-773.7898041085857
0.7427345538542202,93.66775937585487,0.30768182858954735,-730.4068998072884
0.753433098003885,31.952038848850762,0.3720841495537427,-705.3021928080999
0.878144928897309,89.4250249517366,0.29187880382042264,-565.0327192253784
0.46253247380193613,76.40575389307162,0.36206268501754557,-619.4763456670026
0.5918692582512581,34.695230955261806,0.1632509038824042,-836.2196420574938
0.568490677621897,37.84801721894758,0.2648820769407437,-763.6593705719849
0.505456837480888,56.50619243787183,0.28346746999502104,-707.0132629025446
0.6907785850282975,72.71149126415457,0.4206322585800685,-689.8917778531894
0.2643927185629548,75.47935202225081,0.35271881366450997,-403.8974256397296
0.073991643289336,25.712529192338955,0.11525150460631589,-176.54020346437642
0.5183255027201285,24.78067322752682,0.23914510851367307,-762.966261161296
0.4297988927046337,98.30009985296896,0.12904758168538613,-729.2689380167118
0.5266477724173274,91.47752112654342,0.41595130139995395,-633.5931854832282
0.6106422480642479,84.05255957532418,0.2074614676481375,-801.9402694975483
0.3676291811460852,67.93022739344588,0.16627104871636447,-639.921080031886
0.3108335284445198,69.26287352465957,0.10313490486003381,-597.880769865361
0.6722075464967986,43.258552153974186,0.4421919235493498,-684.280846187906
0.4024750006126177,32.121470148504045,0.3629482414439238,-578.2044183036841
0.8264716369466771,68.06133500178325,0.46962380164006123,-595.8211967048952
0.7570286363010786,19.490448600339818,0.1318084999564346,-823.8989022806136
0.8933237945873563,23.222562719408067,0.23807816166003248,-549.692263438532
0.10425921184336276,53.81433549871896,0.19430732763832528,-211.65483949656976
0.16767050086308247,30.413220539446353,0.4016538628885248,-265.7475222099526
0.6057045444229688,28.200033389938532,0.11298814131233265,-874.8084261279591
0.7042952388316448,67.71059752318192,0.21910989413625362,-793.9003497369116
0.21672460431926094,41.31198425047762,0.24885477444132073,-391.86108796413174
0.03380403448050706,15.968309510292883,0.49534388943878394,-60.40455204967732
0.8543400977983672,37.817984880583786,0.33500863410229154,-604.7883267213385
0.7726141866711559,42.882345604937875,0.482521795420476,-640.1627335480576
0.9127278001622267,67.1528363389549,0.499652166375681,-434.6735716098587
0.293904504519567,77.8078598944996,0.29975027613542926,-469.2696678105181
0.5095623629804981,63.532537638874906,0.3329555500898006,-677.4616345897318
0.722290058869606,66.26866038771901,0.28011279218560203,-756.1286083242945
0.6233305043251461,58.839819374008975,0.43493071128113237,-675.0937844586485
0.022180902213349347,31.273510319886075,0.25309376766940406,-47.75134509219567
0.5096661580250955,21.27754846779419,0.38961437842717783,-669.0015838227647
0.9722247904317506,97.75346888672867,0.3592166703882289,-224.7661142205288
0.2376881471817761,67.21102396342218,0.31671587655955336,-385.56766891257746
0.4568116513029006,77.79565636677782,0.2644678408156864,-674.6419331131293
0.8013630283894595,31.00831010711884,0.32081817989940015,-687.6686944946101
0.2707973779674709,30.347742963763416,0.4525174109999395,-380.57757817354354
0.40855426070837236,94.58615096185191,0.10516079617897583,-721.00895311399
0.6866432838434522,26.708619587570954,0.2373702922231825,-803.6675281672566
0.4508950581269078,28.703210692498182,0.18509603259497803,-737.9198820936566
0.9449934274272118,10.678714406730048,0.1124671848049788,-395.82024051928096
0.8431918367014725,87.7167864979782,0.33039671641961477,-619.7543740096119
0.29417961996745023,65.96728047210566,0.30040988531433155,-471.3636288369625
0.010545784386134578,44.40190821265134,0.15091985394702037,-24.932866360540583
0.5355071992043468,28.909700083956523,0.38057964986532034,-681.1184273980037
0.8461945161441051,87.93782093902017,0.12790720154841578,-680.652473928663
0.9009938643078822,66.261363489259,0.1175814234165519,-548.4443435662582
0.12958259588311696,43.95689523745357,0.14103829198086273,-276.6435039259306
0.8835740356586488,89.11798519211797,0.2513318236636005,-563.0569060951912
0.49772331439546164,12.919103665091978,0.37089559244952097,-698.4457076279041
0.9696176017481234,10.954072802080098,0.24988867198278197,-253.21695749437527
0.7956772371262086,66.44651087319197,0.21098183880581806,-730.5817262066575
0.17326149230342944,12.288826484516346,0.20619050745073164,-380.3177647922308
0.5264464611055183,12.722382388366947,0.43568909556968016,-678.1941419933931
0.8736522323097518,29.325542929286943,0.34348479855807024,-567.3970412316776
0.8071902411827481,21.987896961786696,0.2080126370600851,-730.4617695554737
0.9587504930938385,88.1283866787488,0.4770929366511375,-282.09009386730384
0.8275258946902184,56.25764351353925,0.19594641544689106,-693.2444011335795
0.9813232121404786,48.342844560270706,0.324625226895665,-171.53973966757272
0.524125910558538,90.12040176375561,0.18056227342179818,-778.4566271465926
0.5943425583865963,66.76494628079628,0.14186844311323854,-839.1241966019768
0.07845389123233293,88.65824026701362,0.416855925446458,-118.24170891980765
0.39618022330666947,40.28332896731061,0.17413647215240094,-678.5807027705741
0.31919797008028694,31.285376547340693,0.18243073172552113,-583.0545862231453
0.908680598330512,89.62895846310244,0.48344698714757317,-447.5030508176527
0.3346014332022811,18.680986726878224,0.2566603929804253,-582.4672276477949
0.878393445699025,13.224584951853593,0.4035868286397407,-553.0200255032606
0.24441467704096093,47.20884961847072,0.3739797265956363,-374.10854862509206
0.5803516684132949,47.08501898073083,0.387540997965628,-690.1954686633256
0.5339528594183777,99.23077269658847,0.17737968565311302,-785.7930059665173
0.10649210526932763,54.49308605598774,0.2967868165568542,-191.4204374325439
0.3208035314790954,59.49595642123573,0.3593808063854437,-475.31718526824346
0.9761001508625746,34.391155694906935,0.4834961065761939,-196.160110632683
0.5925901482454626,80.12064328177846,0.11647873267023337,-851.960802197312
0.8200266920839798,23.167704235622736,0.188457231216402,-717.96703397694
0.7150923698415099,63.8508626561941,0.14313888323524973,-828.8736835327524
0.8923225239235011,33.2288824848366,0.19984953467917804,-558.2739545502827
0.3475942022356541,85.99035867648688,0.3583708248229981,-502.92527535205824
0.2266430557766834,40.25884572308585,0.4458686324377049,-321.67814713179683
0.0800727225005499,15.534886183180701,0.1723248509380965,-192.29779579523304
0.834919612142148,65.7315280100733,0.28933331800309126,-647.9339503555184
0.5223665597174558,50.936930712901095,0.43823201575320314,-624.1728576101823
0.714903143273093,67.13892167788502,0.1573148180715394,-821.3045529670005
0.07279630639893217,69.75814139920627,0.20296260301815414,-147.4440030582323
0.8396110859811592,53.33401328172631,0.4970266893639178,-572.0613763961398
0.5810418933192145,78.34902074072248,0.10986958047941986,-852.436811997596
0.12543833692431777,50.557085467236575,0.1631284247636285,-260.58044598233835
0.4985172577294194,80.8547384519043,0.46229328479447773,-585.7281474362318
0.5951671964731771,11.192748588567339,0.35143216647160047,-770.7086268713521
0.3439400050820574,44.6814216113706,0.15686554902426325,-621.9309508309442
0.7068938356241236,11.536741205280594,0.18780033111718472,-853.1379610396275
0.5797069985913699,90.49434787365063,0.34158726085454816,-709.7930337027965
0.8336055431341256,50.71747713014608,0.3291721797488102,-637.8755604839239
0.85621390043507,53.00327722503203,0.3782397078261309,-585.6501486842674
0.07099752708838535,54.06802606244502,0.28429981891109324,-132.53467945284754
0.6435507236852306,61.897256741447045,0.15549853835304306,-839.5782898266267
0.7181588623840749,97.8727446756181,0.461705367031609,-663.2175001041602
0.14976978708347216,36.22694743842136,0.41265597012119326,-232.585611341318
0.8757794617559785,32.66593943965974,0.47730136485320107,-525.5702995738711
0.849344720494054,15.143364288795869,0.4104310186020069,-603.0846728715023
0.14670251953555355,31.080495021646634,0.4157857053882631,-230.42463181425387
0.875616833478819,46.335009041165215,0.24630176219589905,-586.0065823971177
0.6437098393177781,52.08659304431707,0.36473534503013794,-722.0404734632426
0.7810476605246829,80.30959575199574,0.31393779293856167,-701.5763615450546
0.7925798862969011,65.41310574392446,0.13249555359192217,-766.4887782757052
0.16859539406116783,95.07203201850902,0.3326865732574048,-274.44548557357
0.07141893586534573,88.28492894921696,0.2563897844673413,-134.53040480857905
0.6342482464463504,75.7805462658656,0.276367384356361,-767.1487317642454
0.34050385830076557,82.88963786858322,0.3964055281389133,-473.7554879071447
0.26524994649696687,88.92953662402442,0.4284838230130431,-366.4436321548767
0.13726797321882003,14.918795626079524,0.1845017171825603,-308.7949844770083
0.8521896408178289,85.60360278143742,0.17077547933069503,-655.1478806897442
0.570003511569768,13.144699573909415,0.39121423031930325,-726.8013539164223
0.8299757115202397,37.426791451251006,0.18632818169004417,-696.1067953608032
0.5556159497831697,15.876043349212805,0.3990406508427333,-704.5267205944288
0.05754276910318338,23.51299847851368,0.32100067560104095,-113.3205515533793
0.2251210056576111,18.224867944548052,0.34556152132746476,-388.52216053504793
0.8108588511767963,26.43660915376776,0.437395423683845,-634.3206607169246
0.1974343533532677,11.326299495913803,0.42796967182465184,-341.6656100701222
0.9040659238198766,73.33396270082918,0.1698569513868481,-527.2489389156314
0.3233578320822237,78.60512760630064,0.25790731835779634,-530.0670987427608
0.42392828560109025,17.372698482187204,0.35762327368756186,-626.8476948886912
0.6588197612839706,65.92111395224137,0.3261942328917302,-742.6133828853923
0.7940576528741197,96.87502491364467,0.15767566835086436,-752.0688859727644
0.7602785319577514,58.57979919963078,0.3257355186981169,-714.7850151530594
0.8100573232441961,24.503238080206167,0.3645319372995963,-664.3961794992472
0.509435399978003,36.315743493473136,0.16800479225628476,-790.2977894656653
0.3254587685854415,80.645572108792,0.28389526565636336,-518.2626130063518
0.2206239370252919,71.17825726518453,0.14365837067745169,-434.61688426393107
0.9500220954803483,36.742333872241744,0.1226407374595334,-362.2705060659141
0.5722449808117834,19.299934389397034,0.3046572186904679,-761.2988807392405
0.9595886550168766,89.47974347936008,0.4861888818045488,-277.49087537639014
0.49350556269251317,13.203718034349098,0.1563203766964708,-827.7281053198009
0.3776460637814684,94.63815354351559,0.20865106102842368,-623.5394470940483
0.60910406517996,77.62698480098322,0.4388569259673907,-664.8884464159785
0.9832449306539756,98.05723682416655,0.46351152527632034,-152.26037461016895
0.8574195903427797,15.544736339147125,0.4270353703501888,-583.6537672580087
0.4113653442501438,88.91900850442187,0.49707106887569474,-488.0983981690514
0.05213747062381153,22.388872290135495,0.1104365283996756,-130.1351913189462
0.4105184569510889,88.18583147843691,0.4791082740052913,-498.22083948799286
0.753505428217945,28.507010363931272,0.19895604768465558,-787.4750862698224
0.011688458269820486,47.557746911364596,0.28290867190602753,-23.558346548268123
0.8260143040218191,31.677466433977276,0.1550333160005949,-715.7524173079552
0.26512612897801596,19.726685850528106,0.14141480725822686,-540.4242483015887
0.36882713591175686,18.01607212508521,0.4162848425796226,-533.6621632071087
0.9122697073089344,53.17632460838276,0.1289634132526629,-510.673522404193
0.3766438677050423,40.426408144706784,0.19261182013693756,-644.742550598862
0.4786249142666873,89.95063320180194,0.3516708463980761,-637.836094428041
0.4450251267931551,77.93866584653618,0.4581034780265162,-544.4059011753588
0.3656539769320073,25.089047096330873,0.18904009137178998,-647.3546258803973
0.08983961815871583,69.02367732563982,0.1346277789856313,-194.06270115995213
0.4253905220753393,40.5250224017671,0.413954490620309,-564.0851558899165
0.4932849625337885,65.17138588467567,0.32002607555573703,-672.9972263943946
0.22393987925452602,17.2565580476559,0.22782312018827866,-440.41567256162284
0.8191383766706865,77.25222976425849,0.1254274245821514,-730.3286783261484
0.4946850169898599,74.79549885166425,0.39704900953737143,-624.3444743939245
0.2437971820826004,84.90112260021755,0.2880706676886947,-404.71338956443685
0.10835669367456134,28.236466223094364,0.33029168909703666,-196.73898305510644
0.5762704281250293,46.44749993452795,0.15708872459732803,-828.8715919008728
0.4789956394574399,98.6164441059069,0.3704019359598636,-625.6234789911063
0.7109200805220811,72.5305865514986,0.27218202047030404,-763.6508375082624
0.978564360230511,62.305047907629096,0.4720526312595823,-181.60075940441516
0.2064243031108002,35.42721358655017,0.17514983858974445,-409.00235997022776
0.7284978362609301,36.62766585503772,0.44837240412192303,-677.4192862542639
0.4328799797633468,92.3954092859208,0.11841499115155366,-739.5654710537782
0.39740603088460513,64.2539087774347,0.43389967189117407,-516.3503055700619
0.293188908146171,64.06997823310101,0.46802822245039166,-383.81533479105605
0.36040118320066633,64.18824157855872,0.20700847474622328,-608.2302600195954
0.12549645296765122,96.38820971106983,0.2305765464985365,-236.11876429705904
0.4562853517320168,59.92051868034803,0.33064273000911615,-636.6397795309746
0.585824501807446,28.936639186910764,0.48220590142845243,-645.7671798799614
0.28395162682865505,64.01133853250701,0.1673449664275976,-525.5906044362906
0.454598697921776,54.43810456613113,0.15799555942174834,-743.39757711409
0.4725978821263944,63.69847815945527,0.23795015178003354,-707.5537157322774
0.6564075271324051,94.45432427566674,0.17766405436763946,-822.8746771793918
0.5818575591777073,81.7327711107438,0.4834835930808741,-625.585699415436
0.9346158781438214,68.60440047217153,0.40331347326438705,-385.62505521199483
0.525539958421438,68.05820634963116,0.4860421876725459,-592.4252229946086
0.6052006398539339,98.98808672093044,0.36259246778596765,-706.7385390077013
0.529988526032939,60.79345430725942,0.2620312577159244,-736.0898066975624
0.34819874716722954,12.937803984784104,0.2259176785681032,-638.7662713468527
0.16895480530250997,25.619528355804484,0.3986785124132951,-273.2413008330307
0.02605758464742402,13.848749703184312,0.4271138242762619,-54.22023917805748
0.22761634798642266,95.42689616627482,0.11170721290601265,-457.38138386074087
0.5571376834658796,61.38181697719468,0.2637952725144473,-750.5831689795016
0.03690929063865845,50.92582581789934,0.4925233439901707,-52.63533497344192
0.3215091463686578,89.2412224924751,0.46449776190841097,-413.8825834322508
0.05017377694307845,24.3052991022509,0.16406516406400024,-117.85518509538407
0.6828369099466706,80.92569237425353,0.1963342755370986,-810.3894628324656
0.5131897025571798,47.11598624003354,0.18299370554514025,-778.1778556898796
0.8844633990641022,53.9250810225238,0.3535625301963913,-536.8298569076777
0.6270234747883238,30.140576495807768,0.292128496363808,-771.2965169923118
0.6999052886912785,36.07867074295343,0.3118884608963085,-754.8064448283684
0.8745826740355301,56.67213317538293,0.32718024581805977,-565.0868237810091
0.8886877735154983,46.49704363496858,0.17728000934055826,-571.4094683047219
0.37134321208061477,51.78783894485531,0.3399886311292688,-547.5699539298981
0.5831456548060218,97.48882261218391,0.49670480306872955,-616.6631835486436
0.40547503559433545,43.395500834686054,0.34155008482543725,-586.7538502151555
0.5650683870363064,44.94980434782828,0.23081553577094846,-779.5834929553023
0.9323714957113148,20.355267703567804,0.3440550095801283,-408.26495374081077
0.9832985790234107,91.91341399908914,0.3497772631231344,-156.59224266323318
0.4722874743411896,53.22352641951989,0.294888143466033,-674.6235130204846
0.07326018682722016,83.91862978374405,0.3135052330261253,-128.4651003240223
0.9507423214243231,63.970321297864764,0.3402523845007264,-332.01753755001846
0.12612761145233847,11.728613759669347,0.39448241648324556,-240.94484495092095
0.033904532085121,63.257129123928486,0.22385337699306335,-69.35050886932237
0.6946518964864445,70.58516215425273,0.3044596518935315,-751.3573521316432
0.8420961187679104,76.52156996709111,0.42739297058502423,-589.915173862949
0.615306128890775,46.83623941999046,0.32387332832992854,-741.3226623546193
0.5918000468694191,36.6236906238597,0.4473978194284388,-663.8164632390907
0.3320250835800977,92.29480053194128,0.27094677567991887,-532.2761307068685
0.6232010985131748,92.6067953785014,0.290127484630444,-755.309389714472
0.8181682445390462,13.135777165495393,0.1676175463348955,-742.0927898878692
0.33030869267497365,83.24029770029225,0.1835081907385051,-579.4218033912077
0.46160277172881586,60.877652142237196,0.2795480889747445,-672.7856555844197
0.639370736193654,33.95320397463665,0.45317407342496274,-677.7716131284777
0.775990416497944,71.58547782021327,0.3051662621637612,-710.4369231491316
0.6348683438133297,51.277954998193415,0.39794958785299384,-701.482195423643
0.16406882081593935,83.51585142708691,0.39502824113479107,-247.37220954503545
0.5292263608685382,61.606642971327524,0.27774545236295484,-725.6569343191914
0.4366698844360924,28.79370616116641,0.12159344042298198,-763.086281196858
0.6426250207873632,67.3953847152323,0.25907768959566535,-779.300603541988
0.6430682717808269,71.0124448090931,0.17919836220750673,-824.5360723747895
0.10546854134102646,68.83017376602137,0.20818550879079326,-208.27969840445041
0.14588364968964437,84.57524182127038,0.4186208655993653,-214.11029487682137
0.09576625164567727,87.4601901552608,0.10790362307541712,-210.14021485052055
0.10398235036902152,30.0735769313537,0.3251254795010866,-189.34183626797974
0.5238202961635686,73.55911129640691,0.4989593499922885,-582.2811906397418
0.012676141506015256,96.70083233097014,0.11775508979096211,-29.167892175045086
0.7771196445192143,13.32826905137265,0.26089834147633334,-758.4460764145985
0.5672805124813104,18.88139682494606,0.23508150806358796,-802.6340730886906
0.7166092628283074,10.367074268801344,0.22732984979630844,-833.5689375857814
0.48098251723734564,70.78728107565779,0.32091347401378756,-661.5661016754754
0.8985556630284834,67.59491440819235,0.4823866532649722,-472.8510800488767
0.8163663223421506,92.92001985526664,0.18068785433441784,-713.1412590046532
0.49837454357357514,48.28612226487468,0.20284626473595901,-754.6175128505408
0.24931771798152402,14.441522716654868,0.2433940653812556,-483.13176738150815
0.13396212490063922,70.52061706976588,0.39497766077813745,-205.90639375548363
0.8362149559480335,81.75813134575722,0.36251585065280034,-619.807306977637
0.673335680132266,91.07881443612891,0.12012573052055511,-852.9690950683865
0.2698683643315547,30.18251255901763,0.19494405527177472,-506.19377473471593
0.7215781896771933,43.73767329960407,0.2121646409618593,-795.0364740373161
0.3118173709559859,78.84327820612515,0.40908064842378655,-433.9903991443345
0.2596796077329298,60.91384478887933,0.3015474792649705,-424.9377684970352
0.7344001014058898,46.5883668734686,0.16339792979284865,-810.9074378142456
0.7347469191451584,21.767723088793772,0.4522150700356271,-684.1082922965479
0.8173925016633019,56.246452515356644,0.2939850213861857,-672.3320768302658
0.8427819385254504,84.78517770918494,0.15747741803357718,-677.6913907993818
0.5458223435538406,70.36019880003187,0.17606660836598578,-796.9400351751551
0.2628091376942889,77.8445346785682,0.48598343788234555,-337.04771537712674
0.6034136981999068,22.9137541518656,0.45340356972862306,-677.3952120849676
0.3029440035355929,73.07180664820707,0.30220143335293015,-480.6214902099501
0.7870293659360967,13.745772581231783,0.285359994998863,-736.4436539623543
0.12654842086337798,55.472259924846284,0.40129311718539207,-195.89317824289537
0.32985244530381197,69.08323589682107,0.15879260062329417,-594.6823668315619
0.047241270121705405,16.82245579876051,0.25219270886418627,-108.06970333511896
0.4465419788705764,24.19693935013999,0.46884782718088636,-564.7245891688557
0.1472471437988378,55.64354146410188,0.3971033616335443,-227.06699263057405
0.9632206899137764,54.37830384133633,0.3518790364569008,-273.54720884798684
0.35862436969284606,66.52634164634782,0.23639695244252584,-588.6668035462641
0.7840723254488878,93.44949467328674,0.36349545831115304,-677.116991070701
0.8221053830998674,22.813518050552062,0.22504095794897114,-701.6024089155447
0.100192597942483,82.8221767317136,0.3224499041833201,-171.37590667141708
0.6652613624075537,17.847158881378064,0.4355786656680548,-709.6843104374703
0.3473721083812211,25.00083956077263,0.26911123585849583,-579.1291563388138
0.30213764346459215,35.42247423735141,0.4904182672013634,-393.7050869427863
0.7493125029290335,62.10639713291817,0.4758380364897681,-650.8295389356592
0.25918180880280456,88.95949636387746,0.24258178040422065,-447.96340989949255
0.31364625162258924,96.16500845047914,0.2516793703035965,-518.5932690097087
0.7516345849478695,29.368906908262943,0.3285932999085962,-728.0616864134605
0.3525622378268524,59.995627179539035,0.24970445716722983,-575.139133189193
0.39459223294216755,67.92704737431188,0.15366904596131056,-679.7136924266222
0.7361516202882077,59.15154042802015,0.4209857146157302,-682.3871928116837
0.145696149721129,41.98291053256746,0.25366966023232784,-273.45560684836806
0.6890155180260246,46.82839952588075,0.28066621838089156,-769.6481619251277
0.3266800331837891,42.68258433703214,0.3012170877195784,-520.3608692749384
0.837222940827072,73.20599439353076,0.37953719052286916,-613.0980087240287
0.6159853128315924,29.138797351888893,0.459286333034736,-671.26536285663
0.0175207585528101,30.45867850440685,0.3834254924036433,-32.6555805674251
0.13954068175832957,63.27508958129142,0.1547733391394276,-287.0254209013271
0.7455003482122217,98.81993640354044,0.14143608892575235,-807.2543058542705
0.22539859936280318,84.64101301557551,0.14037509561239125,-442.2148935856492
0.026707577409071454,81.89595532861975,0.4173239249069267,-41.60607765260323
0.7336645355713773,48.7377307798604,0.3731345872244557,-708.633863793911
0.6691257114279027,19.669277332980343,0.22105542874546225,-824.7815857444765
0.22880403944305444,68.1987649975986,0.3629575816947015,-352.35536111455843
0.6233834864098843,83.73790868403302,0.2600238765084111,-773.8185758726062
0.6246442332990634,97.73386959956932,0.40020532276453824,-690.838219734784
0.9305974165428335,80.8728177196724,0.46176473267572027,-389.49072514077886
0.1057876873699576,25.062345675729514,0.42411231321849674,-172.96224954016645
0.17801123079099188,83.84362209667391,0.4573886993855901,-244.10986295043668
0.30610137130571846,61.22202472320283,0.28591329128544724,-495.74981187629055
0.7611084233391888,19.997316399419347,0.41036188637351556,-692.9104567884935
0.47245114064993343,63.82539945533823,0.2924729791142518,-673.5059676700553
0.3708243137507158,72.57291529552869,0.19515203781415644,-626.2002320752052
0.3837126493146481,78.18994926495812,0.29543268098519193,-581.5139224745321
0.5079068320588843,61.29682063271686,0.1087164596328793,-816.5464111978207
0.32841388993337023,66.51671490354947,0.22462349577394605,-557.0103129510578
0.6780954104282675,92.22167459991861,0.2296687476545365,-792.1645923218942
0.03462983064574293,49.957543829491634,0.4117831411413765,-56.3395480665646
0.5958450874332659,47.09897618178303,0.16574642793771144,-830.0280841854885
0.36324300253459896,19.458785584105097,0.47608129024940515,-489.3591635700522
0.47932137598061686,90.34511649763496,0.3261549576572845,-654.2504462581251
0.747944353877974,24.048978469154815,0.3433581526100583,-727.4600125506139
0.044780315851598626,45.41603942238413,0.358689805688839,-78.52217044423075
0.22224264923366122,90.74807888516307,0.35800019238699876,-342.4155040328339
0.5112141811598186,96.26351407766518,0.10152063209183049,-818.3066371443109
0.614930756052174,27.650503424240036,0.2774341588803939,-779.6965622478818
0.1914439423555673,17.179333410813395,0.20593180858022375,-395.0018599385575
0.20116424963830795,38.73011079808984,0.1815050577064699,-395.5311579588712
0.6213276791081642,84.93027065671694,0.1797758076871744,-820.3588481406738
0.719292171851498,34.4736648508115,0.23949038896308392,-786.02650138288
0.4509095844037198,34.450124520227384,0.4632741488501527,-560.9414441358193
0.4469918528418565,37.482673918784045,0.4988189575105535,-533.4886054406131
0.4021628334835035,73.0818145037853,0.4910692753428675,-485.1102224938609
0.2573962487670938,42.41197719047334,0.13732724839616695,-506.27434593343514
0.9758779363085417,82.20133815250621,0.4488995205619336,-198.45956636194472
0.623348280430518,23.682487481552002,0.3605872869800456,-737.1751815170189
0.3591354399818959,42.095917245411215,0.2370383460863581,-596.9243048076387
0.2606964300594444,87.69288416543134,0.29732895601190634,-424.0027935002186
0.25637070115925914,46.35765456925996,0.24630349934862739,-451.05946748915886
0.3211036302505393,77.33082359221365,0.39017181050421745,-455.4126919592338
0.5535958370716921,84.10990161565411,0.211998531543071,-777.0427913585316
0.5800418987947342,65.14050837287253,0.3164221952099594,-728.6239818747324
0.6584776877627703,58.52906412978854,0.17402926376898634,-829.2617029884813
0.03325403911507567,65.71283682767857,0.23223323456340228,-67.22216325201586
0.5752836122569356,75.4046977734619,0.47905154172785225,-625.7182179832531
0.5798393402904141,99.07319924088806,0.3080637610779478,-729.4696656898836
0.9108804095917631,26.768954888518486,0.31319714152728384,-481.936735686168
0.2369148199769443,80.25910826767705,0.271693567866856,-402.71271464965344
0.05243924274298294,51.167212866005684,0.3254978044474131,-94.4983330710226
0.9368266700767554,90.86195463798484,0.40444710478423096,-377.1563917628358
0.5620694000544709,18.764387082050064,0.24721092838398612,-793.1659077404536
0.11194710734531835,49.95668968249473,0.3209816964276413,-195.61939479620798
0.32965435769918644,31.576376705655242,0.15962314003636507,-609.6424257565618
0.39366544534105485,10.30153341294233,0.4251907295627291,-592.369267962816
0.7626162302738688,11.139405465993967,0.4709639391957354,-685.0801349255802
0.2690364314581781,32.76023933391799,0.2431275773884076,-479.00464587577255
0.9407236512499584,95.21939849798632,0.3634767087079309,-368.7007572229963
0.5709068791062424,72.94891036041435,0.4762854179239827,-625.4399753610201
0.10331193334401523,34.87717949130932,0.15469418396334353,-224.91403549509138
0.5073816659611277,56.40059662789226,0.2554441272759346,-725.9133098711409
0.5820713579447432,91.20333229985089,0.2620441685880366,-759.0532851800892
0.9495745360009044,86.58027758276951,0.20309567054351463,-352.87098486569266
0.9038739412850596,24.362019524854595,0.16703665455666422,-534.6889612571999
0.9317727854682409,20.73321211532229,0.23450001964560224,-427.6360081078178
0.6440771177062179,71.09945718841644,0.1316162278357448,-851.7602423410157
0.6399231275343051,23.459279389337308,0.12132029128308806,-878.0043257080513
0.6809329826691431,75.02553536959506,0.4051468905928667,-698.255833988046
0.05799757652431977,28.39913828424158,0.47448551987017973,-90.22569820181576
0.2691074479624226,59.19399477177434,0.38470747700328045,-397.6418102062381
0.259558930191302,48.98264232553074,0.21020909783938718,-472.0443806174401
0.7755383130705501,87.55829251049133,0.16387303433177258,-770.9117629007733
0.1771608425883012,59.74733517491979,0.45040431339413556,-249.22871758286726
0.7388954014298843,65.74815269365027,0.38001690493224716,-700.1333975228106
0.41958397591861346,78.0723365204938,0.34816740180159533,-587.7068420232306
0.2755167980302284,56.107431117618155,0.3819345336866383,-408.0307093139908
0.8957859065294218,50.682433777877655,0.37495320911964536,-505.33015225014356
0.3061126735245043,99.60558157256362,0.41995814804386866,-419.0602714348509
0.7679852902440871,58.53370141663785,0.48972273178667536,-636.4345895286114
0.753112839988029,34.29436697095858,0.22417910220362225,-772.9420501778833
0.3789438772646166,59.19380258061737,0.2167422318097859,-626.1259998099955
0.3293992362736832,15.122432764753265,0.4526229603981794,-479.30034889616917
0.013440899612244943,21.06088773226831,0.2696001953047685,-31.241002035533043
0.46381886193749033,51.466366618990456,0.2166076837799237,-716.4539011819348
0.18408199170979112,53.77300496731653,0.476413183853582,-249.99310593037774
0.020674794941553908,76.9829721492374,0.2990626106757618,-38.525593067927126
0.6134810222414462,54.6721647998133,0.2573311361238571,-777.888131242741
0.1330546712448062,79.33724001175914,0.42256636807824355,-195.59778614566946
0.3101210803381839,24.47092861762258,0.15021197850132345,-595.6407276123741
0.7101121736476556,83.44314385582257,0.16177435286994438,-819.51539330102
0.7401378118473751,10.753047624579107,0.42555572943516695,-720.9607782355087
0.9429360725529654,35.722283296364466,0.19402993274280875,-385.3987169085936
0.8999554520207261,67.81036624872067,0.10340968728780414,-554.7223882171414
0.5148397974323978,90.8151301928676,0.18038666335892684,-772.2331589137459
0.9366102412874282,66.84191916687193,0.1813492836788879,-411.5637735745636
0.3454698179918934,91.32616095407701,0.4156863316017566,-467.5125549059047
0.549523499760603,27.056883688695635,0.2755667551779907,-756.1815613292484
0.5433382551227575,14.014053260630714,0.42897837446994147,-686.2776432605838
0.031826950980245974,56.031486035549975,0.1877529834230992,-68.56008593261929
0.044685493204120706,25.829127110321892,0.43142035223864894,-76.40299948688954
0.24330028368272044,70.93935268200576,0.280388178822928,-409.5131829775414
0.9226658821316086,53.58369807664756,0.17789665514920527,-465.5133411369436
0.8961898065401843,80.66116608800627,0.31785727507495776,-515.7912291633197
0.633853483961663,84.82247376965326,0.15625369968823893,-835.603328475266
0.07522854751713885,17.43830105289457,0.19955288056228923,-173.60538593494326
0.94347555764774,60.621852691296404,0.13079993241627866,-389.9168556567571
0.07475225622975314,67.89309558916742,0.4952482840479202,-100.9852604206444
0.5055830538310573,77.41890816011433,0.2454040982125122,-726.7255145130857
0.6180499233165037,30.408333584338298,0.17226618033514562,-839.8668663023666
0.7055292411636714,22.469490704137556,0.4600010383159311,-686.8935209799074
0.9170044601285028,34.90750710846551,0.2956358587399149,-464.7924407796893
0.34673599863227045,80.97860761425699,0.33867302708857927,-513.7183568479147
0.376605713245736,21.28081607055452,0.47659665637121196,-498.81723692979
0.5426022034014667,60.72626231216591,0.19079486672486864,-787.8872351766354
0.25443008202375994,36.97027843827741,0.39543659410316245,-382.3887456424086
0.5469700385554959,73.37174214332155,0.14611156714719611,-815.6037812547024
0.3509967126858939,47.297012607565215,0.44607398860635683,-465.7431025163475
0.9207115078786772,63.03164338443056,0.4164206437899328,-428.4455847083756
0.3118255823751602,64.66534482547777,0.3344969070336322,-476.44002675375623
0.6313096805853539,45.26994054561347,0.16127734243128736,-839.9326391672395
0.3877973347905057,61.004065411283726,0.10898291268563157,-699.7501021048192
0.9761793669456504,57.03361470888451,0.2512462800012887,-208.49742885777027
0.8839360425205739,67.13234910583878,0.11455029116487002,-598.1822580262794
0.3216584684697072,58.00515257018079,0.2721455588696132,-524.2224790039533
0.015528124208707566,57.057266630670846,0.11975157069720117,-36.689241398214385
0.3002955291429741,32.77372552998276,0.23095542640234812,-529.6613484126273
0.4937695338762048,59.34650068445082,0.10929748660387234,-806.0614806440548
0.33958934068640617,92.16595829712388,0.3315938221703534,-507.8525197683129
0.6554008845998213,51.21891198223908,0.41254678172928716,-696.7779528599515
0.3350219757949072,18.198887624903556,0.45430713584789084,-474.47558529474003
0.33167940922035116,47.64539559095529,0.30198809494040396,-523.9468153515173
0.8879867287801883,58.532390695041386,0.1318928180086065,-583.3831152555719
0.29496282832006326,82.18249532468546,0.37972967183730977,-428.57172325977507
0.5903126149369651,69.57058846405896,0.22479793582104293,-787.4078770073983
0.5199919867608731,13.030345311851619,0.4239243012450722,-679.8884589021071
0.26374888222447956,82.48914264548115,0.31393542887648906,-420.84132931609133
0.1568064699422054,11.013059170872664,0.4611530565978825,-272.41903628029206
0.3571822020065993,90.79115177436947,0.3337634615774693,-527.4594075821271
0.32244287322149545,56.07617007214997,0.35455912088605934,-480.86479783207074
0.36238358592921266,69.50139875339244,0.27655323391471354,-569.5026473720762
0.8065409993596736,73.57927847584642,0.3003604452757461,-681.6244787451825
0.532917808289851,84.46095933958902,0.29660943794895955,-712.6093667861276
0.9643441836489419,43.58528163101781,0.37012288536858207,-266.74900335268813
0.306256257175804,98.56492907903237,0.18881377695089904,-541.8150979170064
0.25312227980805424,82.35551238202223,0.4594396189547437,-337.575190973137
0.0530083468094089,90.6465948358442,0.3955592360944372,-83.40383728825589
0.8554889094592353,33.88716554615766,0.19369264814723466,-647.3363781547114
0.47833237744579743,21.74940235237394,0.3986707551715346,-639.0142976261255
0.2998204510655641,65.00697303458247,0.10272678888994187,-582.5137309002096
0.03736219933999106,84.91078509925526,0.12299693046855409,-83.99969731648967
0.6204457388576262,85.7813562346824,0.41222161893929177,-683.5935225267457
0.30245518221795736,35.68250049875137,0.14674307586196822,-574.7247646802881
0.6481526138912105,99.81456715264294,0.26433973750416984,-773.3462338035821
0.1197301090164539,66.30663459825143,0.4235754810046667,-178.2053794275246
0.5176147682047344,61.161890473623366,0.10204534133125792,-827.4712435710799
0.14423342322111463,54.19498206384805,0.14807834505238393,-299.7233546879662
0.651048149363002,65.35340636772031,0.19971861155134465,-813.8234870586313
0.731636729174428,64.99592093272213,0.4943473410873235,-647.1545256096524
0.7953132323235742,26.13675427879467,0.25704668669880737,-722.8529308578148
0.787407741191307,25.139211450917234,0.28186306377440395,-722.0127399397629
0.8702957379571102,21.91059536530787,0.49543602010820775,-535.0393853863973
0.8544957346563153,10.90150372925039,0.30436800681909604,-635.8940307498515
0.8039341369036047,98.54978552354997,0.20842873050444363,-719.2722812945209
0.25448614459807695,63.25493391893724,0.3487078340798656,-394.81079625890277
0.868034225471455,98.93485643968239,0.47840349059804554,-533.0079363831164
0.48603196504107793,37.16816819421519,0.27539076191748874,-705.1968308859305
0.1425101901762686,26.405163872977408,0.40745620811938943,-230.86154645142355
0.803452820880677,52.526439347669964,0.4116068165259068,-643.7560798347736
0.8042891935522211,77.08424822639668,0.22030048761338072,-715.3930461746871
0.43959268623218706,69.025827768756,0.17539604441590853,-714.7190292173642
0.7093073064539107,54.19559107223393,0.23266066408099167,-787.3450183164211
0.11575588374713625,68.55385768762872,0.13746661534922816,-245.30937389065792
0.12916786501414487,12.323871319680048,0.4394567510810471,-230.61570711267868
0.4003482789892711,30.8021768074495,0.1414309718635507,-709.875414273994
0.24196104554616255,11.989717287876916,0.35551755519186,-432.5460597015759
0.8578568802543638,69.63265075422183,0.3410938189273659,-592.6377877534886
0.8572709797098432,45.48554569505905,0.3885203289451923,-581.7223561568492
0.14714538612087205,45.871574546557625,0.16004461824157193,-303.81399820477554
0.3147549896653252,67.42421313108909,0.22585581350356493,-537.976244410024
0.4515562764690063,98.07950980757015,0.29112943830331617,-650.9744888846552
0.13083936223456208,63.08945262262466,0.18350776080894554,-262.4628977130318
0.12702967005778867,87.77124053904046,0.40690370211273674,-190.70567695823746
0.47517361793092017,49.10067874808653,0.380266907014283,-625.3398746701024
0.6049822951016166,97.7677835458524,0.3814598919277651,-695.5106508655629
0.17525004907984792,49.12572802440251,0.3462212216436653,-287.03133377123424
0.1603286865826664,68.27794164926898,0.3221541361105691,-268.5182931729941
0.6956663789321402,94.90321222523272,0.33219511348825603,-734.2278789292319
0.9083106902874855,48.9604694414016,0.35915417228945723,-476.26925163550436
0.011222923877785961,38.256014906174094,0.4369309222767247,-19.026365723698675
0.7598323337055103,64.90504681473745,0.1402207023091273,-798.6587298310933
0.020778383467228073,20.57287610910498,0.31678255135953937,-44.96563603244739
0.9321206140722396,14.322314708946909,0.4172162830136539,-401.0022082383248
0.35033517015970955,37.59149082022654,0.48351432985190834,-448.7725576436971
0.764073239699875,55.8297798691002,0.21237480659067287,-763.5552502989838
0.5220984765140954,99.47583317496454,0.44010106026030993,-614.7193275831506
0.3709436055715351,39.49392401404421,0.2629041036592158,-597.5019728381361
0.38873163481506756,39.0575652530507,0.26893577230703447,-614.515331109081
0.6817909307650434,59.06014421519051,0.12705219281746724,-851.075228650814
0.8753125240508357,86.36293276115148,0.3418333990117782,-557.788765096288
0.8020475927264253,98.54074926877892,0.15738025478140116,-741.869282833483
0.3477497983441273,99.5752819459579,0.3268091722285208,-519.5074073796437
0.7571153124876722,93.06100300309306,0.4304798434294137,-665.5142907329887
0.1760288323687025,53.921374799580775,0.10743161952984229,-373.1966238286703
0.010895459691859774,90.523682456997,0.33630300436028704,-19.343997603623436
0.6853596037682563,28.037801953777635,0.2556689414343066,-792.9782175272213
0.09248489750422736,86.05887471355014,0.38544684918371785,-145.3550815219946
0.4056484566706918,65.65328153127206,0.33309371858373465,-584.8859660982215
0.8125772428147356,11.45472917237928,0.4773368964090562,-638.1287677642488
0.3869009643941447,40.53363643494188,0.4311658191096117,-515.6345379842556
0.06173355337395471,43.95829425706591,0.10286108631787526,-144.0167405250798
0.02758858925011031,76.62369642080677,0.10396566295870735,-64.12103821177968
0.8989877621881118,47.56214343375219,0.20758982174337248,-535.5887399223328
0.8130935162715894,83.93111809830202,0.3720756806891672,-645.8202907549191
0.6509063486292621,96.98667097149087,0.2390721548423852,-788.0411413163948
0.018307553758556902,10.962294643020789,0.38460034754922334,-44.66533474489238
0.7589509230563477,97.82268360639492,0.26190088789188737,-741.227166989246
0.4336857780617001,38.44755653160287,0.373255888174152,-598.0115663920134
0.09136366680659769,32.60160127009716,0.39089733446343344,-152.92398715941007
0.7504539740129187,83.32501903903287,0.18228670194210422,-785.2888492750687
0.6897490329908601,70.79835021084546,0.354715825498673,-725.3649265429217
0.21831933440823914,37.20797456223889,0.2665766012706502,-389.0235476159232
0.3281604265764488,52.819926285569345,0.3282893706899048,-503.22701847402914
0.9525532578630337,72.93886744813389,0.2526273854559453,-333.8283400586734
0.12393848629070886,45.675201945322584,0.47573061038084996,-174.42303697786113
0.8093985211441385,81.75115260005093,0.22719390230090744,-705.806878521937
0.647686851739419,65.14758452062779,0.3886260586657757,-706.3164015860835
0.22998265101234674,96.95709390015656,0.17841467811926398,-431.81770930157285
0.5678952636656409,20.397789610566072,0.40190524076690803,-697.6350296448617
0.57425774979233,26.5358302892686,0.3720805000604831,-709.8134042178251
0.0560806464496054,72.89082462422688,0.34694768264917775,-95.59905505347744
0.6848002262055654,40.62879711971553,0.27256646629642456,-776.8487661307549
0.05994986535642375,94.85611230063334,0.32187561328865566,-104.14504709795096
0.5599436179561412,86.08126441763,0.38296663004903064,-675.0004859964496
0.05287600664382204,50.377186695684195,0.29239149366003303,-99.50705629766989
0.7813135747266752,99.95631578308915,0.10542034165342545,-789.0286554250429
0.9587086309013132,93.53442968789788,0.17689611740174055,-311.8481575608471
0.07660279653632866,29.77080164749058,0.37608149791238876,-133.68760307465746
0.8710163277585394,78.50916079601153,0.17064237867453813,-614.891293460684
0.778425201518594,43.8005110951359,0.19139309399379384,-761.6098202735394
0.41240771034199913,29.218328712723814,0.32728169740816737,-612.6461654508159
0.17959557557976852,25.42892447134524,0.15799233266008714,-377.25688157340164
0.7371390689040807,78.85914173183743,0.2751403613380101,-750.142201337333
0.7302216232661346,70.8236049177981,0.4430399702811775,-671.9749742069557
0.6604362473846568,82.29503763096122,0.48683746406534156,-650.7658489481729
0.31578051713575583,14.140051416908195,0.28624794248034524,-557.5541303030737
0.4553255520211839,43.66182245636396,0.46729519467784686,-556.8041335233543
0.02206649735693989,66.84865824674836,0.36958395756602014,-37.67400870996725
0.34116549887365194,73.61126844684217,0.4817070514223798,-428.08055247593114
0.4877525593596378,47.325950975928784,0.30496971712884824,-683.08477996368
0.2625379004180053,63.26632568230719,0.1832003109222866,-485.53863301321235
0.5621572053249801,20.594667480987532,0.34183393548161234,-731.290583739464
0.27235918139698795,26.968688851363112,0.10620256148546368,-557.3034883182416
0.6451190835522914,28.964468323204514,0.4689274070346402,-673.5666994420344
0.5777442780322355,57.532258435443985,0.22838251765571316,-782.7782223171229
0.8566864916365238,47.36810431535975,0.14636659242447841,-656.5870609617428
0.20047686508216073,56.33808978923148,0.24556820799091264,-362.26429790358367
0.7541493989325131,28.747476861615727,0.39368001039616807,-696.7468181507796
0.8666085304579367,68.21068902657375,0.39075233311359325,-562.0963951568239
0.051236031690392654,27.130799800447353,0.24663244373036305,-108.55432269214391
0.418966405870107,90.71233668342752,0.3787603047145055,-566.8951131061701
0.3505715042112225,25.55976810890775,0.3400480359685439,-541.9686091285552
0.0321315195926705,99.8572500227128,0.30159923686627954,-58.20579070178405
0.7673660742975821,15.895839636119632,0.20573690218078544,-786.4288574903176
0.8709251490241454,36.64068184867105,0.2313211531510246,-602.4592819393766
0.7605333930101975,56.10786010890096,0.29442071178191986,-729.2276534483343
0.7201243899246587,35.088332907799455,0.31029790224426235,-749.745902169469
0.3570702172087081,37.81141476994148,0.3861005775567695,-511.51638903856656
0.24997986798989633,27.18330898156916,0.3246990571382678,-418.07436853487803
0.49709829284330215,58.830281406734244,0.2577130053839741,-716.2214388417544
0.10861393634783567,97.33511249822267,0.28792166146013887,-192.28031252177783
0.6363792974314827,56.62647806691741,0.35403369268372864,-725.8378271818391
0.607838750292869,92.15414882485942,0.39112748821274823,-691.2563473878531
0.8941266120640736,47.39847454209799,0.4166881202415801,-499.8513380291811
0.8980904036496146,49.9514451297044,0.3072741624512806,-515.1454004250758
0.9567971021072905,44.448874473030514,0.3076020007157849,-309.21202811549347
0.07681338386518619,15.651209713258469,0.35775551542558937,-152.1722203922949
0.7204758258402202,29.62375445439215,0.2642794014321655,-775.8214198721721
0.317106209364426,15.3270792763515,0.1264317903638027,-640.6347879309346
0.7260206190195028,32.61875415119107,0.102513539349571,-851.661410049181
0.5589356495135874,75.17912977306113,0.4065165271541885,-661.3306837737491
0.9724695835886057,65.70865897416442,0.18899664774550598,-235.09149436097792
0.4727613989793939,65.91135073181485,0.20836528529773968,-725.6209437345564
0.12634302044426382,48.85963057161977,0.4857711630680258,-173.92664865716276
0.6255058946475536,67.16454007481218,0.17267988073846724,-827.4258824977688
0.4417997946169728,72.71112832327559,0.3051644022879561,-636.4146537293493
0.33505369182463207,37.948773739180396,0.4870154664243671,-430.20330158884667
0.6025663898015581,88.65507474656033,0.37822154802066477,-697.3515556879508
0.8413073937465679,74.37874575246786,0.43464197406046334,-588.743385850302
0.24771144225672134,49.51740478058958,0.13349346506364818,-489.44253736001133
0.6712148084811436,83.67687331692287,0.14319385130419568,-841.3473386608904
0.7305105028282423,72.11115507093409,0.2893106828370849,-747.2311970475523
0.9534615494486873,48.2840695858955,0.12787783279221798,-344.2554382076533
0.2224279153077464,80.32865845040703,0.2732364692059255,-380.4295250118165
0.5137694383608173,95.47274200298553,0.1677375401068001,-778.9104560461602
0.6964695955895503,95.65921439923538,0.11497541303326231,-848.5746229420205
0.05801821729041731,43.70268496309737,0.4363174916519169,-90.37869189754196
0.86264243725279,13.983665539576723,0.32684877488184455,-606.2508531301106
0.3442414413883425,20.47208632240726,0.1441547778867993,-653.7200621311697
0.6722398437034312,94.0636016519567,0.18593284184556189,-816.797274585002
0.4061134490540046,32.02883943023718,0.16832312538548538,-699.0830837337933
0.8898599295143093,88.05349642529772,0.1341460113141375,-576.1626361849494
0.800938998931005,81.85550408257951,0.12621810929902694,-756.6439366520991
0.46802882953493685,41.45384047832047,0.17539160486710736,-749.9196687781329
0.9395860166060833,40.70907676999022,0.18267662788862382,-400.6252431476747
0.763709860185677,29.94742129445684,0.41800535899677105,-679.2628081964709
0.4341899290417156,66.9898491618842,0.43281140922964656,-551.9813200973852
0.8791500140017474,55.47780383557728,0.2620978081433122,-572.6065923971912
0.5286202288685573,79.10163999549418,0.48480706700478016,-593.5600107108476
0.558026444301864,12.149173037177976,0.3536194064289012,-749.3910213946074
0.1175206910886773,96.87944447267111,0.3517479489054367,-190.6696440232235
0.8855832253724272,17.9361416092108,0.3167802196855569,-553.5788612393666
0.3941821575265301,19.577427267411093,0.4765650547596434,-520.1914215428675
0.48070570407173524,60.393441140341785,0.4498107872450413,-583.2204011213312
0.9780065919347284,48.53654085124825,0.20285807735403166,-199.62032551889385
0.8192418512653694,48.19390460234547,0.16464600615093197,-718.857539672924
0.12287163179932832,28.218273266400402,0.4630141492264077,-185.12349509495442
0.7679181171863889,83.78360624568867,0.491957169958012,-632.8725521101924
0.24083521908687863,39.8918812545154,0.21127947052530877,-446.8193932259191
0.17237132858623416,22.7877381571905,0.43381814986968525,-269.348796790436
0.8140520559742893,36.15371391109179,0.3977947655713038,-641.5972863582297
0.5365737116716542,47.813276088846365,0.2809886708707381,-732.1473996413883
0.4724396709241014,90.44690606316507,0.15113376186443273,-757.2858357052039
0.11611594691860472,85.58226617046223,0.22896011979065112,-220.78598132169043
0.10239734943504751,69.50577467752566,0.28077488709230153,-185.85962250732067
0.40262277861268947,93.61943701158673,0.22232970195366653,-644.0296983806786
0.9320144313550909,66.1404728340148,0.36812102328396523,-400.1773235302124
0.22524516201982528,77.61489085291176,0.3897115929020395,-334.3260463734874
0.7163909318307009,42.19893849429308,0.45613801892816763,-674.3786023219074
0.5343487769049183,37.70223062373091,0.17564220653726578,-800.8494401000312
0.5510269084418074,65.16088572036169,0.47672353203948814,-615.1554373554175
0.9421309706285024,86.82616832506724,0.4534108608077496,-351.2551732491881
0.8527492307103779,38.71172265865202,0.2534320037969671,-632.9336263417849
0.8423940886202602,57.111909929878586,0.4457615983325095,-585.0130127001769
0.06088824902147805,11.895990078580365,0.320893326543081,-137.11038336766535
0.9784716471833976,97.64501131805403,0.34681047889856315,-188.42847540589744
0.9352588030386205,88.87692690450882,0.14480037999758208,-421.91015227326653
0.11657022165524095,48.5854557575488,0.3597652664285169,-193.55698817994164
0.5494856391757769,65.58655626179694,0.3915086528753401,-666.7561152833725
0.03591265746798012,36.358137314037656,0.28394104834025624,-71.62087482031923
0.11447386069821826,99.8581543754659,0.44554060063843515,-162.0649045857685
0.8597477371197422,20.247076820700954,0.282327328191179,-618.2439305290898
0.05218018598663914,35.84930161636587,0.15446908021874128,-118.35761054784288
0.26340836774781756,57.565080938657786,0.12128858760473094,-518.2035856507767
0.4918006501846474,17.308806927465213,0.4321355978182705,-638.8900797950284
0.2659819682654084,62.932927642257404,0.4092214729512632,-380.8066993076005
0.9250370537788253,78.23585957208775,0.22633695281088353,-447.55282711332603
0.32788503586125106,22.236947879299244,0.43673442874846746,-467.02594383096005
0.7104226908425398,61.16663401708142,0.41782138008290226,-690.6402213988582
0.7677834864838212,22.076166054971548,0.31829947631490685,-727.0489256925799
0.05785968095635927,24.4609500511172,0.43432771779059065,-97.81565444259715
0.38725604152797843,44.7826558128266,0.4154381627101055,-523.162730340486
0.20273632739736397,70.40093956834917,0.2618336913920125,-356.4466468471424
0.26141772919209544,11.481715454845878,0.3034787103600796,-488.26119303892733
0.41282783223478414,66.8496526894152,0.33059697631018975,-593.5169673305498
0.06454435135050916,30.557268685126107,0.34044027138428623,-118.84415926228581
0.6097656744263541,96.94080504265285,0.29524852658455325,-748.4354175730626
0.19780426683401842,47.86171114121216,0.3430595598318534,-321.91966292647044
0.09299385844750957,63.1347045713148,0.24274880352126066,-178.46741953903793
0.44710282272880664,77.98942879451971,0.39312912899915664,-586.3118369311062
0.3436737096035207,23.752345462297185,0.294419890748396,-562.2451919495944
0.965478167372265,93.11392452458789,0.3724574455528121,-259.7868080793454
0.79488907961138,67.95961127230282,0.1181815049583233,-769.0970819288874
0.2749851294137799,85.88163665180352,0.13001949691046663,-527.1493145602853
0.5897105857613117,50.78721174041217,0.3468330185570453,-717.6787609776426
0.5339562934877577,26.077173097582754,0.28715787796670844,-741.2818300828804
0.19104048843756247,47.04398977341572,0.42583370433599643,-280.3890335456573
0.7593497134518542,38.10673064615679,0.27716041861741736,-742.330954181298
0.6967385242407198,26.512686229799435,0.3199176255633158,-757.5851034619945
0.13541988349904285,92.73645289495464,0.10602550057975257,-290.10586992910316
0.7203134498892177,70.24920887869668,0.33756957623004524,-727.5609617626093
0.626082775440913,83.49331680803306,0.18201180254653382,-819.9233988631291
0.019594575857269498,89.39977422830741,0.24136337162017704,-38.975658086112645
0.06057965061226212,89.88252566222238,0.42739477520055313,-90.47280187184818
0.546327754932121,29.940006920491015,0.47384794328133595,-628.9370477021258
0.09891974196033253,13.430716013578667,0.2842682574479514,-213.39925357054364
0.6048463308495413,87.97325430896419,0.3924744813547868,-689.7586470979821
0.17939766866926657,55.65231611957598,0.41942533756654754,-264.4848195245799
0.6831902447103352,36.109760943566286,0.21413978832722289,-810.6588827114388
0.37243325841683145,81.27344412511279,0.11632057790223477,-672.7493642013299
0.7366460895819131,38.04053654633304,0.11935016483324241,-833.4286760038455
0.19774389871460513,61.81065239541389,0.4650266622412925,-269.80203715599384
0.6504095054386339,78.15537962191883,0.29988436008123653,-755.2687960052732
0.9631035036383178,20.486119096033427,0.3234537503744801,-279.396634481817
0.48907249110605555,21.246575539572532,0.4661164090434694,-606.3215453577493
0.283583070994661,13.711174457254714,0.318977443342529,-499.2905892335768
0.31855129500450646,44.25310550009492,0.15716658401406375,-587.3256347486443
0.1961739916535393,99.1362850925221,0.17942486782089404,-375.2848439761114
0.5717130120858412,96.85596064607842,0.47701204880248615,-622.7305393342671
0.5128973588325233,94.95674183969487,0.3252859129273804,-680.1743536480839
0.5489022949538438,88.82324320220847,0.35042240011109316,-688.5118545907045
0.6796750365340315,37.76490403519789,0.4778250470961546,-667.4058005604928
0.027551382184702856,78.52599926597816,0.34103111312989753,-48.116791104249984
0.1333786287306074,90.14941095111071,0.39977938873604824,-201.60653453004218
0.21909293211354797,50.356060659108806,0.2728351726640257,-381.7215734315113
0.016728617085456803,90.29564198719773,0.22062700574519362,-34.21223085921285
0.19179955945075397,65.34986790258915,0.4268441459210899,-276.31430091955434
0.8385596893345922,72.83357430079782,0.2609440468814191,-651.2530534676807
0.646956600639864,67.38896537750206,0.19817137076792296,-814.3408575788133
0.16790721187912622,76.65863836779454,0.37496206409317634,-260.56600993906534
0.04494700513805198,85.2154744464208,0.14762737464584005,-97.82385856451344
0.2543503754959494,93.52468055364201,0.24125818163217938,-441.01171334609063
0.709122009076069,59.48452588813386,0.2579928718030825,-773.3841642098615
0.4470768721350214,37.38468567660041,0.35077323743612066,-624.9051681613146
0.5347905825657865,81.23322490552565,0.3623020456327707,-673.4168686879606
0.5348875182710828,90.1290376593873,0.4593426439997865,-612.2492628155031
0.24088761628064176,66.83907104255414,0.39105236660796905,-356.26499930696497
0.17538809761444757,52.66497787272253,0.3731285515576105,-276.489098917884
0.16484051478493797,47.24463537997685,0.4997437861091967,-219.31670035342032
0.9549684574506989,77.87081307376172,0.44101085195294,-302.33545929011456
0.9307257617467755,44.44023591027564,0.3852144709189631,-403.0799481446238
0.7428023291865945,43.56071105076278,0.463149247035361,-663.0534280318129
0.6443213370912055,38.39524887782372,0.40309329994636645,-705.0448670162915
0.23047200549446734,76.24485326972054,0.4417131743696463,-318.4988521352919
0.12445433035521525,45.52728315585165,0.3361763751121661,-213.083863178726
0.9258704527826364,94.05677659080128,0.32776250980247085,-426.8651674302642
0.28502547052943206,56.27036132932773,0.4468351396391528,-387.0475534459572
0.19563431410567614,95.65268255420224,0.1984752973531926,-367.1859386913576
0.916265496132386,22.50058800606931,0.4580369278216454,-439.202172043081
0.16312806554782322,89.10149219916046,0.42736297153861924,-234.48202565093223
0.30209608435413243,86.76336872654994,0.2411988033996762,-509.64652409480146
0.1845492922285464,43.861458966391034,0.4654177253611247,-257.9815393835517
0.02449198876691648,70.13883845467564,0.23621307012646042,-49.48803794799652
0.19040597350833993,88.73957682937318,0.14842911306667467,-378.3267097356428
0.4551200752072661,42.54027509497636,0.46952347198328703,-555.7881932080759
0.530088816857649,94.43414696092398,0.491991101241968,-588.3639196104943
0.17445396267321847,70.39756547215882,0.3971555525965571,-262.87476585711784
0.7123048256861947,24.590161965382464,0.17700086703981405,-828.0269649083857
0.534802563588618,97.23928759056822,0.24547476699235127,-744.2275650689853
0.5985338628525051,71.78616578407465,0.34826628103411594,-715.7983011909287
0.32293498937754295,23.955244487157216,0.26010141654826424,-554.7448305550599
0.2046494380589867,62.609629090589905,0.1536023993530641,-404.8018550919801
0.790759390801129,83.24052388165067,0.4068030804794809,-654.053673866946
0.3559843553661824,80.99460703828599,0.3788882201807354,-501.49273539353754
0.5214548398143151,80.65885993441194,0.40589849096793174,-637.5469021295683
0.7366561384876539,42.78410860844062,0.15679920995678112,-813.6644598396744
0.8678221352177089,25.9856473234558,0.1741378379476658,-629.1264061368693
0.449528015656868,60.48979322486112,0.13269499105785335,-752.5662345416101
0.9630180817285172,88.71836646206661,0.21528482508208702,-286.0430370299958
0.5270725453613795,59.842119302402494,0.38027415207727944,-660.9259440991709
0.7877307139100423,19.78698463003292,0.11489509751061266,-796.3559283014581
0.08556305521992297,71.02100618285684,0.12474873401636462,-187.0518554686864
0.10102880663996246,99.52499022040448,0.4061104334369665,-152.61390560296536
0.6120113568578563,51.18762520801591,0.24885866217996644,-783.4726090933367
0.38766310177354096,50.50780268417549,0.42197057876440747,-517.3974007614813
0.7587518648843058,53.52376988888812,0.12934808975530948,-806.3116437551286
0.5703727590257784,55.55177557984982,0.42359951673719043,-660.7830326568226
0.6155483370128046,64.6081732816861,0.22503074232279216,-795.3543389411791
0.17419705934670768,21.838945735564156,0.2958373719830004,-322.8502158059964
0.5507388916336123,78.66580804687676,0.19354074403274765,-787.5832176709863
0.5438050385227743,83.63493359526531,0.4426103175685455,-629.0257207072659
0.7327671475479534,55.1265666640248,0.47526019023372434,-657.7644158503732
0.6990378591789416,28.79626111726917,0.10020328453385813,-870.4687410624587
0.6204210094373112,64.87266043178556,0.46354730491159046,-656.2135591261749
0.1658174037449275,54.49206137958475,0.26073518360546,-300.90569944098416
0.959407539280792,72.29039226901693,0.2491815608082197,-301.57602815947666
0.6069852084274789,26.394230625808667,0.1301255909785149,-866.6818348879714
0.17047939491501607,24.48841855495148,0.42875544031200585,-266.19758159111905
0.7980702575006887,37.80551910605553,0.2878401000552172,-701.9408599875713
0.14834293738621718,16.848817320332444,0.24265049965442587,-306.52875903855585
0.2754949048666832,63.994718768736035,0.4213128714766158,-386.4529167520574
0.561690851590826,85.3461163469905,0.28122562007501584,-738.5099036138167
0.15918932899014082,76.74317500567199,0.49601870382735525,-207.53703265122107
0.09503832736469285,85.37862203302795,0.4517790491245226,-135.0258161503676
0.6765789080502659,49.69602841782206,0.11673521942740149,-860.1323203526523
0.050759310675395054,65.89967829433246,0.11057250231696109,-115.77291593081515
0.35356084012123756,85.93979738249031,0.4042303946502731,-483.66100971692026
0.2506084941447268,66.15356445155368,0.18101095100143696,-467.5194771398854
0.9269056776219375,21.112841655816418,0.41615234310669247,-414.91632639678494
0.5775342857869088,16.590612196832296,0.2173404765273976,-823.331676313421
0.07784027514116437,21.33130109175599,0.24120543331020106,-166.44152481346273
0.4113712409586461,91.90151233183988,0.2526931158048653,-635.3653609431316
0.3763584137424726,17.686909142766833,0.3144953148058893,-602.2214284330628
0.15248442554096556,62.25813915323736,0.15098037100499984,-312.5550036769819
0.7284063293381062,25.983508503884103,0.1277576848243086,-842.0857852862982
0.19343685632770083,33.98595648439756,0.39848553820609967,-300.7215556650351
0.840975798226155,32.506264861905606,0.27441102018776886,-648.9405028435356
0.9291756188248081,62.08210906582224,0.24149793167300287,-430.7934712497692
0.09567690425130683,69.9278658352081,0.2482030686435085,-181.28386457387154
0.6573125345194545,77.49811941101618,0.2965101965205855,-757.6521959380175
0.62382600570543,84.19227284227462,0.3135226811558086,-742.5472962244124
0.5121158025119976,17.312438675533798,0.11263169509341507,-852.5115251487388
0.6341731616853991,44.52700822722274,0.10881129109814394,-870.7656997902523
0.8964096837445973,45.05037633350473,0.40826967791116864,-496.68461018586356
0.7513325303279363,56.381474457287766,0.20779297412906997,-775.8031405266213
0.6425646888081865,64.07639483852239,0.14807152342591554,-843.4304349723594
0.4291909668822273,65.30080771358115,0.42763342833599804,-550.8393327206471
0.2471944479978574,57.04915209597187,0.24564051092155595,-434.24648171111113
0.209810600224812,98.323730159605,0.111306859833552,-426.3945727503608
0.2226589941048686,72.49191713845971,0.26687085473054123,-384.64772097952863
0.8569218851155821,39.26307641175636,0.14539345585952917,-657.8197536664096
0.12742796666018133,37.38020521876488,0.4509361991140268,-189.11995572761435
0.12365256393874782,26.13540576988626,0.26478223095691555,-241.60945456764833
0.030860977256644953,24.266040153580516,0.20113262499341397,-71.80248948620562
0.721931399821368,11.856707359681348,0.49707159971524795,-688.2744741472133
0.015236600653612022,97.14839210921404,0.18793555767166079,-32.315556298230504
0.9116799729633192,83.64946194318661,0.10371552132247715,-516.2760955942733
0.9618295411397707,73.0776698521505,0.49813060946742505,-266.5729595654005
0.23938792102588372,57.877954605545035,0.30333709835428846,-396.1010554431688
0.04998700009141026,63.4544416521433,0.4798087085498566,-70.56372552609501
0.9545378405650587,16.963868198689973,0.40425269570365996,-313.2546600572298
0.21506283152483016,64.71565862884133,0.40148540496026786,-317.7757698382366
0.5352319515918783,57.73717348059736,0.4024361904093312,-652.9764192297015
0.6459781093849188,63.99258564380378,0.21852443742162786,-803.2618228375642
0.5908350533579482,52.32528534949232,0.2794972278143129,-758.2830976367186
0.8390524887752703,31.462745870142584,0.2561808464704987,-658.67670639375
0.4841743834570158,36.11622413196393,0.13508609850932057,-791.7973273410543
0.5216740968723861,80.78601568871093,0.2084433185483186,-760.573102097152
0.9890193767114454,12.481864912551385,0.19994295468802548,-120.32998913166348
0.5595292960642302,36.6486509588453,0.41401740439233903,-668.382990495475
0.2037947773897792,94.57376292773236,0.3829009003567668,-306.1655842841397
0.17437500208706577,89.72678525377813,0.3592869168731052,-274.03800204342735
0.8603248812985032,50.87969645349791,0.35985159803986977,-584.2501595804068
0.36257108720951653,74.91802963086639,0.3848430645119645,-506.3469994956936
0.9381062693756457,72.89541446220326,0.16688003400081325,-407.40731871944996
0.7994396262744785,20.018050786241297,0.3114996345285002,-701.4268163427498
0.9357419859420962,23.678628498657496,0.13517093451918913,-426.197641401785
0.5604209326769669,17.447866529160912,0.12063068399930216,-873.4408942798242
0.051054947349055795,70.20361911021527,0.37783000790980104,-83.77288891156715
0.8438559448258731,37.54492381763997,0.267190222062448,-644.9148367999998
0.5779422012305334,90.70033853564529,0.4069375912549671,-669.2036822433054
0.8604121149545653,67.21724695166168,0.291645010149783,-602.9829315094272
0.28856286394542985,27.992708690604644,0.2453299425198804,-510.48474176385463
0.8498917901906947,96.84309476283724,0.3683676678410325,-596.3573284532641
0.20657552920783084,68.4385008777979,0.18435851405593687,-394.4316531686866
0.28647839585055584,95.85415342792987,0.496774276427139,-356.7582784711698
0.1519483874194675,50.469032183738925,0.30311772482037874,-265.3421543023877
0.14569714807132306,79.42891115836781,0.36373547493044844,-231.42679975894072
0.11195158389556001,69.22672902730227,0.10783787434201525,-245.07297586871286
0.534328679280342,87.29244995488162,0.2883262200432901,-718.3187695412145
0.6721292387307999,33.154823393106724,0.3380862738751017,-746.190215269805
0.21727461767531234,93.24340364706798,0.4996221090107743,-275.19808136031185
0.9066513797661865,67.68495060839548,0.29294554425402064,-493.5712206421068
0.10747992609615538,23.020212083053956,0.2615373964052382,-216.5220292635991
0.11689026738996557,94.68917549980192,0.3080132697386889,-201.1078634692711
0.8761916886603274,99.24087680524048,0.42030938789476757,-534.2825227308712
0.6895911105517607,42.14498180954226,0.1315612209221012,-850.6625215919288
0.18912770409525304,46.94028930153141,0.2485589185812081,-345.66193010681604
0.9757088861526126,30.505389175427844,0.1622029143037277,-217.6136834983694
0.042248602853952724,61.447244316915025,0.3627388368400435,-71.93550224483607
0.11633967180555267,46.343339710857975,0.14130633176323412,-249.83611264490753
0.28641489820355176,76.54888419865331,0.4315849255564401,-392.26801796512837
0.7298380876030791,18.155503090251056,0.23823666312063901,-796.2880913103692
0.7104549323008833,16.85629914757737,0.20160823115056276,-827.602031913994
0.7913374243397923,14.920368355738688,0.218757486033529,-756.4223584244296
0.5442571092804674,64.48232813096678,0.130584029073273,-825.2788352853877
0.5975687778266964,91.87826962046768,0.41868111873724434,-670.8639864793603
0.3482037232531381,64.58771400026937,0.3442185343075846,-515.1728885023638
0.3864428396595497,40.35578358628881,0.2426040472587376,-626.7761155892164
0.10459546255065735,84.49968779704373,0.13489055286794774,-222.1966986143047
0.1262536390929217,49.26933242581475,0.11951352626900609,-274.47267526883434
0.6931951118179184,53.75597629891014,0.3375351811243057,-736.8942103730312
0.03434004651249619,47.216559890393704,0.36407138995142485,-60.16676097241154
0.4534692461078755,78.24352326566998,0.16914500607173605,-730.4461421000902
0.6589193384427718,88.89379338764695,0.3489840027645019,-727.1555209515686
0.48280626181719954,62.314471191993015,0.24537103903142451,-711.7865208651757
0.07755178341445013,49.67726348258101,0.39414789427404495,-125.35563614784152
0.761991949767502,63.532329064363246,0.2750308103289568,-735.8621576017084
0.47649515761507133,29.3272391263353,0.48553839835637624,-573.029854959887
0.2967494840869069,25.55796946642309,0.2263647483959054,-534.8550712218461
0.1766353917601273,55.429837692408064,0.4365984262976593,-254.54241402183504
0.6122485509719464,30.697175563166983,0.11186554298683352,-874.4178138248128
0.9156822696974736,88.63237276500193,0.3490542204880237,-455.17072447749456
0.2690863305374914,11.588618395627098,0.33722901065609134,-482.0480288453289
0.8671026749104956,27.543517305163395,0.22300486546420337,-616.0712958579062
0.6602143212495134,21.668135085952404,0.15870369795102085,-857.5725742365405
0.02792376827084471,58.92994239273088,0.49005606466020113,-39.71683662205742
0.842455771135356,16.87174244375932,0.11351941780281241,-709.956358608952
0.39816064933488216,79.41318241419675,0.428694877163596,-517.5025321057686
0.8379245804261696,91.25565424406382,0.4099224103493885,-600.8051911594598
0.2050014604377918,85.6216670597256,0.48754941342639835,-266.18126762968194
0.5182005346936076,32.97471075042429,0.2920684992691124,-721.4067873981003
0.21093286800414854,24.812826193468112,0.3368909307242738,-359.38976969856884
0.48954067323319955,80.57859022618632,0.23643433694673832,-719.6073312441782
0.91355168199361,19.57275100365409,0.4239345601632386,-454.9006263623627
0.5054611871334328,31.714762878169573,0.23759563996905875,-747.5159026674718
0.9831208959426718,45.95517984981996,0.4900768503698866,-152.46253103071845
0.27547472410193896,24.96937292638289,0.16363599794698014,-536.3376679564117
0.6009969041241116,17.732575488716567,0.41645013347435444,-708.3295502862736
0.9575327360769396,15.842522933144869,0.24298079499478833,-316.5073324625262
0.7496243983795889,57.59299296529088,0.3389859448990469,-715.4509996103262
0.688060170626471,19.333420676713825,0.49250927015498236,-675.9028749109649
0.7380093472723629,91.28148898326695,0.21875464107811196,-775.9009976767871
0.33372781084586367,90.58063391752106,0.3221010659201682,-506.24140494577637
0.294902139366963,21.534000205366016,0.4818081233574548,-406.3362024945139
0.15178090597224092,55.36303660811098,0.1636429444681931,-308.61096498068304
0.6012973439102173,26.160286454426853,0.46346673000906247,-666.4590926213242
0.91395777304749,69.18537056905816,0.4097747406796075,-449.002714552306
0.7596492264786019,28.202151440553518,0.48908449719440816,-650.3974582493546
0.976325609660869,51.43927630033763,0.11893093802484192,-215.31826862672938
0.981981970734544,13.17854497982935,0.32400274448411603,-169.57922233566984
0.435387686657485,11.397899239873754,0.10464945726057513,-820.0407081577558
0.5164465770697484,92.34843459845219,0.3724926739708805,-653.5295246942338
0.817567963717074,81.72644295784335,0.32289576459702507,-659.0690130181528
0.7602491961905743,27.562962052829803,0.10864145688234031,-823.4845562364163
0.7694298148329705,27.800751468072004,0.14199905712681762,-799.0295573013059
0.556420075930176,50.61969060841088,0.12830368090894695,-836.4362029206584
0.5851491196342538,62.12631965127547,0.2592355477260891,-766.0158132345521
0.8365722182453872,99.02305652131159,0.23069651717240425,-663.4506677336335
0.9347533537048842,90.04160299478832,0.14473229123148668,-423.93739127557114
0.7717231273421338,22.698064399641495,0.2956034149872455,-733.1564562736735
0.7660374918987567,51.640370220727455,0.4621966493169878,-650.9101600538161
0.16520992713798038,64.43831227829982,0.3596448588868435,-263.7812994882619
0.8485956990248382,61.46984191484722,0.18679752301928731,-658.6876500849597
0.9362457462964019,14.962864375693295,0.2232567279403453,-414.76919906673254
0.2770660930916421,22.59243700731992,0.32962547315318336,-459.5890711073031
0.19763464878512207,76.51904983252868,0.26715499533555565,-345.4398781162644
0.1716179876225346,50.619449244681064,0.22606097144372878,-323.7619142339013
0.03207991127514384,29.82170334654778,0.24982322887115102,-68.5968064691305
0.40837309354603435,90.0186618444904,0.3762433159620252,-557.9358374491467
0.18543719526061062,28.87717827263373,0.13791936072991395,-391.7334333373931
0.1347065366708162,48.1466677490301,0.1201182634568475,-291.33247509544333
0.7246016614626242,21.786516795702525,0.3024743442428103,-761.9535672982696
0.756777739008402,27.810880619070016,0.3389569505628187,-720.9633983829536
0.6975133710689826,99.19977656690888,0.23285791459824356,-785.9009219892367
0.6625455665284699,62.691156515775134,0.23459209057690505,-794.3675778345491
0.517228576884993,76.30197052799808,0.438332159236395,-615.0098639291298
0.07006856281135343,68.59350836207378,0.19863638264880126,-142.9845905557927
0.9684764900360927,59.82556984022726,0.41541002002644933,-241.47250810844773
0.9761695093532211,69.94278441586773,0.4567155474985901,-196.4475723253857
0.8769533956690161,33.70161571485895,0.15953659936526932,-608.604513176937
0.7568551101327914,40.93787464368539,0.26394557135028207,-749.2785364297389
0.7606474519381178,94.00513299382294,0.21255099720276738,-762.5931485321831
0.5940976629426087,39.04409102503914,0.455719397384053,-658.4870600996182
0.12013815711690906,41.69189732042126,0.10183879276725022,-269.26225519676086
0.8154613908236064,21.54650248772444,0.18864561536047075,-726.2704919973502
0.6737958965981441,17.71554401712934,0.21993383612859782,-828.3260095931232
0.08661521203827308,55.91640863290447,0.33320315828424635,-150.09964793525322
0.6050301254821621,45.24308281280361,0.3807290101166665,-704.9678124323535
0.19350794827978712,60.337410510301545,0.2256595012642417,-357.9067726498646
0.5555627222067313,88.89101100438732,0.13792107006692503,-823.1704404402708
0.2545706489734267,89.46126532922182,0.2813355450196009,-422.7897286683869
0.6356325217679428,62.854488001547644,0.47312793446551393,-655.6424499913716
0.7706339877457606,58.54472874441964,0.3055447643278534,-716.2073682085382
0.058674372423080046,15.566005168158146,0.4399641133140557,-108.01741910666537
0.0819562900311224,71.98242168436761,0.44580525091083134,-119.24324119470052
0.9878573864404981,12.15361972314038,0.49731973330188317,-121.19081594786653
0.6797992307546623,68.15050033232913,0.33971071896803773,-734.6696708099302
0.31289867273458105,72.64379144800861,0.23787294769114387,-528.0581356851993
0.24312801104372167,93.35826215347213,0.22532638864714785,-431.63161284070617
0.42042774551023465,79.66024439545532,0.46474812901450446,-517.4593704489671
0.9369213751562732,33.05831284826077,0.13211303390315995,-419.8949814270522
0.6856739818374595,52.72362149451831,0.2231983632632233,-799.5902705383795
0.9838320599277576,18.814971431779146,0.4036410242830234,-152.4457623855904
0.549389593496069,98.09369257420224,0.28981313836100386,-725.3463462935327
0.42407210465716694,32.71872718701836,0.3198795257538921,-625.4813341287288
0.21096948531402693,79.27036688153605,0.16827503523546034,-406.78144574023025
0.5375289070473377,68.2106058393024,0.1242457372267702,-824.7070092252184
0.6410477768348519,77.91084788447664,0.444730595933459,-671.17386969063
0.5149299198842515,98.41571523923577,0.2275785383443167,-742.1705367438874
0.14135932076057303,91.58010000985324,0.20949564358188288,-270.5031918631554
0.17468081137211186,55.82954507040598,0.4601640101299781,-243.3527567980519
0.7826876332655507,92.59574404321499,0.223082488728871,-737.8775085341018
0.21963751203797943,46.71099449489445,0.4390227789991783,-312.79133797027026
0.11320690843304641,89.75288179393955,0.15959356902848035,-232.63044547094415
0.1704691698559325,71.83677658406185,0.4457889290180602,-239.92890430967876
0.8907500788430276,75.38480512541932,0.4771525661393444,-490.9217532448522
0.6209813811334877,84.14245180909613,0.4848423393417304,-641.2951616460059
0.7665310936532723,21.91832521948487,0.27044537367166166,-749.5766420974744
0.23462279488989368,92.85585868240307,0.15207253815589908,-451.4659546295166
0.6264765550385272,29.15751671488504,0.3024062813441276,-766.018580625831
0.19990076791468814,31.21112784630602,0.17414585113381353,-401.3069847635972
0.520279383828812,17.5407184356108,0.2663327423407936,-761.444658360287
0.08174375595241885,49.631943986644224,0.1489850686669453,-177.70942812380233
0.51670013360746,50.73319656024493,0.3077966416710526,-701.5624798190477
0.2342150893014194,69.59482521191678,0.1697902092148174,-445.9239768247776
0.22680823130454877,87.57336895311464,0.27379326301975837,-385.8905248658948
0.496465094989823,26.695186867401944,0.16000436703221102,-794.4030096405232
0.5711268906946622,28.69481668142866,0.24014014534745318,-786.6959656530662
0.6978558827468638,39.06154210444452,0.47035421763183893,-670.6228320713843
0.308193045005684,59.2192633404605,0.40971979216560606,-433.15349333399195
0.29255277118064993,98.00418868855846,0.14520164657148693,-544.8811023743423
0.09237107510084828,76.19391801795187,0.14322348904952095,-196.6603953440447
0.32117668751334644,86.23041961991483,0.19739712829606948,-559.1140758738119
0.34912036035960864,57.54693392970366,0.3284014316726465,-526.9431855331195
0.49353389712394324,66.6921004767731,0.17815490434133416,-761.3352999558574
0.4178231299424785,51.71782521282284,0.37520706481504584,-575.4844351981608
0.6938505363547027,30.559731663144586,0.2386612062900209,-798.1071640162563
0.45372770998698836,70.52652768080975,0.39232584918140634,-593.9674530901748
0.8337999107901487,90.10490579247055,0.2116653353161634,-674.9464595862569
0.5301657102056432,37.54357144039538,0.45330726711394453,-625.9139536015338
0.5859658711172668,53.80329257570713,0.15556373212071414,-831.0124603448642
0.6932204062067782,92.58636815652912,0.28081374605033715,-762.034354774474
0.6716742257191339,54.79007611602233,0.12072014291543104,-857.8282058763958
0.9254497823932493,39.63256017128883,0.22036925251510714,-449.3518257082416
0.7357009826762249,82.60415527238439,0.2926312203054483,-742.0963906821905
0.9462819414520142,56.702991761231196,0.3149337655269172,-354.1378021454756
0.34514829050734896,82.26502987879792,0.2102270055861557,-584.0833089227425
0.9634795741355929,84.647248658484,0.2479325488197342,-280.7917970541514
0.5969857446730387,87.0941394568332,0.40360552918541237,-680.1275328306053
0.3137080280503222,23.997963886167923,0.3991296905253451,-467.86183379279566
0.14508965779243324,53.46712468115107,0.4579091414996842,-205.65819503492824
0.5171690725688136,33.12002296259899,0.41821857708311816,-642.0287724109089
0.9533880031208521,37.47473650614221,0.3074815229262751,-325.38760043057204
0.8346925842084728,82.52840701173665,0.13651086750919517,-699.7140114139889
0.7417501085518483,24.26967497409747,0.24596804399242275,-777.2909560110899
0.06335297620390905,40.00093041570668,0.29805220514843833,-119.68641313204989
0.7681290345865931,62.49909066419329,0.3856939935076389,-682.0241156005696
0.6840036037396269,58.36303540321697,0.4928233039313056,-653.3969062369148
0.8307904553291432,33.75654671647944,0.1273962590969776,-716.5186353897776
0.11278907665102839,44.54041096832388,0.34423783096985394,-192.68626408530616
0.3960527999529369,91.8815549071784,0.13382986882687775,-689.7273838396695
0.3404166663982706,38.94291231659191,0.3690553056934528,-501.4291635352215
0.766755200312113,35.969120093612474,0.11851136685988238,-808.1045120258948
0.7547167040668064,34.91746597693047,0.4349342806463602,-674.1187722875795
0.50001836453041,28.859846183139247,0.3172455037786715,-696.57145866218
0.3664405600490295,55.8816338338821,0.302170530480537,-562.661872836647
0.11128539994734925,76.59408663438549,0.11728482025926548,-240.54143946570966
0.15864351337210228,68.91016338507544,0.4639604539435297,-218.60873356819008
0.020252299276430193,98.45820242361299,0.3923955164807773,-32.57913364398921
0.7691151059418349,24.177122783057314,0.3585275615588025,-706.1682555776345
0.9120563533567897,62.26167053934801,0.40285592016095395,-456.01900305473555
0.042660636775428105,45.45195266025264,0.4135987489103483,-69.35506644349425
0.7893084412061088,89.35039565299599,0.4169966438727184,-650.6516806276858
0.28062183971723914,50.728527734680476,0.12472778365919784,-545.7074819641952
0.5145506144160505,99.23163196635988,0.3534001430761229,-663.444561455968
0.6892869917634353,50.4637522371606,0.45031186980172155,-677.990830140897
0.33830201077941796,16.113633516231864,0.2306758963346922,-609.4886163162565
0.9727447140441942,39.00864185266762,0.30163511275043087,-226.6713697411499
0.9758900768167923,57.115108586229915,0.1787960470371989,-214.55809893653696
0.6686028411204944,96.69145275246379,0.12990528172454,-848.0471505326963
0.9740494309266476,84.53883193937111,0.18506866686566706,-225.43838543363435
0.1253240180223221,24.80600779193663,0.24156198087967004,-252.2477779047803
0.02183037342080161,33.00337845843041,0.3016424117962269,-44.09456620687237
0.8443934642092796,90.37511893631202,0.3061439036838073,-625.6683415976344
0.6886066803788236,84.81081444642095,0.16415439374014612,-825.9096585849392
0.31577749864862564,68.13646631969829,0.2926167197284102,-503.23538316858685
0.5241318711337678,18.103704948614038,0.14779535926557008,-836.122948009619
0.40041394103424155,48.07768997172273,0.16790839483516046,-683.432065719655
0.4544365768932667,23.36784955957393,0.320692154113017,-664.4728847278138
0.5685664505003037,77.07994782009693,0.2692130859028662,-750.2763281861755
0.5162348184709734,17.824639442762816,0.2300814569814795,-780.6309691989378
0.6122922580137353,55.50254611598143,0.1365442058648383,-848.9052922654885
0.3356851062942763,64.11962670895221,0.2693083703392657,-542.1466680056973
0.560988340697778,68.80958138482063,0.2684173538176805,-748.295100411114
0.8558369786739314,63.72596804150553,0.4002031288067457,-578.4800326027397
0.3642820914025351,57.96871476953111,0.47978620838061026,-456.9800999847043
0.2853860568501973,30.96636986771446,0.23100264697825562,-510.22509195545285
0.4890825244205215,24.5413786792047,0.1722557318125046,-783.9655237270779
0.3243630084155016,53.61313662752869,0.34875309112278163,-487.1140826266404
0.8953610647139011,91.9018815514362,0.45234559999473223,-486.0993351971176
0.6046142321123994,97.35684038387036,0.4560127380419411,-650.9565441009382
0.7366499627678114,84.79910537268576,0.19049690291055532,-790.8601772473512
0.03970018914555495,11.924007000672946,0.2672181397286547,-98.41148275590481
0.10609678754027685,45.560159426004425,0.16522271522477028,-224.01079618358534
0.40513126834471985,97.3609878636265,0.2618521027580053,-622.6443021702453
0.4188528951351626,61.88846492503776,0.45694695649348127,-523.9820593503197
0.0745522136203903,46.12653017740482,0.21236909370339707,-152.75832488277882
0.7886044393010034,80.70287855125886,0.13310704834592801,-769.8212703053982
0.5625336803695556,86.81407241992075,0.10136044002607517,-849.1798145692608
0.49933230314940147,25.103201963737966,0.2803919285799833,-723.5287557666763
0.6719759287352324,74.93997767707103,0.3833902291585395,-710.0841053953169
0.6889078125923189,49.15404544033225,0.35791230489053294,-727.7301670581409
0.3342482460596812,82.61904853998159,0.30946438394861453,-514.860067341153
0.47655478872066065,32.59342952435047,0.2621011876877104,-709.0852957799335
0.5795339441056834,69.5390549900362,0.3089952364085358,-732.148550442192
0.0143522194435633,40.964202588886224,0.4989919786991941,-21.641546872408004
0.14849130716488598,78.43702040163501,0.31605515324788414,-250.72782571021173
0.39208911477210884,98.61445059858211,0.1676578527947256,-664.2905014749063
0.05392690768846244,65.59127152781349,0.158261106559835,-116.66002605338345
0.06325025661038335,98.68040618645098,0.331237547200644,-108.12396594868277
0.514324976321732,66.50651741305816,0.413214131202184,-630.2476486631335
0.611437034825321,48.351070830736376,0.47690753432986355,-649.053327137565
0.24763894024107924,70.02282080507156,0.4531707796650276,-335.67007474406114
0.8879232301210862,97.59760441758975,0.14564665624837994,-578.3434627412245
0.8029608766265671,33.694022387098755,0.42487153945421385,-643.6778121324345
0.8521347376290257,24.16458789008608,0.38053166349814027,-599.4380205474932
0.4578416364162009,78.68426260329406,0.436552568780452,-568.9053746601692
0.8094820414051355,55.99530514491473,0.4092371352617824,-638.0738078508931
0.6651382682580094,66.91785379001558,0.11567973454600163,-859.5986643466732
0.10185711166149707,60.491725488087454,0.11368605186390296,-224.30313208360099
0.023183305473912785,59.542066925846136,0.13425226551846126,-53.22097365007417
0.9311237912642651,66.5252886838964,0.27074312724034866,-418.8009567047818
0.5387219498100934,38.34376652356531,0.2051619416142507,-784.7341164075759
0.7290983238038353,13.920315820448295,0.4193471009621841,-717.129159228769
0.1684200775949567,62.09733179757997,0.3546208579862006,-270.6989937270438
0.6942293206358406,42.58113003102018,0.32003679773097016,-749.0781722347158
0.6479237089210074,48.32412806380715,0.24367339848524971,-792.5754314882772
0.8936733889054729,10.095541217714837,0.13025784150760922,-588.3251677878611
0.30746936716699436,98.63776309126959,0.13000051102955187,-574.745357524085
0.36630435111725396,24.651743163961207,0.4874021095722354,-476.06264286799154
0.6123051333450275,18.654341751168904,0.3199277015690468,-766.989186654924
0.8721355735350197,79.69478870576478,0.2078913970251109,-601.8598027190801
0.2733043826621243,13.288841769758864,0.3973998351960012,-448.3243731143559
0.10375726894954977,17.297267771416593,0.43411400773579967,-178.08530444426376
0.32876438126967134,95.10225933706157,0.39671406175542956,-458.62702817431364
0.6356982919324266,73.73221688470079,0.3003774504341974,-753.7589372132206
0.9875397325019212,76.45173546378908,0.19898375247075983,-130.58224203028809
0.18002473779953118,98.96047680588121,0.1752849695259122,-349.173036282211
0.8050334519607457,14.408225337177388,0.228930592898957,-735.6436364932966
0.2302124383080256,18.24415505875394,0.30265460700937274,-414.8010687198828
0.5141739838771225,95.42286288460998,0.3756091080746804,-649.6831908164103
0.7439480177132302,18.049379931071577,0.35386600878242835,-732.353241696661
0.1158236655562781,88.88375348504509,0.10377661372082972,-251.97021387958569
0.7914756710199857,21.375065044398966,0.16465183504091202,-769.1820077133967
0.0867142377592846,73.9600480517529,0.41032687376649857,-132.72117205303994
0.3280933385795761,44.647397064730974,0.2796614210631905,-533.0429168569809
0.04232382309292288,28.19692574030932,0.47193010749941755,-67.42705926677702
0.8367213776601591,15.917591271468652,0.13364395961150338,-715.8895901271426
0.6001585028239006,13.804485916462108,0.28908953503821866,-796.5332128599493
0.1723474524413963,33.652198036865045,0.42719893731066616,-260.96245368513894
0.12466536948480077,15.926793755345905,0.34326038538855586,-237.92084407065838
0.47650166782010034,69.03848403896771,0.48574136129175227,-555.6292811148356
0.017159207993351834,57.539003771909904,0.28558451453918277,-33.44010654481807
0.7863204341490821,40.904801044046586,0.40773207038712556,-663.1594049692424
0.9593349578313015,96.11680312579404,0.1943666801371914,-306.928827649482
0.04451327395485787,86.23827565153456,0.2422904485057804,-86.81999700677206
0.5841074845743811,70.26723527968684,0.2546786898094794,-766.9059859172844
0.6092854462910506,49.5128599467232,0.15361268220977228,-839.8307160816388
0.0200515000002759,84.8153525225371,0.3473574361651395,-34.78905303471698
0.760354969480958,53.02045331731,0.4666120754223049,-651.6375313943233
0.26428134576189843,32.2408374511775,0.35058645961701207,-420.3697416041502
0.6494679589661863,48.18669412162649,0.4775440580112985,-659.874741993148
0.21590423446760676,46.30397425573585,0.20901631882007699,-405.24351925822555
0.09592387410211967,25.493088686461213,0.19115888521116842,-208.04478457037925
0.25565074403180466,92.42887157731003,0.20518678971088092,-460.1604326995096
0.869707343672676,70.68934579544275,0.31974415828831926,-576.2051852114187
0.7548742034549526,17.33455424952526,0.4220494827588088,-695.3652832397838
0.49085297022412655,15.141255302413766,0.4009457440161116,-664.8288021295298
0.12377844346897472,57.11623295715057,0.4210600818317666,-186.17039757077995
0.21645566940638486,97.18009113538406,0.4978280823734481,-274.6210688611072
0.9528274936987445,46.3692522729208,0.19991802437082323,-339.38422019020317
0.14776416754944732,28.994865738744515,0.35772781872150683,-251.81872505872022
0.2917911620233053,86.12757851083875,0.44581236124612855,-390.0673830025957
0.5526569583827211,40.88451977677591,0.20903865325076776,-788.6461741470766
0.37249011220972533,38.59863726352978,0.30688214409644454,-574.2050991290976
0.2737402156715285,56.08683530003584,0.18118782685553275,-505.3107219666047
0.6758125460355636,53.9306565714795,0.22960100077041795,-797.6014868871337
0.163410682622456,48.22204586835524,0.39981495356019336,-251.28264489074655
0.47274663153131186,34.13242890246474,0.4568244263027502,-583.6204582239935
0.12335548129765186,22.31069535650245,0.37027132837975485,-216.85369437556994
0.2919873560940326,13.685960119171108,0.3980285290149057,-470.03551960155164
0.36231646346787,32.20151771572348,0.3968937071574318,-515.3654983661976
0.6369096582618564,73.57487834838085,0.17060907319159427,-828.8202715364248
0.4588653151691731,23.381501653406406,0.3590760460254222,-644.576958043425
0.2890341936865638,95.00493991275988,0.26584732833733704,-478.0850122923836
0.680379156618535,80.6391769199208,0.3551804118288372,-724.7556825022381
0.47369923177085166,98.54493279609694,0.4782895710932763,-554.1447167184444
0.7189027198947414,83.50540453851889,0.31711832148495955,-736.9992467672259
0.3878662538816209,76.85613608006271,0.48735393164475205,-472.6687039483192
0.7214522801718694,63.48006150448256,0.148041225833388,-823.0624267907043
0.5678616861149073,70.54208244153523,0.22372442551441274,-778.7457809337776
0.25241638225903895,57.30470932401667,0.4751425619143187,-333.929393223036
0.543084808251806,34.50901669711676,0.3873894020998214,-676.8300306265451
0.14251828760585017,48.44565281511076,0.3917027430124237,-223.7427535018973
0.018995811976065063,85.92097048422883,0.27001981005767545,-36.561739834811
0.6873184689073278,59.081005840393416,0.3918839768504746,-707.4942232432884
0.184284418392835,92.24152599038167,0.24352440957569044,-331.53942362545837
0.5903257198951277,70.78671413125186,0.29501521768183636,-744.86575505901
0.46668037248073846,60.39697427143225,0.2777945110082481,-678.4512356799771
0.4373861325059646,93.48676998940302,0.34279672366030206,-606.3590430953267
0.31755269775423905,30.393125239026986,0.31710494693679286,-508.83446400321617
0.5216679047391272,85.29040657131334,0.4757793246266345,-593.6311587606365
0.9628135054959356,63.101186241334695,0.12251465867046157,-295.8186234228127
0.7607750305378506,71.71982428780315,0.4539048267449953,-654.6449699657965
0.4154976356271268,93.96886622452278,0.46815457855511666,-508.97206871217014
0.8648659601873695,31.240714541392563,0.43908676797140966,-556.6331934358758
0.5262085057087916,47.32383037390439,0.3775519449962145,-665.7696283323615
0.9761300594081944,61.0887619017411,0.2842702470773144,-206.81895214093964
0.9613069374807632,64.61557112768544,0.49619236483647267,-269.28448045146337
0.03767474503965339,43.2328534868707,0.47171575333988136,-56.64573613745611
0.1809839195269283,50.13734902930046,0.3592812703534656,-290.40560671819776
0.8316900509402387,99.60660444617747,0.4587347324038348,-591.7338255376719
0.36707063730696576,91.45312998830296,0.33197713527015593,-539.7300674864729
0.25166126081653245,96.85906753729212,0.23320520416863966,-440.4974454045222
0.535938989815484,78.04720579334685,0.4040955996702743,-648.6391178028947
0.6683672935440444,16.100634618213405,0.19788123868522317,-845.2769899800442
0.3195341846485055,33.61938059070248,0.18278288417424282,-581.3103550901047
0.8529141745994007,90.67400932846694,0.42596687290094193,-573.6246997834185
0.5008846227257945,46.50461926817791,0.10931802401364919,-815.5072164197281
0.23696678749422373,47.68061657478491,0.22276987432474407,-432.0981197203785
0.6713814787852415,11.960888638639984,0.4290707680455459,-731.8087873627626
0.4707397085249637,68.32959011720408,0.4671073399672482,-562.613809513869
0.15816800031875253,88.56002710918364,0.4054610070153827,-235.07417693723463
0.0812272943901484,77.23957599313906,0.4040198090511202,-125.51705691569485
0.6021542817770853,95.45530650124803,0.18181786124142346,-813.941032937245
0.0731518631322863,18.496552574441218,0.3174292740903971,-147.73025264237327
0.9638778007725497,80.99021582224833,0.22350363560060207,-280.8777518793528
0.20984731771709672,84.97224843571256,0.18538995278310014,-397.12686006909564
0.9768173649100892,43.641567458229524,0.2154489753895643,-206.80337049646576
0.3245429303228167,37.0225596048692,0.3727042330408372,-481.8512178041465
0.9184990991748786,47.28973683108571,0.1505004625332576,-485.6687386368604
0.6334236064549539,41.3726507908478,0.10658235742128404,-873.2687711129147
0.10409171431365373,24.418334752333564,0.4669995076666821,-161.0494581585644
0.2613068613578666,36.69027481400093,0.3412081087009504,-417.59438149598355
0.3941986518969421,89.26129172577993,0.1431367108020666,-682.3101182440731
0.42161589726789084,39.2657524645297,0.4358689510724265,-547.8747401544861
0.5626290004897603,34.32420565486868,0.11731501254849773,-853.6474417492045
0.5928883897311796,79.01457883576951,0.14146369302919434,-837.1414740019223
0.31435100174063524,18.88362072347669,0.11814356393386918,-629.9278262460183
0.09699098139707271,41.335279218063405,0.14300707379870575,-212.19890178664977
0.6871083149260344,11.94793386671952,0.4827335589115339,-701.7332349780726
0.463399188344203,55.594842417906335,0.30256628450756995,-661.4853558817808
0.6801219170123793,56.37591234684539,0.30056712761229154,-757.8931658883457
0.5669392141379876,45.29435186313408,0.36563874242176675,-697.7541656197785
0.016184712009574415,90.3124512805754,0.21409809058219756,-33.379856147089896
0.7962742118202157,72.31125239429683,0.45975082243261045,-628.6651709967401
0.762763417547338,67.84161341659228,0.16549801226608568,-784.1980914631094
0.4053091351768732,47.41483960711982,0.21488433140883567,-660.9491176102201
0.7759102381465447,97.36594528454064,0.1733557815513892,-765.8512982006846
0.026640405410611107,49.247319585099454,0.2858684980889572,-51.95596334800732
0.42752969521117845,34.33089464988864,0.26214927857546844,-662.8139306244636
0.42624796974092877,38.79018075673366,0.20002649660100436,-696.3911753646826
0.20231528647938155,19.50526783105692,0.4785573268416313,-298.43846513436216
0.22488216386200546,71.06669049776923,0.12649396663949408,-449.27107218719243
0.057040529688712135,89.84803357620144,0.17562680241740664,-119.10721202586568
0.6546921977404454,53.458851666724705,0.2506094529397437,-787.4303544441535
0.9491697503624786,54.5707769522899,0.40244067135605055,-331.5483119921237
0.9177089371180865,66.97519825622373,0.47396689324590724,-426.26973283480146
0.2064484562799078,73.40467827199603,0.2937081037218571,-348.7342838156765
0.5401549643140325,79.6027573624847,0.1423211676728877,-813.274570060102
0.7886163880910377,63.7051240424585,0.21272845655116726,-738.2457544189949
0.3343771239148517,82.67842319705089,0.11821615670519621,-621.1781374579713
0.18176668702796192,22.731492191815626,0.27071025854542197,-342.9917391073035
0.03049514310008951,79.18982981818822,0.47391582911707764,-43.29429490946416
0.7337071799850055,28.335323398059884,0.3069766001913546,-749.2281587724843
0.27536426913897805,63.705348195037395,0.49708986456090176,-348.6416893550354
0.1947465912165389,14.426208258087634,0.1189992459953559,-443.57082157023666
0.8908296042933519,36.8743999945804,0.49835951416807467,-489.16685927781765
0.820511699413037,90.87571515769477,0.1075973873076853,-733.8866425474531
0.7888991662861796,26.350160700765013,0.4579084324964975,-646.4730945822529
0.06495257533796457,39.86233082475299,0.16604763237837963,-142.58405920246904
0.920094873123975,98.87520428073054,0.2582867317394648,-458.18235774453746
0.45129812915074474,18.10508366612155,0.4794991747138895,-574.7277076438241
0.2602266347436003,92.58636057459024,0.30737942719781547,-417.9944716826573
0.7268875710349092,21.877200087769364,0.3395111725704641,-742.4309012063766
0.04643825193696547,80.16177658977799,0.3083324177346153,-83.47505963706696
0.1549107786286004,12.588939549008552,0.1950357924862142,-348.3274979272855
0.4249314820013429,74.80977860924091,0.3489684666008359,-592.9999454928543
0.9622151358692915,45.868565552758284,0.43845650987833173,-270.9808265986425
0.04314294294748006,42.82441256675415,0.3759080912733205,-74.44469542049224
0.07061111249629787,22.003626359484755,0.21750169399906102,-155.3626411310413
0.12385699518521352,72.58231594362965,0.4642061845792024,-172.19694669439943
0.30220697190322254,92.75734557368995,0.43292895684944277,-408.2814103139263
0.26637708132212123,45.9012710489687,0.4548678151418678,-364.23676101211595
0.17682962484132148,28.056606185528477,0.14256974134302786,-375.0018397557675
0.7002968349414592,25.336460112513997,0.10855911999947945,-868.4638991268897
0.7222447310789788,69.17210109365621,0.17650969029854546,-807.6144831711371
0.3937051551949712,97.45756208297888,0.28266683837425954,-597.7996148571203
0.5387757073091444,77.26202285933994,0.4746521762537462,-606.8173033206406
0.577174826196324,17.71605675707609,0.3702158316187475,-727.1174312318917
0.815998550309288,92.75226957040994,0.11851934536375248,-736.9703764843022
0.4217541428882275,28.61353521363987,0.19623573944320716,-702.3803472652892
0.8956124957772902,74.23199030000748,0.385615456401173,-501.726773823005
0.8083194625597468,56.87807573455309,0.27137098232118884,-692.4400275377013
0.542683672759107,69.9101449264778,0.1475491079089736,-812.9131107296784
0.2936330824447391,25.504611054096785,0.49213681796628017,-393.0370561212475
0.725588911863785,66.65030115524915,0.42694270967484027,-681.7454900514299
0.6956431252846228,19.946523746752767,0.42079838421256976,-712.375822499009
0.15357094801225846,13.730779576794493,0.48625709081241075,-246.60701239837724
0.8967986273631607,77.8163609116902,0.283336717736209,-522.3106951235583
0.1966153376036662,59.3140055495457,0.3164412374040598,-327.45236076031716
0.07321564967249689,33.698732153878,0.1350058301287016,-167.07821831087958
0.013323423149518112,86.6864294390881,0.40223355607816835,-21.475665045415628
0.7620505338864249,10.313435072367636,0.20947871561716022,-807.416073911523
0.013168806949392983,53.95083811380449,0.3235178955837086,-24.778270994901785
0.2533000086812404,22.48779033328135,0.24958449700268856,-464.8343396458903
0.9625015598522302,82.38934421842194,0.47967942408166553,-265.0292869793446
0.11130794153776963,64.50497812138202,0.26199833544505513,-206.3740803353201
0.5865104303364199,43.356984674023636,0.12720421455032255,-851.8463162775932
0.06565404841642197,26.95783231036021,0.18946871290043377,-145.81070125508396
0.4629777841489428,11.585596670957754,0.14817724012050748,-817.6171942099988
0.6195465886515399,71.88578736557167,0.3467772275109614,-723.4547618828332
0.5306854202616986,57.91614164824405,0.351145266065391,-681.859139234286
0.6665545465506069,75.70201251747041,0.39393244414485074,-703.9417206878345
0.15878538844520093,62.43145558138632,0.1607069226818839,-320.9221671293137
0.6995258399363534,56.56983187689089,0.4768286517668129,-662.1670792953614
0.040490288821306834,99.60027067609502,0.29999931943565994,-73.09914768749806
0.30028413405767507,95.00111857750277,0.3891028204885061,-428.75795108804164
0.9189064905623072,87.11051809868975,0.47429622176455577,-422.18841715342774
0.18992088307677923,37.00506899228347,0.35831797216410677,-309.32950371932617
0.16151567281219525,96.88296276490551,0.2059278357322111,-306.4320138851156
0.4131329787478258,82.65072210935624,0.3455316899875783,-582.191070602596
0.4356250938513955,76.56345781375904,0.3207182590257063,-620.3589232748799
0.28693521722651133,82.26471796586674,0.14600428226572354,-537.8196538677706
0.1956958593450343,95.14779104448453,0.2565076875593534,-344.5500381193339
0.2394283153328465,77.36561926085828,0.4377604378631904,-331.3887350700508
0.6766385589837525,70.12558801432091,0.37945631952026204,-712.8786199789164
0.12209090917475232,97.72428314514413,0.1459228195220193,-252.6653422466962
0.12456363122369776,72.3143011633336,0.4846358371365087,-167.61359205265057
0.16528351477858788,41.49607311541568,0.4518085063778239,-238.54224125343708
0.8970458953891474,64.43211485658615,0.4223310675042087,-490.2891618662361
0.8445691964149253,92.96504510077811,0.389526635739037,-597.9686104102105
0.940250742764032,79.55929917682329,0.38925925784272497,-367.1692333190651
0.9292107191503232,48.98918743123549,0.27478811626260896,-425.9368704907102
0.07103456837526882,18.472595508018134,0.2961453403701253,-147.349684416595
0.808403288437681,80.76582117786272,0.15437555421644286,-735.3034051081013
0.34943640161886286,79.3729804475231,0.26837230725028643,-556.9735619869002
0.8059811865291623,96.57643337553192,0.40701224467134434,-639.2769726049074
0.9376789515144007,14.439542934492678,0.25755792980262815,-404.3023605599599
0.7034658241435703,95.79974948292794,0.4663007892487384,-662.899795443277
0.8385833743701915,84.31691546348766,0.45862733776877374,-583.7841806897645
0.5572547618082329,67.03203623531923,0.25675255962465926,-753.861982914023
0.5238162585007446,47.55609840099223,0.3243216587988811,-697.2063313203944
0.9394289411191701,97.47088686048465,0.46760358502372945,-358.7458690059411
0.4278325697081859,95.75596223310681,0.45569666277135834,-528.0150260475222
0.10445058371657599,33.90597611672351,0.426706428920963,-164.2178788855935
0.22126513726067765,84.78032271268987,0.3289257031636008,-354.20177931361115
0.6729480687076766,94.53867137616443,0.3614662601639499,-720.2995631867465
0.4081624104433631,90.77202344001061,0.3598598339010125,-567.5101181247028
0.767458807537325,52.376131049335946,0.14313734187013655,-792.0034733416134
0.5336600733514919,50.602394963724194,0.47844191993884,-606.8326098380808
0.14197061728806334,30.710960224692133,0.24792972015528014,-274.8648541360958
0.6586783003797464,29.692774288973865,0.24938003678052245,-798.3756098345486
0.9409668651699252,70.88025229107863,0.3505381059698264,-370.0881324707154
0.5121589870962566,69.14411772002919,0.12799639879577238,-805.9549228051964
0.872526686086483,43.27670777987752,0.2585538052431051,-590.0469094732872
0.9619691218480101,86.77364066664394,0.12745334263312774,-299.56221714582495
0.28926036229704544,48.30888842659097,0.41008753206984994,-413.53674486760923
0.5253104814362425,60.167569572124435,0.17784838714709925,-785.5754564014169
0.02854660130098862,51.16590967583874,0.2273069571716543,-59.40111855608738
0.5207001336091557,48.59270499274261,0.44738193310438223,-618.1375028824392
0.21872445577478566,30.247284387989804,0.43450037521541884,-323.20349549015987
0.41501744957378794,91.75644046117279,0.11287793249000262,-723.880290367027
0.07315416291361462,16.984076370448527,0.10713880385895305,-185.5947782205595
0.7775898213730426,63.922958678991435,0.3491465253937648,-690.9217799010195
0.572825334157303,70.54125546841591,0.29047927777169547,-740.2384195994865
0.6398690505591088,16.914104620037875,0.3960718239372999,-731.8451775722945
0.39368866534774033,82.54030219375119,0.2728274880305779,-605.3369800683862
0.10623998671455465,49.329411720241076,0.2548713240671019,-202.06309553930515
0.36942413636251753,89.57838819278895,0.27570065386876236,-575.2986587673072
0.6037841770451001,25.240206275572124,0.26230640792059134,-788.4993686616128
0.5571675683507367,28.674636039251432,0.4140508739109775,-673.2357930725785
0.7482211005829926,62.60331491874487,0.36767285963759544,-702.0091157191181
0.35275124336736996,70.5254481343489,0.12615384699301646,-643.4480866772567
0.9359428147792083,15.654410589217395,0.20734474419897742,-417.9149146173275
0.6746321051849012,83.10618477124274,0.47996479296031946,-656.3828643677449
0.5393200623371474,40.25303968276816,0.24281944273638312,-760.7161404168342
0.07129637664156913,35.428294686007725,0.12562125222429918,-163.84139127348877
0.568781456660448,33.595615933365636,0.4355732703957319,-662.0495758529552
0.8115464166455714,91.09584735245181,0.3977485032042085,-637.3676757394377
0.3440070290820188,37.15863823852343,0.29349304610487625,-549.266543186135
0.8068294858497782,70.48568163860668,0.1945469110352156,-722.6774835572695
0.8612265390551701,66.94791114395422,0.37885185227942564,-575.4335931594358
0.7571358741992932,14.663923760248238,0.45028952182493,-686.6016090944221
0.4001059762778139,29.175356981484203,0.14563495189206477,-708.7368007660281
0.0906941246696786,21.756891801462064,0.3058138254115612,-177.67832432869335
0.5662320489796179,50.85167870980029,0.2549942687506631,-763.2396633516225
0.4101795426831234,93.5657298913114,0.47956170617141847,-497.0276335084846
0.3716478607043036,20.84336141246193,0.37127130643285466,-555.9922623953804
0.14860216115745345,27.875095447852416,0.13848075177400127,-323.27878603130137
0.6626239632786688,56.66644879668138,0.13039447015716302,-853.6165076977659
0.44399171550668154,71.3180049906681,0.3957619420463895,-582.9372922319293
0.3647206209019201,84.35099634800513,0.43102206934456333,-480.6665117341829
0.933152261393708,35.55803459702082,0.27784717194086045,-412.3649131930563
0.39193847341669485,56.04122550951501,0.1207873546892039,-699.030224089332
0.17951922146367902,75.56501371731747,0.1558709638947644,-357.8326268463293
0.07082906917035954,28.13395833761879,0.27945496059485203,-141.0044045910665
0.9769775388365918,89.85499740319472,0.18927458134337566,-206.5702988573389
0.3781579360240841,70.91901643445141,0.4305514056614176,-497.2366712280392
0.8339080717083125,95.30191899084019,0.31545577313850426,-638.6835973795475
0.08364231839383475,77.98642562323495,0.23503142334890664,-161.34816423527838
0.4980215032423541,72.11465510675743,0.24835076562761038,-720.050816939167
0.40149584391373366,37.802526888297216,0.2900169209666249,-616.6341428494114
0.26991115626775075,45.43029160512052,0.3109568417702935,-439.4332906528398
0.738655636179882,97.66408097767788,0.49599509614584014,-641.6198004527477
0.6467585122534432,33.07412887582308,0.4651449242178364,-673.0299609080512
0.07846962589443272,26.289668720224224,0.15276468951000963,-179.2251425733143
0.2893701567157622,42.771074392805076,0.45639552106822423,-392.31872239909785
0.2714784632824672,10.981835939555879,0.4291970483578641,-444.2106395947588
0.9050333304230053,83.76548029881921,0.20906449846624883,-515.5080847987891
0.23405451222208543,13.605795821054013,0.23400346669907282,-467.07899606938355
0.5127145756430298,71.7659253528856,0.4929634059846185,-578.4636197624963
0.9509363212345857,73.26045568596348,0.31374705405934766,-334.0328343627762
0.9824113085010184,36.86715852419202,0.16331620323829987,-171.3963367577279
0.505196790336939,66.38355580354641,0.4737470074774459,-585.9213248906485
0.3756054051058374,90.70433086863174,0.4467826155017409,-482.2426588184071
0.4481685621090648,55.8193355673537,0.2348093097079108,-689.5044972008895
0.22586649670702436,26.542111393905316,0.1011689853238472,-481.77480821422705
0.9847329768008779,20.62985663629461,0.3947677046116219,-146.27750052913103
0.3210141962870681,60.18603330438617,0.31458829562721613,-499.74879170151746
0.168335176337728,60.6580273433665,0.10619978898546406,-357.6039721862328
0.12675879350440403,72.48144065919125,0.4234909655050382,-187.3086462660097
0.864486763664645,18.597900997524462,0.42885186743863846,-567.1249341437948
0.25659218292642877,99.3434755371279,0.11126545281447307,-505.6178776441426
0.3249497101302273,36.49688930712784,0.4534510224843633,-438.51444229864387
0.30846864344589636,95.83062814700101,0.1007032871937461,-592.0566705589073
0.7448976213466338,17.45462510560882,0.3255974664733873,-746.2389397360081
0.867551921851306,90.33463554820844,0.15926800366499416,-625.5854182308123
0.26524946353060536,32.19926843095323,0.2213419714085832,-484.5290181436304
0.1498498046805683,59.62435469261888,0.42060501417150264,-222.4896279943781
0.7112728446372056,52.690001031780895,0.2938514252601909,-755.5697867363963
0.4697418506789263,16.336335790130153,0.16619661744183536,-789.9635411610818
0.09935950429918246,24.55501521758827,0.48703623313537214,-149.6792048039411
0.41966338142914483,39.24648266352288,0.28136229317218275,-639.8833074390288
0.0747924055887247,86.14836058941371,0.4996572879607176,-98.76704031058262
0.9723210955158222,86.32447523730606,0.3690044364189823,-223.6593993371659
0.9005101169538162,92.87869462636345,0.261320453992572,-516.7898594425151
0.943446612188184,40.68012566652364,0.2194080859624645,-379.36073166344363
0.84828855562549,97.6790752127364,0.43663252373588224,-576.9834701379485
0.026487583982262586,96.47055705399758,0.15412735075257716,-57.756431282955994
0.13265095751251504,57.27938766152769,0.2982169781200668,-233.96241731171335
0.6694002824735558,94.79234710619177,0.3009176586043577,-753.6563065452893
0.14896032929038955,55.89668223633877,0.2588950855545987,-273.1736020874022
0.45606756535238674,70.91926336167032,0.16574960207078285,-736.1589575551462
0.2092427966710742,63.07873941734313,0.3142782783390111,-346.2695833091791
0.158373608990554,58.34938921043344,0.47773845900165846,-215.5881530241417
0.11376065763924013,85.47046281439289,0.15164789515255328,-236.03528709449319
0.8327979584293668,86.52256236349645,0.49466554374440297,-578.4815926744468
0.8312187381792995,29.71468806806342,0.27489630434021706,-665.6828791537716
0.48940941274672256,89.45513991743289,0.2122133868340051,-733.5249026539707
0.6116418870198477,96.00112448713267,0.32831375875690927,-729.4674699576474
0.23616705700628005,10.676253300392982,0.3646021409501028,-428.8402726171973
0.9086365549522325,64.19750686358984,0.1652345655190949,-514.4622195867275
0.5717182965616798,30.848819519677107,0.2947644177689204,-751.6489486324546
0.6356403284627117,89.00585180752086,0.49432083586826103,-640.0441490617224
0.44932031839170355,25.300376146605377,0.35071349670508756,-638.4326029516895
0.6701148066267196,92.95700116374672,0.41587004620709334,-690.3928074972015
0.6439262344531463,43.38142238832783,0.10854724568894594,-871.3070955119161
0.9645568516011076,73.4258711778617,0.35443479123831,-266.20830004076356
0.5977199840710391,53.248463891675016,0.10523001621416013,-864.9713958341279
0.17279270750543083,61.74077544522673,0.2687164350080553,-307.8482333039598
0.7120814430133428,85.46994610860384,0.19592467225555607,-800.9904178549488
0.3011057763005961,51.3913836940744,0.19461472643282166,-539.8961078342734
0.23067267738242142,17.508748064916876,0.11821383845828444,-499.071857609625
0.4629695249634254,54.4428418378429,0.48881211131657354,-545.9505577022131
0.5378990535420437,95.69526904102675,0.1473850149658075,-807.0728882477263
0.04875435557935741,92.93868910110835,0.34372814446369715,-82.7815246513007
0.5842865297654017,82.44037959749397,0.2520368208325514,-766.9317673156396
0.669642977483616,11.25923609102986,0.3768084018333283,-764.196290558818
0.9013351907405228,57.23885763645073,0.17662759152825747,-534.8527853141095
0.5424428410004317,84.84030245517512,0.2125600262808922,-770.4493868599955
0.1081940829231635,97.59220797365505,0.2640452145983627,-197.30614671207996
0.5756481071275804,43.968686773091015,0.21745782877182857,-792.8099504173947
0.8517829828614852,83.52543346799482,0.4097019864780458,-580.8229405570464
0.6688899583082148,14.976665393622834,0.34005945485214806,-769.7664744609457
0.8398471894473231,10.85869256349105,0.19295054747679585,-700.5876783664692
0.1427999458871101,48.1236654345274,0.198971837578235,-283.09268702844486
0.5045268116147934,91.80749327850387,0.2693572134966894,-709.2705855740426
0.5465692726724494,36.790651309620216,0.19249383169080658,-797.8763749995727
0.8306488196550669,47.88599564398343,0.2566937455263296,-668.0457660799756
0.3288321193714593,11.424861821147474,0.20431929460792306,-634.8660210383548
0.7134109131149443,31.67893467786054,0.20786755644118773,-806.2683542943646
0.5931031093339614,78.19082827440887,0.24258147497660376,-776.4436853441305
0.3122759160317378,94.69717925672879,0.4222873163963604,-425.53373369193093
0.5824010744460483,36.697491437852264,0.32409480913894395,-734.3369184611023
0.8228738247519288,30.10588920168309,0.48591609920586465,-601.3304956898048
0.4847592824447013,61.41689656533726,0.26445940250519034,-701.6904163366979
0.023183414507464493,15.159334852701353,0.2614636235598906,-56.73885910533725
0.23004051647509347,58.09786006008414,0.4566293259781654,-314.81863968456213
0.41320245362839675,31.622480292513202,0.39930115399004806,-567.5275850681545
0.6785151874414838,95.02529592640883,0.19931839866396214,-808.4055314866212
0.9131560754237844,23.42499584578383,0.4630815141300231,-446.5457927804297
0.36377294534044574,27.10451516255182,0.446154822252819,-493.88766397038984
0.25385114167623934,18.030126465682557,0.1234075215435814,-534.8137658908073
0.10876512124694537,42.57918669951097,0.3256199494882106,-191.37087314980474
0.7292411646169253,99.00942110658457,0.18916084937043773,-794.975772766172
0.7057408010225832,61.55659879081088,0.4176069159126242,-691.4831935972769
0.634137127402588,43.76972322645861,0.26438234585655485,-781.019926067499
0.8035003606085744,67.75048246810842,0.15433354467117694,-743.1489183230432
0.44909114094749253,30.022301882373423,0.4120204565247839,-594.8208109744193
0.1253992733168722,59.47962412696402,0.2656504894237113,-230.53419565248132
0.3348385658444016,34.70381187175458,0.1692408020755533,-608.749761045432
0.17968447251638336,45.66745548052203,0.27790404578551087,-319.9268089596311
0.9298539098039772,28.424509242202472,0.20988304336584174,-436.6841688312725
0.8934336528344595,84.08166998170674,0.4239204474043957,-497.4348136860709
0.6241381271306445,26.39762960375487,0.3982755151403813,-712.1124932509371
0.9304630090942368,22.90568535944122,0.3044340674364299,-420.5439581911661
0.9416120479199279,65.11861544301479,0.2557258817226138,-380.78932024612556
0.901071445438666,25.951317584895474,0.3344050276489404,-505.48615442303577
0.300949203951965,18.744076037502623,0.200973823842478,-566.886110440415
0.03989340283322836,67.23477348631164,0.29216088888596037,-74.3471807877107
0.516818453555913,39.917897160013595,0.21370498039473815,-764.7924677056807
0.6410209959558284,98.21590106058775,0.38849495135272394,-701.5573062441214
0.4683898729419239,84.79843837005437,0.24825120419285854,-694.0604689003213
0.9687697693142904,69.90845148625829,0.4502805373906137,-237.12853633432567
0.6914201109665166,44.245676151835916,0.10872763403100767,-861.4688543815578
0.5886018496562444,11.121094844697536,0.47911185237491416,-691.9805524946757
0.7705072612946348,49.705669966324955,0.21787304408202926,-756.4968332221648
0.5301197441517321,99.68887935440705,0.10239232790439662,-829.9691433995716
0.8643003745274564,84.9056846959096,0.35690526376198894,-575.3102560143724
0.4667666557199054,87.92678460299217,0.22750539758332247,-705.1471147572047
0.11209039636962702,71.8089689591578,0.2660689609919399,-205.75824017903452
0.20400121404141142,29.927646870950216,0.23134045164371875,-386.30845526177046
0.44789351775394765,25.296906991794884,0.29225619402923164,-673.2086496148261
0.44148755842843773,43.79501537011814,0.13324564291769525,-750.0266454681575
0.918232231164253,30.296827059862245,0.11555517109844371,-495.4612538283534
0.43275253152615273,95.80967363338077,0.17091745809514264,-706.939057695662
0.0906121493260499,43.18369806162892,0.18514487957473494,-189.95591437375077
0.4792317553881031,12.186137840325985,0.22019826449229135,-782.5497182340982
0.7084846344943989,68.0422535449582,0.45987800830702974,-668.3158051800583
0.23421252328514144,84.21385619510869,0.19100360689053517,-434.3148907298637
0.8643520015611044,86.3244586525344,0.1357324515462143,-639.8327257887462
0.017332529485311166,93.12678461730206,0.22260722935925037,-35.279742343266726
0.7005995493754978,54.45292230546873,0.3773284629980479,-714.5848530091196
0.25458926740497256,27.706810483783606,0.49763904487867916,-342.07664386916497
0.7246302984425473,96.99635904807329,0.2921559958794365,-746.3571156198803
0.6044528710655115,30.30098309546887,0.29495618346069763,-764.1874792968563
0.8939468737726779,60.963412612000965,0.18551342732121312,-553.7617238907843
0.09624461656519832,72.32432459672125,0.16457918727325138,-200.17610408274902
0.48923279780227186,11.179845302048687,0.16228032105661427,-832.783962278827
0.6055270259170211,23.1685162088506,0.22477631358328,-814.0090633764488
0.8575361059399057,88.01266109542726,0.2772465883175165,-611.6812821183358
0.025044033149991485,83.72895501736608,0.3945819699688581,-40.39653174028907
0.7887779159292375,14.158243599844258,0.12906820644296266,-798.4748279831695
0.4771664084898018,79.33742744602733,0.11646218588843538,-784.2976680119423
0.8882642378129003,73.02388712778216,0.24807941012067156,-552.9674463996572
0.10570851836452745,49.46543141649862,0.35309055066046857,-177.92693420685592
0.2339733958943905,79.24290238465376,0.32244253593201166,-375.80852314029454
0.4922059884537986,87.91402644266424,0.39371785444443863,-622.7635611413879
0.6834015018828788,86.0367656776678,0.10256053198781317,-860.3989340913896
0.1363358234302168,88.78019368442509,0.15234578293823953,-278.6268041559742
0.6049726676596622,92.67925878870385,0.1184881722833703,-852.6814500193166
0.4369285629945076,23.62352569268863,0.17489957881087598,-737.4956319041133
0.3496153722718713,95.73047480617126,0.3367215226960958,-516.455667500194
0.7102166063385751,63.91000611629525,0.3391112742710781,-730.6570223862645
0.5644578633897639,93.35836148873058,0.1745486513382058,-804.5107145642083
0.09824178271495676,95.11684146250805,0.2629603228743809,-180.45683922773395
0.39005625786325376,69.57111912184979,0.4517818130784842,-497.2016044900121
0.045914658870009624,19.85454875385908,0.1795406659412512,-110.00400062087296
0.38071270914557165,40.54945420267573,0.18988849251681064,-651.1123823453242
0.9154805673050149,53.19112762974361,0.12079395110493177,-501.3384643013555
0.626673134225336,22.47573719952148,0.43061519483452426,-698.6887530292489
0.7085707622340034,43.01981273559676,0.1454225932164519,-835.4691939247729
0.297483928830154,82.39020577947136,0.2845367061312503,-481.2865968218183
0.6794491828034932,27.476732690563843,0.2181291391593083,-814.9648235664918
0.9501283579455937,99.66736632431233,0.37054717120755276,-330.3812163398627
0.7339794568418921,11.400939116260297,0.38549044421766676,-740.5326367114673
0.8496427931919739,58.825841597502134,0.11364890900928115,-680.2251622874617
0.153715314657819,14.556022707549982,0.31664881242049703,-298.8757209701021
0.4962033767244679,69.35555348288847,0.16962716017521498,-768.2223497275968
0.20671374904013484,36.84442779457973,0.4288495964420411,-304.8473980041207
0.5853070900899203,63.619400595382594,0.13203922700222384,-842.7866851879226
0.6256601358854507,71.2006936831649,0.47050003410220254,-652.8524277614064
0.06950340585187008,51.58131385491427,0.18750187025939846,-145.90229078174832
0.9663879246955358,79.9888149020478,0.4927226046422618,-245.55324222459203
0.748289849404195,67.48925454153584,0.4335089743588395,-670.4185759417305
0.6483604743513819,64.85108152723743,0.16709353842944014,-832.4446301000053
0.33000924528919484,12.65210173052718,0.12194451602632511,-674.1326384133364
0.36917777951742625,59.03860119102819,0.42497170241086246,-493.60427455263334
0.07532947284822088,63.59535724069911,0.26729776695528584,-141.82658161430837
0.1322005528813699,17.088157993010746,0.21570033594168617,-284.2327272796803
0.3760841688164697,57.759083881124276,0.3172401939225805,-564.3246782529143
0.765272024961539,51.23644735378347,0.3839195456924741,-686.4782354191407
0.7300594644375233,73.9097255096882,0.32655361095794855,-728.9415029975346
0.1970993658160375,86.5155288297961,0.31918482941511545,-322.86103809896474
0.2876639145161095,63.30004413383005,0.43119931815974677,-396.40815318740016
0.06867543884477206,70.05902910780006,0.21150311425682353,-138.07711584090455
0.7150167223455024,41.790537332073264,0.32185020378895113,-743.0302636261429
0.9204994986259316,27.425278278894915,0.4581468067426602,-425.3802284214862
0.433701177243622,84.63832880097628,0.11941746091315722,-740.696796561733
0.27002087420619253,69.33013904000714,0.43666439453186245,-371.0910107737799
0.23724690663980022,31.576028043922197,0.14693959104803658,-475.8647177848219
0.7772379226069505,91.49308463347302,0.18027542240753958,-761.8259300668209
0.64933023038901,41.357277539261354,0.11504753724605639,-868.1157614755589
0.9766381991637062,41.86687166839177,0.42561443964586576,-196.05105918566736
0.9424391953907841,40.82297345802481,0.4749095654651778,-349.03100677043653
0.08163055841696436,19.80885955764476,0.18954646121493554,-185.36809416189345
0.18689266879076688,36.73587157470979,0.338962139836462,-312.39448105531574
0.15282686376962112,54.21273866544066,0.3970559742725154,-235.43267229314625
0.5038176619260298,68.68349722945948,0.260282854427463,-717.561891626088
0.40411539556494325,59.11305709726263,0.18164293365840375,-675.7977903014958
0.7834827771102554,69.99214546589928,0.21355591910545102,-742.7579748595057
0.20428656136199197,72.53415420140271,0.448388963286512,-282.89037142104615
0.10890023562736958,97.5095591237585,0.2210649011528613,-208.93115538433227
0.6277398804323092,61.479750609860105,0.28546937877208145,-762.9722202085595
0.18480427699896193,12.016449754454866,0.11831327276433097,-435.76093364002304
0.8033112567419225,70.0969006055592,0.32784813110828837,-674.8086844429631
0.269004801311671,43.59896908717309,0.1651755957861604,-510.5058269230815
0.39133979779803313,61.58987598352289,0.13693681729319948,-687.2533487270761
0.3485044726935427,48.23030075604255,0.21244032307591834,-594.9622292332323
0.9388942316993972,91.90097195477726,0.28901717022402895,-386.2579080279172
0.2640456821468084,26.31664483637988,0.26423414686384195,-468.03056544188104
0.4223226363849454,53.219995714964014,0.35554872183831177,-591.3570375203991
0.4116594702598323,70.87944800599627,0.34051614327296154,-585.5585126695112
0.8438982894237975,22.294751053931464,0.23385291512051398,-662.3035950714194
0.8105328908221128,17.87866060556624,0.23013839633954297,-721.739552840829
0.8461507644478379,48.96722574534702,0.3964140963616163,-596.747207790298
0.6216920588275977,22.90177025059436,0.22712402982160068,-816.1477788624098
0.25697317020043836,81.19886385155851,0.15769690554934024,-486.08471138950085
0.20316097023620946,19.916432895805514,0.14805760619607933,-432.1277663271021
0.12638045924078967,21.834100774856687,0.3453150045516368,-229.1720695827592
0.5700908694742253,31.57072378349782,0.2276953692484435,-791.3190989486499
0.38911296430351633,10.74280726023962,0.260780681746442,-681.5929959422099
0.06397349169300305,15.926086073872982,0.16906055260915082,-156.64127868374084
0.707881201301218,22.30073799851674,0.18833625587725755,-826.8298638217431
0.4636288273786596,62.442610662048494,0.40536721302280354,-596.1707175072066
0.06757997305102706,51.02647308499759,0.45489737161361044,-100.13547247207705
0.4436831697259294,79.94440318427802,0.3741436473275789,-594.6038815101206
0.9381916471448665,43.53308877486511,0.22592300621031197,-399.89782320667445
0.18442113782322725,63.26749584108982,0.26147703257401866,-328.88681089935955
0.6360164329393623,26.049595401611388,0.1843438883269283,-838.6299226423503
0.4288136148347234,82.26663847479006,0.2882362106765449,-632.7840802711469
0.3326705659253798,64.94046038897417,0.33191590828485407,-503.4995275089955
0.15764897571230263,73.01537464881879,0.21032951651194853,-300.72643391074996
0.3815132078481236,15.005304225710699,0.14272378120162174,-718.3120262036538
0.035998343063832754,84.95562274102862,0.4987366670495098,-48.496467299417716
0.3747887135548336,43.069214104788976,0.43936159805804664,-496.91496219284124
0.564127308503297,52.02135098925264,0.3450044283549403,-706.6731052587262
0.3363644495685363,30.299545827990414,0.20579317601062921,-594.2754695409326
0.15976365531606831,85.07409893246472,0.17050716229067714,-316.30738577541325
0.43317254835865915,60.860087892939504,0.19887272980344572,-695.6641821521292
0.36021339612139525,12.13048256346709,0.3127340259166109,-608.5586297619907
0.9737735858982752,15.12819230058287,0.17701097947065067,-231.16278267637156
0.5624639200616717,12.838350537510205,0.1848315178507249,-851.4927603523738
0.45835290431919845,19.56113963551103,0.45994129403218,-589.1245275680085
0.9508114466599712,93.61557035719098,0.17820533361340918,-350.03194298952684
0.7781811397106426,84.11813008109809,0.24975907511010803,-731.4082613423063
0.35559784847929676,44.68253930899048,0.4194540710903397,-487.07382154843214
0.4666852588166512,38.22022932714318,0.49842219170826874,-550.0161477920443
0.5157410979387667,29.377838510841176,0.30055394998671625,-717.615503384946
0.2127525676238649,84.40374563102428,0.10785880738054035,-434.37850124200594
0.13983247672119645,89.79940431867225,0.24657626481852893,-256.8297794559884
0.161441558499471,90.12126800500377,0.2187380348713982,-302.54709014555704
0.3667479288124312,53.53901444443477,0.3642812433839786,-527.7567019042887
0.10077226441900046,74.58419351963573,0.3808007209157199,-159.89968710684892
0.20326015686721452,65.8406769180568,0.34790910224481697,-323.29127814193305
0.11055114639166923,40.26431136365969,0.3781201216900937,-182.2464537661081
0.025431191837681534,38.58929893273205,0.14343068545663806,-59.78591126531113
0.39547504627386165,69.88346865722755,0.2828481185426939,-603.3290500280833
0.4463864342326301,27.701736535400634,0.3050566328250155,-660.850901150485
0.7414929757465102,33.19791348861269,0.28929841901120185,-750.614410196869
0.5656911707000403,89.16276893280342,0.4284876738889818,-649.8761501517798
0.8508542627643639,26.264871180188113,0.19491787164248905,-659.2074285371237
0.6823853915744883,46.75164371604574,0.17677534728728142,-826.9319346847013
0.8114329536220227,62.96905897155885,0.4420675606703125,-622.6490750460329
0.5644346972115069,14.615441482416923,0.4639312011034211,-673.5180654347436
0.5288631783360555,95.72302746185926,0.3293756069620356,-688.4759294807842
0.9577233645070705,92.7802321601889,0.12968953825848006,-321.5968193943178
0.4148564033110103,92.16903574549238,0.23052380779910303,-652.4268826106094
0.5244397978303172,17.48404328706568,0.35552044771712377,-708.7461420002737
0.6950821561769615,11.355456489424146,0.23701416233411315,-833.5253924236135
0.48640047844571516,23.485508016328648,0.3641293964512944,-663.9033954144616
0.41993309442606097,55.18438438972771,0.37373689265499277,-577.3463645832393
0.6643495240749009,40.226186098250146,0.13693118050986067,-854.6233666455972
0.05714058134730734,87.5716407648652,0.3170248280121628,-100.42591108531285
0.8516158886013038,91.40590961407938,0.358965207151991,-596.7248649760712
0.9677946712769391,48.49203080681901,0.16942876228557804,-264.42990743796645
0.6111488019058591,78.31825932501789,0.1526743741434928,-835.1898081783743
0.4691000070854368,39.05074027150259,0.2557060805616936,-702.2832527419545
0.4541868182055489,92.344242390754,0.3244509320077613,-633.3478059539954
0.5614149396776891,23.93955901018414,0.41233276353741544,-682.1458841983315
0.7251808408761059,75.81541187780437,0.4862659499188742,-651.3151133470444
0.30317875686364115,88.20598494143557,0.22299511095618585,-520.5444673586161
0.320510183235402,55.71518575792691,0.4869021306612,-406.7295003278781
0.1448503431672103,32.34311717573738,0.4364489602990663,-220.4952942781292
0.7229331231062387,87.49392509036143,0.49416477279617044,-646.7796010319868
0.3752482584390543,86.32890768449285,0.23931413706491542,-603.6967342442775
0.8294911508833296,90.57712701723933,0.42248987455728393,-607.5412368310989
0.48108944603056714,93.8624171561736,0.37778134647489725,-623.1951534227488
0.12164354181825535,48.71879404188899,0.3567623722710629,-202.19610774900303
0.9898922632550788,36.47455813821699,0.48849020225912687,-104.32645469593727
0.8111742001071365,25.035296536833812,0.48893962934542223,-615.191839066193
0.27427544637703216,60.69211458153837,0.20982312876500267,-490.70216986704355
0.089373069984782,13.878920077146418,0.27327064300014886,-195.95772724128167
0.04153218545520683,13.45110866617987,0.15809333689160435,-110.21105502093157
0.7813149817532137,40.94516150180895,0.11340905819662934,-792.5565009413339
0.11464125458596017,31.441807414476145,0.16285004328067054,-247.35394721865097
0.2616700029789066,82.54368783099044,0.20358009236298327,-471.1584716972669
0.10637038254362739,12.856290873157135,0.35174417641076705,-213.5183047949378
0.9522292192544515,85.44775226625711,0.3922080960070268,-319.23685489921405
0.3350071961728244,73.35412502617137,0.14562814081968495,-608.2230256270616
0.2412938474796282,76.2085010522725,0.2658522360586171,-412.3944188501378
0.7128511056590401,11.72386384982415,0.2557887331935953,-814.3904276114581
0.6468686804962763,87.05926956701087,0.46022037951202466,-662.6803126055963
0.34608280148923953,68.28158534903633,0.1282893203189821,-633.8069493733657
0.5585596608641942,46.40798276982254,0.39557204845614125,-674.5422801928572
0.6242204557678283,62.140649677610575,0.3203695690591052,-741.7257295726231
0.4157064563353993,91.30801331707272,0.3320530023945748,-591.9076466385762
0.7967508998282476,39.172062792155316,0.3627225157226236,-672.7456906711446
0.744834346059057,77.51034420116135,0.28721202566223397,-740.1801139382086
0.8475997772955786,82.6504813129772,0.3818849439885783,-596.2836444685232
0.10233815835709899,56.2090164007198,0.4336993314488595,-152.69888766183252
0.5818484414931994,95.18907821004063,0.2445029459745987,-769.2450442562276
0.7245711488163786,82.21330695385855,0.4824367627660572,-652.7463362928611
0.026774201396533234,24.900787007530905,0.44761372697946267,-46.49587108620673
0.6052389072205789,66.33522584483961,0.10374206071971513,-864.7771906395078
0.36293272760853884,39.547048370754524,0.3750032929091859,-523.3752245303025
0.8762371102874968,78.92042830386299,0.11917227367099717,-616.3962206239897
0.8226428441603709,82.66902250884361,0.4329240539662018,-612.4098596986677
0.2567304474291624,48.16144266910542,0.2282289734243682,-459.4891220811693
0.7885290701546775,89.0911422888271,0.31231175862965843,-694.8344855097718
0.14345996034725528,45.17990656713364,0.3299343282442111,-245.08571655718652
0.7759674226649255,89.71791463379513,0.35800290408760094,-686.1605495882588
0.6821447330093803,47.943380381481646,0.431450155183534,-688.9148122256063
0.8195969547972946,23.835573657058355,0.27850734088206974,-684.9387808442428
0.5224035983682598,25.54133456226102,0.15705847330024963,-815.6867702017914
0.766629281020908,50.269798800804054,0.1642128543303769,-783.8215691452765
0.7263707710989317,37.37907981392628,0.33394412586792244,-734.4355158579676
0.06658896245746518,69.8901147747658,0.2555957348419756,-127.243435653905
0.5146661315226267,52.47071673723219,0.1843513032815373,-776.5037941882463
0.559547337235157,73.00485252854907,0.3717880849544355,-683.3402172914407
0.894917222301434,17.936391864774173,0.3553704478395766,-520.9697241351321
0.549055829894195,34.531294329607285,0.4479466708311939,-642.9089954174526
0.8922392383971534,73.73259959168304,0.3857246916136625,-509.73187559072693
0.24450813421178727,74.09306315337628,0.17461875316499875,-459.48495378036114
0.4337603803035127,48.94101425047004,0.48630290136798016,-523.7890882973611
0.5260771822357755,65.21139451058599,0.16006136253774944,-796.0450087158426
0.3524611735729516,95.8805536214669,0.3993543617252424,-484.1068685279758
0.34321167548371945,65.85334789149746,0.18310187920669546,-599.6273342196929
0.1677988948012236,20.818383023828403,0.4325408615701759,-266.49491993304815
0.17896549507613294,61.72795012886905,0.2935723635008767,-308.66142600933193
0.8436726562035551,14.833950336264898,0.13863202125045193,-702.109429984718
0.7334351846840081,43.56703916447273,0.2792702769157587,-755.8794388653973
0.44162258434065266,33.01877762564192,0.2756239362159887,-669.2996134712223
0.7712729467468055,97.87138987321468,0.24804834422344865,-737.5655665544768
0.1567895253718623,13.159397510503776,0.24389062279819798,-333.30522311445765
0.21531712586387491,58.17448697366622,0.24152086394322558,-386.9599685106692
0.5871029385861497,86.20918899086796,0.29647034350805235,-740.7512006737721
0.11230979584969632,44.16808626539173,0.26431154534400136,-211.91126177011978
0.6665523526611474,91.98895305136607,0.39348442059841415,-702.6127057361055
0.32422297011366163,95.72540245191628,0.10192628015470767,-614.3570036675917
0.8869211607644436,90.97803721804145,0.46377917723382023,-501.66105784749857
0.6260925006143205,94.94291724287712,0.15306046490561598,-835.773101010423
0.4428193073915991,47.9339237832836,0.18646977938952955,-716.8166774456297
0.5408885891386715,36.432980332425245,0.3125289017488051,-720.6113182758833
0.23330123259775273,18.196560702689553,0.17663963531199578,-475.7601603192172
0.04355229537567518,81.99977595569506,0.31466469020034277,-77.68621675714472
0.06452360887269062,34.93343435666527,0.27788959243963635,-126.4170875404969
0.4029729559999633,81.82145208606656,0.3770656725941739,-552.9690041702013
0.8407666520369285,25.64975596181123,0.46123564887273993,-589.900070172757
0.6873733174291506,12.456331572603697,0.22009554553184252,-840.2845333785325
0.6405763452861268,80.93312240699943,0.17950741779057613,-823.029168084242
0.9437937717223993,23.692598956903836,0.13976075687955994,-390.82338681769227
0.8860216493639748,81.11318035027485,0.17297210634019716,-577.1229554890314
0.4302085648636743,89.18933479730569,0.4622067971407062,-526.9428910829117
0.7382586523431398,25.083966134934876,0.16711484596101273,-816.7929995449233
0.5041037937465448,87.9851841641066,0.25391177616136085,-718.995032719694
0.6919137377363443,94.73263176159935,0.102194047790816,-857.1032910426875
0.446683099723519,15.252742458444029,0.4687399802336404,-586.6738060333083
0.5766526169485068,28.46298612445076,0.1773723519888075,-827.4403430706701
0.16952260280103995,80.19927226224668,0.1272480579591042,-349.4420069496531
0.7389938173540577,71.0966007430434,0.38521776930376694,-696.9512199838891
0.057448938195598355,95.70338206513634,0.14668787710571204,-123.55815020792781
0.07033103956278623,43.73485701405075,0.2815842519604562,-133.826956075483
0.5492195701484249,69.23767467258035,0.16589745425017646,-805.2564720617374
0.6413939421242688,32.26944912661278,0.4664564809771682,-671.6885732966117
0.2944642923465419,40.74136753094493,0.20394262203394803,-530.1565799439206
0.8899027754562993,72.31994517957577,0.15975542249993124,-570.425303775026
0.5003986060862237,81.37980259280035,0.45178542590182236,-593.6362428572112
0.13568612190722815,43.59286286521491,0.27439987618288175,-249.59553429696564
0.8876646570165464,28.898869513400903,0.24048559951928936,-561.880708330017
0.569873707620342,34.97092149699915,0.15580757884111987,-832.7134060765642
0.6841906606075966,12.719801532085201,0.33397831938673284,-778.8319314503394
0.3629185032567056,65.61445139992138,0.23320428151107553,-595.9152988596796
0.8488947027907344,65.46341222048274,0.39161273071587266,-592.2395920946537
0.619515686388451,26.55221753444587,0.48576070712525443,-659.3071087626882
0.6115040772777283,28.616100171690398,0.2611498569235505,-787.6229971994579
0.34155376622980943,57.53418226315821,0.1355090117837101,-626.1653416748826
0.9171519891202126,86.18237730143159,0.14103186588654013,-490.25402816470154
0.9596041901415584,55.96479448396848,0.2505920110070389,-300.86141931973174
0.6600330734281367,10.570551686569734,0.13277470522667723,-905.2484431619944
0.032885364779775036,23.87310811768996,0.29941316021753484,-68.64016661798455
0.8003506862736688,56.37252854442067,0.12818332724740014,-759.1174350289655
0.4944469646462033,13.230265852799523,0.13519319503556573,-841.4601199780398
0.963874694686934,16.63979765178867,0.48235835360515433,-262.6367799184428
0.2603192695515564,88.53011204811658,0.33356938412455595,-405.97696499998716
0.08789372866171367,97.36071232692693,0.47070757805815533,-120.64933401981382
0.8360071850776961,41.23778013759656,0.397937083476664,-612.4816267459116
0.501615453389302,31.809014490993544,0.4070282036123426,-638.9902995033888
0.36025783674902695,98.64896156248979,0.13982926373313342,-641.6780562310913
0.43299178005928446,70.92120286920081,0.1665325519854397,-713.1788040354086
0.9338555961509631,37.5204421380127,0.2790151091124462,-409.3263078531167
0.05311320852757536,20.5599463869423,0.299561957053516,-110.22955551665018
0.5404792732228748,94.62677826712765,0.3298040635684166,-695.6670215823585
0.23067441958099816,72.82034965497255,0.2318946847378387,-412.14677770939
0.8309112865988496,56.21417762098902,0.47057890304306604,-591.4981043265545
0.5791267900218059,80.13084418474998,0.4959528062915567,-616.8116470074309
0.49331696109595075,51.29490618998959,0.4352516337961859,-604.7949687554383
0.6036218399381419,27.131248579250222,0.31581305853916997,-754.425322443552
0.33772833510914474,11.434375589844487,0.4014608488325192,-536.6934782969615
0.7987018669752557,47.289681493323606,0.31845380449341315,-686.5799939262184
0.589016560720433,99.37889917282577,0.3419463908002728,-712.8612330977651
0.8421297745700336,53.78525416594147,0.12709980098045637,-691.4378065574766
0.5891781279172887,59.23924173961209,0.3585086240709413,-708.2301976213442
0.1777846291643349,99.344279075288,0.24397938544638303,-320.1997774954497
0.7623290124938602,47.5795681642648,0.2656164165373579,-742.5846344678298
0.8534257231170934,68.13163914052927,0.3268528082690373,-604.979538717715
0.7738781194445488,18.545908755554464,0.24814604458565245,-756.8509722016712
0.44969060432739605,41.53528796969927,0.1256047411926592,-763.8617697253067
0.6621759625203156,31.71697114204616,0.17046430791998382,-840.7708793420273
0.7676458529815045,63.847402084973105,0.26601218484232736,-735.4172198789021
0.2951764400425572,25.952508579683148,0.15772340045931818,-567.7219127118226
0.1345922052457296,62.64359953332405,0.322564808428316,-229.0574066253571
0.9496827034754394,85.29701073390835,0.2944036370658175,-341.5194403553047
0.9266721759754254,44.223118945629906,0.1752187035316327,-452.1525309617689
0.678703260828406,92.01441514332922,0.11540663191032229,-854.2379076904537
0.5863980386274661,60.83524885720038,0.48505061360212476,-630.1646181477015
0.9541735857568628,97.76362490554942,0.12655629738921448,-339.7150266461007
0.7722206790042041,19.12052170364579,0.18690775773842244,-784.5128038642539
0.43814295893169436,90.8654844985982,0.39498474575310905,-575.3101684489446
0.8662354343969216,50.54106333895896,0.3794434628023048,-567.6428679288088
0.8278202477968728,53.813098061245,0.1681001377637045,-702.985939597989
0.5436624252731154,69.20590956932172,0.3513148399001311,-687.4903085842906
0.3542745951263803,79.60336834548026,0.3834642331811482,-497.15226092136066
0.36531060802007675,16.89930796793243,0.21185204452801776,-651.4621510511663
0.549980458649558,42.72579619439813,0.22141683362258396,-778.7377217431101
0.8650958808169095,78.62595826654051,0.3485291650368606,-576.554461604218
0.42526325430498146,56.42064821078622,0.38282305707334385,-576.6374749442274
0.11621166190958862,39.47553505203538,0.42946484923430295,-178.10729442621746
0.3287068483833748,87.00028999422584,0.4954041696628455,-405.13750637540704
0.019977536445584504,64.43629174458329,0.2937563579770247,-38.0080360919183
0.8703734357849174,37.14404894673879,0.11733287818900054,-635.6593228599767
0.25212201502454495,88.90779415659055,0.1460523753207885,-482.9724389390446
0.9495225731051541,75.33503371383773,0.41200738085466626,-328.3432332998695
0.3814443649609123,46.1341573801391,0.3338047345837102,-564.5466444538976
0.5320893293603148,64.587100652505,0.2149711908178397,-765.8298549464304
0.755428592620312,82.30489604365359,0.2776453481098665,-737.52183713249
0.049733252967166984,20.692650808825242,0.18638671416390387,-116.92758509117945
0.4126984651648652,79.17903672200161,0.1902479894427198,-676.1097897439698
0.4031122275314358,33.597140578084904,0.1510341049747412,-704.7861325581875
0.047503217452527814,44.669681981365386,0.48630418186898683,-68.8230394835766
0.6965240016408122,27.70531864048565,0.4512981375280609,-687.3473135278472
0.7538930794100231,40.24968452888815,0.49498403103510213,-644.7311864772764
0.5927228537363423,68.81646265419559,0.45975842117900656,-646.8942258445186
0.42739847618539195,88.14334918425796,0.20333620278983167,-682.4684454992747
0.2016979891433642,81.70382053456933,0.3328904417636861,-324.70428399014617
0.20008377725986137,93.53956087372244,0.43933976885513526,-278.61514278295687
0.6675367408613454,55.98534332307742,0.1725255784661076,-829.6888680169725
0.486474644302459,99.43809243559116,0.13583820332900967,-777.7725939568
0.6488240248883672,51.60779503752537,0.12179278950915214,-860.9538431306057
0.9096697602474533,93.50781095833875,0.16250750498504912,-510.6802596204653
0.6341278126305856,23.944281252393438,0.2702926515179733,-791.2270331284325
0.07383882523476233,18.756857971311664,0.12756748217881175,-181.02276786094038
0.664503191084515,38.034175859824245,0.3120317279606808,-758.2049869505104
0.029605931383419666,24.74818192347759,0.4835392824478769,-48.59237989678713
0.9444653455204532,62.08647659731056,0.4298623271745735,-346.34296144317506
0.2688390356572179,57.08979610388022,0.13199307325629983,-521.7446713996712
0.5394114366384863,89.6135522453648,0.18390800770647406,-785.911377047415
0.6028498573175203,69.73136971928747,0.42761780082708545,-670.2885407965902
0.2222763393594969,29.40236044736607,0.19265554145158637,-432.92257102407393
0.14169998387875213,45.31274015358365,0.3989977713872952,-221.3194475809691
0.7997430052346078,80.72063942326182,0.20825844809587496,-725.5741936445582
0.688589728115812,39.16034153185561,0.25049162442124373,-788.5456743536548
0.6095549652034229,96.73016198811939,0.22272182141784344,-791.4427451319666
0.17874006864208614,10.799632593611623,0.16908366401430314,-412.53048406931737
0.7505947805811536,26.925754535941547,0.3603077101293469,-715.5614512023565
0.6437242323387192,10.532241468741999,0.1702046770955406,-886.8909842545321
0.5798865759010333,47.79600557798535,0.3690296484520582,-700.9803753571996
0.45829628049952265,91.09734069826459,0.20547610613411102,-710.8408084373888
0.17101068946546605,25.612506116494416,0.26737192412704835,-322.65606108327466
0.1955536618363922,49.337769089516776,0.3243585784308355,-325.4704915481059
0.8216221030691848,22.537150630721193,0.2134177349622214,-706.8096927544262
0.2264039519902691,45.478007299644965,0.46130716316568054,-312.2377844117301
0.9005356839644486,24.869564160249233,0.49558229389012076,-471.31153806278957
0.15953179796613245,10.875768637848907,0.45543761710982045,-279.17265660975295
0.6640726780930308,64.8068769340482,0.4455422783821077,-676.5590216117469
0.41248030141284436,20.54757018180436,0.20296193553666197,-701.0225531299384
0.6222574562036137,63.51144629066287,0.19086085962640917,-816.9351208137231
0.05346940195184522,91.8128660970592,0.23203323199242318,-104.69653313856195
0.3586975190104599,21.32518315407603,0.30218540742069855,-580.2355773620759
0.1967710583464558,13.659671305717904,0.18886939757959814,-422.93529608146633
0.12460117690023798,78.40206156664343,0.3385735064304285,-206.70435470651057
0.03867611500735673,62.96211544878225,0.21267825234477802,-79.8365443812163
0.049535698599633846,82.56242949287245,0.4104899216484158,-76.73244803731218
0.6986365724810184,79.19992936802826,0.23298627087404655,-787.1111385059762
0.49746494009053094,26.82170838034222,0.22726039696558745,-753.0633096439147
0.32220653586688724,53.42497095845674,0.24525043951780032,-540.9242370802358
0.09577138456198757,62.25732469098741,0.30230336653078527,-170.75489717045468
0.18028640389245212,46.79155527077192,0.1469000768242854,-368.7696145834137
0.2753647248188078,68.80894878335354,0.45679462591603825,-367.6654898557986
0.48684536350575525,83.52596706328332,0.17952828957478553,-752.5251532079303
0.9279565168490385,63.72323068216697,0.11430109466120393,-456.33076030871047
0.3427951826298244,80.77821845253962,0.3170987375564106,-521.2210821266797
0.35966719491919097,34.91697254376827,0.27805566273115134,-578.4909976463157
0.7093614102307108,61.328188163104436,0.1498038449251518,-828.6278819966037
0.48560993351323606,40.98391538897654,0.17975885044827034,-762.2507753138018
0.2868396888108221,31.01290069905962,0.3019601185995834,-476.0527140485193
0.16299001198739357,97.4650282896122,0.4986078240034568,-209.34232725407244
0.047903871118032876,72.08158906718779,0.13300418459157887,-106.47956371323887
0.22679998546949226,20.480353331976918,0.11295931461458211,-487.6216588160087
0.9138475763936448,75.88869980849509,0.3731785320698232,-456.2364392395951
0.9839678678902769,84.80734538031943,0.4600006798472903,-147.6425038636068
0.7981032505993971,50.5517086512182,0.1861424201736095,-739.7823293427246
0.46245968001115495,73.27164190043545,0.31764258276125334,-647.452984867449
0.7101827760463831,92.08029212697203,0.22160499015624668,-788.0876378331748
0.8168808743669174,99.90446869807548,0.3223584206942861,-659.2164140426715
0.3622433383005212,59.499099097557085,0.10398876265902875,-670.9906323147757
0.1840184538896875,66.42927794882334,0.22668226382222337,-340.6886153603575
0.16923490160478888,45.467463419429954,0.20685926247162942,-328.13596195297447
0.5725363600670555,77.40639566035372,0.20046339844905958,-794.0513897128247
0.07118880647585221,34.42285933414668,0.19785213558588288,-152.0839646822291
0.9839157117000931,42.411908077503824,0.4736614985644655,-147.9232820678573
0.4477070444950636,69.42496966831555,0.3685968374793386,-603.4081520189467
0.23409274385038145,84.6367894561171,0.26399770238662923,-401.43178712171937
0.5175614565086251,93.65652084133106,0.34875163222770245,-668.9684419097031
0.25376774823420417,23.27558812609772,0.3868392357266429,-399.4002591113396
0.6147523869937866,89.4836515611179,0.3589241410388825,-712.8762108473018
0.8148946338966583,79.22281603769879,0.44470083479172595,-616.7347107000961
0.4243455013492705,19.41239647633509,0.31747981481041865,-646.2201284879714
0.7324358022240495,79.66320692899725,0.16420445525041283,-806.7206437693762
0.5903257570819901,24.844880716633845,0.4740705122233312,-657.1326168578188
0.17595217399603166,71.37916204923084,0.37292065699185006,-273.58251875263136
0.21992801514319776,31.50365122184652,0.42107065263101917,-329.43261238880297
0.5437853626034358,40.76709555615312,0.28214837982710544,-738.6907450484682
0.8420980092534729,35.666356501580545,0.24816645980671678,-654.7566388805637
0.4453657777921081,34.69510661729544,0.4479878282920149,-565.3113789701126
0.6232738210720669,44.964030227016906,0.20628648278799191,-812.8359682908176
0.753685430081442,78.85839747336013,0.33468934400556716,-712.5737835434438
0.7924579828498117,98.57177350330855,0.38693505835872155,-659.9030960659264
0.6446477190738406,71.97131039118443,0.3001468193556496,-755.3423578762553
0.7761874054492965,27.19484961950571,0.1577956537808063,-785.3099334911016
0.6029889855168167,98.47855168589246,0.11486432979093189,-853.9016884539298
0.9159871076191146,45.6835733017067,0.31836570565546435,-462.2791053255858
0.3453996928493933,70.1377148637475,0.19841432646976132,-592.9909475459865
0.8295310037105935,38.01658457759943,0.3982525682238852,-621.9425555783764
0.6449631491623926,46.504554389194745,0.4375449772887291,-682.2720007510986
0.5717607356975644,69.29081571944462,0.408349337439195,-667.9634367894441
0.7137317779876287,81.62743564095295,0.27744930030354364,-759.0660896179614
0.03264431353773916,30.28889511947336,0.12119258364021808,-79.73133594131167
0.7756919360844264,12.5840802917496,0.44603529786978247,-681.740628589589
0.23473350102825408,58.50467140592543,0.27084556964163975,-403.7974057237043
0.1607280455126385,34.449620238153805,0.2603918592003349,-300.454082085288
0.6611572594648937,65.85080369502356,0.29511965623447756,-760.0855645180733
0.8946088901347639,19.790288991482733,0.4787748167059577,-491.4365867519312
0.5490153103679929,94.56301126508883,0.39018650476743755,-663.4599710515627
0.239053039598211,40.03000428422927,0.3086575316302982,-399.7793419439639
0.7343560648347328,63.009069587097905,0.2925634095711907,-744.925928739825
0.8907171360123434,80.25210614988343,0.17631174708342506,-563.8248310530809
0.7301033095595736,76.50295602574087,0.3769323323600885,-703.8997904408925
0.8022699369464661,51.94279812242519,0.32200823873898876,-680.449978794475
0.9265104866721208,13.755643221735134,0.40152762695534083,-423.1517721555221
0.5244974485474742,61.689347395074876,0.16829116749166467,-790.64980324546
0.8945959298046995,51.18757276611079,0.22622252762692843,-543.1606776120623
0.7965152746256928,24.158189960393763,0.3556725499061931,-683.0000999488923
0.35295265582813357,48.46404243077403,0.23196334317365983,-589.3600215847481
0.33060833693550884,44.96146586513237,0.43562402454678484,-449.99511013897643
0.21382609563792082,14.90086119623659,0.3643841716522075,-374.1724334887204
0.6626061652505393,82.90815077367242,0.13324550369682125,-848.2298836454221
0.877037977147274,84.28354729921128,0.38111651842546923,-543.6817204267909
0.09213974627063833,90.25092984298108,0.1300088207605975,-197.83310547367324
0.5774236079551598,77.73059187542019,0.4393166744523235,-650.6989938878125
0.6949241271345828,91.78624626572513,0.33539193261296274,-732.8842046880817
0.808915568517799,80.59290597687647,0.10672232189588371,-752.960642779104
0.5562571886439638,18.41535024533318,0.48139956378739834,-647.0849436956048
0.6570051486310522,95.92134631257159,0.212664937892591,-803.0611482677601
0.5229609743759179,61.205472761181916,0.3959283201045314,-648.1160750070635
0.19810853834499875,41.96557504493228,0.44728954683399436,-283.41270023141163
0.07688746612081913,58.40755662257077,0.1644938129883779,-163.50687247464214
0.2608128296014147,19.15068504174483,0.13756801330768803,-536.669525457566
0.8074313063958614,28.699187812917046,0.22195015086720501,-720.1418081059862
0.12890673039162157,73.46207967494979,0.3598932128751714,-208.0133739168473
0.08028588593686203,41.86703643736924,0.26750751161328845,-154.7823432599204
0.2276012326349905,10.396639070022388,0.2305074742849887,-477.27949071075375
0.29392980830302734,34.67332961405231,0.27098765164139876,-498.5436108864066
0.4041883173010673,43.139027294627844,0.13828333433451356,-707.6436019933037
0.826343719426068,62.924273532524055,0.21123339878247938,-688.9207171951248
0.6217356323903234,51.21622233617675,0.19162666250983962,-819.1863826369406
0.7454678231945155,63.581972739718786,0.27578818472748345,-746.7583099274925
0.882752738930176,63.94781987189339,0.4856812048679129,-505.7473766598122
0.7620613996086554,87.83398049047831,0.47096901332220675,-644.9458554322425
0.2664890594865064,36.33307121438568,0.3478612335515918,-421.5859122216894
0.5474605928863228,13.589321766508,0.4184198843035005,-696.9246564229826
0.4541171577729822,86.36345460187354,0.3746511997218628,-602.9165568605251
0.8156356540309957,88.10577011194768,0.1406749613745562,-729.4625536403912
0.2549653925401818,26.273987099080767,0.4189057058400184,-381.53628057055965
0.6063595899885027,13.118129140981942,0.4934171899373756,-679.2948485883187
0.04870746044803919,44.392819892957384,0.2516553141330117,-97.6645927156008
0.3279069139277341,72.98740233482698,0.17268409514783536,-583.6788797079341
0.4705772441900148,51.16854055196588,0.47750471850113885,-560.3606698741257
0.21238032220555006,19.61585449269432,0.15349877769400716,-446.7981271501985
0.6690194521451338,88.79776853886735,0.3603212587326091,-721.3357569338096
0.37075863798544967,10.53195924356783,0.2270809563531088,-682.0178515396168
0.19427185236023384,50.25260979414203,0.3096306554154021,-329.01523206594123
0.8613191817673312,91.66382783626474,0.46296056328670254,-548.9184734183858
0.20653132836684854,49.19929014366628,0.27644437163419733,-361.36134235009905
0.5745870889181243,33.83006563346715,0.23259857990911056,-788.5508895094027
0.48579303563250886,54.668862283989334,0.3392900488122099,-657.659884001636
0.44536217248266746,80.49826935980006,0.21602354964663495,-693.4868914394187
0.241957265255957,48.7702250012759,0.21765285415402152,-441.7450152002385
0.8137631991197879,90.1714137121449,0.3259827312002561,-662.1383903786322
0.6400003640642289,91.24772053738988,0.352513210823891,-722.583788866931
0.7978447887292122,41.03698160860876,0.34604663600150687,-677.8411716555787
0.7212662066162188,99.96808030834184,0.33692733590790946,-725.0715747151477
0.7590893473542695,77.47524856005263,0.3768269445752014,-690.1062869571956
0.19827723998257415,94.94768040216171,0.13963593388418385,-394.973211182092
0.6066813600830594,99.46198819090239,0.17273151215004845,-820.2195020260702
0.782213184076096,22.990777910425685,0.4798132010603978,-644.9430716537245
0.4971057234832202,30.612411233546826,0.23670761318905284,-742.9031371655105
0.6166982937830824,66.74278969216124,0.2654504928491508,-771.4045877945094
0.2766553091791784,85.83521573237935,0.4029069435200652,-393.54051829663945
0.4571119729705344,92.14569629841485,0.289496635370751,-657.6359566522448
0.8317802853364562,69.56028034647106,0.2932040352830297,-651.0505676094955
0.21547841641944562,49.08282303505576,0.1825325968737889,-414.71138111483737
0.7070642341386075,77.50853965985364,0.20540908727351123,-798.852341433414
0.6328755344370245,97.67592275822733,0.40133353603145283,-692.3783671074624
0.0836668643041401,21.890351414485536,0.20982049409020231,-183.22616628501336
0.661192819912256,37.285091414656634,0.28305442440999296,-774.7651473881608
0.456931264079228,85.50656022100382,0.3455398093088017,-623.5384746508761
0.18830090647758904,56.698254200435336,0.20242824362865394,-359.0316501039044
0.42876142001272155,73.01773754135786,0.17481882432151963,-703.4125908888374
0.13414133969437586,21.862425745766284,0.27321818711384294,-262.6515219221073
0.9385823839820308,20.04147179893799,0.4072776853318433,-376.24870806302437
0.9650695201151867,69.73767011227085,0.4445382324658568,-256.0973238685733
0.4274265717599358,89.44571952056117,0.23450993520069574,-663.3187126762439
0.21574705649978093,73.81007634401573,0.18686112194931562,-407.6968019201819
0.790681860668408,52.79432700090365,0.29914478253965215,-701.7690325339329
0.31979670905103597,34.244620970515186,0.3771218918656697,-475.73899579358766
0.3594603364928104,12.634010441946687,0.29467591129688064,-615.0360048763662
0.40248971748523593,44.214301867204775,0.33847376638996074,-585.1208974806557
0.7113775377548718,21.080222643358503,0.47616364701696323,-679.3683100780866
0.6101003919132606,53.05122481684639,0.4338891380113322,-672.693625657973
0.9814737775769544,62.71313918425391,0.24158752315563065,-174.0776320806456
0.8331237849593132,98.07593316893988,0.2839924104055016,-650.6375282147413
0.9651862441262662,27.479642045861535,0.2247716579348602,-275.8273195015075
0.7675641603825847,64.7419975437606,0.46950029333117493,-644.8246195097221
0.42408245358484853,36.93216692254198,0.28655563858661237,-642.6277494893322
0.9129190370328469,19.118840613511352,0.27104012120828547,-487.2685921868053
0.4044348382209027,92.00525621504801,0.1902751392434758,-665.444174680413
0.10842520181908565,90.96347748956089,0.2740562513139882,-195.73935650776434
0.22690539613436142,62.58831053072727,0.43328657156409156,-320.0788182777437
0.9691968970077384,26.808125491206336,0.4899853312483833,-233.71175476176202
0.1878303273706864,96.15124148986851,0.19000196514868675,-357.2953773831534
0.39734640758042794,12.054620921767558,0.43698814765391825,-576.0893905285786
0.8236278835674657,98.13643382186203,0.2660687447665101,-670.9690208062528
0.5033213594108183,16.625567429243617,0.19429174611582523,-797.6321067342965
0.6511348101766555,43.969716756673506,0.4472323908781236,-678.7724248389866
0.8657153006322323,49.55440420742943,0.12607093510659154,-642.2041590110691
0.11542893819943441,29.32686600015123,0.39823250172451374,-190.38557645675493
0.477568973227545,37.24583746183188,0.31013703170081125,-676.6581927845588
0.32693958577558385,92.02759332390603,0.48583724985438426,-407.9050485049676
0.6312975048988507,14.263650561754877,0.476180509972541,-691.8924219951032
0.49547297580088623,61.21722186809956,0.35286595830670164,-655.0729463727212
0.3447978761026615,64.33276201314132,0.3477194081507325,-509.2652322740464
0.2084384386670955,47.17833478280119,0.34158583833985745,-338.2006037191917
0.15192546830971956,98.69823273682957,0.38482147390517774,-232.13533403052227
0.7384076009939474,24.017555339138845,0.4567139596107116,-678.1500781571907
0.8205854546526485,81.084150556824,0.18806111209677123,-704.7564765188358
0.7783857868808437,40.91386704409613,0.10680253678902916,-798.829681430249
0.6695316828973469,88.68919595296093,0.4670705520737112,-662.4450923026435
0.6234915145079037,95.90286167194934,0.34013304478024664,-725.822619662959
0.4104520972234984,45.0810610465202,0.1308071830318797,-718.2587020409743
0.6359733029047705,44.2222877148788,0.45975385099427934,-668.2708878299322
0.12514900569313234,24.191532976221147,0.2654075873833385,-246.08220327984168
0.5688329954115753,25.93482781107334,0.4478541043997223,-661.6011663077429
0.5791880810161206,25.33851654273024,0.3654961206898839,-717.4396215485326
0.4954493976974469,61.55950904308087,0.13068492456214212,-793.5055258480784
0.7973061604263387,90.33774371533654,0.25364353696074493,-709.6481803506763
0.3721021155852109,18.363333770209714,0.12607157805018818,-705.325126330296
0.3255427125910228,93.09434003045644,0.18653382046233116,-570.1769840988013
0.11423043699358869,56.22807334056822,0.44306626017532313,-167.1606559281089
0.3214268392514105,55.83597909026046,0.41525637648905656,-446.67877557491585
0.36735921844804154,77.5608189974396,0.3517505071487509,-530.3921116090567
0.0963851774854071,14.3116723138846,0.21812920795109692,-220.33889150220264
0.7331096411538324,57.37633753861685,0.4479493518488994,-670.5935917103832
0.0432762098211331,80.56785949914658,0.49628263068103473,-58.526176665689846
0.8984201819526849,37.7225973155583,0.11068172977464089,-560.5817746151382
0.11110194687076216,31.76456721671898,0.33271330611426664,-198.3268068392838
0.24007742151881611,18.74192315317973,0.34703948255243344,-408.0284906588533
0.17791678206844533,73.09792287427038,0.1665320323733181,-351.43781529001717
0.6355403305556772,61.47402873277034,0.417761241457018,-687.8607535619935
0.980344939623818,90.86650795276464,0.4547040121562491,-171.31559954679815
0.827338756788483,92.69731976129269,0.14916680305277824,-707.4788612562069
0.07703605764292686,62.868525593019804,0.4256104016633898,-116.90099439371457
0.11910798173108485,76.88916355478966,0.4323649042785843,-173.71275318117478
0.5355622512974721,12.555167365167556,0.44061765183214163,-681.4890286799624
0.7742772817913347,10.768603845443552,0.28205317201321634,-760.9198320988667
0.7081188945175155,84.29238146666084,0.3691445122827879,-713.409058235629
0.5099976788764566,47.05279543719176,0.2966216873247234,-705.1435848777963
0.03513476531550505,40.533234636250484,0.30206745241054933,-67.77385190027707
0.976247065052371,30.23931771082896,0.2770153421013296,-207.49151209971276
0.7556272541842077,87.2852372148555,0.13114465221818206,-804.4924201921876
0.6094384607801342,35.871879146981016,0.16504760092291282,-838.8552688985941
0.7074457112240834,45.7174090272367,0.4655638805962188,-669.8909849597371
0.594563251040354,60.436552139940986,0.3044242286673795,-742.6618347321685
0.6983134524158392,10.307881835346727,0.3599075458460975,-773.2901188518132
0.3332626919270867,84.77236782082811,0.4281639157480088,-447.5851547151369
0.8039567352949406,82.68548001331904,0.4487587581549478,-625.6188478254553
0.07683146157051997,26.31789522618832,0.32735026291195607,-144.84906278365747
0.4835505371661912,36.37673998920479,0.23688990247230626,-727.704203527092
0.9489919290959987,49.2781736053986,0.3013964995133178,-344.7162236310681
0.5692770970838407,58.35274103129746,0.4940989606872218,-616.4081581864824
0.22742978830585078,30.409586118150795,0.32837333949344183,-380.93099096691645
0.5427891308812248,48.97715434031738,0.366952979862632,-682.2222133837944
0.2538559405360977,15.440277749049367,0.4881647138702615,-370.5735562371618
0.334963709184889,17.67164585816788,0.4775453527737742,-462.9971283600981
0.01012221708760809,44.65763660974078,0.4973704998834151,-15.285326354823786
0.8784270947652669,31.28390837563898,0.2781685440049118,-573.9570387609165
0.13987808385653733,38.37657796306451,0.12112880625575176,-304.791984212639
0.7864133279256271,72.32404490583932,0.2029772605426557,-743.8588977574335
0.74400409379464,33.25483607952222,0.21323090455588037,-785.2287616433347
0.028975413796622163,19.271626882946297,0.13345370761099581,-75.12812794838125
0.027729587268619606,32.941928952850375,0.3142033874836839,-54.593936264265956
0.3458597571234764,25.86986437413905,0.13222363316698413,-653.2784933328458
0.33687590622265484,93.76775691298641,0.35253718207509543,-492.759941231692
0.5212370480455006,20.982237366039687,0.1289814694401987,-839.6255530522517
0.12503279251543395,37.362863787035565,0.49736794824516195,-173.13337312515222
0.5362898831404687,91.01318487869004,0.3274671842003195,-694.8720127483491
0.7729998069747916,73.55566964682123,0.31658359439652195,-707.7328568342986
0.7524072374604558,53.77157903101964,0.29307419139128366,-735.8281461979698
0.8129476041607694,48.45483897280084,0.38879656793232875,-643.3063189575502
0.6846217374102529,67.77542333771132,0.4119525191378034,-695.436916147742
0.29071351406830154,12.815554093693084,0.4376436870153787,-452.497432602432
0.8278056167297169,11.00868933196253,0.4177117433061234,-642.4577537183852
0.6133826899347057,35.78181388561261,0.19948849445996683,-819.2976711851632
0.2706494454049799,84.91121892999435,0.3888193726712451,-393.07864865903736
0.3706434044344651,59.91924779280297,0.20081766426362854,-625.3544182390422
0.5182855848307732,61.54347234136948,0.10213366980601735,-827.7791223454014
0.03811833328449568,63.87170062292146,0.1817385582765451,-81.48222459370244
0.86592090175206,41.34300878830853,0.2781987130688882,-598.9182404235574
0.4068516467172442,14.75954168914746,0.3490479685457151,-624.4578940786487
0.3765950052511461,26.889503607186015,0.43873606015574185,-511.98525290543387
0.2006750549071235,75.93137562810995,0.3777731295038381,-306.0059942552966
0.4831229454305538,50.04539488061469,0.360235415420602,-643.9520530357103
0.2466607959242008,70.66074228832268,0.46079205734078155,-330.82496592466765
0.825481614123124,62.010256210626004,0.3167954029229455,-652.4232066812128
0.9873658218964951,53.785968751260576,0.27935257984428674,-129.64107603498994
0.3549716615716936,11.142241669154236,0.2381832416684374,-651.6841219974756
0.1600846101314679,31.16497093280274,0.28793171907743065,-292.37707860931243
0.065269671386408,67.47278252052558,0.41353490033060225,-101.02065715449561
0.5685119419125317,99.8094847002159,0.402991557806997,-666.0331760582789
0.7482617384085399,43.975987889784754,0.4610585115108945,-661.7753693775599
0.8954219156973673,87.33379145767528,0.22821975844202333,-538.4486817197227
0.06972591479176696,78.15864791127925,0.15627320470570594,-148.3445821837205
0.9458503638815438,48.77298500571722,0.15469107844872676,-376.7671049421784
0.36210511962692216,53.40093841025763,0.2440682928618322,-591.8685480762016
0.0702775641725199,87.59201624416298,0.13890811861165606,-151.65355299113884
0.1125345300764991,61.1947267548362,0.11092143828780437,-246.6516125219833
0.6963387826665626,56.0796068920791,0.2897888376822355,-761.0656048484776
0.37328535106043426,98.78500288761326,0.10900339137672246,-676.0882733513539
0.5836981132216276,97.03116371612951,0.30776710962306586,-731.4909104098695
0.8565725842218186,78.04899473414676,0.21359583578495003,-633.4844086490762
0.43202278088562623,95.1297315838143,0.19202512608214214,-693.3438843497538
0.5896834993088351,60.55440735952883,0.17881407354363754,-816.5982308915843
0.8584842661973089,21.75373998329078,0.38030457445616306,-589.9551536796785
0.9774670045917073,12.662217689243304,0.11887354439102255,-211.01853789575833
0.7402446318563618,30.127219054909723,0.11393963598417259,-837.1426812128968
0.6615055663093178,33.60953014855605,0.3395150645166187,-745.226596537297
0.3631208005666103,80.48130126014986,0.3014864709638093,-554.1907071519023
0.9369787353705031,56.120511084414304,0.1854568728304872,-409.90748831403215
0.5588993105873722,97.70614462337538,0.2716792317703802,-741.7342761288572
0.3881987802158041,11.271770813175271,0.25879577549885596,-677.7525500532985
0.4228489161795309,27.490925784643647,0.21873875412931412,-691.1141031907604
0.03880279418944051,33.5842874710372,0.13856715132337416,-91.3526388296546
0.7130153810972277,60.09028217075323,0.4861839987008898,-655.4234567066871
0.7124437095389972,73.979593790781,0.15699013873504095,-821.8262409919422
0.3213681116547897,99.30115443948232,0.32922797878836807,-486.2736980901152
0.2909461145474552,66.56358132272294,0.23403782563918615,-501.09685392861553
0.7678182108079773,65.13289600798032,0.19467094646763972,-766.8412499324471
0.2248872416416707,40.226948655651555,0.22169260956170694,-416.9190327557987
0.6450486549215297,91.33695289486378,0.24940741019766619,-782.284252334323
0.8116693354895542,62.41938130172411,0.4366977780199073,-624.5160884917459
0.3559823233627077,45.1211759320276,0.20640969550641042,-609.1187933057641
0.058512189448264314,28.467597614397448,0.47909532247123576,-90.30895946105662
0.360817857553664,58.260046088308584,0.46261032760820975,-463.1687006978041
0.6716913469184813,75.60583153834962,0.3762919747550205,-713.9032454624554
0.44291157412738735,26.046241468121583,0.2104537224833866,-717.9182859687982
0.9157859485710121,99.14925173651504,0.16529227557795362,-489.9695673036043
0.5235739467932228,75.86911786254704,0.15617188388629205,-795.0311199619769
0.9608180837444632,46.57320019972087,0.10975195637249856,-308.34343265483
0.6601299298564588,45.38830583824863,0.23710917169052334,-797.216158525969
0.8112431015281345,56.353660601776156,0.4584133502687192,-617.3870187451236
0.6356879139435284,27.182067580493825,0.38895298387534905,-719.2775008362523
0.5042210501450914,86.46017307730193,0.45076604334371284,-596.5148045443461
0.5690231382601927,72.0677852213362,0.23583505546446448,-771.631272520793
0.8179133479843049,71.660559111418,0.15360955658235054,-722.2208212795815
0.5627578601276622,69.59329936807683,0.38644166175799777,-676.6191019299971
0.9154430485444358,71.90433579617627,0.4392264944664911,-439.00194298684573
0.30789943465422415,79.69995687429878,0.3706626332809496,-449.63743787922067
0.42293915619582395,79.32162379926028,0.2947093938910986,-623.3840237326355
0.46652581514295327,71.1497735028968,0.10171425690603889,-785.3994552453197
0.657324859432605,22.36458266837909,0.11958104551340383,-878.936231131421
0.773022538508883,63.56198220450302,0.1648383829283574,-775.1838450827017
0.6271629672227765,52.971946263652555,0.15883640669894086,-838.6230072596067
0.8649788368789658,27.480346922035526,0.4624763995789193,-550.9909681592694
0.9572976304101914,46.389083185290815,0.4705152298115456,-290.1463233043149
0.04520538577209758,48.30328927263402,0.1999297902066838,-95.86824621981498
0.01238070072304761,43.68542832902517,0.48214922935748095,-19.087888641229927
0.255097509065535,42.8222473302076,0.28973727808382344,-430.1413623220136
0.11294993249184729,22.86251067756802,0.2549688503344787,-228.33039579531223
0.8046669464683718,25.62183779746797,0.4400014670665434,-640.1493389945811
0.7994888240438679,26.15302032930297,0.41972979506740815,-652.8669007283644
0.12946048683807052,32.60257895374743,0.3010635801404241,-236.65319628634822
0.511658361916892,91.43951222051601,0.3856873942289447,-641.9925519011485
0.9072204849256095,83.62755822892295,0.3381362241575693,-481.83180269376555
0.15042565529677066,98.66306558543921,0.21796611471897062,-283.166479461765
0.6424024453986459,87.32121387625622,0.33367165636616325,-734.1390870083961
0.7406729023581611,54.176925757066,0.37350980975215353,-704.2781419867231
0.903144874840789,43.58834832395856,0.19676258912247446,-526.3041177206951
0.5911281000272754,16.03266571273029,0.408251206520461,-714.3062725465072
0.5006895523738719,78.43321119354967,0.3008032669142716,-688.3992944649029
0.46474803131571235,43.369323090776916,0.40968473121661797,-600.7060109756982
0.3247246521190505,84.81632765732749,0.3081217323541524,-503.5250083265644
0.4621910550242026,85.44813079036302,0.2952722601472131,-659.3557711000013
0.1875586284343009,63.42439163956983,0.40482503690370386,-279.38880803099795
0.6729968040001597,24.7845179636286,0.11308655858026935,-876.4257912376573
0.21956178625044034,97.69496613203307,0.3028369509056546,-361.6223867960299
0.05892043956185438,14.59194121462179,0.36550766260767065,-120.50987693021222
0.47058638565392497,37.45400350871332,0.18635971031653853,-747.6147289087398
0.7938269821261555,74.38764946791567,0.46367397441511715,-628.8670437770072
0.2356384851236206,27.287405523086193,0.36178297849094176,-380.9024561679584
0.8045384881384077,40.43957620496067,0.1395784352914392,-751.8691918419979
0.716601485362299,45.14962847749938,0.413603173386595,-694.9600328106844
0.6256973971657958,28.235265342804556,0.33216167794854773,-749.3125608775164
0.587614039775976,98.97892004579715,0.3571130607441383,-703.1378172411637
0.2768553531073168,66.96323508652887,0.16178618910186207,-517.106288795164
0.4828115696844146,32.78288686749301,0.14822935318311822,-784.967555640772
0.2528521615536609,86.60883327854168,0.32323775875495087,-400.90894604172956
0.15211275100200505,39.756197269435276,0.43257918772772086,-227.77361985134124
0.5826808029019724,10.169563934259129,0.3574699527219535,-770.0090485156852
0.765879186928398,51.59282513022893,0.35149922130463385,-700.5136418295224
0.44121312664333134,68.31756052735307,0.3234213435071767,-625.4293336042506
0.7320441075575485,22.841556606012574,0.1911021878346668,-811.5893787489639
0.7008492096123486,83.13052534448858,0.1959160134216157,-805.4733348477089
0.4532600440425661,33.26768772853883,0.4664480395794568,-561.9426817789981
0.7414301206172093,48.74842829225372,0.4392911279883439,-673.6134023539369
0.32052310248439325,93.87957515495076,0.16158887517527287,-576.8191565956768
0.7983775744139605,55.04054129133401,0.12799728906584518,-762.0583168020767
0.3380987011262404,13.850774320269625,0.4873245525929766,-475.2437105133644
0.6791020311714782,91.0637700021357,0.24143689531714307,-785.7086758706326
0.6735456653857776,72.72162445834397,0.435572039732254,-681.7650923234296
0.4175762688851657,90.78536707689052,0.42007695886736107,-540.4548430769391
0.7067379078683592,48.36566195999095,0.19825612146413463,-807.4291426692413
0.882370814935657,89.13930825896111,0.12447198813193446,-598.7866031629384
0.07633885797789872,23.882962221638586,0.2715044250383162,-155.70473986991513
0.29948943934034045,81.01531036474421,0.12322054573291341,-568.5522048792708
0.12671741099080105,86.86914289319438,0.1609746658734722,-258.2152977313084
0.1851092367345052,75.85068428788867,0.1589757006428751,-366.5106782729218
0.1974000884084119,81.7831553551333,0.43250342184457347,-279.06158663175216
0.9550606112312048,61.89437975457993,0.38873412843781974,-307.90120673737783
0.6963433770523807,45.76921961247095,0.4957771869481794,-654.9519468557457
0.5787300954095275,69.48656844447919,0.4477226084730668,-647.4436547645283
0.5851067420629528,12.060330613873834,0.4872795775241515,-680.1867789760748
0.10151340817978574,69.62594179155849,0.25175214778568755,-190.9321446424232
0.36857493914960454,35.59147698497064,0.39482555680274634,-520.6979185573202
0.8860234961963838,81.90302672637507,0.1103817062977106,-592.8515316006211
0.020034151970632314,29.547532566253874,0.22673491776627375,-44.97539940328166
0.02903789067184101,46.54694814375363,0.2970106929729053,-55.984548934659415
0.27893104995234397,26.553539755021497,0.21810602060410025,-512.181517582079
0.6320746609764887,56.72533672133451,0.47246281020993763,-656.2662758103671
0.8601069528654977,62.5385618306572,0.16172310443032956,-642.9199950254969
0.043051081739906454,74.60575098899515,0.12342389643778598,-96.87732242679157
0.5184704928637237,23.933079175306993,0.370952902770857,-682.1992389535696
0.625354686251953,78.85440422208679,0.28674436812190673,-759.1352509488225
0.06956076893330841,45.477440642973455,0.33657521391739254,-123.15507516112525
0.47325536342848584,70.63869324282633,0.30968946033064026,-662.1486693210405
0.8952147465429957,25.820816022010185,0.17407642893755676,-558.4199955233516
0.35852767200033153,36.17774115483926,0.43837353654638234,-484.2553363027282
0.4632061312737238,23.94265798239332,0.21492979350241515,-736.8085815027772
0.567723517289049,39.359549357344584,0.2393701808022196,-778.1080437702144
0.14457402554822435,95.15908126130408,0.3738506291564264,-225.18363147742417
0.4690512575721639,30.21152205822572,0.10791336972776047,-800.6800537685544
0.5251035595726441,25.940086641423946,0.23875245210563165,-766.0628821343304
0.16190115043134434,22.491360825851572,0.26059863858807564,-313.69685699436326
0.7484151263749999,74.56850473856187,0.26583629444212653,-748.3475307694238
0.12773414404251526,65.13960980692714,0.3964760869217775,-197.20473323474292
0.24310605918014225,78.14000909233013,0.38207148913365974,-361.4495209338822
0.6425617287766672,52.91005194309506,0.2569385486325216,-783.3997210798593
0.2932042899794903,72.13171658226102,0.2119416947070251,-514.6357188074315
0.10260286236811797,88.17782649081695,0.467371102513369,-141.583890440949
0.48247176751191906,70.84511086308186,0.1083694651859981,-795.1403438463789
0.35242189339763896,64.13334073731869,0.28902945369965727,-551.5960343803877
0.4447180548131926,32.4904651171331,0.2669665522943605,-677.989421639045
0.1824307419049154,12.145596255219822,0.3820053796512247,-332.361756208065
0.9620310821330263,95.57546097366198,0.33922308523168265,-279.83572887494756
0.14908512426603088,26.574197931587467,0.1938549859822751,-307.9330522296478
0.29698134848116287,95.5226191274218,0.12337333186589589,-563.0414381024898
0.49496888995386945,20.956050418634888,0.46050578595967173,-614.8211359251188
0.9075899887066063,89.8118606031325,0.28279378901664765,-492.2007110369451
0.09677266778553764,93.96670007694492,0.49644109031660244,-127.06385401618184
0.6154623260579585,75.93891532097958,0.3772815703652703,-703.7412223429844
0.17418735202716196,42.63974488174612,0.2264236878305071,-330.7786400087572
0.6481860174420917,79.91124860060951,0.4966005533329658,-642.9924789567726
0.5695532411142576,82.25109892858144,0.3123219294203696,-723.7307225965457
0.8010084450084943,90.35532970906827,0.3414107075055427,-670.4875568080913
0.05225127808266734,13.254589471175965,0.15443563642881833,-136.80658075466957
0.12372723389012596,79.92873111881906,0.17893123047773551,-248.35117434805784
0.7010782588845738,87.08585865738912,0.12264455387229396,-843.3554734674857
0.22152736685088306,76.49420232483533,0.2906648746659374,-372.0974573777733
0.011368959257519334,78.55509116330566,0.3530209059096765,-19.91407720161665
0.8726119919782422,11.434953232173946,0.2561149462234169,-609.617101227873
0.9600758499828446,97.410580581736,0.2177249663658384,-300.9072140509976
0.2857643097389037,48.64573250378789,0.28970900240610953,-470.40163948587576
0.34546078434644767,72.83852827174914,0.35103675461995487,-506.50898037705724
0.3109435525322887,41.96432041089956,0.19360234902025117,-558.2058345302688
0.6427649967173383,44.8379715443668,0.3711167632341058,-720.436309734596
0.43181347605126974,61.30709571796955,0.2363465202735745,-671.2541712758804
0.08584206500644542,18.65344320270418,0.3447737018558801,-165.3426115994169
0.6283609353040135,17.447500918440035,0.22785219791395794,-826.5409666581224
0.768125342657256,40.765169630639114,0.12874968432183045,-800.4826337429256
0.9311931782089458,42.13446630866221,0.29259461285385396,-416.49758715410815
0.4066403738717439,61.93993341280308,0.4654912983223327,-507.06743473213936
0.09320189445535496,57.13035897185745,0.21111808662725218,-186.43037358436686
0.18435049848100826,44.82180224204319,0.22766601874928158,-346.5115644849153
0.46745358689661204,65.71286103280013,0.2001142101610221,-726.1678884604186
0.6861516857993172,78.48440396842719,0.4104666360576762,-694.888226008952
0.6523541374840981,23.43254652535182,0.1293045191209976,-872.6706540359241
0.7830980613696338,19.25623281514267,0.12138372876381608,-800.1860715450074
0.5386809353214952,13.3931997967278,0.17141136726117914,-846.012380148587
0.828352622228885,11.96086279040811,0.3895751745171172,-648.8579865819046
0.22356720177730358,96.11406252393013,0.4947033836457456,-284.548511793198
0.3175485285559021,40.5259575326457,0.13708547536551705,-598.6592633325773
0.13092146470048796,62.09201970351764,0.34991816892896643,-215.55755861278607
0.42904587377196424,93.97901710568529,0.1653027542893614,-706.7536849350586
0.5634510249262977,79.0870261421878,0.4513590682951415,-635.7720976839971
0.4611864791255677,34.37834055778663,0.49524231604919855,-550.0027679610553
0.32775543605072427,58.99622210909219,0.22924196481365602,-555.3545267044426
0.16990246900819736,33.999898282898954,0.21860028968521972,-330.7342975776837
0.7158703386547414,20.40756018687162,0.15469725068552204,-842.508803377203
0.5156281323060047,79.39820205937313,0.1400168213598541,-799.2760116138978
0.7436548365563276,71.5019543121287,0.27827179826202475,-745.7100298710578
0.6164373787356933,87.2075057587705,0.16452796608661674,-828.244530953815
0.5895995079748132,42.27735812650431,0.2586008159128912,-773.9635057063604
0.9779542771187041,49.3127636965086,0.285943727038278,-195.47956791559366
0.8272715861640662,76.3557159807094,0.39912915889538814,-619.4063037604243
0.5566024939108895,99.03164998548598,0.42844131335612623,-643.9164251115996
0.2968775451279129,69.46899985351146,0.20830540706038342,-522.1975343450183
0.19294599783358288,15.558204133013623,0.4140601340943415,-321.5826421036895
0.9472615035916095,93.02291858972941,0.25797234983933726,-356.27755636643155
0.9788831615958973,43.41037788461337,0.2540083997477197,-191.28715242133958
0.9259270927130498,73.7819090853786,0.27972187279132,-435.41431669860236
0.15398121332088574,77.06176823550962,0.1093446543713823,-326.6401808760289
0.7010772201953571,36.06154535341783,0.40251792556717925,-707.1545708320996
0.6337922318567871,23.216899491410153,0.36208566862287683,-738.9936553503192
0.41373085288573724,69.75694427630677,0.2706832722620717,-630.1145064642018
0.2414419061926126,69.54331566408689,0.4077574621282547,-348.8659424865696
0.8246195358707662,80.9305038629412,0.4016113910776601,-621.5167386070673
0.7670249072104233,69.94132689125807,0.4652707345688242,-646.4208039923675
0.6573468393479417,71.7658809881334,0.11956649555356198,-857.7691285859913
0.629137729914993,59.823929204943994,0.318024599823754,-744.6139286001294
0.8232036748612733,54.2205064415925,0.11705396743405588,-728.9620642539741
0.37991958608529747,61.00827066524324,0.21231200883829834,-629.412382226101
0.7370251805062382,46.50593305331594,0.3328123714962893,-727.2714056780195
0.3057456753625466,57.89690534321163,0.42144972204401643,-424.3727931941195
0.9301753069262098,95.55952824586686,0.17664459038512093,-436.70634751090915
0.3305297431354339,50.00561170954312,0.40878246503179994,-462.67293432900004
0.7577674781919912,61.094773660273134,0.3504930608699178,-704.7521988535888
0.7289168681173125,48.37615998812458,0.1708234131428347,-810.2733105722727
0.8021473320684703,89.26987703872788,0.13740835953594563,-750.1074105613384
0.8470723525210725,48.549678495466054,0.28127247025476443,-632.5928717407056
0.6062336838303138,52.027338062724304,0.1231775101388283,-856.5503067793429
0.20496393744629773,48.23320260835258,0.29945313363506487,-349.9205345182194
0.24821914056495825,55.44245804293017,0.30971050856648363,-406.39364520460146
0.16913324840568683,86.44788708579414,0.3459249835732576,-271.4008181961013
0.7420477719869868,78.60777159778432,0.4179790596613169,-679.2456611433362
0.5622331133931335,85.39526834526656,0.4068475448901405,-661.6629090210828
0.47283043931213403,93.56476649048113,0.4817080920050182,-551.7796603235957
0.8820972897140335,86.48610506676202,0.3720851695450582,-535.3693734242995
0.08649099029677378,12.123323436552859,0.22576299231513738,-205.18020673473697
0.3911823378709317,75.42500275632126,0.25796927816160353,-612.4451372438298
0.15033156588306976,65.99725860367799,0.2406076366007014,-279.35471791676053
0.012381118787143682,55.56402536690977,0.3412974220233343,-22.720636159607494
0.3727970608016694,81.08240029878952,0.3784395851882977,-520.367494315555
0.5030633828598358,78.98508969301471,0.45685209507237623,-592.7996912649204
0.06777496003402186,69.37414519710788,0.25759622260237425,-129.14647232532192
0.41731070696142414,42.49652223317676,0.21552299394332353,-675.6436091884176
0.2266739472943288,51.98810396438944,0.3941187050722623,-339.6407533486102
0.4696657627443062,56.32032473047851,0.31459292387675053,-659.2340106472535
0.7585414313075625,69.25611417153904,0.2530314444192008,-747.7836953367542
0.42831499041140525,95.28197949032989,0.11619980418905672,-735.8541621170419
0.14989562563520434,72.35501538722835,0.3000425873522189,-258.7777731620045
0.559765795077826,48.24380710100898,0.3830189335003361,-682.2516126657097
0.14150489561179486,80.75684485953644,0.48913946090703486,-187.0384811137932
0.8436098146921214,26.892365694811016,0.24406514866703644,-656.7263147011649
0.627694431836363,30.16030805954606,0.16524222369699892,-845.3565609177269
0.05466973593404935,96.77172863299371,0.1011947550268285,-123.61119105038006
0.5236808009710647,49.34037479319759,0.3145164978330928,-702.5742024059857
0.47706530537393305,25.552157971381384,0.3261453995439231,-677.1028956920952
0.8336126160662468,75.73921680730828,0.21587762300947727,-674.5948865156901
0.836645379750805,37.202629554005256,0.14735668822778836,-697.9841265069205
0.7270610471162277,90.1884142528046,0.3104859793572783,-736.7091234081657
0.8156385402819655,21.986982494046774,0.3914242433406093,-649.5623942856215
0.6082781837628951,29.551177009746937,0.213995127652219,-814.0217098278158
0.5915340425542777,61.894541048907094,0.4581042278745928,-648.6133322008537
0.35095500092384874,12.400536747583525,0.17393971147354398,-674.8441268133721
0.43735491498152984,19.479395692573735,0.14570327601976613,-763.960660080983
0.5562477348409903,89.83614301936448,0.32233061383117023,-709.880868401325
0.456686446244439,60.41745825832213,0.19704211303243768,-719.556814660326
0.669223003549374,38.37576812833041,0.22343365623507758,-806.8391498664304
0.3788922913802985,26.903554571483618,0.22359412080674815,-640.6400272522386
0.6870093963704358,95.01355435024259,0.4745790663843955,-659.0454081093483
0.3461932733610641,38.383670164624526,0.26634890042144443,-566.4623913250982
0.5570934104254354,78.12758165000011,0.46357130667611146,-624.7754544075771
0.8143869264738396,58.74889974135606,0.32617638793497067,-663.7824000728815
0.7782179652932869,79.8473492620177,0.24710432851551017,-732.8260409013386
0.34592702782811285,40.836601712322114,0.4547741172259435,-458.36431333232053
0.7325974234768668,79.15098513788753,0.40206162028913417,-690.4462937902571
0.41772043379864404,62.137737503244466,0.4600647197772745,-520.9541745120473
0.0758925348856538,90.45051933131451,0.31294434256740133,-132.57347367394726
0.047487080739419034,87.45127900801224,0.19514870383751073,-97.69538691869546
0.86837966386766,52.2073527568756,0.14273291963820622,-630.877185276623
0.12427680184811264,93.39220750970368,0.24222057356421045,-231.02902193170803
0.7562073524314421,89.28591901279977,0.34427724247502745,-705.8449800554635
0.3919394797496258,44.633958550574754,0.4275155664363176,-520.8802452604275
0.22306806531515166,13.288561597698273,0.3858697171419546,-385.1278942946016
0.24163240039637074,17.384470133662983,0.3108566022680077,-430.3320766687799
0.512117322683884,76.13463381411894,0.46225921322806707,-596.4835119213441
0.9326297704597204,72.05347179473628,0.29224886455439936,-409.7348234803954
0.5615907393567797,27.911298790435815,0.42616064851455426,-668.9418852278659
0.5141605478669529,47.55573673143143,0.47730714754981163,-595.3093277123025
0.3637798709831732,90.70373751384112,0.1636925507936161,-633.2161135146179
0.14062439299599644,57.84367053996953,0.4453681855933943,-202.48993623365266
0.13330541140967983,52.18173631300171,0.1698190640204486,-273.1763246844601
0.5477867952367069,16.859736665393548,0.16969104748621194,-839.0415290063806
0.4027143795626139,45.28446079377068,0.2319925155115081,-648.7489417143595
0.325075439432894,69.63779041109342,0.10601223402663994,-616.9050066935026
0.23940715974264704,17.958415569553175,0.4347761503439521,-369.21837646419374
0.7724377595279845,71.08488272290116,0.23745055854382643,-743.1089679234923
0.9795071351889305,47.06506809851778,0.47591243505223857,-175.95994194683323
0.281958712099944,13.518725528923564,0.28006003493492915,-517.6459163363589
0.7329403030081657,33.804750460384234,0.4540062914563787,-674.5913388736767
0.16423711989684417,67.49322790764717,0.23835308688985954,-303.3524676795414
0.7071647193631749,75.76884728946489,0.3729505296040445,-712.4593196241177
0.272418385983139,56.73471946524332,0.38507964030200004,-402.3416419795861
0.8757652845553691,61.01346314288887,0.18785054653544214,-600.0238434470145
0.1500467014492562,74.81437430635907,0.21441567555555371,-285.93360819073274
0.5276034437094368,52.4733461864692,0.23826043291297352,-751.534690862352
0.6870059844231674,55.13719883799614,0.3573258907695529,-726.8276038322326
0.15195987047699383,55.04774921060429,0.11796551110793563,-323.69572971896366
0.7184972782464134,48.296620837189735,0.33220910643476287,-734.697668486521
0.8902607549032215,49.838285374792875,0.22806399792839824,-554.4119572283023
0.7300726088354477,53.93945205369893,0.23430810251925932,-777.1465837377453
0.34280025912793,80.75501039837603,0.1615949553908739,-608.6101760453085
0.2921304152324283,83.5931068763802,0.16768796741619119,-534.2322966309791
0.019950486974036334,15.713140646316301,0.419293299542708,-41.20927953276673
0.6959324497550163,72.96841811718016,0.24985227729389173,-779.637162927917
0.9633208648531528,76.8483513632901,0.19842008267041186,-286.09000803308265
0.844974671400512,42.02060298746921,0.4079754017668057,-595.9607060191512
0.12305457462911366,42.79053418231458,0.25046932454495274,-234.8252450438
0.834962860709026,92.62992190323611,0.24608146971318365,-661.073308351302
0.6044329836149118,33.18279813245584,0.3600967683158004,-723.1597763473694
0.1018670205466455,38.93701108013999,0.39203974598201063,-166.11546131003587
0.6560688461791337,87.64177876106275,0.19955414898257115,-811.1381456387729
0.07483923605502078,72.24335322983745,0.4622406319572875,-106.37009539678239
0.03685717934152254,18.43392634653675,0.3689731857219686,-74.00508743488942
0.7258391659950455,58.7144327650355,0.22445742324658424,-783.3535996543278
0.812079439918506,49.39164593829454,0.367736672292008,-652.1261060094414
0.36107650796352514,22.336084443400683,0.15368523481434174,-666.5276681789358
0.12970495007141228,93.36464041389078,0.4332654229449906,-186.6504552285568
0.4342942267077077,51.48466399208321,0.35214469366308043,-605.5704606207373
0.5678805501585454,94.96706197831176,0.26810094828903186,-748.6713990654256
0.5535072883382061,97.2127700621695,0.46420251342664576,-620.2267345666162
0.7060889219460221,69.09064172527212,0.35842255278292934,-720.9779024037875
0.8430375165057755,19.968918045876464,0.36208098004026035,-623.4276627848008
0.9655128295381111,57.30673973281691,0.23234016303181157,-271.8153633692543
0.4731709162883463,63.84887642734917,0.25404238832507825,-698.0056118702901
0.3068436460701034,93.3753265176271,0.38944379204479673,-436.71655049731186
0.32030639303318564,15.286431167733834,0.31074004211271133,-545.3384018188841
0.21613383610493503,33.24973089512598,0.10626659739954097,-456.0360286581382
0.6397247980425914,31.067317381515505,0.4682450580937427,-671.137348097778
0.427368473967344,32.60047936200394,0.37057196711121365,-597.8737766103093
0.6684316394572987,29.055385604118108,0.18600452719939634,-833.2326849112567
0.21670421010448793,89.23221801677259,0.476183774612678,-284.8393243740849
0.6251977226080404,71.82194797990911,0.24386073827061644,-785.0755366278001
0.8774678396547811,73.47136184410937,0.15319735529932121,-604.4230556515084
0.8396870373620812,11.120098843935969,0.2978655255068315,-664.8801456126655
0.9685639705594753,71.99673564280602,0.13927734610193637,-261.7697807452681
0.47900063002285664,46.55939788421642,0.1561696905915614,-768.9465708252721
0.14962236490629893,12.146421023808127,0.1292978360643935,-361.09449307227675
0.2619070225801299,11.050354361448338,0.21738520713300571,-533.4572650542486
0.8077488550090764,74.5771832543412,0.1903274023231215,-722.742975737225
0.4364152874198991,53.45166409925516,0.1491170034551105,-731.484353150596
0.7061471656350655,21.607112831560634,0.40000381808438457,-718.9363822543238
0.6885666428499926,20.74603553535855,0.19834628457800652,-830.9666982816937
0.6746248685243044,50.38728043377276,0.4108409514527176,-699.4017301265544
0.03825704257134251,62.66414962845091,0.34022385894681173,-67.31864052441368
0.6733818651994472,47.78922129049217,0.2216253653078545,-803.8852608412585
0.6185119595850131,69.35618533367915,0.22145150935340757,-797.3027551606177
0.2860210035113182,93.17805274802485,0.2819533607215363,-465.9276171365381
0.03139281978073965,92.67018627506977,0.16400850304368542,-67.54361432665115
0.39344166711700723,18.16172200301848,0.18489670463543992,-696.7166389335654
0.5379172563350022,54.26924650968076,0.41250349953123655,-649.3555851838408
0.7411284229250679,33.41297041525606,0.4393359392966414,-678.9220143944804
0.8438714570405565,81.66634915751477,0.3225911964927146,-621.5407867486718
0.9215390649388772,22.343126912075256,0.31354148351510497,-449.9406053521536
0.22913413361595525,84.52655296396765,0.19792940208034437,-423.12714552693234
0.22166006509695296,34.07926691076186,0.3887615027517599,-343.634054964109
0.4581668570633871,26.885569964020217,0.3049020836561556,-672.5436752751882
0.31338981416342504,11.905287815898514,0.3775989993234361,-517.4231403414141
0.11876722857834271,21.234737532341036,0.42966899017483784,-195.45551898789603
0.9579249239402349,51.097122433520994,0.25534493037371064,-308.83358288091716
0.6825875465353771,70.06999853917233,0.16848704954329602,-826.7348129249154
0.7258783414790365,37.378286542943066,0.2446460146974334,-778.9531796009848
0.7744786718040567,71.25564248637218,0.267295763425613,-728.2304042129192
0.11218379561942628,95.59336667062263,0.14838783938749867,-233.03257480837325
0.8782269604143134,72.04748737584862,0.20181101167883675,-589.6416684318451
0.648469492589675,33.079943236702135,0.39327412664641437,-714.2192424067937
0.21758954762484212,90.34963789337199,0.4013174656316426,-317.60040546982617
0.4595664023079657,84.53618502069426,0.30043735304529195,-653.9352214187217
0.3180749998474488,71.66474793390262,0.21483210974029088,-547.6050747082221
0.9260694577826257,81.04050772686195,0.47250011109002166,-401.78992930855713
0.4908158484657254,38.965760302714756,0.47972937948693595,-580.5104533882503
0.9047622245512683,45.9965310367366,0.4436986087010987,-468.1022465376055
0.3141728103366725,52.68133956672325,0.21054157403215346,-549.186633341908
0.8863967426472061,46.20800759009798,0.4187238071213416,-516.8999452090686
0.7340808733782552,64.6047295843964,0.36065233103427174,-711.6893000203024
0.9167864974859041,29.120486329894344,0.10548762626617646,-502.7938207327535
0.23835559228289777,80.07515312804547,0.35100371857074175,-368.9510528647744
0.33121021335135997,84.36602505295032,0.36339135304698766,-481.1005037968481
0.8959017152277733,44.25784460437316,0.2426163636906996,-536.5332248123162
0.022544708328989804,67.66948220857554,0.15789314429400872,-50.06524297160747
0.13249616321339344,84.15381610320432,0.18732086544275012,-261.777283065597
0.055157596175145075,99.67092325259733,0.380659801645712,-88.2272773663563
0.7890707040175883,74.3982907314216,0.23618051619515903,-726.9547953643669
0.9638584817914877,67.3236099203458,0.23065596284260909,-280.5805226268029
0.7141665389796258,52.202599258267036,0.12476887848671359,-840.7908695386144
0.9125100320099994,46.92754391419942,0.4633704333584697,-443.7997523671188
0.9147296489510249,63.36820935353278,0.4130149088907942,-446.4647460931526
0.6919016197660708,98.72200589921567,0.12201199820961972,-846.299369898961
0.6087849070445338,43.73060567456959,0.368239571126863,-714.2425629056178
0.36491075692253017,48.69027976861951,0.2020148783419133,-621.2107679918466
0.4904772312263285,58.803931599787624,0.181156817180518,-758.8116313163242
0.5147598763022206,23.907400527592422,0.3162655029684141,-713.7981984166789
0.9394593373929381,91.85955457217509,0.3526188968699816,-375.0428187041271
0.037375367373079685,89.19187574340786,0.49197081771148554,-50.74446153395384
0.8832781722402538,65.40142679166313,0.2873229193754656,-555.6276442643233
0.16245905968358798,45.990087196239514,0.34160680868221405,-270.42646377582207
0.7042523466292074,30.74923873130127,0.1428996155443404,-844.4392724214782
0.556488269293382,28.607232414078737,0.31489923444295365,-733.9687894184322
0.039357936350501464,98.30499583929863,0.2704497294883007,-73.93519299489554
0.096900955811254,52.55065750851601,0.49056499657469144,-133.24166931501532
0.1863221261415807,35.74862133720433,0.1713795611042203,-375.497449984998
0.35513354405592884,55.9268830536713,0.27764959412710954,-563.4372289583997
0.036185819025624996,75.35798429460546,0.45734699696625236,-52.79280614652497
0.38239845038401116,38.47591340906955,0.11361517391090624,-699.2512565574755
0.05614538183135896,51.83888316443444,0.2661119064869882,-108.63696651027229
0.7506769690556381,70.14799494636235,0.35026019979556766,-707.9163664752646
0.8188006572802536,86.57323387695065,0.2662406447949378,-678.1896744081508
0.5541498516335992,57.94512930219532,0.3182194171717636,-716.2571804529208
0.17962457008268112,44.900445004229844,0.3708439857784863,-285.95943048674826
0.688951198420908,27.601954149672643,0.36241233068414147,-735.4903370580965
0.13126987749557803,64.79695046083671,0.15344336671398495,-271.5316627909798
0.9473067900642412,39.98956922320728,0.3660374827104569,-344.45212739855424
0.1685071428761152,46.70716783688802,0.22194673952042196,-321.1646138467052
0.6646491154703197,52.94840858029379,0.3956652440118609,-706.693217295628
0.7389980865168768,17.51337952849193,0.14935179094807127,-834.4113101240257
0.5613531655830689,39.040292012561295,0.3128869008804648,-730.127292649308
0.06557481746100294,85.17348372748272,0.14722295248958617,-140.80450213402403
0.8428442612719751,75.41683502675019,0.40534830949350875,-596.2104141661343
0.7890241126145766,40.20048718301346,0.3195197896947349,-697.734608717985
0.7001318220102551,34.28458688471914,0.24076031126287353,-792.9007851559858
0.1764487680030193,97.2553376541851,0.29788192484595594,-298.6462649849469
0.13946848681586219,28.7029624469185,0.29654772365703397,-257.4944108796297
0.6204003112133235,44.05185413994939,0.2635734259171365,-779.0520094188082
0.14938031053129627,80.45869024616732,0.14693729190883364,-305.4922903614598
0.7840559799278864,69.82618223531136,0.39252112732386024,-666.5954752135858
0.3433221273445061,97.97867505392479,0.3712022899775703,-489.44027227695005
0.1484618068406633,77.49829559632714,0.15193754796482037,-302.54004430450755
0.2928319889200998,77.56148912980092,0.44491680158826885,-392.90485260652224
0.2258501960579261,73.80149868200252,0.42554782034796623,-320.0662436605299
0.3774218991886747,46.7894564967693,0.3830335318479522,-530.9848348138494
0.640099258673977,78.24829209832554,0.3616771150087049,-718.6325340594611
0.7045846279217234,42.00358339328204,0.44638740337876326,-681.3696146308826
0.8419188368765991,95.00633899101132,0.4699061814874882,-575.1331399318259
0.5802093804861868,85.85549478941837,0.3861052961211199,-683.4468280196404
0.5610451476979057,60.38678582684702,0.2537683027832477,-758.961578015153
0.18831343063005204,92.35492945426539,0.21643283650244155,-348.37356792734045
0.09479375996671043,48.225565760331,0.2398153005427763,-185.08164104505798
0.932184900792191,92.0427344821352,0.44705914150550297,-386.44698614783204
0.30204575478099155,19.826632283147394,0.2151073628339078,-558.391740861834
0.3102747520636617,74.77206589576394,0.436484694804394,-418.1609759699707
0.9711596195482151,81.50262569847577,0.3793455981456373,-229.44429825510846
0.02009829562127448,90.12899063731223,0.17820748429419386,-43.04127253002282
0.9164040607410658,97.61137472932835,0.31650207808686626,-459.02803156173303
0.13947436341154976,71.13232980727383,0.3039848554972294,-241.03698381945478
0.5212325347443002,83.62005828525542,0.10912632084603593,-821.7404282265127
0.08216312644414735,29.44930796729434,0.49758824378073563,-120.06906089088633
0.03822145687541149,26.93154513193479,0.19966163810006032,-86.73494241053189
0.5679126064337371,93.96632133715912,0.23045599779102519,-771.8171437620725
0.48926830439109964,23.755863544167276,0.3676760781276287,-663.4876754017877
0.2532597598422461,98.26701960421988,0.49142893581515346,-320.9467379592005
0.5671739311875402,55.62948553545096,0.473993020097771,-628.2372702464392
0.7879326197292004,50.206659081870356,0.3220061493026406,-695.4325958846681
0.6728421953277363,76.7220961298627,0.1528008922905909,-836.4977517214202
0.27174330795048385,15.03514892776592,0.1337902611791352,-568.6847925169765
0.6107655396503981,56.289419622766665,0.29783079641352894,-752.7929516767643
0.2556887731990568,86.0242423692043,0.4712958995069282,-334.60304541078904
0.5396544353371753,46.47208488383002,0.3131540109934923,-714.5700262478944
0.4310356248681384,55.81499623147374,0.19576599923519603,-696.7521502211528
0.49393042520775393,10.458168334975003,0.2816130406778641,-767.203775004027
0.5363020828086302,46.81126493958354,0.2992494051225211,-721.0289003950697
0.29895660389430634,66.68086277922231,0.3972100543533361,-426.92235166243756
0.46228337562294536,74.1579611274637,0.2714376464472881,-675.8000583861694
0.858653153780349,83.1078718450523,0.4840979736420479,-547.1552715955635
0.8708663357656923,41.76937616939259,0.17560677185510368,-617.212233896076
0.13844845627910357,85.17268396214186,0.12576787128722178,-290.82655428084513
0.6687353770814657,66.37590550276215,0.2827992690525629,-766.7156735417855
0.5612015894341984,46.064425448259264,0.21403708832186036,-787.6063556183884
0.6814100644849851,53.88736202213076,0.3700935484454039,-720.639316923095
0.20903278958797664,37.952785047196855,0.3411228555722553,-343.45445916966105
0.5471201508401592,84.43939677828942,0.13584116213033762,-820.5618328466294
0.8248620346232919,28.402803302727047,0.30432801831144674,-665.3255401190448
0.7348520076988121,46.30028730281166,0.27963338384974623,-754.1961506615394
0.9540099284961492,43.14715638302491,0.3082578907687723,-322.0879653018074
0.8430699668843027,63.41824108748217,0.40842268925711267,-595.7675354540933
0.7794461497136592,26.81525934730604,0.4945783146091177,-637.5474728939682
0.796022513840223,46.678902588005805,0.19747031653171604,-738.5307064098473
0.3967690249258675,47.289213271513034,0.15648497738918674,-686.425060842885
0.40581595353311406,23.053314402139044,0.44935778958363337,-540.8284746903265
0.20167418448374008,11.126200572484054,0.10742976181963373,-477.7365302746515
0.8870411550038899,69.8083345843882,0.14413837409081848,-582.179910260814
0.5551037315126962,76.11426262587182,0.11236271204005406,-840.2235399228446
0.9763765932166398,44.88930157473873,0.37411940196601645,-200.46553692492222
0.07865625773583013,57.197877898895854,0.48451200342556033,-109.40224206770434
0.808938373070292,14.114452512809986,0.4784560326119237,-634.6263010939615
0.03447161740527263,87.83808704650272,0.22695344915628735,-68.93560693264256
0.6871596640148514,22.099653899089624,0.27222585269209687,-789.876301690502
0.27829811944780813,92.03748104374365,0.14109612779657763,-526.0436417101932
0.8753836118627703,47.24778292916076,0.23402496680859614,-589.7592879658928
0.45492433372194013,43.00499640969832,0.48938603401461955,-543.1077274074623
0.5485851227882446,62.13869539225826,0.429396196258771,-643.5195239891387
0.6109583616859454,29.51089356961235,0.4246165455887466,-689.7874054960174
0.834212415170111,82.6196569793665,0.46354952942468197,-587.7548322186402
0.8190031491258888,23.613411968336976,0.43163013770839476,-629.3245254222979
0.7764953522657914,95.11344143464767,0.2440748260739829,-734.7615896701556
0.7929019949042824,82.45668346296736,0.21342363811015952,-731.4849340618406
0.6132812843113606,88.39139384202423,0.1983665760397318,-807.500591255842
0.11286935962939185,94.58382572205777,0.18283857239877,-225.82765246794693
0.18820199060850004,44.61830361325623,0.18790729444232876,-368.14193012638896
0.6836936482512037,51.519485580473656,0.2123406022459379,-806.146793920786
0.19928920230329086,58.992945146099665,0.3097766951552282,-334.17128411908055
0.4766593242212347,27.636760737309814,0.10909480146005973,-809.2185144892381
0.0683626696508235,16.961975623100656,0.3823916946843381,-130.77016929292475
0.06938415589378563,18.196387654267895,0.1523966070006246,-167.74190464509215
0.06955533606673929,65.69086581604236,0.38013857732066425,-112.98504872798624
0.1748604403729255,77.02321033789616,0.4069945166024719,-258.97262436829686
0.4935843794434162,87.04644249571861,0.4827242370973974,-568.4441024893728
0.41524730553894,27.311675975997936,0.2079921646900978,-689.9382858809574
0.7609064120359826,86.69829362413878,0.2441048855552307,-748.5286823621905
0.44483535366113164,89.77458985214567,0.28464358792504774,-649.5602254121007
0.603627603096463,67.88723620521438,0.335483609876145,-725.8712557892305
0.2513863699036571,97.63716440240009,0.39120617904102395,-365.85243984346
0.8594629164749451,43.3964956676736,0.12424248364345636,-657.8857905125449
0.563240400663563,18.314584131340467,0.4435809111253157,-674.2632714259213
0.8497006417337382,33.482471228061016,0.26800029348218457,-635.3808535449431
0.25436630898932144,18.586586187700924,0.29676492820787265,-452.21969465862526
0.9793973545086009,53.49164523151071,0.22814206283469482,-188.97071424831935
0.2648213059722362,29.384079077586218,0.3741107903229748,-412.31720913326234
0.6510815336293297,18.21789692697237,0.37775294492405764,-740.5343338766869
0.16774167976104817,14.436481237131629,0.2740604471337123,-337.45821577507337
0.05930969835379759,35.88283838641155,0.449317817770018,-92.5747335812475
0.6277519893276713,32.044590018035166,0.3562096586012251,-732.6363686637753
0.85899224653498,78.01271210904208,0.2957901021822323,-603.775850446814
0.08577826347498052,48.04917191313533,0.1409925062305291,-187.85604682713662
0.5414718313276388,59.309363071400945,0.3795689773436751,-670.6681149341111
0.8495591152383534,65.46563033685868,0.3949837646592945,-590.1187259032198
0.7149054246343126,17.802974397568406,0.29441143055362173,-776.3098555238051
0.5968447535462622,23.066856900474875,0.1437040683870497,-860.5372658421414
0.6503297794763115,81.18858886976085,0.3249298172402266,-740.7234336799828
0.684195445665272,81.84727831027095,0.15177971940540247,-834.0193269596555
0.9062541146154002,56.07109334273666,0.1578900419827145,-524.0045539731993
0.2629465530053284,93.07692493419496,0.35324266218431977,-399.5321936294285
0.8171887930367656,73.31329996841947,0.24202971591005304,-690.2561721890794
0.7060981635644034,66.96664642269113,0.1398684434451786,-834.3820195318168
0.21222981847291852,89.73602148761555,0.45918707482933685,-286.3765635932303
0.8028097283210905,50.282469113566926,0.16255689943262375,-743.0929008647537
0.19770663936261842,69.41839628025846,0.3609931661379171,-309.4959647261032
0.12912354134254517,66.48037890326029,0.4930106911880362,-171.94915630870997
0.5323680783936401,64.02381414954363,0.18918850550979702,-782.1259787544661
0.010582842973675234,72.47993651607607,0.1614937273139978,-23.694407740634016
0.8667490619005437,45.12938435888155,0.30709186037394387,-588.2546374674894
0.3211418654278773,18.217483585783,0.3804593911364996,-498.9162362886905
0.43417450982494027,45.73964456119331,0.38964758128320276,-584.6812710034463
0.3087169257076337,63.53091843135299,0.15726036541827226,-567.1212750220901
0.8124292496973349,91.72068934591094,0.13278808844945394,-737.0932484567279
0.42374860076740606,53.83829029747743,0.22865769950227433,-669.8405294855721
0.6684256279251481,25.47532038561399,0.18366756528222444,-837.7737375054146
0.18228602665535432,58.79981465117412,0.30978127926350374,-308.43417082498894
0.06884132645275029,80.26325102983859,0.16744046249098415,-144.60693443034992
0.5776700960595271,43.97934185930251,0.13675728986478441,-842.7369101080892
0.547730891264911,82.08793525711984,0.35411943432977,-686.3018277659378
0.6390087770398446,17.883632011494043,0.2567532708919543,-809.5910588742473
0.7994311353152646,11.541017755223635,0.1574889791673135,-779.4067116946934
0.3736863384587262,11.743922812434356,0.2978330741501676,-635.196819284614
0.8482422794584678,44.84186662549093,0.22651444160136355,-648.7150918956847
0.06714964351975237,63.69608469008227,0.4951303979863281,-91.47452500643243
0.15530686917950887,29.626384725014862,0.31084791454395555,-278.2344555309949
0.5120173648458652,50.79075722953462,0.23591759668984028,-743.0679938123147
0.5105984621348414,20.376936841755143,0.2024750440509623,-788.0666008544221
0.4518887441465796,59.411712506519194,0.28600665753729526,-660.3860311990368
0.1500075115402716,19.11854692472347,0.10432898444364463,-348.51365275661806
0.6648898604082029,59.03612681825883,0.4031665163334237,-701.2221097277553
0.3898425973998634,35.31676520723933,0.44643903928175266,-512.9250505341201
0.2805407746583626,82.78808846220323,0.4301971892805253,-385.01213214106025
0.1938049347055615,31.0345890444053,0.43379126582662464,-289.6959010082363
0.888044685587021,36.21670374010482,0.23441305731358295,-560.5696665121756
0.7893249464945554,96.6821539431515,0.21921023240113768,-732.2775417069141
0.17541350975289388,37.96194951908156,0.3496532850923114,-290.5955364951647
0.02030356887346714,42.73471808808715,0.2490599433651818,-42.38488934439782
0.13022098720370429,42.8242669701902,0.2097499015832982,-258.8729251709484
0.11829218716940404,47.73337009040628,0.46550354890324075,-168.95840895913366
0.7580724938008548,22.45863729370671,0.24472366603556017,-767.6913198851204
0.40952372330819653,41.53420580795546,0.262636067240835,-639.4420460833928
0.37201606913796925,33.366514804653036,0.10036169589485798,-697.7322141522174
0.43376747007379707,73.0215203777631,0.16042476505672354,-717.3422724083568
0.7377270191183081,70.41917620264644,0.4181462068874633,-681.6634277683916
0.6602661026197654,65.50005719784275,0.3385634071459418,-735.8237403380654
0.7191306784558943,43.3573972638524,0.1304245330075142,-837.531420459015
0.5901003521394328,94.06856367713291,0.20040125453096228,-799.1453540719745
0.3074243965001346,66.4214131169174,0.44687553985440964,-410.8501494733728
0.2998890515360034,45.34281005475649,0.3084548095905332,-480.8931364955798
0.2767350382561606,99.02753292922966,0.36895442806906487,-409.2134057114256
0.926428568136543,58.536503522564615,0.26918202063518215,-436.10310097021835
0.12630716747762746,71.41503787283074,0.20308193192598722,-247.4748986646602
0.28204076442863496,54.23700715837052,0.3178218023459508,-449.24362178581583
0.822266244581603,45.459561255853295,0.3204201244597811,-657.8240151960449
0.9762667907945813,68.64571495288897,0.21005795070231226,-210.1554441417708
0.2230427273747133,94.78616010860902,0.2930025494795746,-371.22540365167856
0.9617453059068967,31.82196314704073,0.15917768365489227,-299.7187323458571
0.7255877125659782,53.626009971492195,0.23926280275504525,-777.0669497112748
0.3844201901263102,43.99419945120103,0.35074975069675396,-558.7640881743246
0.34582365067291204,72.6500860669776,0.3710816923492508,-495.6549155414043
0.8601072977841974,45.47911274034381,0.3210734211576066,-597.0358786515661
0.282194568908724,15.564916407640244,0.3355939272048108,-481.2623485576154
0.31443385069121516,57.88881161925262,0.14008006467075518,-585.8782178669277
0.03483705368365175,10.45983738528832,0.47339928353783944,-73.54567170415163
0.5065039507863,79.40128398664605,0.3254855165705789,-677.1963007733737
0.21904410801604812,93.3658681229233,0.12241442744093237,-438.23766237518436
0.984065477973672,45.383850094492956,0.2059279672566992,-157.3253136526834
0.15939429540845879,31.26761230791194,0.20075897812398213,-320.3017997180561
0.8738228108659774,25.852704472275757,0.20309536572845138,-606.9926535802456
0.15461430153496636,27.511145004227256,0.2642432067969241,-294.18014630438915
0.39834120953320007,52.543275233716756,0.4271988738389013,-524.4676756551671
0.6255322457834867,98.63811460894927,0.38468727895083565,-700.0875927579382
0.9019283895416873,78.70247895610105,0.18329049949425388,-530.5116136112193
0.8844763996259328,77.95763477562741,0.45653817813461983,-509.0088417153579
0.2095503627856565,48.374875241286006,0.207723422369139,-394.6808799099742
0.18166679158122712,14.817680634502722,0.3908973455642658,-316.4201895978451
0.7139187786704122,60.979349988696896,0.377132112993242,-710.7100099984915
0.24804741766990157,24.086121295731214,0.4133355574968892,-378.195920883863
0.9435368944410583,76.99952381065862,0.1434903044126266,-387.479412882302
0.0404586917701887,27.098759113683265,0.34013988117412014,-77.85126954088558
0.19464247139678167,47.32114421908076,0.18968944650042446,-377.45095041685113
0.12000222750094645,46.65613392888301,0.41529733470320074,-184.80175948991342
0.6722275479930764,95.2912051952295,0.38736220788503994,-706.0090721825222
0.03422589978140264,49.254457211528326,0.13357940209558783,-78.72457317548867
0.5510220740486977,47.24355081544995,0.44139230641794547,-641.7212427285641
0.7745068254287607,82.01120122835691,0.1016956435821434,-799.4328368794584
0.12881265447869306,48.094003541561776,0.2935825500749223,-231.1584122989997
0.1507209974082197,18.3299373610602,0.4607522157285575,-237.7629993990368
0.163888204864396,91.31770719748246,0.34231710311400576,-264.3768219069559
0.1451807254183831,99.78473307591717,0.1525374373215899,-294.23756316789087
0.7446931851703463,23.705661323929263,0.3716185758963628,-716.2692320649116
0.3414067459726799,42.113935881197285,0.4535097067130751,-453.4511458138747
0.5252391333912726,58.05955185641325,0.27254960900451064,-727.1380857767307
0.035434737481446564,11.110512222587234,0.44088556964853876,-75.78066542360828
0.7907347850910366,62.97690833453149,0.23217231009781603,-727.9385408012488
0.023091599417782833,45.91980375808641,0.13026875887302194,-54.32170812587952
0.954424452666954,40.21508530020803,0.33454676268919364,-317.53561014731855
0.9618016372861437,12.730322419070811,0.3154373916811296,-289.50135111839705
0.04216647398757082,40.66167272893496,0.4618693688999501,-64.58434175482182
0.08653255073749623,17.071092324831163,0.3158912272353499,-174.87107262501422
0.5460775690280026,51.87158083724692,0.15874652663925676,-811.9632624161243
0.3523447638179869,24.248061217674255,0.2569254553073317,-593.2885233954746
0.632291176267636,25.924920613612016,0.3709907471157221,-730.3132332054381
0.6507723970818685,80.52970471030532,0.18558472221195582,-819.8251356664346
0.036590497826989414,12.607210005384445,0.27353225102188367,-89.46983826635618
0.2264865407781393,55.09172599420298,0.3810618293443716,-344.1860619978382
0.6697189904699316,60.62035274991199,0.4766899046021732,-660.6548435967733
0.20399948138940724,26.492102608934758,0.13531250185408705,-428.703432430998
0.056706722742945734,49.89531974502419,0.4605285502016295,-84.0422842738732
0.5369233811465084,77.34077342455052,0.24386176794602737,-748.7336109897635
0.15893581012711386,36.857053412191625,0.1707050712426769,-325.96641166120975
0.890588567460665,91.58649917391396,0.19962097407341864,-558.1113377536889
0.8216486291414143,30.632049777610675,0.19247768957566924,-709.7017099025371
0.7532885243300044,96.51559721617467,0.21115234146559378,-768.8398975600436
0.824800909879418,34.61955951910843,0.4192868844696912,-621.473829743087
0.7944221598766218,82.82418302250997,0.13532686832740365,-761.5199251754185
0.7843733525256236,80.16809344558555,0.17416198455942794,-757.5778785197251
0.9871982626956809,58.687176090533626,0.4361066560117638,-125.95082673373031
0.7470174778297147,24.585524533754427,0.21145146390936276,-789.6874986794902
0.48601742643280516,65.10754513543034,0.4864069939944944,-563.610872662985
0.6672006755059149,20.114410205512492,0.49001754334080916,-675.3505892213345
0.14307395174655613,80.66125199629072,0.16342830253568758,-288.6399924278905
0.05210762273626917,95.78631915095254,0.13018389358725116,-114.49106775241839
0.2850815450945055,58.60765239809575,0.10884165997628928,-558.2984523285564
0.4763008758622392,25.15093115189933,0.3882766630590845,-638.3744687822742
0.1893771392907578,20.830373206106405,0.4560088187857413,-287.6234577332931
0.7700972784362102,96.91221618817956,0.18303033160446602,-767.3421187976974
0.8949852230914752,77.4364952093255,0.39778117632234655,-500.24464614445935
0.21762244093771432,95.68101845057512,0.21528221694100363,-396.1372468048562
0.7422210775945874,33.79946527310251,0.46814216608801074,-664.5444934858474
0.26638892983112106,27.95972408289778,0.49274892834950623,-358.0735755438909
0.35029509892149874,12.130694767560538,0.4721391006571819,-506.35881689080935
0.26701617991128457,89.68181191689287,0.3368269330504018,-413.2793588915258
0.2175517979301799,24.69032978517697,0.34301139497676003,-366.6663001750582
0.28348081542485903,65.00930509324638,0.481523128300939,-365.50552588811826
0.36597869093678864,97.36988836435636,0.16980354428441427,-631.7394588140152
0.19478935366896924,84.76297725679366,0.33926935662763735,-311.7650642199091
0.8550104998902687,35.44810142732568,0.15461111572088915,-659.9647966767158
0.061509588134917796,99.75174803418311,0.281794061897398,-112.31497716682414
0.664814230755434,55.43922718053855,0.45447231864116855,-673.4447883445756
0.4610260835732627,64.48727181677653,0.4564677504518633,-561.8069288636968
0.5424781493298949,11.331602613681202,0.2396302970563721,-816.9868496025821
0.8905750334991084,27.560336472488842,0.2751466773440394,-546.3193781349776
0.18852102737645096,91.05551909259415,0.49328381793294895,-243.20180383987366
0.2659669766698088,42.969882383146796,0.3180249546000301,-431.6806900692332
0.4081928812492966,52.371001367939776,0.3584457265658948,-575.7622416049592
0.23688028061103428,80.3620817952557,0.11565522796268307,-473.0013692228831
0.7904145022558559,64.51568116805575,0.3125682820443174,-694.8962833832696
0.1799285224934596,61.31047950360946,0.3936148415645858,-273.43050212729304
0.5687266870005672,91.52352745303851,0.23085651182864333,-772.1787854653734
0.060289662089601695,83.6752902950131,0.19634111798382659,-123.05023509965898
0.09189156705178136,84.17409316248123,0.23748639983550476,-175.3978452208611
0.02162390887988063,40.679609667008144,0.13646959973025244,-51.22891297542943
0.5910579156592837,73.98281671553889,0.21804269749517796,-791.0774086489594
0.5445335768723828,75.41028375616933,0.48904582173427835,-601.8291809412738
0.4919711177502849,76.65779865845103,0.2973575091272248,-684.1039807280132
0.3034329433023555,10.839872931351135,0.16829459049956114,-622.7643566900425
0.5294513856153097,82.02851490717381,0.10786725878628159,-827.9674926634515
0.48824566597125424,41.032674482418614,0.4909468244859636,-570.4024939602497
0.648331672901994,18.469928548612145,0.33707522534617707,-762.9160948027039
0.3330819441922528,53.07272424813377,0.40892216769420964,-464.4770043292454
0.23620839799940252,51.526568957256984,0.34143419723060175,-376.19321152159563
0.7215599565412533,29.594106556081197,0.25607906221126564,-779.4570820380296
0.6937076127711457,26.430949773798343,0.17559933767277897,-834.8017516827887
0.16077236857744776,91.95916492945864,0.4274586227446302,-231.0003077745703
0.7200260706770231,94.58902506541618,0.16669624255025367,-811.4120685063152
0.6554245862698358,89.42571895100706,0.31482706076655365,-746.0653065931476
0.8980398572277377,37.615759364140246,0.4389460312475125,-486.7888609771056
0.7056004194357233,30.706678226551638,0.27556573986233973,-775.1147544481568
0.9396851331859045,62.4057428682347,0.4727307837307596,-357.96406796908167
0.7479326963477059,85.4779758479664,0.49898959489519534,-638.0932496177319
0.0893876792322147,12.39847666774231,0.3708119343136953,-180.8151258982218
0.8207975119733971,15.165956736707642,0.3572809017259079,-664.0248163657484
0.2444898557929571,69.15156703388604,0.47360650131668713,-322.5362255982583
0.6873152751630701,94.65287624450079,0.4815215894588395,-655.356611592574
0.522839311409387,73.9687263149285,0.4406802226699358,-617.8025286744406
0.8411933913480274,84.53494089696764,0.3219582227672131,-625.8605180876333
0.10728305630220866,80.22267569739915,0.3550247588664891,-175.32721065081446
0.6679611609185453,89.1112727716454,0.4127484304878777,-692.279160743676
0.3393997366360322,88.52008295779254,0.4882873961431119,-420.4085112454317
0.30178664799451216,86.02869288632009,0.18742640418222967,-537.5733304798938
0.19028307565429625,69.37204107236795,0.3333489732719042,-309.5245387839124
0.36632572930030205,29.508713773964207,0.49943599010760154,-462.9909726352659
0.013221547381153845,82.20941997505422,0.16390684580531004,-29.15976892772257
0.7651098058989668,14.984828515827392,0.28240393801547314,-756.2121239453118
0.48291118908510433,87.71819058576638,0.42813226932205517,-593.9698950720634
0.7360335304135271,60.31461340504769,0.4284284093106344,-678.6398275807925
0.30222912016114833,86.96027126116832,0.23050927110514718,-515.4271347497928
0.7046234327713651,66.81567080458765,0.2402659829590117,-782.9258567119539
0.6665000679999656,88.01379400257237,0.27461333917785924,-768.843144633595
0.8012310228689079,83.69250046008638,0.3797620264545766,-655.411533764427
0.27747167700690006,84.11626716604054,0.19236399726725742,-500.0481759761031
0.9614696078936954,42.472102579228455,0.447431278298977,-273.8154175322709
0.5255529162454807,27.324865314713918,0.43540064603450623,-642.3995139674392
0.32081990545214645,80.3886292831846,0.17362309369854229,-572.3173546444968
0.46113896565723717,46.65331151291106,0.14630516285016473,-759.4145138538444
0.9016363375651381,53.4118215523784,0.19360836567709466,-530.4931462772439
0.6016923082724497,58.538561682423826,0.11264583805926068,-860.1982516593348
0.6418101271214026,24.763826633350504,0.25930369172015477,-797.2279682197493
0.8550230730368369,61.396617970856575,0.18367202177259073,-646.9708618627243
0.12698600998142015,57.59184188013059,0.21115948750126123,-248.67058261244634
0.32292561200632675,46.09241702998237,0.38602674644404034,-467.8071084145599
0.749472762505344,39.49184383199368,0.2521076691525535,-760.5141953519192
0.7258479261168278,10.388785535718227,0.1980669395660083,-842.4050746989833
0.9763285010480813,62.53803212178505,0.32887552589999725,-202.99587879590766
0.42851459515955387,34.13804948131659,0.4487363062900437,-549.9754597078446
0.07280394306466997,40.31370092369855,0.4964620671038965,-103.02431474517849
0.662390087259201,22.640942195928453,0.2971596412776034,-778.6781136813516
0.7015123433559128,81.36879166767929,0.2737910698643943,-764.7369409660392
0.6218519567225838,47.198804171317406,0.2424782999816485,-790.6041956820847
0.5688198656469768,36.500492715548695,0.3008346595690816,-742.597710509929
0.2823425333421278,45.99601041157385,0.28436966465015723,-469.4944781440907
0.33105156656109264,18.173572336891638,0.3819987745813699,-510.0415770664121
0.9344630249299117,35.13489078274923,0.26370241221754864,-409.67395860869334
0.657045057498734,20.849740997482492,0.26300714001880676,-800.6029013815636
0.4120029445504414,84.29654708092849,0.21399397727530742,-660.310788297283
0.7262697084000806,54.25855739212335,0.40362259969804526,-695.1044793373009
0.47700735613257994,57.12485666565331,0.15300541181307353,-765.7395663580227
0.5269040396804866,95.96660013070208,0.32245075474886453,-691.4687408814463
0.9020177570505521,99.90300937471567,0.13766932137847038,-539.6783737131046
0.8549395991423158,48.24072248734875,0.19630809749787367,-644.716175738459
0.1735967361467252,19.169584297793016,0.4161228607618559,-283.6701129590177
0.6475105894607444,89.49020188390898,0.16751466053947478,-829.2317154205341
0.9282473944905595,22.3318504764786,0.10333644759311317,-462.0423648418765
0.8259738229583042,57.91308802922231,0.4792081597843917,-593.9646516557458
0.3795858464480865,56.789020135338404,0.10448071296800175,-693.4758681946546
0.49685790276795166,98.03243558466527,0.34230755881943764,-657.3990273039045
0.7451663937156332,86.99334662194057,0.20726472486824588,-777.0823542014348
0.9138384804654803,77.07924073574536,0.2153472029985547,-487.216953492662
0.5868843216504381,53.86279136389383,0.1569252132409098,-830.4830855141616
0.34314613738505745,52.596747378310155,0.32236723755601715,-524.7526179373424
0.47464181694795,31.379496861344858,0.11832530500333004,-797.9604237701633
0.8606011534749076,39.50528490869424,0.31284445719489795,-599.6384702722142
0.5517177098016941,11.10804042150113,0.2862384725656649,-794.1930822721692
0.41407167395984784,70.38513758660628,0.2196503161815417,-661.2346043662183
0.4484558818321571,43.222983042494874,0.3773811999871427,-606.5022056623752
0.20041093364265958,81.13723257955695,0.358852848547918,-312.5217105484513
0.6776968338797832,62.37119321138218,0.18185352260324394,-821.6842461902555
0.36399352394513357,60.020602811418506,0.35761647005933306,-526.6812299586963
0.33840622010281074,48.11921600392167,0.4879917344131969,-428.182939567068
0.8018499554908449,65.69108997191965,0.3202410672593084,-679.8319493731672
0.5762584566534904,82.10840203373591,0.2476926862322426,-766.2770497445123
0.5462034393500136,25.776631484242213,0.16910999281547637,-821.7039404972937
0.19991649355581928,28.39681872255728,0.2789606233740811,-362.0675253993925
0.774339644904506,38.916292311152,0.2783734730943088,-729.2850911039437
0.8867258685135143,69.6673102538457,0.15786078670201192,-579.5994338178609
0.48273308833922324,67.00417599342963,0.3758384981056673,-629.4857955737739
0.9432510632843593,90.29112645709306,0.4351076424864828,-349.5349151063135
0.5472827914869944,36.33033110411117,0.40653906124630823,-666.2690757016038
0.21419742428156377,15.80487479486349,0.2702567944786073,-411.07243322679085
0.048490418639412405,49.68325855746063,0.30845644972286124,-89.8338693346316
0.7136072854443843,65.07573029736294,0.4758341714829166,-659.855359278396
0.4111678693392961,27.34737318397264,0.12770072566690677,-734.0399770327771
0.8559075917564142,74.1636788796193,0.2561139808871898,-621.9523933986995
0.7451549312685958,65.09939021537937,0.32131718623752636,-725.1832799521993
0.24883610938211556,97.89542254567199,0.3544744056469856,-379.6422519471603
0.30625266475966867,37.73658768705485,0.2799917039123404,-508.27515179115113
0.09520097259431151,22.90781142572194,0.24367353451340926,-197.79589518786355
0.715143144188151,84.1597353826698,0.1663045306106013,-814.8171237846277
0.8122670286065469,87.50284268870317,0.2438506853314634,-695.3155149770766
0.4810967376472495,26.030571059965684,0.3948762300049553,-636.9319621350963
0.6139390444034756,33.88958633681915,0.24958520338450108,-790.958747246191
0.1999619096491044,70.20864418393005,0.4594278805437607,-273.2937017421256
0.9568893287510618,19.139568549080085,0.4089171953642833,-301.483316019681
0.32156283628110444,70.69926336367728,0.3383219723906881,-485.2734688594308
0.7333941069680124,17.531710526496735,0.2751547007370252,-777.2413712473666
0.5531690219545994,74.49266007963804,0.4917468819384665,-605.6067216358157
0.5773234449943196,51.13116166218486,0.13167581919725926,-843.1846778817225
0.9673578903809887,82.96608784645521,0.1985026649201875,-263.9491431814269
0.9517461358999794,85.0639671714277,0.2629240568068749,-336.0919443715474
0.2661187686748635,92.08037078669355,0.4733365523242865,-345.327638974547
0.6347529611583608,89.8046444927999,0.4383799465816228,-672.0569209097275
0.18258896404251476,54.3010584745818,0.2503570906693219,-332.1103334273148
0.7504555750963049,90.752651562889,0.37933127435372316,-692.7215277732381
0.5967161533906001,34.75919471891726,0.3873462167693644,-703.0608119355797
0.9133456575939118,95.04929293985609,0.39493161257923026,-452.8359944251278
0.6856425745266257,65.4396132115699,0.47838021188286284,-660.0346420530343
0.48396201364513475,20.429348810029985,0.18416169870506238,-779.6803981855109
0.2966243852640996,93.52702306707083,0.21843989774466196,-513.2367911955987
0.17078079863711124,51.284584467297364,0.38717822216654196,-265.24276962881555
0.2593614101697884,21.182090494364978,0.21281204172400334,-493.8906345758569
0.8110620120674935,86.71787650882509,0.35772400352349687,-653.4182120757798
0.926641353849108,85.64653362358784,0.1134101134376247,-460.8203356529533
0.8424965944399525,94.28613579793846,0.2552910170084549,-645.4244820161105
0.817323525108629,71.48453471816488,0.18621068975326646,-710.9994132987596
0.3187679255420233,65.76523041744255,0.488787946562245,-401.2952053786619
0.6368259841269516,82.53587872383848,0.4647688830003166,-658.0694750904273
0.5646422870591451,54.44766554113491,0.2356393886334034,-773.3018797647273
0.7845296263662026,95.4825653063257,0.2121210165254529,-740.4498842029365
0.664542829249025,78.99328062448262,0.44719439889695645,-673.816997289272
0.029219999796127542,12.733524044914821,0.45954290565746836,-59.51273357634307
0.6117427789492362,31.757967668719743,0.32070405933160684,-749.8067494131096
0.07514093103509663,25.058043496058083,0.2173150442620464,-161.883157205629
0.6551738890639798,11.59361025453321,0.20197036797908266,-861.517588716573
0.332910171048799,76.99318200668196,0.34081042516431215,-496.6615901263132
0.7476673724671211,28.453876513651036,0.11946941427605835,-829.4854661009508
0.6314347766256271,33.639697553270665,0.34287928056576505,-740.0595804154711
0.5509296580036473,58.47299717830617,0.38733527855518124,-671.6944489471559
0.8215880308937697,94.64228780937222,0.3659626156103174,-637.4783760848238
0.48392746069722364,30.9805079192027,0.19678318387911503,-757.1860291886079
0.8831847012613033,14.257483424430577,0.279886263910323,-572.7692535401255
0.8321596649813691,79.88068483252644,0.46246975276715585,-590.8076668170906
0.06654132889335058,55.71486603984645,0.20644470768117015,-136.408176097446
0.8869894946585811,60.3379313963235,0.21104437786665242,-566.1881804768486
0.6182769896235377,24.671410818980764,0.16839793002722084,-847.8484868518037
0.9557197441783791,15.660833969216775,0.2881361490224077,-320.7572731032422
0.727021815553615,99.08893052461794,0.22343058780708877,-779.242081776065
0.7824958020304751,77.29367767733576,0.21716079347226783,-741.6099746159855
0.5378606428050252,21.264588103517806,0.44488054324053095,-653.0409458291826
0.9555561748360686,25.45361580170087,0.10223840179469304,-338.5674785050917
0.6998524454213971,22.44186305305722,0.3784177639667097,-730.4548396828376
0.4208949788611244,19.177944839312886,0.3184853471201454,-642.7860546202472
0.07761838044344903,97.17595872059334,0.3429623209198605,-129.72967986458715
0.9683272380368891,77.43727609784843,0.47792833608673735,-237.16952359271488
0.8741783519025051,70.04850246095128,0.2189364303154474,-594.6462702617191
0.633843370158901,58.36737765325622,0.29234748450191383,-760.6738943459122
0.5508648071475373,83.77478374966654,0.41610492499687857,-649.6717159043598
0.6071873030728994,63.648810057043946,0.46622439228880697,-650.0206599927697
0.867634166627036,93.53421074420592,0.3029635953061847,-584.1203864327414
0.9155325651679891,96.44476527738202,0.3260751246162351,-459.86407429063945
0.2953387667454922,12.441997188109271,0.20496195229825728,-581.032851387316
0.30775035637441306,74.57855459640197,0.34342604336830895,-464.7065153648345
0.05778321922383852,67.63086443053425,0.29125188786686995,-106.40147083976169
0.9805484167135355,54.6632095880202,0.486616580140916,-168.8745131693864
0.9559611804052028,58.01796412242221,0.45183098519291287,-297.40736793175483
0.7805126161634683,53.67206099732732,0.41455859099487335,-662.0316322327475
0.44449882254185763,16.98563906903607,0.3112641451394633,-675.757209815288
0.5684981392108961,70.8041508371652,0.3231701239816449,-718.1512282744254
0.7686661004525148,90.97324807653175,0.19994210342150406,-761.5234542642241
0.2271391540181506,33.29252758758801,0.45605854726738637,-322.2133393261746
0.22417751305477557,52.982410910509415,0.31023894344680136,-372.37854939571184
0.5605659527797295,88.9567311930751,0.24793029158011404,-758.0040491176496
0.6741941707313109,85.75701160156834,0.30857578709157496,-749.9931498847183
0.5108408574257081,53.668664486927845,0.25530897149932563,-729.2492388814967
0.30567231063304245,76.42839111554218,0.2900459929425406,-490.0615730189782
0.39124175778776193,52.06011861594294,0.2517781428998862,-621.6382374619184
0.5855666349915302,82.09817299108614,0.1212550784559515,-846.6360495358424
0.06825175310219848,40.650306260750654,0.30947364047418074,-126.44243540417135
0.9671040820590072,88.86337064363532,0.24989036625310132,-261.22782999099945
0.9621032920439648,72.58332412266967,0.40500632279999693,-273.8061324027051
0.8361406817112059,53.43835642279411,0.17604575010661844,-686.0552931391734
0.3688823036013805,58.91504382122278,0.3002058947241627,-565.7691174732026
0.6643020283317155,82.06346449257448,0.24621456619925486,-785.2561330533458
0.6401301222907999,18.104898388167932,0.11533409982820718,-890.4166880330948
0.4106123834255554,14.609825250165782,0.286194621355672,-666.8168057680543
0.8733816479715245,49.35822024823739,0.24294361484017563,-591.6143701997614
0.5517271231862645,74.62381994601215,0.4136589672419556,-652.8870912363582
0.04702351011710809,85.96444005633705,0.4598060423012035,-67.26224281561672
0.302097427932319,34.49571959947607,0.23690717641256054,-527.6560861326918
0.7388526072593413,38.06204030524323,0.46725396735328195,-664.3390881631761
0.8473238663798492,10.92712216114296,0.3714111427328376,-627.8994192109866
0.6098820450857683,24.41974419716694,0.2975344736393498,-770.1568707866162
0.6548623605861034,78.09952780768545,0.4388474844392557,-677.2348938453661
0.7783168896840525,85.52539789774339,0.321769662916672,-700.1960916124314
0.4247440979924918,62.97042625013038,0.1533458327949515,-714.3134910649841
0.14576623643749606,37.07853859818569,0.14928821263729708,-308.19932506591704
0.29811019939548816,74.77697635177105,0.4796842390257453,-381.38762811344856
0.491199575841988,97.28803573840555,0.2880095175355568,-686.9161144371803
0.7054322620951695,97.4485788641016,0.16968002434890184,-816.354759602333
0.3722328908563993,17.86580187538528,0.20445996746349554,-661.1927735229392
0.24172583114957355,71.17811983061404,0.19901607999894547,-444.3815125790896
0.42278660849550154,94.0400030639338,0.303928391948709,-615.8279874737442
0.8000093192819774,14.214970698864578,0.29629976008496217,-715.9184979895865
0.624099454846512,81.60333342562667,0.10811027377059275,-863.0820611573132
0.4772638027660742,11.983161058078096,0.11975352731109577,-844.713929864645
0.2763637376484328,46.016860746656874,0.4535291518058969,-376.8629815079661
0.2671591191853745,66.37300420571742,0.4594943537061753,-357.012641314177
0.24748093109721442,20.077547749122918,0.2603102470150802,-455.68272896921195
0.5917963372898154,46.84303523267171,0.2637283332235295,-769.8691307432532
0.13051543052277007,56.71770816869093,0.39422855959090153,-203.40129840124283
0.8010056363203825,79.8188686448312,0.20074453367000344,-727.0620038417419
0.4805400249947865,34.31247664775864,0.3653609842086524,-646.7207233831681
0.9512688983672428,34.21140069545213,0.1921465487195536,-348.48937776390756
0.24822832337032744,78.08807271040683,0.15359431964964712,-474.557636539567
0.6734873402750517,30.42898548801013,0.39293918585889465,-717.8356546495645
0.37957319626645875,25.896271170661798,0.2343725183167248,-636.429901432964
0.9715581186038086,26.312696844336962,0.1238786298313217,-246.65719731959464
0.6273262375139398,79.95500044598121,0.2953244801920002,-754.4044697102174
0.6837106196236534,82.54803686298392,0.4839342867617801,-654.9225593071136
0.14864625089242736,45.49626911659172,0.4399524656685643,-218.38710349800877
0.365780836424907,23.533367040562453,0.16326360701807574,-664.8433092917529
0.7102161261349378,34.38199687132906,0.252842004559349,-783.0871982700685
0.33514786397317536,84.42682544893657,0.4554048590723252,-434.61676100186713
0.7703912031418472,45.629462572627055,0.1959867053518831,-767.1605482986182
0.727495004405734,39.83018758947535,0.2639280686718106,-767.6437985066723
0.10369255484570154,18.932124281118746,0.15739348847596865,-239.20621998770028
0.13000411377144566,39.252873180714474,0.2604959974980153,-245.56816413115135
0.13244362486250685,80.11252907782792,0.15638151982064993,-270.948518839005
0.04172621396749788,24.286793356518764,0.36776635513353184,-78.80614396460568
0.3306928092323103,83.93865885683859,0.338623441430389,-494.2138889150812
0.6753922530667003,28.93086464171326,0.18328703320896614,-833.5792607458386
0.49877712977597605,40.32353070069439,0.4775118634169945,-587.1937783527263
0.1418629182487873,61.436614356861234,0.11645266198950117,-303.34543967886395
0.5520383657254306,30.331808127041054,0.28911792334128816,-745.8937496439809
0.8950787559195063,49.341756201200944,0.47641211781274306,-483.42398609116447
0.04876352131719436,56.83243522896003,0.4591766655910169,-71.95132917891533
0.4229515653697315,28.291655156667492,0.13065918077014188,-743.9027314178803
0.17850903908352367,12.696540746339432,0.35967980675897726,-331.7660964027293
0.04507444485031859,53.081053610697296,0.1293824359485666,-102.5264090350356
0.05304353080559545,72.67879314987977,0.4793975875672576,-74.01371853297293
0.5307156211244085,46.35160176195242,0.14779338458086044,-811.8128067154224
0.5226592419251345,96.48626294873098,0.29140847146256427,-707.8973836887506
0.2877444076227887,29.779452585364037,0.3111674503509071,-473.760527377601
0.6650870484866628,66.02325482862727,0.30477462283924284,-754.6877537694153
0.2806067933630529,26.504095012850364,0.4888389716225482,-378.3806410650066
0.32900327748138314,32.590246077589576,0.3716646345186755,-491.09697865378513
0.011906159550740043,51.48899516462894,0.4314286967786388,-19.414949486926727
0.12757894422888819,17.207786090991863,0.47106874551960554,-204.28796558207299
0.4112919386052401,69.500266645023,0.2787885238942279,-622.718394223143
0.4662114867259489,69.61412068184876,0.1981195344791624,-725.5519547946049
0.19713688552971553,16.298537556637136,0.4560578566089505,-308.6437279956121
0.7778087502334201,57.69740765412956,0.31943428684053515,-704.3766178135261
0.5425960840347165,62.75803473401755,0.23019485727222888,-763.0530838880642
0.692532076300257,98.46973714584898,0.39018299619415997,-703.6751863111539
0.32357673468192466,40.26378803786814,0.14691602296646955,-601.9747017983489
0.5710215695230705,18.437404416572477,0.18098352788995029,-838.266073983526
0.2061872182915665,25.337810680854773,0.23736821518393936,-392.32603565539887
0.37895125862635604,92.30544576099474,0.3715756109719839,-529.6890005327136
0.5764120057409764,96.9142588668832,0.3781625250070727,-685.4153501950885
0.28373376664394234,62.832815037992525,0.30751844258873406,-454.47393027922004
0.23128463334638705,46.58241131907729,0.3482882445369603,-368.0071633554445
0.511137181913622,31.602938355640642,0.1704077119640277,-793.5042184176855
0.6235575310710042,54.50501573918604,0.48009135494872246,-649.7152902184414
0.7624372358190749,61.273722498474314,0.19092030792669965,-773.8224942878858
0.7683737774347486,20.11877829382139,0.1983578398870947,-782.0400760792539
0.19099650315811095,83.2370906344032,0.41063142056361335,-278.89943901243373
0.07115525581518983,17.910029359662424,0.1567416813865099,-171.3566784265896
0.6124012840962112,97.92101343117135,0.36794883867709816,-706.0790522908634
0.9409102001995229,36.687191336303194,0.19241197321328118,-394.11219588445704
0.9168509966319878,78.04321308463939,0.2219672287357058,-476.1421756459146
0.7637530336989212,68.70239251388065,0.3416057968548477,-703.9483815722859
0.2282487905715896,27.108888275832637,0.4594692932121197,-327.8821873432163
0.23451312445866074,98.33290606909505,0.2854102640856256,-391.07541039709224
0.5571740456943715,59.46268132513816,0.3901637379332702,-673.262738713607
0.2565540256810712,17.686658075740162,0.2142408913514808,-497.0239219897242
0.6477363805827021,83.79980379518447,0.30315622906380646,-752.5689582582413
0.8216877126294428,76.01282622103729,0.13755482612956682,-721.8670824229646
0.2946675299034373,43.042883159944296,0.20762272866183995,-527.3605323708399
0.892533243430816,73.57750909152145,0.4293960100578077,-498.60305734805615
0.43065008770884533,91.4940203022493,0.43879036306599495,-541.4163658915489
0.43903073693032885,65.2745240681427,0.42010181762205934,-564.5948393298928
0.6610796151286039,60.181704159490664,0.432917214529302,-684.0550502740023
0.801083836246643,50.43600661101691,0.3895591508898133,-655.1544018050242
0.7119210030138474,65.25176269016023,0.12959291416274504,-837.1764886071891
0.5352782843756155,92.47950695969044,0.3089973265276331,-705.5506224392597
0.8280761590633094,30.39093190211736,0.10666693781825112,-729.9561429861034
0.9370385124740302,93.43354000393602,0.15464695306386603,-413.11822407447613
0.9221680092303488,75.4037070307877,0.2270090517706639,-457.4822111693089
0.3077269435399234,41.563933572280945,0.3543460847983241,-468.50913685403566
0.38764646414679094,81.56385599445629,0.441498423415173,-498.91114876628643
0.7671054078662731,88.9516714275226,0.4281886275597878,-661.3505806166808
0.6932057312013908,72.41739817314064,0.4366107510501034,-681.3012764898339
0.6908274087532971,20.08682089909183,0.34802458413219417,-751.5314366959454
0.7855953842537898,51.963963522708426,0.28917336743532474,-711.0983951882298
0.7011776409446285,62.04796322750636,0.4144914715472826,-693.6708691730822
0.28051358676416,54.328645454785516,0.18014378896273678,-516.4819102359274
0.5638307243327352,51.804173814700455,0.4830972230100684,-621.8813295600864
0.34336984623742395,61.712825209993504,0.4027124851894255,-477.26627023087923
0.3032773155645353,17.28801369748492,0.38801059013130146,-475.6855896746988
0.31455393621630007,79.2774554523177,0.2698377202589977,-512.0405037839461
0.40078166641919516,51.95867919789617,0.3137445064839482,-595.072269573652
0.4243137397117382,72.79727209906468,0.13745946427763145,-721.5945338755708
0.2915485499288935,21.85699005474661,0.13789946420691954,-579.0101282937127
0.6407017030281366,71.85151202425138,0.4822558529426135,-650.3167438004889
0.7641126008233459,62.83245057036519,0.2649762964074576,-738.8499453806633
0.5557138786310082,97.87252127170714,0.2585415463832641,-748.1259818125499
0.6574485043879068,46.92606862596337,0.25584231518555567,-786.2824404343762
0.2214453629255507,82.58950744731713,0.12063268531616136,-444.28946983171505
0.6845650789780557,34.04228049078026,0.38049067553694593,-721.8440004949742
0.9826504092031519,70.61285061612625,0.222919632769719,-166.56658424640932
0.35450542761638565,79.7562722587848,0.41057196657478423,-481.91820504975715
0.20355715990225423,29.6824401373292,0.13215287888073146,-425.91416896372345
0.2956436519091123,67.6224411730116,0.37670377541903954,-433.34194328055105
0.23005609616551376,77.3402381824802,0.3196242069811379,-371.75587638663256
0.5718322916957737,10.521195872273337,0.19535251491709765,-862.3347156152173
0.9367774159564923,71.28406871395296,0.3570754602879599,-384.7896459145945
0.06404594135676707,81.7261393446601,0.47838377997674775,-88.36233488714967
0.824489402850388,49.41453476891847,0.3812377414182363,-632.1567356985894
0.36418492661089513,65.33920575387162,0.3002057256658391,-558.8090021419798
0.35477790698416317,90.91923245175796,0.4784886728879375,-442.03080745960654
0.3754029768188047,53.23067187869395,0.1990762908579385,-634.0176400037101
0.6061050772574932,61.93440845291487,0.36738598123723987,-708.7771805923551
0.1595218661504553,43.963847266011676,0.4323135039270972,-236.35040054676605
0.9101968901484769,66.23025022535066,0.22826016700162377,-496.52828360972615
0.385895483854257,93.35328307928519,0.1877622681210554,-645.6771701909474
0.7139807312214586,25.02170351651325,0.3566889497887792,-735.2457368972489
0.9716849863608219,56.24015776055755,0.3560237126711616,-228.53327473950478
0.6071608452992676,37.82024509415221,0.37068750370934167,-714.9534278862899
0.825064405618768,68.1955135184277,0.41598224129268857,-616.7114397752927
0.22330012729370438,51.857188408186474,0.10743114404406846,-459.1729855060921
0.11593035938960114,20.555245987057067,0.13191268802884265,-268.2949008861339
0.393796124655733,57.77516488049528,0.4204604887299802,-522.3053987559307
0.3452370989727308,75.21174488105036,0.22949307140457298,-574.3783450099012
0.12306040714500863,41.61283296160945,0.26669861572523434,-230.8924579179854
0.5028580864460599,59.425401996129295,0.48315318696422016,-579.8397701718466
0.7601163219251854,66.07656744632028,0.21052714074367784,-766.2831971886078
0.22610996152581953,79.37678306230697,0.21122145613661975,-413.1452002707944
0.3633907663204838,45.3178441788592,0.2827071336315053,-574.1861245321313
0.046107221113700275,40.439519654869706,0.21920881020857208,-97.01057741792083
0.46524900521771084,44.88154169447587,0.45991013473228026,-569.2747882342
0.9367105799372643,13.362653026020531,0.33868374236869314,-397.0412520130977
0.17160275975061812,55.21421365856837,0.10818844982184804,-364.2892432074052
0.12187657789997879,24.617679831995304,0.18151031316985536,-262.19643478466423
0.1350804985599362,59.91024886577739,0.40225319348186206,-207.10100516299167
0.5310346113772277,71.42187903301209,0.4402989850420963,-623.969506539533
0.36746890281521183,22.255848770761244,0.4291102894751957,-515.0640356836205
0.7222316631416134,34.53364305961366,0.427194088668031,-690.6867391983924
0.823594708855377,53.606224046196026,0.4232384334794205,-617.4367843524948
0.07271830956151971,79.18946320129899,0.24438470260713913,-139.51514123363972
0.9654759588469243,70.29996355427838,0.4609629733161945,-252.7347757882979
0.5444821153619307,65.67462389315752,0.1270400363222935,-827.3619142151541
0.6979291781702175,57.578951839755426,0.35046233157125295,-728.5071252932249
0.8890119844376277,56.87458096473236,0.3738659335834642,-521.1339222007858
0.28795615231063176,63.7582215051045,0.1727147255722593,-528.8477235158175
0.4584709911805783,24.94055105546909,0.34869016884982124,-648.2827679810107
0.9088334924901643,71.4318168492451,0.47603779598531504,-449.26529284455376
0.32552950668625874,51.27173056555748,0.3070247482901627,-512.1594553841703
0.9466677922205687,97.98472640885305,0.3025678172249737,-353.13298358287346
0.6366382444279468,86.89913075824131,0.11656042858329552,-858.4932295564113
0.6470910176103215,17.34582673461688,0.2722454585536256,-802.2277622091179
0.09923585325218735,29.675512785844006,0.15006485645614545,-220.6171294141476
0.3860521222432673,16.99636619167779,0.274264576551973,-638.8272281279856
0.25209058488096286,43.10807851920882,0.22390324163712205,-456.6656987845444
0.4868418728024159,45.066545047620885,0.13761407891934563,-787.5701639409154
0.759311522841669,19.8711062513982,0.13573243752460695,-819.385208848997
0.7257699605742731,94.13462816755164,0.19751546775306927,-793.0449312796575
0.7028467828539008,23.838634003567392,0.15658852564007597,-843.7628774915746
0.2594531698057374,71.44045864131772,0.28713870101302624,-429.41450386011536
0.6962764400315368,42.61322449272387,0.43572896088459934,-687.6442698083667
0.4779431036234262,52.24073872714596,0.1536174603830136,-767.5913032703284
0.4892132465034047,77.89355283796276,0.1307896608497802,-785.5638357710914
0.6192410654609857,36.65184153335396,0.32883490411476607,-743.8217640386619
0.1471536623795331,84.91853651285744,0.23652826967980764,-272.83825721162447
0.9227330801643868,38.034979323757426,0.19008768667100948,-464.51825464729404
0.6185430828054053,36.528206254226305,0.12419522877571608,-864.1478060751424
0.3607061764114821,52.5603669242448,0.405360461579256,-497.6857221755468
0.5766968034833374,81.2158830555229,0.17822247245469552,-808.871347617976
0.6732661922806208,59.17995006025464,0.3874637413161226,-710.234578308726
0.8555075296827226,11.700390581770682,0.3315893717125887,-623.4160462399391
0.5129642082073541,75.20150527170529,0.32165568935609384,-684.8468960925063
0.6834241623668028,74.096508246643,0.1443326837082807,-839.0657451758426
0.3123856612551654,71.32598357914283,0.4058321225654883,-437.6148562750925
0.3894437568907689,42.474487534748256,0.16529376532374485,-674.8873428709762
0.08553656147461376,52.96565008160034,0.2420824423792972,-166.62363759946945
0.6497350639341531,94.92654921324807,0.4653564788462934,-659.707471119454
0.6535485740757302,97.96491105419501,0.1574551439714764,-834.1328001844822
0.07089076989914019,80.64701989163724,0.4584335530067476,-100.88549173249292
0.4017848953758714,14.144818810617029,0.21742523921762544,-700.8894453861118
0.10430043652001592,95.91539370782928,0.10662422263864624,-227.367716896399
0.5626042846076083,34.040769520143165,0.18843954479360858,-810.1779982209493
0.35339607269439555,37.8247944083717,0.16529654416137496,-633.2272168058099
0.7654722878619797,62.643179624212216,0.22390467980676687,-756.1846099206964
0.41968429967897614,15.107258662276841,0.33790513093518393,-642.559995658218
0.9843728244138682,86.75377488915228,0.24860518949809252,-153.0038373377648
0.70547304701081,35.019949856935426,0.2916315926835735,-764.3677667386131
0.26338213750641093,25.164129080192836,0.3032298912549952,-449.7230187189927
0.12738106882189934,77.55378972619475,0.22393448470432356,-242.9172275244453
0.7209335044931532,47.06882211838768,0.3343590596926383,-733.0867114103518
0.33221461553685006,39.36602098151137,0.3056441192528976,-526.6182882904449
0.08194063265358256,67.14832286925558,0.12916557500022718,-179.14360931336344
0.5758134169603413,43.92839552925978,0.28301351802339997,-752.9572154286897
0.11086418885079688,63.77894713876407,0.46728078663354966,-155.23887695303472
0.25427569506181563,90.45683393307039,0.47222096227401267,-331.98273652455066
0.4698321944459279,88.19314989650378,0.29419048322572655,-666.3715493721455
0.7706231086538482,48.08284245355894,0.1517037109061898,-785.9031432404687
0.42110456482929803,83.77853067127386,0.47036591237101155,-514.122218224181
0.30571072137941724,76.41511030297566,0.2801156114619645,-495.37103774694066
0.19478973971810656,72.3193503087983,0.322670574088668,-319.87251595749285
0.37826638508831056,73.82004657821696,0.15303533575387,-659.62958249163
0.04674043349976297,82.69141830525041,0.48657406718167906,-64.05704605523526
0.37116540152634153,69.45146911632813,0.23715734570513047,-602.7284389276836
0.2733175990498519,82.78500683586635,0.13422927331525872,-522.8525095279824
0.12178647480708531,63.663094266676474,0.1698442540986202,-249.2000229964102
0.1730090171182295,43.51232441699388,0.12012466702066008,-366.3607536735376
0.9212811124331229,59.29685060309962,0.19244191345676898,-467.4402497718116
0.3695782350038681,75.68562362577435,0.4708950428227955,-463.9260992249971
0.6974626980406102,99.4619190796209,0.4231122529957557,-685.7678299466563
0.9077069061662568,39.07690320623924,0.16801563878347942,-519.0143122395929
0.13082645237754795,75.59001174730771,0.4246458963515011,-192.30835592617495
0.5947779824259617,34.845198017573495,0.13962459765286034,-851.175359048738
0.8986177995075559,25.652704828765813,0.32460021838565895,-514.3582592154074
0.939843474798295,64.70641929802227,0.26019703612415307,-387.2955834633535
0.42972496797398896,35.87512466267431,0.39244598950133514,-584.2188381010035
0.40463784958278454,72.44621248444834,0.48035783056558323,-494.04721961312123
0.9589621838100547,51.79667005757807,0.10235879772034338,-318.73899079646367
0.7276071171345101,26.84311685904509,0.18011153526915563,-816.0322400769311
0.8596404165741107,70.88594665415738,0.4118227544861507,-568.046128636926
0.7686878236123288,76.67258785476463,0.29046838356674565,-722.390657934052
0.6653350680503943,76.21808707407584,0.20949861385713794,-806.2296742752621
0.40324554368377435,91.74868492800923,0.49120061837532936,-483.53579149112045
0.40311998230936325,74.12001465501284,0.29966577310467624,-600.7301165564725
0.6837672624860044,65.28120628564815,0.4695889536792305,-664.7392813211641
0.8244947677608387,93.30857620149514,0.4342772971189416,-609.2288859135962
0.07613463256694056,44.348543405427044,0.46320207835074223,-112.2393709161167
0.8647718879338213,11.87273431218604,0.1034106056850058,-671.0714620924358
0.5312615431598509,24.60939733757276,0.4132248686854305,-663.257317271407
0.5417448542168863,17.36409378194714,0.3643023402252894,-714.0219815910026
0.774267249342314,61.143672743668,0.45123423580669497,-649.3787742337271
0.8269539830592264,89.14112488200145,0.18112958093410914,-696.8788780091782
0.22945519969822745,47.706570570149445,0.4642114401523262,-313.9032031832737
0.7929843697175881,44.572711885020674,0.11409902863952466,-776.7877457811682
0.047185067602595616,11.696963348221743,0.30087148559560206,-111.85378693304901
0.709474369398042,88.01350160986841,0.4045255910920934,-694.6194441403146
0.5620621203866973,70.26384603239748,0.44183577155725284,-642.1252702863432
0.7160935792222445,18.964891553454173,0.4443500504719945,-697.7300289897897
0.8330653188450986,61.561709050592285,0.3952338142916402,-614.4360797688904
0.9546514387252245,35.03256505837293,0.31825701153063246,-318.6760713707264
0.46933724891566225,97.14927429545185,0.2603909052811003,-686.0161957657958
0.518360820095189,60.303353117995314,0.10569899632107141,-825.8930664434974
0.3508876233643832,40.93554404714651,0.24171707390914843,-584.7297466638371
0.28446473194474464,13.966724515327915,0.16970607768500715,-575.0853305818853
0.5868846280387197,54.13989835485118,0.4066073021138642,-679.4209468627976
0.3662447660121232,14.472699985709227,0.3878303770857139,-559.8243371040604
0.4252584491940461,27.709782728785346,0.3991456796482792,-583.337698640671
0.11234779571279949,85.94066450693627,0.363892999321619,-180.46680791039884
0.11349312540298202,42.25719809399425,0.22236088482823513,-225.14218395343755
0.905178806717399,65.73160996222495,0.19454147410979342,-518.9197149363505
0.18619802143366737,12.229367855514324,0.31957888242499144,-361.26552778220497
0.8229246376731699,18.111512961651265,0.2778806200711688,-685.6849746108059
0.7105965334849479,98.4441387154538,0.14967017199586394,-824.4020372020572
0.43954562289586097,93.7589191539464,0.36279614924893877,-596.0832994030468
0.2173818183778604,35.759697290879984,0.36073875928683874,-348.52334365845854
0.05982574418538512,56.054963695155614,0.33653945504752414,-104.9458406235217
0.8641437127965262,52.76747242110217,0.4755179450873275,-543.1277498010627
0.6706012554433125,75.62755107076772,0.1804504609447661,-821.7772541962254
0.19030588778700935,21.741097377144015,0.20891036770769827,-382.25427004656024
0.07423873343900775,27.789720588865528,0.21639512701028374,-158.3491409382131
0.9113849544909118,58.87246753680185,0.11050965357527659,-516.9625467315465
0.2847188090193252,80.25063292409924,0.3878024115194326,-411.93109604146713
0.2662540402745757,46.57945811296578,0.46688762358594194,-357.9522986793251
0.6194137090543278,84.64833142826059,0.4478961711937606,-662.4101664774784
0.5213783125701262,65.6402709447847,0.23600588142656878,-745.6395372611469
0.26339744079248717,55.39877485558603,0.22111918686731685,-470.4711430437017
0.21548132926036984,58.44355682788953,0.14292522044372635,-428.72445152296046
0.8909932493932181,20.799388025144648,0.26414942655130025,-550.932686134454
0.29896883148280484,36.11678486815258,0.3560933701536765,-459.8575607117053
0.07964068125571339,96.82038991173181,0.3387549394258852,-133.77104591164655
0.6221563726643017,14.805557465523247,0.3835602584272262,-742.0774353544368
0.8546407214626491,96.93076906099307,0.448382051876386,-563.7256557143892
0.052812973115246756,62.54142244615568,0.41637761920728067,-82.42805217736021
0.1682385522314477,70.68185818200499,0.3826523305361278,-259.18400739761245
0.2251842989739705,50.02196796438632,0.446781697453822,-315.35984391790777
0.689769155027828,26.48573580628158,0.15393843234743618,-847.6228688361034
0.2910211211788298,31.854480212570692,0.4176706434885842,-421.36705057249935
0.8597100935398108,89.72029158965336,0.4580628058273617,-553.0581193690193
0.2412140197152404,82.37280235089499,0.4388529472053365,-332.4593654006101
0.5753110269911793,54.55517757197831,0.3804123430521792,-689.8643135112891
0.06262924298847443,25.98750420187291,0.4746604484514795,-98.3633724440266
0.7775197871253365,66.32830602235282,0.4430409688166663,-650.189892172029
0.9811930426708652,16.872760377587788,0.4700976021991661,-167.50856260109924
0.6723086927590133,15.070478954979558,0.4870453610646057,-688.426921949546
0.6244761270149879,12.904757685379757,0.19433248744201156,-860.5316316154642
0.2839298803749697,76.23938616398233,0.2979876154810108,-457.0745580747567
0.7308255999976657,49.84282150459328,0.3571870076557122,-717.3209167354859
0.4946990057313932,73.56598952039059,0.4745991910017685,-576.1983295182467
0.21327919007993668,88.73330832465567,0.32210197950348207,-345.16759080002856
0.7121004771673775,27.05893194372534,0.13774769264216255,-845.961865731066
0.561852309721334,10.894950986533603,0.4643427030284779,-690.8455831268018
0.914724529299825,79.05276862117533,0.15390663553803693,-496.2537108355163
0.45681311832165056,93.10221107835754,0.22602821210086696,-696.546961125789
0.9141113605171143,30.11759781140935,0.2999984904022768,-473.9064544357567
0.7928248603243486,46.47929258790875,0.42154252230775924,-650.6202589697583
0.17706575582869905,30.8820836752271,0.38367750366562237,-285.3160798285591
0.5755589760373546,73.53068565733368,0.3760651819366606,-688.8808982220207
0.7318489939072793,56.49631127641759,0.23401133848816308,-775.8505069918739
0.04446134288669182,19.787072255120325,0.19058638319208365,-105.64474129493557
0.12045359558753001,33.53908199146088,0.29268967018178005,-223.18411215798994
0.8977701349764979,69.5895597610137,0.26306519125811156,-524.7443436435725
0.4144147611291218,66.25030317672105,0.31350765865743574,-605.596331995502
0.931015492397916,41.87270105154188,0.18720557050041303,-434.04502113979635
0.2854972960754465,14.50726132136251,0.17189068768921711,-573.1631790968139
0.636094082461654,80.71767466223896,0.3061345695308819,-749.6556606247208
0.4401106187916453,38.06610463784513,0.399702191574567,-587.9876153383126
0.9082060092779733,22.273141058462997,0.36693487063740815,-480.2798438884434
0.7350103842226959,74.03317164311832,0.22878138692872685,-774.2499082343742
0.4240932863112551,71.6083421238948,0.31076354619603563,-615.994498786518
0.7455897305509815,90.02832343461962,0.24362191814005385,-759.3799788030734
0.751641601465236,10.71627390749495,0.41533877752802273,-719.3890843795303
0.02350840278850621,51.16311127873424,0.3961269692183703,-39.55732674798543
0.6196024872214267,45.374519134095806,0.4225521758925298,-684.9366915975382
0.06407382702505539,78.2070188020341,0.482664107634989,-88.00131365632886
0.7765821536055703,94.97177448814065,0.13089753373339996,-783.6662799892028
0.02105830566112995,92.49337880370143,0.21065094039594479,-43.32772938109861
0.8130716268133584,67.69970617379877,0.4716055120177052,-609.313688761915
0.6723459464879052,62.32051146629021,0.33507872236297703,-738.4364584353996
0.9759233444340603,76.2427511220166,0.3055528193597306,-206.65532169010135
0.15401685602142975,22.85243195097734,0.322474504643822,-279.56582065551436
0.45972654822868597,50.815100753648046,0.2656416008095195,-682.6291681511417
0.42214741306357995,55.810656209703296,0.18545403872222777,-693.8842035922551
0.19397994035887792,59.02362639071227,0.33216768547337705,-317.4377393684959
0.4080414054554078,71.7394034940433,0.4712039652138523,-502.9730831432709
0.2295138679269779,66.07464032476517,0.38698304953914897,-343.12951509175247
0.028753683629752586,14.282795491520002,0.4035550227603335,-60.38694625473145
0.4404240661791368,53.749571391701245,0.37752249843444063,-595.0036734990479
0.37013102748594695,54.74862684991637,0.1967420379823467,-628.5504920600941
0.5111979963389616,20.978078583435497,0.1268981730925538,-834.374186470704
0.43780992835244237,53.43319546527929,0.12993266731698552,-744.6705487454673
0.9127134381360398,74.23198058363738,0.25707348202823727,-482.6176222584489
0.2634743941720581,77.08202390170621,0.2791494778347099,-438.0472927820895
0.8666408113266403,11.677254010926019,0.2549291382723986,-623.1491074994191
0.14492925396733233,33.87914131290471,0.10620096277055491,-321.70461993398783
0.45446136928891434,28.50714931818184,0.12514807580761886,-778.5182901713246
0.0970840558056593,66.33207960692224,0.11280968148481518,-213.84188988075343
0.6357251159336632,76.6618597443872,0.30699057882567315,-749.5711955114026
0.8844085315370819,38.75239995747579,0.42228348912576663,-521.3980766715239
0.6128767414104414,47.524344697651564,0.1980536765242672,-814.8763053916326
0.6852880526646203,98.21106346179543,0.18848449664924335,-812.6715886470973
0.5154050964799952,99.01069187519096,0.3823607467762382,-646.0269782161457
0.44322345411542,27.79027207170792,0.4556577583340796,-565.1238698681096
0.9649862256001326,40.288539351951364,0.4405018040109848,-257.74250036209924
0.96733720443873,69.18091410883378,0.17876341391982642,-265.81314156137665
0.6605425778163014,56.84155437282037,0.12098201491418546,-859.1117956836326
0.8141520057580297,17.67321275568315,0.3209265271190296,-682.5695215728407
0.864728238369356,12.907110509484493,0.49370759033956635,-555.1930950484616
0.22513527302027686,39.087190506644504,0.4097299315119848,-336.1017970580357
0.7989203177438217,63.56561537266277,0.1994509202600947,-731.6064534204168
0.14093580184874738,62.47755480496252,0.34718789409371487,-231.6784742623495
0.635203630433744,15.959688674593632,0.4105935809690433,-725.277449660023
0.9268054379652394,70.29999759578692,0.13677078417954147,-456.69044107226
0.59374318552687,73.10928574010931,0.27813251383919624,-755.9635994396984
0.3495291143261689,51.17346161696964,0.20097323227629454,-601.6696033504377
0.8600706138982523,64.05067297964328,0.45318719494971116,-555.3860305894749
0.44114167395581155,30.093473432647404,0.2949837922150521,-659.5903787068012
0.8312058746362019,74.11947151614207,0.46802301182210526,-590.3918804087239
0.5337536536814249,39.854223898345865,0.3650466673607692,-681.7336118638656
0.16027452833964406,66.23462737868478,0.3552787083871455,-257.6459728110748
0.23839018242269894,32.33897980861164,0.19779699566000264,-454.09390791987073
0.7745010320058502,98.7487600552233,0.27701398324890564,-722.0485946946203
0.9628006031783184,38.08205579083899,0.15061516806271003,-294.3267726302675
0.9329008912597614,98.54646007957238,0.2611269065917803,-413.00389177420794
0.5002636097896046,16.140549735372183,0.4957630025868518,-609.0360201102333
0.19223618274310583,42.27440621095066,0.4337947880184928,-280.80787934289293
0.08496584636328434,21.06755345001317,0.11833530423945318,-204.50619003284083
0.4455752409228642,86.11066784958712,0.3089351237286587,-635.7151984580004
0.03191853555018421,89.73082710188551,0.48812769638468423,-43.76296659253414
0.8862847203380811,85.13275444313446,0.15790588507854167,-580.0658452183176
0.6388960096688513,31.124024551270207,0.2570925125960793,-792.4072193549669
0.7266224603822083,65.9294740222474,0.2500965215853397,-769.1703978894858
0.3021154337008713,54.92167474853158,0.20160501220609572,-536.521476469971
0.6546745100283486,12.62954685659959,0.3297566377487291,-784.6314919233319
0.10920762976513052,80.29620179785907,0.4441637714341954,-156.67998273564106
0.27083111626969814,29.335350621937042,0.2872976573653725,-463.00240539413375
0.8419588009050494,28.993883020732152,0.4800381016601991,-580.374651096585
0.3743299277954811,40.81938705524312,0.1467917417927791,-668.5157074814167
0.1944726812214489,31.19718484463976,0.10937081420330848,-417.2197440461287
0.229794977395921,72.48723598922584,0.11494475639858487,-462.4679046083846
0.6450470091099936,74.85490368596929,0.351404981238018,-725.7362916250511
0.583227549105838,31.48503305911409,0.3397037917633523,-728.756065719407
0.11327405583607256,57.92908932709764,0.19366654044927248,-227.9894926556349
0.8601025903023374,35.24545821520404,0.273568247835401,-613.3659178894326
0.895215409900546,29.71469317109087,0.45015721745932624,-492.5697210741337
0.14557137141122933,69.7657173112888,0.44808007419345064,-206.29363525046156
0.35125991640504456,57.34717919923692,0.4442676538474505,-463.65940153408945
0.7149454285039951,75.94438284041053,0.42897452356178656,-682.1619433410864
0.44695507828334646,18.43858178891034,0.2063660753915916,-738.5004475550079
0.36016062487465444,82.10143536338437,0.4731058911699424,-451.8682306576543
0.9411836076423455,96.97732235770825,0.25271327759387463,-382.2246000661698
0.3227960019511693,92.85131861440043,0.26926651091171105,-521.3678103870451
0.8029210929537846,39.496835011405054,0.19115943516192158,-734.0411024992309
0.3664432823350526,55.33365192001009,0.29821718012925746,-565.116850923451
0.5095669430325419,75.33245702008824,0.1446559313043447,-792.7235705667088
0.9508376208114223,33.025289175966314,0.2839519147330945,-339.92418022249615
0.6347454636041722,46.568916584980684,0.4281097138107419,-685.4333472415616
0.33567024606195495,98.97703897979989,0.19067088571089263,-580.8460259960042
0.27726828248784396,31.466545765524035,0.44341911301432324,-391.9125480918685
0.4944696810804733,94.46992630694712,0.16654606359105395,-765.4723573113863
0.61497713549781,55.08500288095856,0.11680335954738755,-861.1400202986413
0.574468239313301,41.8660838664991,0.171409045943465,-821.3034238895473
0.1356544129304733,31.801552527157984,0.4214027711259527,-212.29974637402427
0.41999280583042453,64.04212877186436,0.13175067115830574,-722.1542484930678
0.6699749636550729,59.11309600673419,0.19812847158379385,-814.5878696876674
0.6322450816292791,18.54194329209873,0.36526566844891795,-744.7289183486025
0.3596903727516955,45.84403522759475,0.3891647178769341,-508.4302866392263
0.5480735843970356,65.01227395285885,0.4276451436769758,-643.7099952280508
0.15829682344279805,69.25020316033515,0.21569088580743656,-300.61089950763636
0.12168837499681398,14.731466944157159,0.1739155260635068,-281.2835001032009
0.20604438381904003,71.63116932402266,0.23405992139338982,-372.73705515742665
0.29179063879804473,30.986221781208272,0.4636023185613295,-399.41909959168817
0.7456520160720472,50.43864358829754,0.2096487357904421,-780.1695660095397
0.5943425667317763,18.586946429125405,0.19371560143066666,-837.8901589449871
0.014239323049008181,95.9271935662728,0.43696075034882254,-21.53780607272922
0.5355270485214613,64.82699156754302,0.3502878287559914,-683.9373227490069
0.37818505350127113,93.98461009325014,0.4242271663817516,-497.8004192443187
0.3645955831417452,26.311524188733433,0.30882805271238123,-575.1328807284173
0.7933505916724841,18.449218692726173,0.30038006602980827,-714.6861082325321
0.5008925351817055,78.93843606090792,0.14758755052316977,-784.0189696948773
0.17671414456819626,97.19102767791465,0.26472460898620087,-311.09407807920667
0.22592504698132682,29.021889921882686,0.1059557547393406,-477.09159845384914
0.31584278855698195,47.0990333507969,0.21156207399577603,-552.9564114262007
0.34211513329105375,13.814336568228942,0.20453350477291574,-638.5191861439248
0.40168814278722215,47.01826175215087,0.3240853052816165,-591.678943468887
0.8710863650624349,32.75681457183665,0.36654148433592215,-565.1944445883067
0.3379993976118699,54.35273906556312,0.49270643414962867,-422.93483925469513
0.5722559386136336,10.998686510348072,0.4286653044488066,-716.7486195458104
0.013385512826867363,20.403778872111513,0.32951135176298896,-29.36603535668854
0.18535263471005964,14.873540399688586,0.3285264292177267,-345.19883365085053
0.762166776053713,95.1797125335444,0.11227756963568458,-806.6119408223902
0.4374787916601029,92.9350825794814,0.13180716627930106,-736.009626748243
0.32214736559929225,59.028719972979374,0.46612044860617396,-418.9313964847778
0.2983490542175265,25.69166460995652,0.1823118536420609,-559.9211013442326
0.4667330493974244,50.6591717579759,0.37166912847828093,-623.0438761801056
0.013110348602220396,60.337783334629314,0.3416757678143625,-23.80726022277959
0.31760324036841564,28.552873939883046,0.2526933693041218,-545.6441441898216
0.9420881708539964,23.459069110305073,0.257269131579301,-382.46260728488204
0.14707965730886363,62.79420392427258,0.4162197981128092,-219.40555560257292
0.019762951090577168,80.93771634103406,0.37756091772109923,-32.948983228406405
0.012695883552032914,58.776003487272796,0.3496484242244826,-22.885255475056436
0.7090039755450849,91.57653353025013,0.1850845400222384,-807.360397092336
0.5668470425917771,68.98943932098186,0.114037357996272,-845.7035802514538
0.9849994376280444,76.21409700454747,0.2635623788886118,-147.90215749921464
0.335252774257813,89.61394164093917,0.28074260631982983,-531.1926683278627
0.16017473207924884,39.603099376297195,0.22021934912206162,-310.24085569705386
0.5427807139786908,73.44789539633013,0.4885268486140294,-601.3373544527335
0.19322425688572073,38.90664605508366,0.4495653912962566,-277.61573491547296
0.6946166677112237,28.105105099403556,0.45254080570617894,-686.5359529107211
0.18008559334863516,30.289579852317715,0.3905179559110029,-287.6535362170687
0.3532794377288685,72.37024371814763,0.17342181550393299,-616.8763803332216
0.5364956048538372,56.497335114871916,0.23407824703346775,-758.5164160844317
0.7316073953099387,16.218879386844733,0.31864634822317606,-759.5988672512078
0.7843945149216808,23.251199699549858,0.47332770102859867,-645.8680537075597
0.35336652087792814,67.8715916640644,0.13226225687960225,-641.2853899589757
0.507201100157558,61.553960401696756,0.14185200459567057,-795.3235147646104
0.5677994527316627,81.99784908489488,0.24049877503505043,-766.8622287872241
0.340070545512633,22.331242726500847,0.3371053791145444,-536.3847492895248
0.721424371716659,37.86130881724623,0.47672804376188516,-664.5823696807703
0.10935489252660623,34.19422857749337,0.298514215248182,-202.4006156962489
0.5104454966363253,12.020508986710812,0.10854041881835702,-875.7183029462758
0.4382032669332072,25.6940370373963,0.4723536490052386,-553.0322034271235
0.23359146096669015,39.529009400355775,0.3732375397272921,-363.32798513000745
0.2442269117520632,50.77433238655878,0.4010800851584081,-360.10317591939975
0.36968094384844885,45.563885932900476,0.1476125584860053,-659.9359382217
0.8503462567082124,69.56503439854771,0.27495162640096915,-626.6650590419418
0.13461080881976023,91.75593531980851,0.39643326780726273,-204.21420328891463
0.651414402222404,58.48006490880845,0.12654676053938485,-856.5164857002042
0.4379274528213877,36.91247843054536,0.4833944454151763,-535.3392960237105
0.6488690575722559,99.64627092972182,0.15948707957632166,-832.9917796869246
0.2825074575719796,72.34483462720516,0.17725342754562312,-516.822432349936
0.8249731085542082,89.27449154032641,0.1160942788829253,-723.4538045916713
0.11179123932092747,85.21792344506724,0.2977195162389672,-196.06511545231163
0.7864018246288302,24.859870518199358,0.2289807824588523,-745.4190343598674
0.13863913439180042,35.7633983709117,0.42786908149419345,-212.29436820185484
0.19911498124452362,16.37839823395597,0.2757403062638296,-382.79768070678057
0.12607350766228664,93.2730686907394,0.33872731857115157,-207.63711328493258
0.8234834707764515,33.60431410242094,0.3361710428325745,-653.5645237123847
0.7397337830664362,92.48929690677771,0.4721035017148675,-653.1051030927191
0.06877923892882642,95.13202825545397,0.39369941209675263,-107.44311901306172
0.8991810665764027,39.74216433119654,0.2753771646491192,-520.6945300619817
0.9482271461592243,95.36269274870945,0.24297889278058757,-353.91168771114314
0.939664711662478,27.910823694371395,0.14575811628658653,-407.1610036961385
0.18538933491468182,57.827852813306066,0.13583599984327877,-378.9206902396296
0.6509020346712601,93.1913681848743,0.12826935508574625,-851.1315959319552
0.14684798426377674,25.580401729660498,0.39849988200074626,-240.89628407063364
0.3658237897242473,58.783144482376706,0.1921014771203026,-624.8297914499467
0.964459816695113,46.27145681931796,0.12897189108908896,-286.6691893602643
0.6424741556797615,30.86909143813492,0.17349960876303672,-840.7636745900998
0.7263027800265343,45.63633842578116,0.30921046428344123,-743.9222572248956
0.9662726865728127,17.899027970216892,0.43383646142065635,-254.48443637642154
0.17864693817203164,82.35770340543097,0.33989085792958906,-288.0980813917291
0.5748460849190814,39.16039769183151,0.3056189131743514,-740.9530037227202
0.07521649481168274,13.982850078607203,0.2819103988688747,-166.17026170378625
0.4553806330552696,39.03309572883743,0.2967066733642075,-664.801623456996
0.867529007261999,30.038229654684176,0.19053548041473697,-623.5078428689608
0.02979787755992517,60.8531766467469,0.23177830128481292,-60.7814160721124
0.518146904240878,54.27437959409324,0.1693767506946091,-787.6614542875565
0.8359098861511591,57.79994709856227,0.391639006843745,-612.175629856464
0.31534329530665134,99.88647847400583,0.2940042909465779,-497.69565337930925
0.9138110805214221,33.16308453334915,0.37987478728122903,-458.5136436738221
0.6437715296532257,56.421636083506236,0.3798644976371365,-712.3530854777027
0.06410955400532067,21.93063266315722,0.20032313437214586,-144.71500626531233
0.6508385758128545,56.10890220425396,0.4758830947863002,-659.0513091437427
0.38863529546670017,50.619050360196496,0.24023440417424538,-626.059556872361
0.15800059540454936,27.54475022152297,0.1504375790069847,-337.65000600468227
0.9186179335395038,76.70622762131241,0.10265001923888045,-492.5985875663883
0.9679119412747934,20.29708476332524,0.3229247474184993,-254.1222871685606
0.7672743548548241,56.41541189871772,0.28152664993902266,-729.8573364764555
0.8395067669727049,32.17983938581837,0.19730979985042107,-677.430242606701
0.9813148847564184,51.21992091778452,0.3104520583426309,-172.19011897988972
0.038045772163536024,52.730148025574934,0.2613084698562558,-75.09499890424306
0.12111547365431868,99.67672450959726,0.10544561778741089,-261.4078059409976
0.9233159551070835,43.0070021480382,0.3209428405995295,-438.77546967870654
0.5854854426281916,43.52985355272512,0.42129745307362454,-673.422871155309
0.42409995341666545,45.7823384177171,0.1393447559565522,-727.5740962506777
0.16148646697073465,47.17602833088009,0.10051436537537187,-349.97043634382214
0.044477542171010326,96.9898641819008,0.4380068855971575,-65.56225928316304
0.7593571877193279,51.97098405346917,0.2158375378127554,-766.6248077907411
0.0365718451764706,96.99980137840876,0.21762042667427092,-73.51522895139009
0.4381453908769224,99.65935530921048,0.22852401358458374,-676.6447808189441
0.06286697243771981,96.08222837116999,0.2963957613388633,-112.72859421870135
0.7398560214237285,51.53994033712796,0.4019796490368044,-691.5059277569351
0.5304688088717556,49.83416406018004,0.17792504788801958,-791.678555403296
0.25728373065593807,92.02605900663927,0.4115660726364475,-364.31332962823404
0.2498763726378367,58.42672982751459,0.24462636682124173,-438.36091222239077
0.5839090576521466,44.69178923714715,0.2823404486363661,-756.4458158778059
0.13005671688980755,84.4932558031493,0.312286292158262,-222.01841845662437
0.6324109965956057,15.751695545451991,0.47416498444710187,-688.5195544800424
0.9297199005865946,65.72322465946772,0.2351702138620175,-429.6933791761614
0.4634429592532411,51.27280851162284,0.2694181520857768,-683.4306305646732
0.6994426586797985,71.12173606850388,0.16750587408649598,-822.1058153002728
0.28209301434681106,91.05314850564878,0.4827361950223731,-359.37428074779734
0.5259846458600675,93.27538341155999,0.19895152677730735,-767.9125165660341
0.5239847159858925,89.72843839600205,0.45482246803647675,-607.7837657612182
0.3907067467943407,29.83725297754851,0.34315428789267965,-579.8876242590693
0.20163034807924604,65.60335437564221,0.16961367817025796,-392.581309168147
0.6351034912388309,56.145912781735454,0.3857078598364123,-707.3944822830092
0.9443698657952857,40.249281209496054,0.3987041021687697,-351.96657322438944
0.45252120703084353,45.81043312830199,0.4075541171917033,-590.3304051454926
0.12173673923676416,87.77360312396425,0.1698683176308518,-246.34049311059917
0.3569721318539543,30.663725250540658,0.1823529910215278,-633.7115211279619
0.6810107358171201,76.32521669726087,0.11316238872853424,-856.3122687465361
0.49335829478573034,59.32292534945091,0.49133671054546435,-567.5674391215493
0.3108587733863872,14.071648828936798,0.10944597457837882,-645.8457660503027
0.8483821317265251,88.93063381365843,0.16509133510072,-664.3142616611187
0.6138992742189235,42.6153773444988,0.4382483592651881,-674.8996349379905
0.8769697690533987,57.694012887052985,0.21156427703802347,-591.0191791749675
0.9637545007882391,93.0957755117731,0.24707631992920837,-279.3345686902052
0.605393762715466,78.88894494004731,0.25481797647629134,-772.974161386045
0.20089017066661824,94.46307833311732,0.2639424657965419,-349.8055489332811
0.5778194414591645,29.702694179776138,0.27756483706620283,-765.7579117231816
0.1251036513370259,22.890137372895172,0.3479931009363991,-224.98037935158536
0.7790781207135968,58.443107460099995,0.48074034877713334,-633.9388565386156
0.10612559250991342,60.85972883430779,0.46496944118120076,-149.86876778717323
0.47966847437908594,49.4702688204213,0.27758718180606423,-692.8094717065176
0.7137856300711292,19.062043445344308,0.13008458513127558,-858.2743713076877
0.9152195947560624,17.538462479029256,0.4486631928436695,-446.51630651648776
0.8879490627493506,36.289978779519046,0.3248155104043931,-538.3666155398819
0.07683353901241399,15.961711930117652,0.1864256279794516,-181.9077160191583
0.9784858046974023,87.63125607117375,0.2838833912053915,-191.70578332911657
0.44830926205525096,28.449189073226634,0.23672162133948704,-703.9188565065023
0.21546361550298745,84.71333028289928,0.11219209211323977,-437.27485039262666
0.9677611120365031,46.82318286572606,0.43621323456199457,-243.91966706770575
0.8581411796540336,99.52396197929589,0.4139419441511101,-568.5960047135655
0.637891028856844,99.17339197288668,0.39750786346576916,-695.6497215037687
0.6093149241628265,58.970712964429865,0.42059692655152714,-678.8774715913145
0.40598013444701914,63.05292950694234,0.4385865010664285,-522.3487214748037
0.035140596876603224,31.199678209068374,0.36510677684288395,-64.61956899993673
0.5815456780990269,25.106905111671015,0.38685509361220516,-705.7753865321204
0.4733507977348479,58.618771900391714,0.4997400193084345,-546.6231730313393
0.9001101582313886,31.31539151966231,0.4283692641363126,-485.43212751140817
0.5300444976870459,75.01144979552836,0.11173373172533299,-826.8884355412241
0.7412925180391818,76.94176627062473,0.31410318664881787,-729.3875052315644
0.952931585766229,52.366189725773864,0.19146386293172157,-339.5551379070168
0.1019753710182189,89.8516718567096,0.3731159107340605,-162.152936326629
0.5152751790863072,63.165033237279474,0.3741041389073777,-655.9627905578063
0.88518179379342,85.9703722419845,0.23936322264533427,-562.2954753695362
0.8808042881449533,29.0496360195873,0.4069234096427282,-535.3902277359676
0.31783578720684486,10.3671176187182,0.24161016211519512,-607.7701816510569
0.6213002262857664,22.160154877981597,0.17830028355200384,-845.8184187095419
0.6495506853995625,68.03782984576345,0.16155286998201307,-835.0682976324294
0.7905614502708568,13.96102148712314,0.18805272845785304,-772.1836453667423
0.7247016965380471,64.01128759496326,0.1213065485979278,-834.4370575430952
0.7040276279190613,91.46477815320347,0.45107690787163,-671.0702158939416
0.702958570008658,67.73204058482654,0.480357475419126,-658.2925263540076
0.38215482904542664,61.39308507731785,0.23871789479925387,-616.3832929957852
0.5676613358610096,27.458085085807713,0.45946678742840263,-652.1802893859629
0.7829412692504482,80.81705916299919,0.39921678317554343,-663.7120024148388
0.2556506810673475,81.47140793389623,0.1793296729056306,-473.6984238072439
0.3513203571726175,50.29556817178751,0.22598346314692647,-590.0419027685195
0.5546106365862203,76.26834320312541,0.10178343913066401,-846.4769228323789
0.2475333140370783,92.64979396653241,0.30071212582920936,-403.36175603403495
0.4596510762657952,90.86639357632386,0.24405721727155388,-688.2032781042882
0.5139008775006544,73.9056298421993,0.48277524587095033,-585.3205017546617
0.1744778532914344,74.77687379318547,0.435307914664824,-248.5697051248557
0.24509072621897943,49.477371655153,0.3925594502511064,-365.60505456756437
0.16975666864636632,97.41975506170712,0.2091403126191875,-319.4312096623308
0.7257579615668233,72.32674855658809,0.2635844331043996,-762.1112480726721
0.0985608923846487,50.60222255661374,0.31710506172836694,-174.28278463655977
0.25018568975971434,56.316765430542105,0.45337888552106775,-341.70155518179365
0.7162586872410774,21.67399633742908,0.3607699707046059,-736.1254690082607
0.9093114308862555,79.0103442620086,0.12384326392371317,-520.1988983506423
0.25707958248531537,63.70893311579533,0.32211971302285136,-410.8713897559655
0.8875760775778908,92.59586668292918,0.31628122301551775,-536.9593323384506
0.34203329166609214,52.326976245099765,0.45227709831778773,-450.58901181855117
0.8419587311535024,50.062969964723365,0.46490818188842065,-580.1525364587991
0.5116925291162171,56.599151976142124,0.487429673759337,-584.3671527618304
0.5716950323502468,91.14713410812487,0.2706857392447939,-749.2459795165566
0.4693050914744251,41.88640369069231,0.39878424857464556,-612.04424133034
0.7512479241776693,85.6496836191796,0.4797799338781017,-645.8444180534658
0.3915872418494888,81.05454617277358,0.39977135892063465,-527.7891904478417
0.6438393488122653,95.41859341648296,0.4079295899756621,-691.1910063348059
0.5972545228079749,46.295419546845494,0.3624298533667589,-712.7099879711304
0.2556107951982338,89.65496197181163,0.22764740364279717,-449.7315390429517
0.7777617995948509,64.04296199942587,0.22029892243778748,-746.3181881751711
0.48839398780097254,93.00480332085762,0.12772973919469222,-784.9910643391528
0.45376371241417823,26.3094137205218,0.295896312443542,-674.9253464714205
0.5770738989301537,14.296469043334248,0.1696552312970388,-859.846325771009
0.852794371138156,47.21843986892563,0.40428050222603784,-584.039441900729
0.30105202242695567,12.98988052911442,0.34154192061729566,-514.5617475698781
0.33224044126480945,74.94840042605351,0.4689307351744223,-425.2825390485195
0.3750263598448011,71.37280443701118,0.1615353698349541,-651.1325884936016
0.19502551003651497,74.71652276254301,0.23864832057089372,-352.769961631989
0.7699220147410554,58.58743227896036,0.4606181482599445,-648.2506957715178
0.4732451219645284,56.36894588977057,0.4094714918532275,-603.2637980342143
0.10394549628142974,35.51236747045553,0.2965054946186346,-192.93955106711817
0.6917679673563126,49.94420353386853,0.15683077626218933,-834.1175179699912
0.13553484729013604,62.19844614483182,0.16511282000598937,-276.6413771330895
0.6731314019760671,67.83007748976087,0.4233270637559393,-689.1193279297248
0.3878878829493359,93.96652826171773,0.30273503770353183,-579.8507955274355
0.6118214469808362,92.02000050311528,0.433825120925903,-667.3590264132101
0.2388275113209381,18.995421177747275,0.4406699607269441,-363.19549347786193
0.6138952820936878,67.83585376942005,0.17566741058593258,-823.6168388592813
0.101397278320936,58.72856197062865,0.3258561846520023,-175.42786013570662
0.9532769642554368,97.23399232705792,0.216970100156682,-334.07845908449536
0.8535171476416915,37.439266411889804,0.23914641444991613,-636.2269518300662
0.2686411508457224,11.594301118073506,0.4141525954260551,-443.69530830920905
0.30146805464582627,18.00960517852792,0.2908955022263582,-522.3579289527003
0.916188952024253,85.20774869395815,0.48123225050832585,-428.43490204598004
0.23258164292511738,45.7470866573464,0.4868218944196102,-308.47526866025953
0.516879098896543,66.75530588950224,0.44652929950218967,-611.2526208888434
0.5878260175514782,54.01637056119109,0.3024946352984017,-742.7864378478843
0.2574687537649303,57.196203982014076,0.21343662407903097,-464.78855264519416
0.578935392402897,76.32180074335876,0.41802545448241935,-664.5846692008294
0.6689292242435071,29.09018616593673,0.23152957041206035,-807.9807168473895
0.8642666599506622,42.438631732727416,0.4537267172468469,-550.7497487091725
0.5922479011500684,48.26741550044104,0.4968195333100254,-629.1447109146542
0.8924247274143314,67.7297468170017,0.13571733226907257,-569.4667345606622
0.5619249452931822,98.51126553324839,0.24307995084958545,-760.78534464437
0.6361322972524789,65.17194183155597,0.21777674449312287,-802.7942850303963
0.9489291016918406,94.32340583232127,0.14014916841434366,-363.2748126851803
0.8116837450703618,11.662041344006076,0.3032294104396377,-704.8387289436832
0.9677218039974916,28.64661492111361,0.31616884876392737,-254.54611128410855
0.5579636183658913,20.302819211803747,0.3399605422665749,-730.9227586301124
0.2524061298834986,51.2999226796707,0.4771542692183822,-334.7406795592597
0.8706644724656757,45.88766199957954,0.2790565397297811,-587.9819598795644
0.6733800797951758,30.08726803817012,0.37014878032588894,-730.5864694908438
0.943909428483797,96.85193555248127,0.44606106743042917,-345.5244154462554
0.33067390905419874,73.10290742860298,0.2224038584060094,-559.9603776757834
0.7359698902963009,71.99086920851458,0.11044905227583386,-831.2635160688793
0.42385316201295775,93.8590117643594,0.25911332651901847,-644.2107844052906
0.1844494336617011,74.49831346866671,0.45371256772546975,-254.95289469658965
0.21750716991268537,88.18587107591186,0.4298552316804328,-305.6009934964227
0.256800254505318,89.10653922395593,0.10877128230103046,-508.1509345048859
0.5069753020901293,14.796580634801384,0.36156009309826975,-702.2851236347223
0.7677785318833646,52.43372337717471,0.4211135677841271,-668.0596925495167
0.9272355573218242,19.785902197660732,0.22373959857632092,-446.77609745462684
0.1121625955431204,60.83061753337527,0.4575849047169802,-159.85264733738376
0.8090597973844706,31.518730004555586,0.19177685059236388,-728.2330613672749
0.3144401278200282,92.54176820415692,0.1819285974382222,-557.5171210020261
0.3989831572134823,64.6890318569166,0.2766293300987668,-611.9013830935202
0.5569630688181958,78.40747075124617,0.48911306382419095,-608.9426079327278
0.730076693760422,35.025891578762305,0.397483195026198,-702.6759089582279
0.185288083887953,67.6270439943502,0.19283034902672186,-355.32703608251103
0.32670903455319217,38.75045959395768,0.3614993692582933,-489.49058604820203
0.446882180861574,27.027153265561648,0.45070964095952504,-572.3187855737798
0.5681721320819083,13.180215276510097,0.14840465530923327,-874.4087638259685
0.8160925255987507,34.65301800795662,0.28294380661763674,-682.7498084034836
0.5035823928211506,15.002355464705705,0.1936701821937566,-803.8110350663537
0.2064496590234023,74.245064560736,0.42412767163190657,-295.31874180468736
0.3146511179792744,52.2860232044602,0.39844973296321395,-448.90087644134434
0.6428515623593182,62.87211440818349,0.3075476553084886,-752.321011083198
0.27459492687256765,60.1070284644779,0.3789782193943326,-407.27311891723224
0.22444614086369372,79.40357922441567,0.15320156543435673,-435.6972236387154
0.2953263048755827,63.744851608925316,0.48636751801795364,-376.8326380911763
0.42779232451443616,94.96917446403744,0.22572787674329808,-668.4622135557291
0.30829328674684553,48.929251553830305,0.265046155812947,-513.435768676836
0.733545844371247,40.25299198744368,0.46217182666331036,-667.7276262821553
0.8002762630093877,86.54642807971803,0.2723233753593344,-699.0060719292053
0.05138174804109863,46.428012666580635,0.1303361274204154,-117.15481364533365
0.4603383458655128,76.57082890134475,0.12522018808308172,-764.2882691349894
0.27717998278903033,38.89826251556143,0.34994739060205493,-433.12874908017875
0.39239659412214895,64.53104207788368,0.18438565702640952,-659.6034819000848
0.19313792964393697,37.17048108201894,0.2402961255629367,-359.79332485811915
0.07566097314810254,95.66913222306205,0.48469147287485337,-101.93212239622814
0.6353188567957437,68.48146449283945,0.3299996476901877,-737.327149995953
0.9530469101122956,92.32591412706496,0.4106617194167371,-313.5981292815122
0.7301954581432645,26.31374701962831,0.3652728192390994,-723.8734820833791
0.9698407144602905,59.65740666712089,0.4232188695131933,-233.74242435953389
0.9559846460185696,59.66558242610601,0.31141619280606825,-311.9918501354544
0.3565776700950272,10.71334475861621,0.1782389175585448,-691.2633387697789
0.7335095998418605,54.868521911950495,0.11797054487140848,-831.8018698489846
0.8076485852642935,34.99005934875957,0.38107929915351624,-655.4945755494738
0.47007651386929555,67.1237559978424,0.12974674513194018,-771.9032435507966
0.3250763040112276,91.05797445352296,0.4208458304560537,-441.5416144516359
0.9249384344833903,79.1432603766384,0.37454026471681023,-422.2094314906056
0.0569413221667634,38.130667134210015,0.3416775615593209,-102.81142776051463
0.39914478206830756,55.43092562885369,0.3922429150632044,-545.2792448477508
0.9677555975673322,56.48881167688435,0.30928633373008185,-253.53753553629167
0.13931665318131653,30.6901081712156,0.1831103440055747,-289.6218506443362
0.05558151648400767,67.69890981289277,0.3135499542270558,-99.5712939197416
0.3443473019591521,29.63746417068032,0.49530993756833397,-442.28709941972807
0.0872137518132497,72.0667677460364,0.44012117990482214,-127.72831594672277
0.5857694801062601,44.546201744421936,0.4782225186935778,-638.6900265172427
0.6145172516441706,93.09115612058348,0.33782761273334644,-724.9455609925178
0.8088222589182026,19.113567856533674,0.10364944589003199,-771.3683854709119
0.9856854391873435,61.082326358619476,0.49117670341582065,-134.90827934075747
0.03891513540146066,82.34861290625193,0.15423026911967286,-84.5876020012417
0.5940415291645634,14.920875991346408,0.2987254385371068,-784.8464219664746
0.821804534945882,16.579226691751217,0.1677966344872277,-729.6039643687709
0.6781061885439217,73.97669205556723,0.4231703335358227,-688.5721000789546
0.16033576157695056,87.71349132466985,0.3515456574169826,-256.2842143717824
0.6126658259314262,98.34560324736645,0.32857182364467485,-729.4383247815719
0.19267930086391927,50.99319389118261,0.3990952196706984,-291.6609563401207
0.9108059398309675,70.91095547083654,0.14042176928221708,-512.2316211837955
0.9620715262392449,31.55597425400992,0.41935195916312573,-274.31392315398534
0.6522302832749652,16.55596141459797,0.35598378336906944,-756.7630064226721
0.5493678623251587,54.25782500119024,0.23157744141917636,-768.0527501883787
0.14237026282656312,66.80573362744585,0.47975016286619654,-192.78532070082125
0.7758631993456677,96.34089141666765,0.3979169906269203,-668.5515815185115
0.8057558523083396,95.83958047126141,0.12183461553089239,-750.8618073446119
0.3585497644203103,46.54477008566629,0.17037616346525702,-632.367437260054
0.6412543373986491,72.50808607174707,0.18152590075198996,-822.924322766614
0.2252628875649319,62.401016642461094,0.10456024340582132,-461.1029273229286
0.915930483655644,63.01669586316035,0.27119264405921584,-470.3051263446314
0.09508623894620225,60.8681596341034,0.20216874447146407,-191.2931313611406
0.7045550870808078,89.466838157186,0.3923585357339848,-701.6520323452116
0.7394615513310772,92.14066801655623,0.41172965799876027,-682.2253289943862
0.7024387253789658,19.461668743240004,0.15013700509914663,-853.1439750447698
0.7582093236510574,29.453469481859113,0.15506423513264275,-803.0424301282442
0.9513437198658948,24.552357649502675,0.18660044200280168,-350.14051414161366
0.42143198949721916,47.35827785314921,0.36596505190907835,-586.2596668399149
0.2068556735052474,51.461781857129196,0.21020811306350273,-388.2396485673209
0.13712748479220116,88.05726753593903,0.4125800285489176,-203.3763460672967
0.08710429544907511,50.06594616032979,0.15272317695482285,-187.80731740247185
0.4618704424552793,97.52261009822278,0.34810720935705064,-625.0288620061369
0.11621896097092027,21.76086574975178,0.18360116112171787,-253.97002903888566
0.8193747592590517,43.48929280695306,0.22890773290663555,-695.8434312796635
0.48680963458989207,20.111359086730815,0.17681848448658433,-787.1820192099333
0.8160615383176211,79.49071088219968,0.32521604597573495,-660.230471806721
0.6483025376378534,53.37287021350971,0.4711658170715246,-661.8453054278831
0.9125488231788619,49.481879593858174,0.23530048625832609,-488.86312772883616
0.8347901890619724,53.575189219504374,0.4320062535145772,-600.3539330430566
0.28192163285152744,96.29783607606508,0.11596793455041428,-543.8370687401438
0.6983505943704259,85.92576737717582,0.23880048023844164,-783.5198798640203
0.8899432393817828,15.13814077961855,0.16150659192259173,-583.4050096771974
0.5210651654189806,24.323098948674062,0.3591592912807198,-690.6986974748975
0.7372365696084792,36.35367106269575,0.1808824360742344,-803.944139794098
0.057122083564168376,36.06915064426734,0.4541511391134814,-88.62349728994045
0.6251587412003755,22.404064269254224,0.38819455001617176,-723.2035228513496
0.7310801957740488,22.252850521269174,0.24864708337731467,-784.6501533744538
0.5562232304127193,98.530885376273,0.12126770979601638,-832.8556415548919
0.2835261418308174,66.82000787976332,0.46165903695809607,-375.25075116133496
0.9303857005977538,23.665334446600376,0.16584209107679976,-442.97650120244566
0.4606978429390071,90.11701348464213,0.4333315860907131,-571.9360086085119
0.5544381660827968,38.52708785680018,0.2434800313679952,-769.5605746685071
0.07113900060227911,63.18355948978852,0.11751824898238383,-159.0224709003203
0.8087154254249302,14.49817878184641,0.15608369607483774,-758.4380180077549
0.4237746243274619,93.11998127971043,0.26639012288748953,-639.7756649402836
0.3356855841302124,73.44631966678878,0.44126115332563265,-444.69563212074337
0.9069386906169096,62.27745730113131,0.2069130869582778,-511.14297640757763
0.26043483401693684,50.6035857836878,0.1500113508280518,-501.71402983448075
0.14862167954590264,97.70003724798717,0.3539255979029511,-237.20400591093022
0.4720881206418153,85.00779291796222,0.34581278880324706,-636.5906152280453
0.738563978169548,85.80861054812193,0.23142790585819945,-769.8502578127316
0.05097639638229836,10.172726647993425,0.4148221788404237,-110.99492154162819
0.7154366747899265,17.541111902214677,0.3245304287232218,-761.2962568999569
0.5155140689486568,50.41307977348567,0.4855081174977498,-590.1433252664682
0.6733362817361035,83.75173320830999,0.2745870381250828,-768.8678889775223
0.6788732908440577,76.48173651219456,0.42524141181693154,-687.1710137260487
0.31776840963177194,27.758247458332555,0.2510648835019938,-547.6543313310948
0.18294725725022257,22.65104144387272,0.22306092833406052,-362.8140462988644
0.03015692222040956,91.8097955278117,0.4064431395438888,-47.290565775193755
0.03221560845268636,17.747943243102597,0.12834769631604628,-84.61599240334944
0.8630181025008845,81.77427380203646,0.19570795676958783,-625.3602659019546
0.5087324036984111,34.26366445287581,0.3095394787720932,-702.9894445306128
0.3296412953226506,91.13800558861917,0.35570004435851776,-482.6697927855159
0.9039331936021574,52.38469601524871,0.3643561619447069,-486.7672587693279
0.9184257698948324,35.103628426266255,0.19328591167629822,-479.3606410349479
0.5361161241714215,53.88740497525717,0.28059194626468753,-730.1498840178964
0.549902295241932,81.06349865302174,0.38669122744409223,-667.586608830972
0.6307420784631261,20.315511758016633,0.2823992366400313,-789.1964375095805
0.6940637297251792,76.94835060121552,0.2545639221864734,-777.1537886884694
0.3378383249773861,54.80862135422784,0.2448082927577554,-560.9399799446222
0.736039691155397,95.91250914533285,0.37389480251833673,-701.6017241578701
0.029203165914936914,69.6519288856391,0.38216150433193674,-48.4364250710257
0.8028602515063107,50.8413631690858,0.3993343467825109,-649.4557166467816
0.6723502348539572,79.6973663023374,0.29073671280467805,-760.4714519861711
0.8626829986617977,86.82586600661111,0.38394137641986803,-570.2323458553716
0.6183213243513803,87.43023650122781,0.454019299920309,-658.1574026952438
0.5974915150428005,98.90074671533314,0.12323731710650394,-847.4588874903388
0.23706964960148535,39.653850529355665,0.19373277669396277,-448.9700827881137
0.4182042934153941,98.1548628706632,0.4795078514519894,-504.2450049611457
0.7774411228208692,62.09117900879315,0.2252773688738159,-744.7233437951578
0.5080445273523286,79.6447733362661,0.28075514800317947,-706.1730782702684
0.7373370331241799,20.44314415638397,0.23847513515408228,-788.0530825022254
0.9709058943187627,73.80581122694446,0.18781981072306078,-244.419588407704
0.4554061732341158,58.56011319864857,0.44503199503040114,-565.439529622701
0.21304972021525664,47.5824767414025,0.1134492820616663,-440.09646486231696
0.4453836279260701,79.06426432459864,0.4313930679406943,-561.0186142075794
0.3400091725151328,14.70914413980004,0.2657788976451465,-597.4621320039021
0.21741546733874523,94.90665450778098,0.4846424374104007,-281.56757364773824
0.9796079348908557,96.67978189743134,0.33727977095039063,-181.7012859347265
0.4530305379969216,32.84570286271975,0.3055607863216344,-661.5258366641608
0.97093764255529,88.54717821704631,0.2693261501349751,-238.33401979163443
0.7053808550681681,52.47741660536659,0.18957855422493708,-811.4608620595642
0.3840628763855087,88.43152574607659,0.48953970318730367,-466.01830761354637
0.010291539181241989,73.29739514755151,0.3570238474509356,-18.069122049383374
0.3962648076701847,89.34541009939338,0.36179552772682955,-554.2275800812251
0.3151548218486446,48.530873996812076,0.13355938405818893,-593.4418174961974
0.459551072739248,94.50543797930608,0.3359784171439879,-630.792881788794
0.5687361744937195,17.29323955642927,0.23524036753224364,-807.0464508079151
0.6252086292611455,39.59939817994844,0.43987378015955636,-678.8158902679809
0.13952460818469825,79.08340133432905,0.2461518238658807,-257.46691203279784
0.6167912634811192,26.325343981342225,0.47345198221172835,-665.9043369907636
0.5433110832115545,95.5086993834077,0.15011307886232675,-808.5074358761077
0.13406041653109282,43.1649711877443,0.295257634484815,-240.96082608808484
0.21073257605268744,63.89626549814008,0.31514467192551654,-347.9397954368633
0.530440585324512,28.86613588397835,0.3556869993578604,-693.4558357751496
0.6574329170029883,80.80420746072738,0.26026997865606705,-777.6507791131521
0.17600058335801608,90.60502563100431,0.16679263970605343,-345.9454253174773
0.6600351809885563,51.494884862812555,0.4539830039827668,-674.0551000105908
0.3171482413971175,87.99998228166466,0.13396831817340257,-587.6794826348112
0.8229585403240836,69.40087169551579,0.24452962031264094,-681.4344436681237
0.3906946883460839,13.250547175193443,0.21286794611442605,-695.6547536051819
0.8076277160435658,32.137890061155844,0.18458501035825192,-732.7527645428278
0.23982303741612124,83.09343828625657,0.4602535106731501,-320.89569628008013
0.7336021994129179,88.39485491564933,0.18624949780789543,-794.536932132065
0.533822104617617,37.77441849392308,0.4074446970494744,-656.6149348029958
0.6426805938962329,92.7807667313067,0.4700555403697132,-655.5860461047814
0.4553424962979217,11.812797616980264,0.23196333719595447,-757.5619043345631
0.9758928754744906,60.464399920008475,0.2316321805887628,-211.38219460612063
0.6910942811992484,95.36671810437596,0.11798073996023395,-848.9460990476786
0.39091890161778764,50.9628648709742,0.2671993500274087,-612.4980702941493
0.7359909259527992,36.86220141907479,0.374342261729527,-710.8030229734635
0.7304080780367881,10.822334929095547,0.2181223972272214,-827.1886497470864
0.13008416551959012,58.94270410105397,0.3946165155020839,-202.21974094296755
0.23687626054020913,42.20902349893719,0.1866972364488162,-450.53508172799076
0.7068607529095471,34.02079136445938,0.23134341723020985,-795.6127032741964
0.3703364363540809,71.74941399729349,0.2895063876929543,-570.8754331033132
0.4085026520234905,39.48834131275285,0.424930354350333,-541.6910689080971
0.49639211662292904,73.26169978679195,0.20822057887360074,-743.637346804597
0.7730075008115816,83.45041973966715,0.17639277681701993,-768.2809684476422
0.46550727426002014,24.151210510347532,0.10319961434064036,-807.8388228105543
0.2822764152724416,80.82715714253315,0.45803806697171257,-373.3029382044612
0.6757765407229279,56.409069415964794,0.45432271016066883,-674.2612589192128
0.8571103961303072,42.479196062082245,0.36380848008105116,-590.059238431695
0.5210744005884038,21.946158279008962,0.44432571314082436,-641.4661019111272
0.6967869530172376,75.46553674382149,0.33397088541785935,-734.8066080974098
0.8280905811515827,51.48345190344347,0.39489259816803657,-622.3390517195497
0.16467620603598554,47.74350355944804,0.25606532035928553,-302.5525185385213
0.5974733135680822,62.231175864509275,0.28688135091458494,-753.864574999515
0.725578398942606,31.894663578164934,0.47192590836432136,-668.899869335212
0.132484787279613,52.767271289224574,0.4102298659653397,-202.57729864164537
0.45595518123493023,57.88798960532943,0.4098820161603901,-587.8417648621306
0.18395590235731218,99.24005838871103,0.40462340503590466,-270.0941615523539
0.46398867993255266,74.2978912857726,0.3558981607536993,-624.8947239251247
0.01785626131941591,31.892181501459454,0.11824047969426071,-44.58644113082884
0.7351886626812484,27.01790043529093,0.3454461241378408,-730.7559225910393
0.8142630571675884,92.73152842511318,0.44266086744976474,-617.391220578654
0.8214989046329995,61.63004974706881,0.3836549797601936,-633.3980573266479
0.8010479243081877,33.266162070961585,0.4188727687753996,-648.0733213672075
0.0643874159128131,12.955311296908375,0.22288724772902763,-155.82081536409183
0.29522369314855973,98.19724280479183,0.33482551704582586,-450.4160392769472
0.24472938562719407,24.20990453813902,0.39492181924605807,-382.16518797644187
0.4790056006416049,99.95075340174505,0.2861349370186296,-677.9646788652964
0.9112383135371905,86.28905725860278,0.11178101181498348,-516.0586292553975
0.19296891116786227,19.918446172168757,0.1866732599623628,-398.7970705642613
0.7816302032496942,74.91230095952844,0.44146046355069146,-647.205323234901
0.35803339102981957,50.27839441084625,0.17943024596846602,-625.0584029314527
0.11714229973857805,10.580139691911361,0.4420193267824094,-219.55176829647039
0.35987549542145725,26.868866245286046,0.16639065590279922,-650.7681762863062
0.21370365111525885,38.52712732851363,0.2646637192121658,-381.93594745995347
0.20916498253956364,90.14532799352244,0.4091727214922629,-303.11798958914693
0.9772904675794033,19.444294624009878,0.3523119800709821,-197.7659417993566
0.3031532426410843,34.71868743160934,0.2676413298313677,-512.7470317574566
0.7935214222027777,23.793203348540487,0.3156129337466699,-702.6999219517814
0.016927104841365857,91.28180980132186,0.26470756833267706,-32.76009602297414
0.07431783963211673,98.7285906018079,0.406087284161874,-113.49917661956702
0.6089712549407266,91.56981037508947,0.18887310852785172,-811.8344500227277
0.680824598022737,30.783774164467914,0.36172291348692565,-734.2981947048701
0.6409485023769013,61.922476715503954,0.449416185075623,-670.8176913637702
0.8641919428220295,62.544997877995336,0.40050119458445144,-564.0751881802006
0.23154569226259725,25.146290414750492,0.18965022328616823,-454.2365819226741
0.3252916414311891,34.235517206977875,0.15777379034517736,-602.4081009078942
0.5616682914902446,24.577023416175983,0.400227682424372,-688.8354509799095
0.15508407208314856,41.39990195132135,0.15268878987889012,-322.64509743870485
0.5212618883962876,54.71879670829388,0.1222564971459038,-818.937472759305
0.6074776575514893,88.81028718107285,0.18128324072549612,-816.238414094885
0.4724933661544817,30.963256591020393,0.15291154344514318,-774.9942369962197
0.7758517081457741,37.784711191563396,0.4973935465664048,-633.3113479222806
0.8111968525738756,61.69037374283519,0.36370690271155703,-652.9609310123145
0.27441842223116386,60.373965790458314,0.19775432487555894,-496.98292287723774
0.27053524168614745,32.78391230568401,0.352502062548124,-427.3287148012819
0.1111611884790704,65.27617481507974,0.30642417446937303,-195.05922547873777
0.9791526880174407,74.51349870282,0.21903593522940157,-190.79602116162465
0.18561074580020784,20.477071843395613,0.4104975338597837,-300.3578333523218
0.13518592073404895,95.29656118953599,0.14136925642445575,-279.1443352049421
0.5330440508176881,50.385285724037914,0.18302906604806496,-789.9008204487485
0.8047591917717208,58.20284058388905,0.4026412282965738,-645.1739474150198
0.09818477328258204,13.967128891653878,0.45071522154824684,-173.61019856502458
0.27089800916830004,33.69832020482059,0.16322096704805839,-520.3262153979267
0.9215161533161235,59.648359746137636,0.3177921542650828,-443.99076595771317
0.5107865442177216,84.98770111030173,0.13191864205576753,-800.2380961510598
0.17982699423943088,66.77738077876475,0.16314604190116916,-357.0427807268896
0.22540484424286383,59.26396794556876,0.2740428206495378,-388.2531041062494
0.7425572764874151,94.42193175721833,0.27016832475510355,-748.3418408445318
0.4586034660771702,49.67649502676191,0.46553833113227905,-558.2337060344554
0.5754881594155583,21.1022184950398,0.2273405325713958,-806.26788164959
0.7077541079906178,21.90349668427212,0.3195340865422064,-759.699185553972
0.19136091003501868,24.251015264850807,0.12033290593282873,-414.4979616292683
0.8230802087181347,11.558035156739825,0.2791141813698983,-697.5188808613224
0.049422213889405354,74.99998920902543,0.15571666514179794,-106.86780106961893
0.15946110790541748,62.09007128909258,0.14876874639956883,-326.2087325010412
0.8925780649753239,37.66986104575178,0.4426231249851288,-498.61618222940876
0.11290910483850862,46.633773727030885,0.44827635806771426,-166.26789327720996
0.524730449933118,66.33175601904819,0.3392873325050547,-683.4789226007849
0.23712793437807142,36.49612096381906,0.26111111351019967,-420.51927312352007
0.6607833545792177,20.771539077766548,0.42719957119670326,-708.7444815109964
0.883318606173156,61.036771210360676,0.44381829044290966,-515.6014287063932
0.8409668676414087,78.56235995394913,0.14954110028939382,-684.0575176964331
0.7481576180955446,85.28680432516852,0.1669730109718418,-794.0610676533065
0.6530767735807166,98.79031781269579,0.1312760547656235,-848.8874398606999
0.9555096193938254,12.155539388751283,0.34163803290692224,-318.084298209542
0.18840389821472003,92.73195244920855,0.4506182884474209,-259.17448191048265
0.6241742470711353,49.99446725319826,0.3511553936701052,-726.5713640286391
0.9186171001780751,82.98465282610678,0.2852063343316781,-458.36924482352356
0.21045930194637075,24.309749642923432,0.1941984736595801,-418.5132092425214
0.29766363542695434,10.315852579072896,0.3604331875102976,-518.2437877690999
0.7618228091505549,69.11202343605781,0.3729575370921894,-691.0142319457138
0.7563902881870006,86.32619488956972,0.3985665899056655,-680.9852675260006
0.6461280732752721,23.710070868850647,0.27301477125823237,-790.8798619084222
0.0783941821662664,85.68587536628434,0.10892606829077903,-173.83914117507985
0.4686591762712827,28.85122253035271,0.440068809953557,-595.4161020460399
0.6619057446169728,41.61570015622299,0.4832629116974877,-661.100196439419
0.7987040416151036,18.913961975510567,0.37744358895965435,-677.1274085478618
0.8380960395071879,99.7145294994372,0.3504024252083545,-620.369840348732
0.6899850803211915,74.01890315541014,0.42961273079154005,-684.9867365200718
0.5732961736650585,13.091521916273656,0.17428593567719558,-860.8408961514289
0.34519080532423196,36.34689635764495,0.11014626493801148,-654.6241038911495
0.7300281112807979,75.21180115333917,0.47913253794764155,-653.8165543085256
0.35527217732961547,66.08197329436356,0.2578437493036896,-572.399129845893
0.514774343899881,30.789993326038374,0.47570962471370337,-606.5018758181536
0.034232296911234555,45.754633934588185,0.3010208622875651,-65.3790993237717
0.15625599569944096,54.33967597770039,0.4621867656718637,-218.89176587210878
0.31348304903024016,31.888642856172623,0.44399039651555794,-434.1591216453244
0.4651703687841791,75.17743886208054,0.38449601779412546,-608.031800232997
0.5682906080260464,85.08119923021685,0.3035784377182006,-728.138927233807
0.20738820339237188,38.798564962063224,0.4837552724368409,-282.11961529025893
0.5291357644500715,44.843805789680964,0.12419374370942537,-826.1179850557269
0.6344317933912862,27.546900130060866,0.4933058486744816,-658.3200430063796
0.4481120565130805,23.259040809360364,0.3129522916926204,-663.7503300562413
0.5415786001604277,20.884236042170258,0.3189782677769706,-733.9524540294262
0.33419360921532715,65.8205300484982,0.40834936770051977,-462.7360291970048
0.25606520441295566,49.44083079014644,0.23671464372808543,-453.99415154368097
0.7702430040540569,88.83097778868233,0.3654519845795937,-687.1550164692599
0.29944089233548055,49.68995473249657,0.3271666546226202,-468.7784748937352
0.027568495073529445,30.039151930102413,0.3799507115419335,-50.61920874980668
0.7455236417320549,14.406076352671782,0.350225874278306,-740.8179820340634
0.30235165467820424,65.32064297350225,0.20680538599008474,-531.5030116799718
0.2776623848726596,60.189309523659574,0.3263626286964903,-437.4907979195119
0.38280282623885803,63.65977549780071,0.15849393533104017,-663.8723095479888
0.4634119997947606,34.26504765981166,0.24925735183623587,-704.5135154355376
0.7986110648506161,96.29836745741241,0.14467167071150513,-751.5684288305839
0.1662005140983379,80.86627989373746,0.18305689360507404,-323.93165355237835
0.532097812136515,68.01302375224057,0.4765200482632116,-602.7653825834569
0.019462739059652935,56.13363613883197,0.16301343794705306,-43.71580402109098
0.0709341427389702,72.9507020022055,0.42716127367207146,-106.69812297966652
0.6503650938104614,45.149642067730404,0.3715961844497503,-721.1210402694943
0.9192040006785571,34.29094625686278,0.29881573059324895,-457.27342798213294
0.06929873017277066,21.37265799498605,0.387928006425973,-125.89516906056802
0.27529651231593394,55.90089614762195,0.3156835148252791,-440.7754358704673
0.09761610614635034,98.39599599743828,0.28653229973245553,-173.98797607814106
0.05351379515158648,99.69802456383555,0.23556296679394975,-103.99800074605024
0.589808842505194,53.06241724237136,0.29421051420335603,-748.8168701814831
0.8734320153057994,55.2320245779313,0.34082687693146585,-563.8763858634755
0.1283594153468986,97.83527422704074,0.4065866264619732,-191.92249991479667
0.5849602154262423,97.95314953200403,0.10246121696299482,-856.2701098862833
0.18198013551830064,43.160521174665746,0.12664865759518304,-380.7278540615466
0.40991415874876136,70.35831643458548,0.37765531403685204,-561.4682019964339
0.2959191447019248,90.55960249498402,0.38843265864530496,-424.2232168225619
0.1715197896943998,31.46907630006274,0.10163675075696657,-376.76265798184653
0.336692775932846,81.33247019093493,0.2028871953249447,-577.3932640385688
0.7113800672172282,34.70660443039521,0.3891172993353663,-712.690796788599
0.18307315061188653,52.11680429655059,0.36535529274490053,-290.5989760130146
0.41640920339364457,75.92948119898355,0.40825431385855826,-548.4484942282497
0.5916884685424839,55.33708783595589,0.28706196033327275,-753.2326392308153
0.9529761296754052,41.45292130922739,0.24225359151032727,-334.24261194511234
0.23480618865513514,80.65236683454125,0.4404922145810942,-323.89717485013034
0.5845317848663335,85.14753605741018,0.32002545745222,-725.544472758317
0.04083300873166227,11.729942608819165,0.26519188184462217,-101.60071521022459
0.2553383706830124,84.39709382325576,0.39384092127956194,-371.11244527621636
0.5141854426234896,51.35418710996046,0.42870312291441726,-624.2828229380367
0.5037175654229832,91.49532704344013,0.21035902835301484,-745.4886835515224
0.988874331163256,82.29961803915468,0.35243936502709017,-115.49581798262216
0.2003913977703459,71.16885088657938,0.43525934868665683,-283.34455779672703
0.629131411921827,28.443709940858373,0.35933763491753623,-733.9804124653515
0.07202487816134559,76.99158283903365,0.3152152855233695,-126.60401525654368
0.8731095580137388,29.590947067712673,0.37210582600689535,-560.5341675900179
0.09685359594808494,90.49586968455246,0.2748832364464432,-175.73580886498252
0.47481568062192764,55.75309953502621,0.3057466743925673,-669.249626739201
0.7347129468635867,56.841038956916606,0.2603645713917946,-761.3740684779846
0.5393864318728644,87.3902271710594,0.3297211990629597,-695.7748720057415
0.30103730992601646,15.702683109921074,0.11978258216245266,-618.9366883840075
0.8398641289478855,55.553809954183535,0.23730047393061288,-658.5918173611515
0.7777034882352046,63.901654387826035,0.39649447719991093,-670.4168270125828
0.888947408331597,17.42529152253988,0.4327409769961982,-517.1752462675591
0.5857685208689526,12.999353883507391,0.21807177057903515,-838.7026963872702
0.4472010566867149,48.62996754802489,0.46976572591654264,-546.095632517519
0.803952088679285,85.90539486547681,0.35546334992524964,-662.100902025738
0.6798998530316911,41.90704302607148,0.3131646020871713,-755.0851080215357
0.25947432646185853,74.98352333322744,0.274950505975888,-434.7081510652421
0.3455788823982314,89.91703305457835,0.15722495440331807,-613.5829132095975
0.5852788310709726,84.50546537059329,0.4877051365498267,-624.4152352546906
0.050968929482783656,25.868308947908176,0.43150836919271196,-86.39802990269717
0.13322544503854067,97.28019331500528,0.32906885550512205,-221.20835973556544
0.43803739322180085,26.1263067215949,0.16343215797630745,-741.9729617564435
0.2577414739259615,72.27434137105959,0.1337598308244235,-500.04005486327935
0.8060457535076961,24.092349931791517,0.26256586196542864,-709.041145905443
0.4601398233036689,76.621137763481,0.3092545433941767,-650.0718628638047
0.7914665173637065,66.55020853366507,0.38366033738015104,-664.3749143179298
0.2935157053093218,96.08656069887418,0.22350297766906652,-505.99589169372894
0.07676615653813505,62.513044651123536,0.21561596022226914,-153.67289869962156
0.9501239914828141,78.03907622208042,0.22828071374467382,-347.55194385515716
0.3376805821702768,12.880388493712122,0.4842615702064299,-481.47144236761886
0.6254384464721762,52.195826756258846,0.19889699228368396,-815.224054614262
0.42203211653008604,46.34373120682981,0.20459536537868123,-685.4417052397072
0.7347085462559666,50.465315657166855,0.2385494010851498,-773.237526485588
0.6353767474363344,89.13113302802314,0.30357871393163827,-750.1731074306028
0.6034317945161474,52.724834605630264,0.16205340452738537,-832.5395337102019
0.19151667665591848,19.584992931315146,0.47496496068512495,-285.5838357769291
0.6908611222086092,88.14410464926745,0.1580419657819519,-828.2323910541226
0.6216027195780263,47.53811032067206,0.43853841206116784,-675.4234796442231
0.414630286528159,65.24215823882588,0.1538400063809062,-702.6870726002561
0.33296491197060674,45.848826884950725,0.16897507113856464,-599.9750712829614
0.8303896674067721,11.40421162648824,0.24177773593397867,-699.4037830160271
0.17945800614962273,84.74864184872189,0.327845228419709,-293.45895552330313
0.6794513632652478,62.185329387619596,0.487537430008521,-655.3095593294369
0.33424765744190793,45.44185410637459,0.36473060976265037,-493.2321324823467
0.3700471419410676,14.137884212071334,0.35656795143804265,-583.6620443986727
0.4330904914621308,57.422889483560276,0.42532890612291196,-557.7926415132312
0.8933834328509213,84.82596491346486,0.17308858539246047,-557.1137410440915
0.02643651513900898,48.88819635757142,0.44812930582686505,-41.19104351942715
0.06181047542214121,25.973010933905837,0.17100546771766556,-141.09087453142212
0.649855375287724,81.59639023809322,0.31240251610880293,-747.7423065045512
0.052134447499373106,10.469598279841104,0.2821901154143474,-128.49060526197448
0.6914219198459574,42.29587965016055,0.21986478361229753,-802.9888326332547
0.6162046267240777,65.23534788605073,0.27417800704942163,-766.3961732546753
0.7432020928067246,78.27827915603213,0.18584289023877865,-789.3074651735428
0.015379234645947768,16.14109886577738,0.2639686585413944,-38.01372751543552
0.34734030342539945,29.17818746797889,0.42898754398426275,-483.4462481577876
0.3461751780510348,16.208257968574475,0.23705115915928743,-615.6273682892866
0.021762700646810205,38.83737924990082,0.4216630514026861,-36.6450976145032
0.1903617439362244,60.33936363303338,0.36104359094306904,-300.69400410075644
0.47673531253575663,60.10085078518595,0.22267140614596312,-721.3988347882771
0.18421458867907978,24.919546449813147,0.29161563303854465,-336.1647446372667
0.1925876414458749,83.67549378525143,0.15365545710619188,-380.6658378496407
0.6070686644145016,68.14946874904467,0.33352975959102305,-728.1374770713759
0.29086680137402315,49.39207202488436,0.47401371092506084,-382.2064044173511
0.3679920813169946,20.331332289607616,0.37869106516170736,-548.7726468460589
0.36847445983191146,94.9387173471426,0.2796946357466421,-571.2952298563769
0.24342092235886603,59.86217302860864,0.4048293556595114,-354.76433079776996
0.33315562278303534,26.062570424984536,0.14497786293059087,-628.6530516786859
0.22865246965851488,91.5202382646456,0.12587920295696498,-453.2945816874884
0.4242715300654229,41.09252556027477,0.3699923786570477,-589.4960017540246
0.21729468212905464,41.011258093259215,0.3439620228779191,-352.5546414969325
0.1320323797086602,86.57944145065397,0.4443770948078022,-187.23230996023227
0.7675853764587248,86.01711779056356,0.29055618840391517,-722.5014540358402
0.8803637941476705,51.128608565634856,0.46931706007927587,-515.7692897714918
0.8921931301002254,38.86589936585611,0.1909818485387058,-559.6476790008749
0.24063780646262958,15.097982337404058,0.3195652958556792,-432.35360627341487
0.796016821785921,84.19405829608368,0.18178213979702607,-740.5676157870621
0.44113884454577,12.216685830704797,0.2718233340091587,-717.6151121942938
0.25944547692470304,77.87291277201093,0.3013483245050568,-421.58461741540503
0.18706103969921056,63.92723079598879,0.10131310728076347,-393.72847830721906
0.07637950759525566,64.58064190674133,0.1386935864188121,-166.22115665107071
0.5004089212200948,19.391887734593986,0.23518496100302444,-762.6473258856006
0.628652600521662,16.62958034638766,0.28416550575017174,-795.8306892489568
0.7644045446746522,57.73587415967002,0.481260216119458,-642.18837730282
0.7456702053387196,92.75315143745492,0.17826514495105805,-790.0650246167802
0.8223242039069487,70.86811915703953,0.12136072666538521,-727.1230125074258
0.2337962220052798,93.76077232848684,0.2966015755063649,-385.44745064807483
0.7713185401435021,78.50967134970973,0.4960311062450796,-629.6864883426252
0.18769804179935332,95.9470264606514,0.3952407832377236,-279.0391031909447
0.645170578464407,49.97852231036957,0.4517758558981654,-673.1332038256544
0.843671774600209,20.46843104042423,0.2731986878097692,-651.20614539906
0.01248701807235793,46.98712502979302,0.43078178569782966,-20.605923316516346
0.9813167442561493,70.57757806561384,0.18252225814013345,-177.78052556681695
0.04071423289404366,92.23808375448725,0.4881960148629664,-55.42029692040099
0.6407158301030821,88.14516145331247,0.40991651505800275,-690.0247244980337
0.14837085620538654,22.239969684166056,0.2721233942946307,-287.1315483617629
0.9880619120517626,63.591640333247135,0.17806997231085497,-127.07519139675654
0.09722769150492495,25.804084127942822,0.21435173243788694,-205.29076764540878
0.973540897008787,87.22695330719975,0.2697180867701747,-223.1191048551334
0.4105097404957398,99.87819211363866,0.4073482642302586,-540.3148583901482
0.18864481500444502,78.84097106407714,0.2705829285065274,-329.7063447694451
0.2598972189854695,79.96675800602169,0.40778536708441926,-370.8563850722433
0.5787237191883147,64.51082181217619,0.46304152558849954,-639.0014780012425
0.032459700270320725,65.39722421592147,0.458337002074399,-47.973148962637936
0.8710649165449619,74.33077943830469,0.1177931890287744,-629.7974198189671
0.34806263851536035,42.68764593401836,0.34545941651999734,-521.5833575179701
0.25306797789426383,89.27274057287683,0.30873898493689467,-407.7434464416126
0.45070771233648455,42.630746478247204,0.3227174517257954,-642.5676832622981
0.15659643248925553,91.3726898605063,0.46925162233448825,-211.61153942157935
0.8882369648779973,28.631553838073476,0.2597505458128049,-555.721299934348
0.9823063887672443,61.97693732461027,0.32156678928721927,-164.8160574823519
0.3889766376176419,83.99536660669358,0.11496118237955742,-693.5168199931337
0.06951569196232556,89.74413206059903,0.4124122727162055,-105.83021200779356
0.9809660264096425,39.075283555547486,0.18123806376332263,-180.83468603515345
0.8129481260013738,19.3964154672736,0.248195269354192,-709.6151536742012
0.6155750385989669,30.778264130343118,0.4612283371512219,-668.6220977795568
0.8413394048494671,27.65760352547668,0.49546296185814986,-576.6827678333347
0.6839856925605707,16.723982255409577,0.3554637786663909,-755.0917746635101
0.6466837552577969,58.36906649533906,0.2686811114336619,-775.7645703166705
0.12866273781592563,71.71798971506762,0.3452637925253246,-211.9511563443977
0.8228057247820582,24.134051320502948,0.38001358477325686,-643.2066236701895
0.8818039911569434,58.286614495681576,0.40117160701589794,-529.986651245631
0.672673038056162,37.581185071437915,0.20793999926440485,-815.2772690346831
0.03962916489004802,17.542519797393396,0.34397868979399654,-82.3948003315294
0.4612912355858272,92.97207633003171,0.29589669259597057,-657.3281500766462
0.9484993531635758,86.63084099474446,0.47681246999784344,-324.36227616818445
0.8831178538285279,57.00097873497222,0.2856032166386405,-557.0633853957403
0.8497542051583258,63.83510218756941,0.48547954683011274,-561.1286930096242
0.5293521954522148,79.35020061734501,0.11990004312711929,-820.7744953014228
0.170021918301521,16.561263943995087,0.44328772846733144,-275.1279301107276
0.4021225847450266,69.68252937580903,0.3269578124967083,-584.0915056239987
0.7710266971377658,43.811359135605656,0.11840551654386355,-801.1703854691958
0.8228599638850959,65.75783363586955,0.32344438215907934,-653.2075421197784
0.9358360292993027,87.43821564052244,0.26235577670638044,-401.99137806141493
0.4869293199789929,63.44101800143148,0.26916923593705455,-700.0484823173616
0.6545919205644708,38.088278310463494,0.4071137738388132,-704.3926768586954
0.1556341393652382,47.280301056213496,0.11701315137481956,-333.19356505388333
0.6249637208281502,37.719775484197314,0.16227087592976944,-841.9541903974796
0.5476334037577214,89.80189380155583,0.306871053835269,-714.5782201278371
0.38651918622459547,83.26367272914547,0.42439772685403765,-507.6424557669843
0.1095944705996564,24.905902344477553,0.2871322113910242,-212.17255327288754
0.0820121271779496,68.3676563829885,0.15350475934369745,-174.58515373108315
0.44468116949767733,13.735831005298133,0.20892133133578153,-751.4783704063803
0.5116771806368334,73.96461375203762,0.18216682182931054,-771.0516588227572
0.09459911986657576,72.60299129879658,0.17546968923056228,-194.59743233780762
0.2749571183164013,22.1847874525123,0.20811172575883666,-517.8784781875197
0.7208003147007752,57.11094220829551,0.1910974682267763,-802.845562328835
0.7792228621065739,35.63496386363515,0.1450251226428162,-783.2082172498338
0.7175869149356227,94.5622136143303,0.14313760012185728,-824.555982417513
0.28429666209516613,88.01117354860446,0.11474993240703442,-548.9974930862849
0.958403990908307,67.4817334421993,0.4223458760160893,-289.40503865630166
0.33114132291837056,20.11758459028571,0.18938633383416847,-611.6994644118619
0.8413159798250147,78.545898919138,0.3610194781338255,-612.98799671037
0.6811270769502228,44.119894352677306,0.34104620211060177,-739.069659517657
0.415644749270356,98.43615889806823,0.20870265280355232,-665.849303781604
0.33649520833245444,71.15922156611956,0.23877381557221905,-558.7574774678083
0.6059185084234777,37.73209512917008,0.2396091511552772,-792.6542168078801
0.23627915781720982,15.901718337422635,0.32226478708534173,-421.88740726721716
0.4551780929819438,41.344712955882144,0.15755950877508465,-749.4075337927098
0.5909875569908047,21.318273425354626,0.4324046560170115,-687.701876656379
0.7372184526116576,48.18133339015848,0.2407000026415688,-771.2673550802216
0.22700695054405254,75.61789865781856,0.3732356642961757,-344.180056475338
0.0764720068644358,62.84853233302555,0.3768585998178682,-124.66841090207178
0.19305499585918087,64.85008556512005,0.3613540476038899,-303.52536445823364
0.6341401847147788,83.5657227918375,0.20578777848637486,-807.0888554472216
0.7975352932824901,65.79233453915711,0.14944357993305213,-753.2130569542855
0.22431993916819765,11.784026740743457,0.16786124852064216,-489.55957953881983
0.5597431452820597,66.45371953122927,0.3883963648233576,-674.3326144367873
0.391864542700873,94.28774599901078,0.35501959062133137,-553.0908558535708
0.036341665072570535,29.79921448277582,0.48001965362840193,-57.12957969018985
0.099176986581688,81.33642258542604,0.23640325072552246,-189.02300483018755
0.04090993937643717,18.604802370448127,0.14430077852136833,-103.33007555371476
0.48474727926347144,80.03348546769416,0.37229088494369933,-631.1890497885479
0.7284733706367057,11.795160935491303,0.31357968746431364,-777.0127152769303
0.0697194748028825,82.60857387685554,0.43139455177049335,-103.50579050573374
0.2809959460747513,86.3834159680471,0.36653394606930123,-417.1968078544602
0.04308382349696977,52.88634720823995,0.3782340901796126,-72.60655516247989
0.1986908537034896,74.31800536649793,0.10060473131663042,-413.5374046188104
0.6164018722373947,94.83380040468838,0.22445333037732174,-792.210697607248
0.43852026575128183,47.361967831726446,0.261719152432506,-666.6165300264776
0.25285686066604035,19.199752110774174,0.4197875932475156,-390.5724840847485
0.27932258994360604,49.136269853791816,0.45966664365200194,-376.0911694498371
0.13408301189012875,23.16987353707226,0.2244546769726423,-274.9363047385711
0.6349289322927161,24.956688045372722,0.44577755355296034,-688.6399711764409
0.7720547031454531,87.99637304486555,0.36045504872260115,-688.1144939275746
0.5791548421264355,40.25383058597278,0.19775707109610907,-807.8600662585609
0.40492080676153064,95.33386349357932,0.18762240962855678,-667.2301890111588
0.18272228115050476,53.15604834524016,0.1653826707316814,-364.2850438801855
0.7226914721733131,35.80662659450317,0.40473598472859496,-701.1823387179711
0.10768575039209391,35.70205542341093,0.10840283471214743,-244.36411566731394
0.24307649862266306,67.66984375904705,0.24095224120102357,-427.8692018526442
0.6984493003269522,70.83303081980469,0.4144442783505715,-692.7731039904933
0.04819389219203368,74.3492560081336,0.3057054040786814,-87.1874327687228
0.5334252880241268,55.331505062095545,0.26507809154411366,-737.7153154787385
0.14312708800164153,22.105756381063507,0.4410729818640602,-226.5989729942068
0.6175098769634212,18.04213678832601,0.31079349645319376,-774.9112606963336
0.9217452034918677,26.503709942344592,0.12046259952078375,-482.68071699378726
0.4240759874014855,80.67019552671,0.19818322836262436,-683.134705497426
0.07522242995007695,38.75048118670531,0.49104661866909727,-107.70651740906166
0.03993047345235749,73.06914289459777,0.2833271770190141,-74.87780696095946
0.9306268740363605,18.752718045010873,0.3670999486901563,-411.47579760837465
0.46910583916558646,12.898143900997288,0.1555734725087945,-810.472387230836
0.8982501684373376,64.82744890300995,0.11219486229021261,-558.0901796523153
0.4134526375319535,21.673993649185547,0.12785846302037812,-745.1805333242168
0.31082325990236226,33.1229735736433,0.3658557937968213,-471.7676135813771
0.2795493007921223,59.62906628003355,0.33790126935477105,-434.34427027886244
0.5098721462516267,29.98652039962891,0.24485281742264675,-747.6834236673454
0.7433314778853046,40.95674925549409,0.16588849677654682,-805.1150391522749
0.6010413627900287,20.733122359043826,0.41296504645432175,-704.2005204487446
0.6191122926083801,43.6429947845553,0.412916392921159,-691.1004978738753
0.15229989084502774,77.66772111886726,0.17064423474752272,-303.6024664533452
0.5921735380033456,70.93770732784438,0.45489145035401246,-649.2423170392404
0.22235564030003954,78.33283173542183,0.39664746236991777,-327.36046131815544
0.7804147031221357,85.659444813808,0.2603169033283148,-724.6734091865676
0.19732125054443478,28.900334629999808,0.21568119006656633,-382.48383914841594
0.3037525638371806,16.49218067649435,0.4574280630469877,-442.17733052159724
0.1005749019930422,96.19947308368478,0.48941832882553216,-133.35826078703283
0.8967323253959772,22.153921890301795,0.23046865014968315,-542.5679870194488
0.23718294545909754,82.23113823151283,0.39116137110187255,-348.94221816667664
0.101111531788379,48.61313392050723,0.25702220244486307,-192.61253099213087
0.2675655327641851,60.17015328895333,0.20504028944056332,-483.2425298708144
0.3957829328275066,22.73342969808172,0.15615010232990578,-706.3900029321234
0.19297531163492174,52.24897950677528,0.14786235437731868,-389.28418358112424
0.4719623414717886,70.99495291835669,0.49431202518733575,-546.2310003783294
0.9761582332903791,71.15099396976113,0.12025922838324049,-216.0291695409638
0.9539665514591673,16.88332822964835,0.45948955169305383,-309.76316741453394
0.17270387729180434,96.22013445376676,0.446758071956343,-239.8666499937028
0.7278401259650691,49.47313267642074,0.2778275769870023,-757.7841307676645
0.23773781992666382,34.72007580642031,0.346475332596907,-384.04751073673617
0.9461661778397114,22.14138548304988,0.3479920597365099,-354.01181818250205
0.4186934102133429,81.9225997242213,0.3632362558208071,-577.1260107688287
0.3817853092349134,12.294242124666477,0.2048411422586142,-695.5465639805933
0.9724558496882626,20.53311860866097,0.16235540663266815,-239.22287234328314
0.5179887144929921,55.59171424250856,0.41280280832072447,-635.5920770455372
0.17599052970010554,95.66292754062553,0.37575184019729,-269.9014078497834
0.5768132491332548,63.025314617100804,0.29757348739512024,-739.0667410230818
0.7265479493663388,51.13911042616428,0.12177125428203764,-835.3359041989389
0.6955568112536326,26.462457150130774,0.34263545584493166,-745.8960037224051
0.7373820858769554,13.232195884472834,0.10767421250426774,-866.1371940155458
0.7536780950577373,71.59856481340059,0.1604987175866729,-793.9192507286209
0.932335979596538,87.15780830881226,0.32000728076257823,-406.04178275475965
0.589368991221594,97.83995856913292,0.30059140229495945,-738.0937964996768
0.5327579135572826,98.38282176907045,0.19980613378475354,-771.2087982958269
0.7928070778661558,92.34755922380725,0.44258950153174714,-637.106239238009
0.09313112904260676,80.05540576098844,0.2769695021301761,-169.66147324924947
0.3694609476392793,34.21989678467621,0.3975817302768534,-521.0932770746988
0.618752942651873,29.424176181421885,0.32582853720025035,-750.4351160868274
0.4109578918253002,21.356423212255713,0.3805977029972385,-590.464734320826
0.7238984117145275,89.01120361646788,0.43524625159339403,-675.8639461892952
0.542897768671571,66.30942537643315,0.32054302090221654,-706.5990926827595
0.7352748791507665,97.77891929776692,0.49623244766795616,-642.4044511431593
0.7786174151806424,55.0261698368778,0.20960934915430418,-751.3142894423197
0.5073707544367609,23.374967270360184,0.385046278751749,-666.6191119090623
0.7344831275763428,37.08408090745479,0.23279752986108848,-780.2057700127102
0.17761878273402917,92.48623177868102,0.35985321980427554,-278.2843644319425
0.37519622661325347,82.0487438822063,0.3121927747529088,-561.5779608719042
0.7665396284823477,64.61018471968461,0.2880923339684244,-726.3686049848645
0.027033431468787353,18.731869064950388,0.33765313024496657,-57.352592420989325
0.2588039578351447,49.26208638388934,0.10951831778486763,-518.977744477058
0.3352180821793032,72.06861489257122,0.11940499587835074,-623.3074377868036
0.853739793150783,87.2333490220247,0.12498297697670174,-666.2186063072833
0.1254471477202252,71.96486791223934,0.3344843317050404,-209.88584203746314
0.2323231394981083,83.26427142670157,0.29859491133959315,-383.56259998659874
0.4601533918082827,64.72638126193594,0.12331977566878778,-767.4238369560352
0.42492019696026684,38.1348446946071,0.35142408291969407,-603.1529969121677
0.43699552911044215,34.1446286106722,0.19341174155644836,-714.4327030278246
0.35166866611911957,65.45876620553508,0.2563612115232323,-568.9800677531131
0.09406979429982343,24.252324006866637,0.46715093577785227,-146.8012221677149
0.45140350070632823,14.612797920404429,0.14846662384323667,-791.1039746992187
0.3347570148694123,19.362765633908214,0.21205661724645208,-605.7189031259685
0.7156405939325824,27.394685364289384,0.3924648423592466,-714.4900610800665
0.9675790328626366,46.16609386975172,0.34617620621878786,-251.91703548977165
0.618563462413639,70.53359263531618,0.4875992419777684,-640.5099979944523
0.634425839096642,61.78360293406482,0.10060367235975219,-871.0039632792354
0.06087731428410436,53.562610398424475,0.31307121427057477,-110.41310590393856
0.6322676209633075,87.59426626503142,0.2580428508786844,-776.1755588468817
0.44464549734119085,57.975873642837286,0.22486637904706053,-691.6899592308213
0.12801759214936034,90.47383268087067,0.4390629315036094,-182.93910513184068
0.8993120204938183,77.70271309204114,0.31918364457796167,-507.5161166195594
0.45910878345324363,58.317745186958994,0.480207534711225,-546.9214604866955
0.9365286076365377,70.96332492621568,0.20949548529026105,-407.5861787912634
0.7536705447330767,68.01581011370779,0.3222581552760627,-719.4136383878881
0.5964983817110059,84.89063101861191,0.49325278350447754,-626.3394301475132
0.9477392146408471,80.33390954852875,0.16781456579581722,-365.5739754003277
0.09824334788099975,47.99706579675519,0.3130297700994561,-175.26424977135144
0.47550751768326827,47.57225938534652,0.48768493743275754,-559.3726558665298
0.5276006093542784,39.49333131494579,0.18185493633421268,-791.867617716284
0.39843366359293425,37.295218367944386,0.268353332615491,-626.6376000158526
0.7877578111995778,62.31690242954895,0.35181363843691627,-681.3537668200948
0.2889071502597244,13.463305179178134,0.24684445654594223,-544.6869638874484
0.26443698004516747,64.96906818986717,0.4594986976016243,-354.03244832686374
0.08908119520884887,28.081016857793838,0.22816172555450384,-184.93747601659538
0.742783609841228,21.97513254761278,0.30891487893642383,-748.9802565293982
0.35310828194650234,17.951172984257898,0.27218947653701725,-598.7901817336392
0.1561030926565932,47.78649316788641,0.38026556168163406,-247.43237250673016
0.5325310945720909,78.08484500799271,0.25275101790427856,-740.4054882500005
0.9289115236180271,29.94159822599692,0.2417258573766765,-434.66742195798145
0.9591539582486824,71.39390592431893,0.20173956358525086,-307.4849872484354
0.2572188504920812,45.711360776575724,0.1981511733276185,-475.5220122049419
0.4174202498047195,95.44099604388067,0.44077908109682473,-527.2580937584754
0.19783733270962844,30.411727956321837,0.4075720668967622,-306.0175854905724
0.494587737164674,46.71233918899417,0.3575997469910319,-655.8459301721379
0.5785853640716159,22.259099499583925,0.4409775342858494,-675.5841130875385
0.44099450463938916,35.7258066757633,0.15053052165236216,-743.5534794697134
0.497187199928862,16.439917829567754,0.2430635849088173,-763.4044020360461
0.6609738600192102,31.79555503433403,0.16523292427672379,-843.7821396416174
0.36767664024251523,22.25067698159286,0.12317792057990302,-692.698895431371
0.792461972128288,50.97115602467264,0.2125462352420011,-735.7916743463268
0.7797068972103526,63.42084270113039,0.19626094495815338,-754.7630557170945
0.19560816453849583,21.00185409172274,0.4593704768886603,-294.3353651479703
0.4377114773241626,77.19031975785074,0.4437899050738294,-546.7072894690915
0.9236140621650545,97.68723956826373,0.2611079893113218,-445.9408788809486
0.13807682106821437,24.843733864027104,0.24664629723369613,-273.6706260174216
0.04642828261418495,92.33776430801085,0.43633729835299273,-68.73798122935304
0.6424164017766225,63.396029683953486,0.2640576796627637,-777.0917705537615
0.6259448060569869,97.43702587960416,0.1680115114559182,-826.8264828386148
0.49150763768597383,21.983912487176752,0.36397840858228425,-670.4602360866585
0.8857959161911154,11.913930517001544,0.3960263492763161,-540.6179663169099
0.5931802038741447,25.016814969603352,0.10710485331724438,-879.0177007974193
0.6202481840897607,29.480939779917154,0.39689489672118516,-708.9865148801772
0.8320854187915501,93.86122655827572,0.2569381239270342,-661.8118628770012
0.04078187936891927,25.863496203183125,0.36432553190874817,-76.65137679145582
0.7162700363539865,22.001022845332372,0.25113935308666374,-791.2834199778616
0.09511003702619099,43.11748582540299,0.11671200347837468,-213.45724465099747
0.3857014261213533,18.515691568641092,0.12686589574164323,-721.1189631544795
0.5108128145918128,14.443149859655446,0.41819135876073676,-671.0215180056782
0.6861293445186106,54.440289281746665,0.14947701376275307,-838.7047759888699
0.07767935831831099,76.4882046229984,0.4904025232757463,-104.85852868404974
0.7845496980443667,46.193554339661304,0.13748121123383236,-777.2027759295622
0.6614907549670033,29.60520079443499,0.39070150836798445,-719.3824323713773
0.17190744560248716,26.94274479777906,0.4608605746684339,-253.98983453347253
0.6316459688691445,50.17078384639351,0.4685208756402227,-660.0970896108596
0.7104203437939358,41.1681243862787,0.3123259297536295,-749.5832911705028
0.48267672211245105,34.168980710980804,0.39318079970950137,-631.2162027152331
0.4403633080096943,24.62543518333203,0.46476607555936966,-561.141931952643
0.7723221484714478,45.5350578910088,0.45035037264728517,-653.7674777714606
0.8496179594093246,64.62605318218041,0.4252898282925781,-580.4367968307265
0.02210088492710685,50.07708298150864,0.4481475603782472,-34.54895802370685
0.0696651303146564,61.86525184703466,0.390162894950142,-111.97175414301857
0.8371909540298604,61.40017956702457,0.21282568432672205,-670.7942301981368
0.9279352715178926,71.16707168054128,0.4879696438901403,-393.80417599132886
0.43890371686448887,85.0048749820024,0.1891567880646423,-703.1283409302957
0.5417157852409097,44.794845393560344,0.2799205521781062,-737.045542269168
0.11095049873456107,43.48390104201671,0.308052737923709,-198.98185605385115
0.2952651086581492,98.67999224683393,0.15984067733023757,-541.242017041504
0.7084647812397122,52.29404133911268,0.1508363785684333,-830.2190874752788
0.48481666121888195,31.960945905092412,0.18548977296686742,-764.0701555573994
0.8070739065595509,37.74798417330645,0.2084760583243447,-722.2497228701766
0.2820518894565926,30.276441934674825,0.11450576354556077,-564.9396965217087
0.4294997884427576,91.06501546553648,0.19978023882230384,-686.4597894735266
0.8068411307504515,80.99747886946803,0.4515960468472384,-621.9471861445631
0.8431032044027031,62.82122390857869,0.11949906218494291,-691.0983401203935
0.425996754851192,84.31290468624984,0.38220326454549713,-572.4054349261304
0.4597599915801074,37.341043838082264,0.4639954046630259,-566.1041434369664
0.24219476391236597,18.643263544416357,0.48348535511666524,-348.80263912491796
0.42700334033376586,72.21332177000338,0.10589974301419663,-743.7926605256769
0.4974542028675018,31.64978804227279,0.21682261286631146,-754.6362476112678
0.3103062312788385,53.3234557173739,0.16878854788943026,-565.9657021996043
0.1307525864392887,16.452434573173157,0.3934891803020435,-232.58739319217952
0.36537273188286845,87.57419788888808,0.36403256022338915,-519.7077907107075
0.6027885470384367,22.400300356122365,0.11677567823335147,-878.9593487099725
0.1497036243395712,84.47553216162589,0.4646990943448338,-204.7878789064694
0.8368093479809368,49.68515893138003,0.2934019525834861,-645.4283533847795
0.5430955290788521,79.39860350739441,0.11816604085456733,-829.9156219785938
0.32070902350354735,47.976855826804375,0.19387782394580097,-568.8033828515115
0.48445168402741073,91.76021894883068,0.17104479932137617,-754.9187507253495
0.224069941118025,50.27059663401879,0.25837125250116444,-395.56521438561873
0.3020129695689223,22.723336737709694,0.2269680377088574,-546.3106212710604
0.197982906781043,28.940046378283252,0.258883956903052,-366.4428276660024
0.46104612011303825,14.428726982897183,0.3191953956229406,-694.8008769085076
0.3635727948359228,76.35310939185874,0.2786730188540316,-568.4989473744713
0.35045839992375516,69.02618650260308,0.2588083312752827,-565.3820672763546
0.8833946872991684,87.94253949398536,0.41505979035155616,-521.4647390475321
0.300708591294483,54.18916225183432,0.2660150223613682,-500.9789703201486
0.2063983515979284,60.04182901497768,0.1562339064148704,-407.28611731505595
0.16065574481955375,26.88626687821302,0.19493025567937053,-328.3326875504629
0.017247602326790318,83.23614593532858,0.16010256621301303,-37.97554955748042
0.32248940516104985,77.02927748255063,0.35379100552775067,-476.9243603943241
0.6357887369441539,26.45940908043003,0.3025955066012437,-769.8947914292231
0.6453762052993413,34.47813334943888,0.18485209824938353,-831.887015073565
0.9811620942449583,62.06029273714846,0.15243642367617102,-180.3435206672298
0.908333175139446,74.53340365290819,0.1878670150763908,-510.25271276837753
0.14969290476322739,41.470166644608206,0.3793214196704153,-240.5837641014982
0.8437453921721343,76.50364061460317,0.3509857462721214,-612.701993589822
0.09870475439276155,19.38679226457853,0.47319683299299553,-158.02697136604672
0.4329841809676305,22.373051541353878,0.14197992687014482,-755.8643011868113
0.5022104972952124,19.428213271325845,0.2780126559452155,-737.1575671011171
0.9366403231394148,37.74473083576967,0.16510653386384816,-415.6104804314326
0.5674657906423052,86.61713207064837,0.47684845267507614,-621.4909479521375
0.7981839390933324,28.336520722380904,0.3633908068537749,-675.4253051613738
0.9622860819979893,13.97729114409201,0.4816130661445681,-271.329276542672
0.8175086882657486,31.8748271762769,0.4148683049236296,-632.7827222344362
0.22680493474745975,58.14683154012949,0.45252474576509083,-312.55973053621756
0.21904810366922456,92.14997605201518,0.49534653920911453,-279.2417527129429
0.3309076875471775,81.32367488286131,0.1032162125381666,-624.823673365844
0.8500936004684718,38.31129211397703,0.45828009941178804,-572.8853735655847
0.665256453330353,46.673520777029104,0.3789713094001691,-717.7219754902347
0.42270320296140323,43.72849374759797,0.4231522568568179,-554.2861733104066
0.3245629992305247,11.172853403035873,0.2723141750286645,-593.6933200628984
0.34728799307197344,91.85988491338522,0.18647837979229395,-599.0748622464745
0.6179076010601561,20.190702264062864,0.2785302277180295,-789.6164272469377
0.01675920801888338,24.24410240769724,0.31647613513057293,-35.491090973374924
0.1744068166620279,55.07365195391819,0.2505718938356938,-318.45517771736905
0.7973400819691833,94.39227989102918,0.46686827884845594,-623.458595721932
0.17406415038583103,95.23136148636964,0.12408548569683409,-357.4358593065628
0.8301940760269964,36.416284407539436,0.4869176167878114,-590.3360679252071
0.3262738010302366,31.18164705899091,0.22312106019165548,-570.5454349633283
0.955110332866429,38.35705078889038,0.201059085318981,-328.83666711291323
0.18144745991654998,66.2676923807957,0.4505180067912229,-253.53342452549336
0.05127728709640575,98.52008050056386,0.467323806491479,-71.71145090967106
0.8088264436187333,55.351663850324606,0.3285569019687351,-669.9609559931222
0.2612116856959088,10.60477962477305,0.21649792388176614,-536.1276530789982
0.12782340329494485,66.49912336755078,0.2962975650521451,-224.98512040711626
0.8830184678056736,25.157183876398342,0.29377956015861617,-561.2751223062031
0.6607800814665166,67.70474779162849,0.14384425840248274,-844.3716141008745
0.049591906290078897,57.006634938027226,0.2168906448047745,-101.59371734104855
0.1611056938910217,22.18193933295802,0.3358546235900445,-287.4264620676808
0.7364187767188822,70.37572983599145,0.47290066439647394,-655.6408024929012
0.8784179112953161,85.85440533284634,0.13189979957199627,-607.1707123967357
0.4843174025473864,20.53051451785482,0.34617232831385625,-678.8293922584483
0.9564643577302842,16.91430119661757,0.15353420523622138,-330.6614876960792
0.42055819060931926,90.74706760219931,0.21470088170762414,-668.1701616367247
0.9281693851748968,99.94173147703071,0.11448444636090992,-454.49666148167137
0.32255684343137064,53.319023014906875,0.4882768083094192,-408.9642273292388
0.521067188789682,78.99901508234505,0.2773424464285537,-717.5192171821567
0.04413190906577072,83.26482809382894,0.43373570510976367,-66.09774058537029
0.7091835128134545,54.18198569285683,0.27979884754659146,-763.1458297910899
0.6432851633503873,58.00739486080764,0.3018523570546781,-756.577743143544
0.31913807545757017,50.61352517885595,0.10807339294438455,-612.1736000731013
0.049026034504116564,47.628665017807755,0.38750821959853843,-81.91301999236919
0.920484172308042,26.506552282420806,0.4680191809965497,-423.8634645108589
0.4530177206331964,57.69470793244191,0.3717409751350934,-608.8800430694063
0.574043335118645,77.41280174066007,0.3134301843791759,-725.8013384217512
0.38774322477973483,56.312332551871535,0.35857511229315775,-553.1478299484212
0.3873724795909377,14.052704478807627,0.1791817923661109,-707.869566662591
0.20173177585831067,15.767397726800365,0.17876691883257917,-427.8840094551033
0.4953005505821575,88.4095222372947,0.3894245907478915,-627.7855044972434
0.8890565777966126,11.413253797567686,0.44915257583089374,-520.7721377858747
0.9772474164654017,79.5487605622148,0.27394519027649367,-200.2003620251465
0.7597888961546365,49.80616378041967,0.12460910874316133,-808.236463417254
0.970369678696923,86.30643195741386,0.21315437019631914,-245.62211777205835
0.6232636582366665,79.08629899479475,0.4761041096280427,-647.762359949826
0.19475321111033045,28.503461835337227,0.13097320309758437,-411.6931220715504
0.8615242292835401,68.01591346936583,0.4738522404480455,-546.5594896122077
0.8460170415000879,77.29805983727901,0.16776048099731422,-668.6062212702099
0.45717967535784315,53.627666278119385,0.3140618106629329,-649.4484777156287
0.5882448229757964,34.80783939317378,0.3029725384088462,-750.6160147862092
0.5421951538335017,12.299803132568863,0.401985780518613,-710.5762776286022
0.6034652437712805,91.99609596441157,0.43494163446609135,-663.5196970987246
0.7265895545300309,65.26918965692931,0.14821907398385728,-819.7544511288091
0.7122468051646326,28.20761218045918,0.11327001227511087,-857.4902512731807
0.8103827434529143,73.18346438889834,0.279368005360195,-685.1203223060355
0.1722015070726312,20.86611569255184,0.15853837263169526,-370.0390002848014
0.5464571054239872,54.7664956075764,0.37873593645059256,-675.3390240224732
0.11648912060466067,97.83719185982007,0.24692494869901163,-215.92479609983468
0.6865278988594855,50.4290432422272,0.18312368428981732,-821.4707498881115
0.8308865457359839,81.49838475999914,0.3109831168573379,-645.3424033778393
0.6698567261890187,68.16363830646024,0.3129569440779959,-749.7611431454701
0.6103651460456634,26.88944849597157,0.1085438949547474,-879.5574305813233
0.30564519734640516,83.80557565163384,0.3153586682942421,-475.5864395014093
0.8837796536736358,24.523917595584106,0.36795030699774167,-540.733206910813
0.4169419101178626,45.636459024021526,0.4621618918050001,-524.2350834895948
0.9445692386711945,84.38778201676591,0.34302572751628296,-356.71614582887435
0.960209991791237,91.43732103267173,0.20231237654805276,-301.76133786284385
0.2518772392276532,88.0311041739652,0.2471707441771289,-435.15273266813944
0.7218299533368732,88.97248180648475,0.459893264336968,-664.022840074688
0.11922453160841828,32.130047356511206,0.3383234689015774,-209.96429043956334
0.8968452319375944,66.98090992170106,0.17854081830228472,-546.8754567145711
0.1388719841174869,86.28183650946114,0.28071987420521227,-245.3201539621005
0.13540751298309914,70.53757004889638,0.21008780804923904,-261.98682911562383
0.8278713752049651,34.097351508141905,0.39818592112151574,-625.3142055966995
0.19809887704706047,46.37579186050005,0.348013618787389,-320.92224916343076
0.46829432946295996,52.450192098299375,0.32651815865360834,-651.8148579696533
0.2091503757162006,11.629128986660733,0.1996201329731979,-450.68597416791334
0.631651625181401,26.065130516689294,0.3002727531064291,-771.0785757484643
0.6990931709535734,39.198895977773034,0.3749961933371069,-720.5114461108775
0.41977993635573163,68.47078399984703,0.2984924738311483,-619.7113388634633
0.7295086397080802,74.34067115726755,0.41797784833317275,-684.130666539822
0.11467712832283132,75.08160913169485,0.1622075635625278,-236.13653029745046
0.8505334198708767,87.99272098843002,0.2792749975031581,-623.9244781236861
0.7257504006539782,31.25752041658317,0.49625210707659717,-657.1506312799902
0.16259935605973558,69.97156131918675,0.29433398868689775,-281.20435152942775
0.2139645995773987,10.853645258002592,0.4450495767395729,-361.13006335465883
0.36336998386056313,35.535594760452696,0.2038835955011035,-625.2152592731454
0.649473060512168,62.995596378146104,0.21546774907938473,-805.2782600330387
0.6985364287473311,92.43818777644003,0.155837155575321,-826.5310917937984
0.9266221228371909,31.27862823568781,0.3077484474316373,-431.5103976457827
0.3409018979371054,39.805142507040344,0.26929633472799586,-557.3929649684713
0.4074363757937587,30.684754383566567,0.3923792760339915,-566.8716192414661
0.6983405400505589,71.37012488467063,0.32295468674301653,-740.7898344308205
0.36661549720326164,80.13391452878372,0.13002200813760778,-657.5985191691138
0.6776855345527967,30.534102689759315,0.2423300819962637,-799.7325764808639
0.5563768344623258,46.235013500476526,0.45789032020573117,-635.0386777589358
0.15179809048801657,87.96827206038829,0.3341937113592688,-249.09302890932094
0.4147189890537293,19.59008773435424,0.4793322553671181,-538.2465140493828
0.0460756341358016,53.880015318611306,0.12626189838620597,-104.95499495482221
0.7964173847087891,46.63924121504898,0.34185998991118804,-679.6646953008395
0.9307078390922732,47.91287981425724,0.31556741232126917,-414.0717395568385
0.8725440028600797,84.69521293134771,0.24950949626306085,-589.1643463208259
0.4058775942249063,78.29459717410393,0.16409556915287826,-684.5229838477813
0.19971924414287012,71.55200126404002,0.2734466863208569,-346.91218698201317
0.39815809005446096,48.344021377128215,0.20085488067619472,-661.0766279720744
0.2707064961420844,72.76071489814328,0.41201298260828845,-383.4654415477271
0.9394303835581428,73.99234533317122,0.20274375438268832,-396.8069477445934
0.6152838524092406,25.87596236758266,0.296546644816172,-770.340790674142
0.4948353367442721,72.19669175270506,0.22637340328330813,-731.2916887844995
0.5483390623684785,26.919677817764285,0.23894096901058434,-778.3226836286673
0.1521876437095038,20.57790067873514,0.3983698684756972,-255.63929882375675
0.9050119816324689,56.66486256893606,0.115115803725823,-537.0020338573362
0.11535495345848691,47.68515348709832,0.22422430212202188,-226.40554749362204
0.36126136362193484,62.31702548297188,0.3859275757700963,-506.74642885522377
0.3860814217226828,56.30860133076124,0.4883488751320122,-474.6519028945134
0.8003560424948327,30.42347291639089,0.4814249076700384,-625.0559332136102
0.27877948026820903,52.68474235537491,0.21217541228331238,-498.3436217378184
0.5221365561965973,64.11007663131457,0.3475010264844771,-677.0662739157565
0.8040574999043353,70.89999563421952,0.4903719171947015,-610.0537897532072
0.9365864567879654,19.459591992228347,0.2509183785971555,-406.9287943962009
0.36926020551733096,31.844026159815343,0.35354315258316305,-548.4587918504955
0.4142668011402164,23.247451508322094,0.2564311086660215,-665.4128241259695
0.06168070151574137,79.24519680941106,0.271074256093631,-115.2760872875507
0.2910852142823475,11.31635400592779,0.32942038869002277,-517.9171145806417
0.5941287617653371,63.95632135280584,0.2456154295352977,-777.1702790889389
0.3672817631269364,79.88593688858128,0.21517843561832511,-609.1205383721199
0.07361003019069881,54.79381010047916,0.10862103692870498,-166.93588735963527
0.04203687072546369,98.63795916373148,0.4277070527742902,-63.02254884176569
0.05638395964190993,48.227797310158756,0.4161334950464547,-89.7543196032075
0.267230597685531,42.17303192514383,0.42960438796747613,-379.301140833637
0.5655375343354093,59.236793422608095,0.3884958844359846,-678.8565991235557
0.4445563124089281,31.027328356198232,0.4513970518458702,-565.5546106685592
0.45127355500115607,95.54231678656568,0.3552023738712303,-611.3833762426632
0.7438134874901967,42.615435533364135,0.13472867300865807,-819.0455481143651
0.22874753554885058,57.952930272973596,0.20285632939744286,-424.90928234463115
0.9204487557149377,70.60331621728105,0.3701269456224756,-437.3611729347712
0.034496999857806555,47.45769452266851,0.2868835102089494,-66.81260008491142
0.8409842855818075,31.069467022205306,0.365009327012219,-619.2240209708349
0.6732800862966769,71.0832436467159,0.24826541579817119,-784.7274478100057
0.1645764666786483,81.19172598255253,0.17405192168195174,-324.1208280980289
0.15204937893895934,28.80336352301402,0.22116350595676632,-302.5047276476228
0.05729673514398647,66.01231490762603,0.2792780854376635,-107.30071429328615
0.373742098925226,73.42360775107625,0.3709816245451256,-526.9309042686697
0.5142243999682503,39.03590837720736,0.17903766609636645,-785.1050565552562
0.5935919927808363,52.53270487179666,0.4078145954185367,-682.0160511666116
0.4033127061255926,25.671508684901227,0.3652357651792153,-584.8349560180743
0.10913703356199436,27.33522077023569,0.3080813485147992,-204.13231306347046
0.3578329704872495,43.51593996251824,0.4682914184741994,-462.08269736407476
0.5668874573091484,80.18369269195048,0.3087837239926615,-724.8359755930695
0.8438790208491354,73.0826271084955,0.3742588231144174,-605.064268599778
0.41796030953787194,41.51427777952081,0.3883515928454089,-571.9658660444786
0.24513519694671185,75.55220691007756,0.17254393115919398,-461.21254748631446
0.8396101500046632,40.387459097481766,0.4241920995951768,-598.7267188061521
0.450936125637386,28.05793312896186,0.3803634353741788,-618.0894711240387
0.9020947835122877,69.30968831377544,0.3953154781021354,-483.7118161305618
0.42338378269314236,97.21587305931193,0.16523172461492497,-700.5646556931226
0.12613056515059096,17.617604850074727,0.2212723758626204,-270.0041727111537
0.5968061818997041,99.46935338918509,0.2513527283648992,-770.3349260077969
0.7843782611623961,92.1315682853678,0.359074443863034,-678.7990706118426
0.7361313866593002,26.41482876337869,0.4531768895478644,-678.5833624035096
0.9296076460275192,63.91593013070141,0.3752266517741423,-407.3176660067028
0.11121146042066415,65.58539248622354,0.1908224608334082,-223.59816543778444
0.9409385435379828,35.38692480280665,0.33046296916577456,-375.00083953329437
0.22353755775173842,14.76106132496653,0.36142681645292796,-390.10807960887496
0.49578987370856714,73.78848257346877,0.24585640180697138,-719.6225986516644
0.8726729543070124,22.3451002460503,0.1306894890439803,-631.5763643472283
0.33554939904332237,93.85899047518288,0.27118073460342296,-536.4186957840799
0.3244936674669941,25.369713240300257,0.39402626207880564,-481.4362883374725
0.5953072340056225,91.61757616069733,0.38619044483484344,-689.4632621752265
0.11890935686985067,79.95598922900446,0.4131830637027776,-178.1335549032979
0.9820239155913159,91.30885246580017,0.24339937488992677,-169.9525438947776
0.41454588449308755,48.21726652456128,0.12974241556174604,-722.10978836806
0.14618828761543753,98.3929487724058,0.48041413263877664,-194.13168116504653
0.8649410342035437,69.95840548440789,0.22485756800856285,-613.3747523092565
0.06120849500630479,78.97889458272347,0.2848573555087618,-112.46915727022984
0.869629375869539,49.880045943938775,0.3802039409608605,-561.0548338728883
0.28260562999648403,11.049960795891375,0.46108420500693403,-441.7411295541136
0.4028884782649176,95.21021749437836,0.10312096468843693,-715.687083009336
0.2862932587704391,61.53154585808323,0.30917755302143146,-457.3529515111546
0.045102000725584346,38.89584875024588,0.37072171825987943,-79.05706020719919
0.9436380415082273,21.674680724142924,0.17277355809456876,-387.6770875269402
0.09535292243808279,40.562971769649494,0.3498262966113508,-164.62564758637987
0.02728172761434454,18.421500490130903,0.3922630363661276,-54.44906596048609
0.7482615583877055,25.262455154056628,0.3407827113283597,-727.4007654408437
0.7236446090797973,38.91878682109828,0.27933912936703864,-762.1348269633787
0.34538701348881046,68.18871106646375,0.3596142206789983,-502.4430818177429
0.010479343329657003,79.9570440978861,0.3954495406037498,-17.26246983111732
0.02772738081373622,18.483725011610588,0.22753283252848056,-66.30522345806496
0.1776459692489669,60.11989292098067,0.44636606507298393,-251.2575816772744
0.6017061175295864,79.59087039120507,0.11230445165543745,-856.9607676010165
0.2569563410665041,60.227030289979034,0.4458635768896624,-352.56306080082135
0.28552209200474504,49.200825236065526,0.34980643388046306,-439.2871180125642
0.9537214921224147,87.60295953805779,0.11671635046869572,-343.15657127503147
0.8916414981564362,91.68782677386942,0.24930423804764967,-543.3228669644072
0.13399906065933975,63.74254913642355,0.14235490022547675,-280.09079053278043
0.6063462904869006,93.60273123637262,0.24555656480476593,-777.2571119094894
0.2511421744335803,85.04436401980983,0.12047008583377723,-493.8462610876133
0.031392788809033366,99.35795015707086,0.45662601830247984,-45.15405356825033
0.1733788818876128,65.92640832222813,0.2547106409478864,-313.0207527617166
0.10856378562892055,91.03455496512176,0.4830320827639013,-145.52742588575703
0.797224815884431,25.678703079787862,0.48922748039980646,-627.3115175934585
0.04360201465220579,39.56351589429241,0.3914570215590123,-74.24146332855283
0.04780052245974389,93.1285054682298,0.21959835091391666,-95.2908937172809
0.6023318607933009,93.71894472097586,0.498493037395624,-624.9459874441225
0.9189530180650329,49.576088578295895,0.37424795279483936,-442.32688921380395
0.017554456134330196,48.10180883137791,0.36578359383675974,-31.34291677904822
0.724610220912127,22.025838390256858,0.25370417933262257,-785.9330756237977
0.37071276840234063,29.037781860808412,0.11872551992786784,-689.4895083090446
0.43646913044597163,97.80853101733894,0.4972514204507751,-510.3067062498742
0.3776763280384254,43.34222463358365,0.17256266043390672,-656.202017628992
0.6193798759593502,59.040645178499986,0.19629796829773555,-814.1313915607209
0.132769489156159,36.118406023399494,0.45463494159843143,-196.07452217711167
0.12332502397479278,91.35380352304122,0.43051961747034173,-178.75035425405216
0.3396870386406186,15.919434330513234,0.13445539060538902,-665.7968887671748
0.10079598202775464,54.01897581070533,0.2342777656194014,-196.00390789961736
0.8656946366160682,30.426538367263113,0.21089524408310606,-621.6042680551793
0.9816405845485051,29.02145273597307,0.279907721278448,-172.03996669084992
0.9555544723438026,80.32578977103387,0.4173202218681086,-302.29190137657434
0.5277748357783201,15.38165043404971,0.24820921575631572,-784.1208683178487
0.7907610243871535,32.22894791827993,0.1657289808263619,-762.3442155590423
0.9632149295369999,54.19458374601778,0.3577994795497843,-273.0582622838071
0.7055230106723531,47.555689903309926,0.41180608699512267,-697.4584482348098
0.9146100843552256,25.97868190248244,0.28699902259704646,-475.97427791601115
0.16954715429858272,41.94328305619496,0.15154743910066643,-349.48854284329997
0.93920612597767,83.93643954274049,0.3779654264126687,-372.53316364967304
0.1676028664665973,15.805987011591858,0.2294847182139902,-348.24942555753734
0.06574988643389883,34.67694494666124,0.21133245554242552,-138.97380257519603
0.9717605388532781,19.544851081672782,0.481635951731899,-221.83003862813052
0.978869723825914,15.345053611571046,0.4914607766205644,-181.32231451948243
0.11533769008494656,61.320837177183535,0.1145871609199281,-251.37882470749435
0.4131014189636717,35.72548280724584,0.46719145928121475,-523.0657371836922
0.6332892646274524,18.8017352331083,0.1825859991260113,-850.1780384005347
0.8441884460308434,73.79116800819526,0.4194447699123769,-589.7208333698668
0.3743208598705015,77.56346894254196,0.3610522233625625,-532.6963579827678
0.9076692280306182,17.033017590206004,0.4774567769911,-461.71508282711125
0.15138886616501163,79.24219241205962,0.12523332550930466,-316.3171971080556
0.042254418467847034,97.03444141574457,0.20008710004071295,-86.37250467854003
0.40749509060820926,21.19069252377801,0.3470640057648626,-607.5418448902761
0.5275159497320573,74.25248838413492,0.48156524394620415,-595.5216677473355
0.9119890164076141,27.457846262185583,0.10954547540275401,-519.1921562860164
0.8859008941780253,37.5492864967824,0.40835020248906073,-521.92531622844
0.43388316719407083,83.46061738968575,0.35283557089440987,-598.0322680302936
0.8567172936312943,93.3629192695361,0.3749794314411341,-583.0900509356443
0.17118002375413915,47.179682190548746,0.2842097688530614,-303.52899724849897
0.21818712332047624,24.92319347438133,0.1859438170886572,-434.10159519674744
0.5115616600588312,88.16377519928581,0.20441506962401013,-755.2423545903969
0.057668711411111566,32.34348079202263,0.16123294844114341,-130.4418239071139
0.7514180190578127,37.56068958117619,0.45672096232071346,-664.5266207228302
0.5345254763857419,22.199121769000932,0.32221903908717003,-725.4605856638431
0.15092446938264967,79.2514085584161,0.48639794555347626,-199.99956455432655
0.5106740673268448,68.96725867821362,0.3787518959785513,-648.6552209422755
0.4974493049487626,81.55686962744599,0.4447241608164846,-595.7777037720947
0.6364085188681553,48.101905847753265,0.21997125631673772,-805.4610548621179
0.0653386430144309,88.29640158895212,0.33594163661309817,-111.38857524019987
0.37186814011966157,32.54477434404446,0.32576912646061446,-566.9162326965704
0.8010570640612453,30.73586467333407,0.39150394634657815,-660.0400770637036
0.03486906905444294,68.72086579673189,0.10301611121982718,-81.03667228420689
0.6358895144519637,10.753535163742589,0.23189779742522554,-850.3704887836951
0.34440532282619263,13.039279081028422,0.26056125673508773,-613.8789196703289
0.6718611321971719,43.75230986306203,0.11210873389948071,-865.5931617907398
0.29662636659742,77.28105287671225,0.4387892154494263,-400.5934092661374
0.8959100056760271,96.2238035882484,0.13250051318603814,-559.1262327013886
0.3051478369102307,33.20245622800158,0.14864759387462662,-579.5419524000744
0.8390902479142189,21.567845556928965,0.3536542072432791,-631.1413541939437
0.1797635077728084,48.82270110684722,0.4019245323344586,-273.35344513181593
0.9709391518945695,53.34170862367656,0.3532433668099102,-232.95186358436393
0.3652115490102009,90.98702482537433,0.3337961899933778,-536.6186724362595
0.5038099911993061,87.0734369648345,0.204935275246238,-749.4171880822437
0.8308305308039309,45.36771819714003,0.1792856652576331,-695.3447337220485
0.08445767318102079,94.09265311624668,0.25654382675386184,-157.55245788475318
0.15741427512077633,14.853352978481102,0.22738158920432958,-333.60769998379675
0.34135810006212813,62.564159378607926,0.2437528569063303,-563.9219895823807
0.3913042193988922,40.67711516990333,0.23998473993646777,-633.6366065749677
0.8052470868778447,58.83358418503633,0.45577741630589685,-623.8196000544534
0.23025614936359284,97.34159370557396,0.2063802352302068,-419.8620503179714
0.8042323418205646,11.331423353347315,0.3073129451445836,-714.1936578372431
0.7304879345136335,59.4955219776542,0.1740688933653935,-805.5133080987736
0.8098082715361116,53.975087670809124,0.3245327190827541,-670.5567903399494
0.8296088445630407,24.74583446216952,0.22562681631019219,-688.1561375795918
0.7374294134310473,81.39017580249623,0.2811989821403687,-746.839656038985
0.1875814697135713,37.89579091586878,0.23970359994084114,-350.4996950345686
0.47672744546395657,86.44911898969312,0.3105811098419453,-662.227834587262
0.7774690715642284,38.326209245804165,0.10057793457338554,-803.3814423304452
0.23408621542265765,34.74473314897442,0.4750336456209818,-321.43388649061666
0.8053510486545475,34.97968158360116,0.2725625633236513,-700.3991621345563
0.6784125008292252,45.8138804443699,0.2147397917163689,-807.4531905914055
0.78094858302001,35.58767463398459,0.35018611668400446,-693.7328281136105
0.11299449034230566,46.4988756807247,0.2578401957459022,-214.03133927934084
0.5538793946963343,13.479319164883773,0.48253050778502204,-661.3083219114185
0.7339050722530889,69.25242947542327,0.19961039598358168,-789.6155090367312
0.5497613641419463,36.38743397780061,0.4322088932871142,-651.8275764199045
0.1029422539138892,89.64335974265205,0.23972752792561716,-194.3608187324788
0.9377762294175327,18.53265134957372,0.10972438690409816,-423.12789553255146
0.6308208373491275,48.89212974169567,0.27806597882156103,-770.8674771970244
0.507294671049061,35.163391624050945,0.1803291926176611,-781.8736688677958
0.3565469420169011,43.937139984568816,0.19816516159257214,-615.0896616537207
0.254357408378738,99.19193366035509,0.12940343574002633,-493.4043182143008
0.510539509377186,64.01897201349604,0.43536025490773744,-614.2353152970471
0.06544193655741784,98.31437449787624,0.2087161311665735,-130.4524172445812
0.9320747318591004,60.79287887420331,0.31455903404330576,-408.6445723815703
0.1805505121498481,39.41914288709982,0.4273398367879797,-268.8381317809267
0.3189516235089015,57.097693077755025,0.27645932878187807,-518.6339838675489
0.8200740525095408,73.25754080269124,0.44993740501604307,-609.6868939439573
0.9505585429688072,26.920770140056053,0.4371583462195765,-324.0315876556819
0.5164982618049734,95.89012183605188,0.44489196861875635,-608.1300350684292
0.7312338373157228,58.193441875210134,0.1310823972117146,-826.3460760612353
0.9283244432791113,13.929757453188092,0.24415838766841957,-443.0177191658067
0.06492356403906784,35.92347239975605,0.25420625817534814,-130.392963955308
0.012337214361962499,36.44361504663945,0.17625579120736112,-28.935208711384234
0.7917876480906826,79.44943243154987,0.22378540903342758,-728.7043925408482
0.4870751689265794,67.96165919802463,0.3658539162759181,-639.0015678753546
0.7051948372443404,76.59475149214117,0.42179949353499324,-687.4332707156711
0.39645406675018185,21.947222881202823,0.12616920379947671,-726.494344598598
0.14108850039794218,92.48719955840997,0.45887807772843037,-194.57451663653035
0.06754743597511002,46.855914365437876,0.4731675590280898,-98.0110361581171
0.8957369948611493,39.25698395009823,0.29680130205751803,-525.0671921178256
0.8235337092479287,47.89693057799191,0.2388215126019044,-685.2419295069103
0.8040316834758653,84.82218994833894,0.2504261494416915,-703.3614381881306
0.23663674811238344,57.134486647120134,0.2113190882409406,-433.7934912384416
0.9606584923764769,45.72414705485233,0.13475226919220923,-306.88371054520223
0.8746877812813008,39.39760912326966,0.3707641734484164,-555.2095100988664
0.5019907252935221,91.78035296803627,0.3374409520125828,-664.9312766340294
0.9515333393806065,35.49830039408952,0.2091308714252536,-345.1718133448829
0.7218550734817186,96.18548453077523,0.4706579951194738,-658.1322000836523
0.029095177230204973,52.763562159240664,0.4137463320464806,-47.2163668119979
0.9606295985486062,55.60783640155897,0.3928811177484607,-282.3135537332185
0.5576837084817573,19.207132659045264,0.24411889970583958,-792.0301400964404
0.07996812374701584,38.87622033282078,0.35182273205065406,-139.658627604458
0.36651087953508615,35.75899641763979,0.17607017709140438,-645.0082441821164
0.4109331583113467,62.74881980543579,0.38227187587596745,-561.2747927113273
0.8357055963236256,45.58317198085341,0.4629620985706241,-589.7694212285562
0.03739114582942684,11.118593573288202,0.12603023194986296,-107.74620194673253
0.6451295847446621,18.168229571423517,0.3642919312555607,-747.786628052786
0.8897745652377661,32.395360175093586,0.39625798422764114,-517.3383487888796
0.6536734084106698,77.73873132584461,0.10294309030698612,-866.7483562394602
0.3882052498285797,97.63746352183922,0.10839772527716468,-694.9539572731436
0.46566076159150255,28.125072021888407,0.3759754694869838,-633.4949028134303
0.9198892782528718,98.76687605980698,0.10920271709765639,-486.26271454394686
0.08214241933587545,29.815367697487755,0.12193735402272515,-190.46847772735018
0.45071848010400234,69.58700573066974,0.20704443350644428,-705.864091249218
0.591984154442907,42.175114825948064,0.26146478632949066,-773.1284011031962
0.1258369566716845,48.2166469828993,0.25868277044337545,-235.7485371989619
0.6004615373098784,15.50327809847289,0.1018399015402348,-902.5952269691113
0.10148261087534412,10.391532618150777,0.24475584386910892,-239.87951047422996
0.9672684349122301,47.281351907280694,0.1723714690302253,-267.2443437041778
0.28621268545253015,15.203524171951816,0.1497708872858936,-582.6984312173756
0.4945553090783632,29.399879788715268,0.43243727779082397,-620.1102857991842
0.9795914576568855,57.442384109212924,0.13962171904380027,-192.0192667626262
0.2784119175523764,57.130823119349785,0.373289319311335,-415.7647306216762
0.482905581553209,33.28776193651173,0.36219892301669276,-651.3738649755966
0.6731480370508807,69.45211932303857,0.3157536490240119,-747.9247482350319
0.9069531440379196,44.33343419396402,0.40382314629826743,-471.0885296643027
0.43400893005853985,39.98552594347827,0.10225859157845343,-763.448705223789
0.3062102595184264,61.75250361606692,0.15409092609740724,-565.6162675276084
0.42094538032683265,13.88107333334796,0.175359453804766,-747.9266563407283
0.40867098356334575,41.8947329064694,0.22237499046481082,-662.6193251451551
0.5601241604712315,73.43061037584758,0.1379708318134675,-827.2783161798166
0.16709928198914495,42.29901412623402,0.4172109554341198,-252.63757223326022
0.06826167372855606,11.835813952174881,0.11406119073260315,-184.83126114763405
0.011309852159043895,84.56793081386787,0.11359057425748467,-26.37594043418323
0.2796457257062534,29.54226754343931,0.15026737554162417,-543.9259205756747
0.3221966038929299,37.088092820829345,0.22410342798855298,-559.934347092052
0.9588528139539965,48.47437589450536,0.33218749261794334,-296.83269613547986
0.2232052363136985,42.87862041785289,0.20221972834070004,-421.3872207226686
0.5438718583599992,15.716208246983694,0.4192474549228923,-686.213278721704
0.8612735868413717,87.33696743959601,0.131579855642188,-647.9207352829713
0.734086527480755,21.97308009489026,0.401582135118415,-708.7570519736443
0.0679886879835385,68.7237298118857,0.37719925544073607,-110.6955581406957
0.3751794564661997,81.32252118890173,0.1355028657292619,-664.9677354679475
0.6618689781762451,78.5791967764229,0.4398034254676938,-677.653129965928
0.016086415243675913,86.85064731227995,0.10567584957533334,-37.534329915689796
0.9442156354919096,51.786497641372705,0.21003520970045303,-376.6036923939843
0.23673132015984535,16.082535462251794,0.2182791323986104,-468.8129927446104
0.48729051716849403,39.00899119083925,0.27317050625136435,-706.4702332624224
0.0798094380397985,54.22146263815448,0.29482889350267705,-146.17348045656576
0.15774273805741262,94.35837662303622,0.22828492118499355,-292.6882368403505
0.34736270143152836,38.000126787124174,0.42485719272823863,-478.51752131509204
0.11935354067318231,81.8091695271244,0.3444812377591109,-196.59950361630575
0.24645263646135154,58.55662047139896,0.2510272318930618,-430.254228658598
0.49141171981085285,75.9716170767176,0.43714736596077364,-596.627377712837
0.5692239704991976,63.549828163780454,0.33560663908061716,-712.1915586296104
0.8267106872765936,16.41004884536037,0.31132103489467355,-670.2598287569199
0.2565995725238492,15.404460263246277,0.4929201429499458,-371.79540427171867
0.7786780520116482,64.96066156722217,0.13461686467516049,-782.1380490561484
0.9722269911907083,34.35815015669094,0.20043410285030927,-236.73655469617697
0.9217100500791761,97.67916689501467,0.474193180207954,-413.99231515199375
0.1388924610592764,23.735006267629117,0.15904840823354177,-302.53609610222986
0.43348178790189185,21.992736041562793,0.28546574113881884,-669.1795921841449
0.652739112539193,85.47410531456235,0.4234283507522062,-684.830854639747
0.07983044186465837,31.07385083646115,0.39077822326109557,-135.5453635779366
0.4017454248917513,17.95376162936728,0.3894834688181541,-583.9968478190257
0.8992221267241416,75.70464919799394,0.245033181632444,-524.5930190513379
0.8483177274146855,20.020766990438077,0.38588771675990174,-607.0482913770038
0.05680612503606673,38.12140990420409,0.29350712179170335,-109.01951660240351
0.7663726130542624,57.53069691229777,0.1643745743146036,-782.7167144712954
0.7673362042575127,57.72921460826634,0.4383101799585374,-659.7888273927535
0.0790644844081612,43.57489640739892,0.20542318364698764,-163.36937167845753
0.6514743460098237,82.66722972952381,0.16916683957814643,-828.8923055498672
0.7533465249305783,15.612080308986286,0.11149861903236645,-843.5563286269713
0.20867063006154477,24.114341577045895,0.1377277479186293,-439.03096990554735
0.7299736342480024,94.08907711130021,0.2242706419407345,-777.6007610756151
0.8575868138637261,41.04624623354847,0.42310850820446344,-571.4248648842831
0.5370953082993657,18.15653539689989,0.44432203809393067,-659.6237773245715
0.18310465794761263,96.72407011352038,0.21764370679872835,-338.891193514444
0.9281650991782276,28.879682970446428,0.4325937646119432,-405.8605313379233
0.4555398430151604,84.97742534482227,0.2049444729680309,-709.3361490960418
0.750827949548534,97.45490575071382,0.43709708463378305,-665.1678111451255
0.8031528566177408,89.7660111332788,0.10759949118688783,-760.4594852291817
0.6671852419673531,43.28278999952028,0.49201475571411635,-656.3218045737867
0.15875297407313801,40.90019911163496,0.12095546270999945,-340.24914276513044
0.9150713439620735,71.54402933514925,0.14305471671251213,-497.46035727662303
0.8375921530826276,29.619242451859378,0.3814188308135503,-619.3757065698122
0.5853028827473176,72.96812370226769,0.1259494917250685,-844.8972799379279
0.5537023229682967,61.86529582399647,0.133496482023039,-828.9741274224285
0.3343550119827705,73.49681418419632,0.15095266451508402,-604.3555327047396
0.9121332649809945,40.15698926826789,0.12326075420367842,-513.5463680467735
0.5370591809924693,36.87886131390579,0.39355857764602586,-667.7982357278013
0.5432691159012922,41.0399486346178,0.33131385314306977,-707.8312348277221
0.62122117681927,31.564522906059885,0.22549619934781379,-808.1920474202126
0.393928311251073,95.18710788325257,0.3866298863053409,-536.3591454758035
0.32962154291573653,58.13840815932299,0.3176159897114761,-509.3185549768741
0.769143234069416,49.278997534366034,0.3076176977337988,-718.0847508128461
0.7522614092763441,91.21438070043926,0.3028973628548811,-727.279485130456
0.5869559857266523,25.922753553847244,0.23373895528531966,-799.6671321515396
0.6651707363924698,48.06149324929683,0.4119986276843345,-698.9527021966973
0.6004952213440339,19.023916587267525,0.2172334035092719,-824.4361193438496
0.4586783074664612,52.996405748856354,0.4066149748982891,-593.6640906170308
0.8135655403868803,76.51922672919625,0.33389342788510956,-660.2129556731012
0.15320384602918533,69.81409875919812,0.4377021634583045,-219.86574009447534
0.7847503574489518,14.27894605348445,0.34726882329723097,-711.5350199892649
0.24541752702351402,34.11231302023238,0.2649741098008488,-432.7938109366265
0.1046863963724922,50.504653859767465,0.23160751251561248,-204.46165962890066
0.931416983272679,91.18262007819845,0.4302798173141812,-391.6451593720219
0.6084244451792228,37.70564153249534,0.11119220258091606,-869.6253806771978
0.615200257313866,78.65590430484939,0.30880144894274775,-743.7545486806313
0.9063095864901661,59.36533260613548,0.3789699816908093,-476.788547746958
0.2244498017810575,73.51427949098372,0.37632348949803407,-339.6742238599829
0.5099652289515246,11.269242047337263,0.4344195769695288,-677.0345344422576
0.9893876273143025,47.23789011193693,0.3865635397611318,-110.75662747017499
0.3813653019006199,83.58189671940406,0.1927807520785157,-638.5398405460045
0.8985701907579345,74.98502928698399,0.34839525632784807,-502.9280802226029
0.6870233883383038,66.4865900444917,0.4388024722165379,-681.1378364057201
0.6415442219641687,43.31585098105599,0.2851645226189282,-770.094143470257
0.14806558659759142,60.68886596318751,0.3783647649869143,-233.08615265568082
0.7649289932341095,10.300190612494166,0.2546843684002166,-784.31820153874
0.08721549277354294,35.146105547764634,0.10889989313080989,-201.23328473590328
0.17921195702795797,12.386854332451108,0.28399915173748763,-362.1476383878952
0.801422095913388,58.42876233936999,0.31757478252211363,-682.1931621632555
0.49213413082269075,35.71468438149412,0.37793964074410236,-647.0120472837696
0.5115884577713173,70.52391541643635,0.2939481343809592,-701.8893286028502
0.5423492225058908,98.51810216006425,0.26825483848379195,-734.561512184535
0.19268620383823104,76.56764774187437,0.26764262054254295,-337.48947651305076
0.24149867669884365,95.47123211509357,0.3572241024569489,-368.6847940123405
0.8904242835456432,78.34839703467098,0.3647372288257742,-518.8414241883833
0.5252114890167316,96.55414325421552,0.18452406427172285,-776.0761204694351
0.5394291360598714,66.9381817901455,0.40696864446030023,-650.8365090533318
0.17827874051936982,33.07033680965962,0.17790280397539815,-360.617524434626
0.789974426588878,40.35769306863979,0.2775106042401555,-714.1442730472518
0.7347474584587076,10.828909179676803,0.46265179023868164,-705.2476375694546
0.20596001856948107,72.60832749727976,0.3915403261403043,-308.2132474244762
0.5210589436126001,55.25202266514967,0.3516285705719149,-675.8839741265963
0.8833939075654116,36.84676269800269,0.22478633980297869,-574.6600709267301
0.10334384212878664,68.54071393403939,0.13034142319394887,-222.36794914704754
0.6123719662623947,47.610371602720456,0.18363054695626044,-823.2794362779498
0.6176833454911782,91.01049366647197,0.48191356270981056,-641.1725331815807
0.07788420628755227,43.721028326597555,0.3348152458789899,-137.85563573032195
0.698412495382886,12.970879612565637,0.41243124498994455,-733.2133111573767
0.08579231778885965,30.43570372060803,0.11471010690360672,-199.35568029590934
0.26180578626346646,49.10495417313091,0.10400355507152148,-526.582043913546
0.9121288160297585,27.48618028788078,0.23760980835052103,-493.10393994764394
0.711669350120981,57.45850902818896,0.40952995913488244,-695.2847798153787
0.35928103910605613,71.69591844626159,0.447525480089359,-467.25193050447774
0.3829171633751571,73.48257483450308,0.3196122547275698,-567.1274707882998
0.019380664787883625,14.560707579406294,0.24605228198751636,-49.29603435423932
0.045421324482327274,88.03615657507956,0.10742915534046588,-103.03795475048756
0.8754215340944175,85.34372092335471,0.448162779530615,-528.6785962457595
0.11895133031738647,95.2600762697647,0.32210883473800445,-200.73082420326025
0.7647587901064157,44.405229246265705,0.23381207598526932,-755.7010808740255
0.09965468249067348,50.44122991407152,0.3587518792179081,-166.81933195375728
0.5679486311022879,20.480583684875903,0.3466831546654419,-731.2998563262512
0.20371249103276118,35.62755141957816,0.1372624280747551,-419.57875367473804
0.9425283070316715,59.34434988520121,0.4494674480659876,-351.08047426855694
0.965262301167281,36.21652708832638,0.22020856439751052,-275.04722599403584
0.36124283331382134,79.13508789323751,0.3713918220616006,-511.962880285595
0.8151129135892358,27.529497391575177,0.3991645373664827,-643.4748734186833
0.29006789734514565,64.47364672236134,0.32636970290903605,-452.87711646667225
0.7442308482137767,23.4975054475832,0.25558744464285177,-771.8076946198754
0.18304908537363287,48.08842388665677,0.2749108883123774,-325.5449473575067
0.6367706495011805,93.392498234931,0.15928353304336926,-833.2773266375898
0.9468587398147043,30.36312908941147,0.11412415062631559,-378.9175716906306
0.18919740612550315,99.5846185687647,0.38559985611861847,-284.4926529710181
0.17101326231516492,12.30908399826819,0.3278134911382209,-333.07473811576085
0.44722871637362055,43.95955428248698,0.3495664299609139,-622.1964431340142
0.9495845102760774,66.78994745237884,0.34415675410041047,-336.4014797641066
0.44608068596975037,11.14703622352635,0.3237597617467176,-697.1942119270404
0.2154479469580551,73.70863538579407,0.2532844741955006,-379.21745036032524
0.03783252633361512,48.070746461398734,0.3731446959999666,-65.10338193911055
0.3660488253089958,67.97067947602494,0.29408122192425323,-563.9710722670347
0.7315284347859066,92.10165730224813,0.1806823156827938,-798.2458964754527
0.2916439546816863,48.65713545195538,0.2887799237133054,-478.82278430885276
0.45094489261807114,70.07295235399813,0.4028801820979405,-585.0499636262643
0.19173298469881747,82.53822826962022,0.24291336390194124,-344.8033789604763
0.7013885420693481,15.95203983992891,0.11578074883287846,-878.585268356969
0.4413477396510037,11.644075261524652,0.41073034876282166,-636.0091797028329
0.10127363690004414,26.562671805013945,0.3247525349997832,-187.40312843328294
0.3345858882306162,19.749942880899148,0.2789030264086818,-567.4486842786073
0.7186540995689115,61.535129570989135,0.36621219881984446,-714.8584995812456
0.6661084489088481,58.66882322736534,0.48913335605926644,-653.6912958311078
0.7582572538394151,97.84139338001152,0.4982659506057009,-633.6686427106451
0.8997207859108429,20.12893365799323,0.32560226645798884,-513.7258162172773
0.5195597833124539,11.615967613383926,0.1871741788492982,-834.9401969014808
0.14503116677324465,20.155035874655088,0.2011147513245294,-306.59029651835834
0.4888386806622805,16.055903322512393,0.3264268092479219,-706.4819889450818
0.014059926443166573,68.08146720083472,0.2642061520560802,-27.882167925307904
0.5373413441761775,10.816031775669435,0.16707972790039186,-862.7983044281013
0.9156481692556553,24.16753312127555,0.23320175418799735,-483.647290313917
0.9736894746504247,52.98048398738179,0.14034059015676337,-230.97987683716326
0.9645780281377159,32.95249623935837,0.3197574655383283,-270.50797951452694
0.22392202153576682,28.22481038811348,0.3576168125612037,-365.3073046650539
0.6796072872665346,53.652038562950565,0.3632272216716633,-724.5063119526192
0.2996862794704633,43.52233748092503,0.431137143583192,-417.23834651658024
0.29975443282225883,86.42315781368447,0.16050008796561063,-548.7338645402622
0.40156226208287993,18.041085692347618,0.10536744773278711,-753.8593092536981
0.6526346188105392,13.400774304346413,0.4868455678498994,-692.6643327733306
0.14592753209899936,97.83426601368129,0.4792448303929193,-194.20321075892997
0.5816395018285787,15.496498599862791,0.1770861579961423,-852.5490796310567
0.842020757819666,51.182616781399105,0.2078631435445331,-665.1938010704424
0.6326219076171699,75.84443046999155,0.4351858230813891,-674.8211690082704
0.5094586434229584,58.4072717276492,0.35415109862607297,-665.3587821021175
0.3056371678737916,13.47053722698325,0.41707793872646237,-478.0323484860451
0.1826726034368693,95.05535267164136,0.41670956454630015,-264.1821697730256
0.1625461385442256,62.03032672775053,0.39337092315460476,-248.84234109731784
0.4187962227243598,19.467057512623494,0.18052596771578205,-723.7562882033302
0.6907589568637779,41.375933249732896,0.3264798857216148,-746.6951830756534
0.43441756546053184,46.862254669281235,0.2961940327038909,-641.706182697551
0.6548764781920129,33.24931480726182,0.4624455601608266,-675.8765244284319
0.9675381065764341,11.877195619942091,0.2581003063194349,-264.013785174777
0.9385992457277894,79.62045808432605,0.31730176118952214,-383.5810985354464
0.3226556196543229,21.142320878533738,0.44507449668849075,-458.60628853209977
0.4374155753024554,52.52919328963066,0.4874881293294918,-525.102128947933
0.1290181086953905,62.55435517543335,0.4550618047573336,-183.07296918771536
0.366817626247593,18.52654079802716,0.15115179407545978,-683.6907222207765
0.789214660733037,41.98547229629615,0.150530913725324,-767.1734004967744
0.8374542577133239,59.52941532762374,0.4695365390846704,-583.3744939879792
0.06372918580002858,66.24931169233398,0.16814460187488103,-135.35894441951967
0.5430298001959685,16.11221063381945,0.3541836418559212,-724.7121314541774
0.6962474052371278,12.029371840296196,0.10101912825390409,-901.7150415185057
0.6273516001579658,13.810409028555556,0.1900018145415562,-859.5250814167739
0.6888871636451689,62.18968504677551,0.28167185055608546,-765.7570100531458
0.9681773059007168,48.06573836852664,0.2624808284918665,-255.09561346356261
0.12067724300595029,66.96910678550242,0.1661902739608596,-247.57219339260757
0.7153359700837199,38.25154769657095,0.37633788131506596,-716.5733670528842
0.8316034492530895,38.274653647238104,0.2817267110909274,-659.8181917696963
0.7990150290502113,77.24080027374782,0.35307083416040297,-668.7120693248653
0.5945075522319871,13.784874056625027,0.2258480371282041,-833.0663838809604
0.7386738871471727,55.0604979709226,0.28238515167660416,-748.8822247452661
0.16008685463451097,49.0690700300407,0.3195555454085751,-273.2106907363556
0.6235460423110372,26.8703974676639,0.111200411429714,-879.5504582765672
0.39806255077215497,39.15211648123899,0.2893745056106882,-612.508666416638
0.7117939123108835,93.23656315960223,0.1318379131054769,-833.3147382489008
0.8231435334364853,21.420830209085214,0.36312830602299173,-650.9972216801331
0.49587719566699917,46.65452116534312,0.2600723070408759,-717.6640231015631
0.04344309464218141,77.97749090780823,0.3242591413187945,-76.71644514649397
0.37018788940789704,14.634173613243174,0.11707749103515637,-720.8856529145165
0.5271295345732463,29.716939607363443,0.14864081788955238,-819.234681802935
0.08159731374481466,70.01923439990261,0.4091390743861165,-125.79148950803032
0.1029579529142342,94.12485823796368,0.296484468536584,-181.00430710274662
0.2319967357954532,77.03778447710368,0.3510699787151049,-360.58987548036487
0.8519286001973037,53.603672767768785,0.26092584199791685,-629.6793744873929
0.6303260827548325,22.989668769578408,0.37681585305674237,-730.114920706412
0.7291502259112762,51.37069277337788,0.14445378051707164,-822.4295899586482
0.767717411361131,87.11743002139521,0.2631319861779413,-734.5220605219727
0.6518292472705253,78.65648365915304,0.4994837460726601,-642.3354822312058
0.5999253897262237,70.02263248137379,0.12566080970067764,-849.841739269974
0.5385197997931439,67.74758341275394,0.3592377296632311,-679.7031911568426
0.7522867715598481,19.59906924246407,0.4925401716412442,-660.5132101156006
0.5954310260520824,62.643379044165705,0.4656534732642498,-645.6568655155969
0.49649499039716694,38.12501469973782,0.30202741384330556,-696.1337327261307
0.7509044587126195,68.32867690610558,0.4476559620793723,-662.5546634556181
0.2609664148889868,59.64892564662054,0.19529627044581288,-478.1491511685245
0.03744560929634746,91.19406391610444,0.19098275176420013,-77.82089355853229
0.8859858974021757,90.74454443581435,0.14949108198353872,-582.7825260601319
0.9602621557390064,92.22967731450443,0.2320931629704362,-298.6512119260661
0.6807682439941811,38.69206588607344,0.11713994199741702,-862.5428020984193
0.7839162639037232,76.0455227961221,0.3866121894263801,-668.646070518128
0.050650758785694416,26.994368859504362,0.4939604167839845,-77.79493633746087
0.15770626510362212,83.30808245223653,0.4638211707689248,-215.61041596218578
0.8660541935555128,66.07875965585177,0.3570031748549374,-573.0295315485126
0.4256470201121286,54.636897286299735,0.4803289582088385,-518.0765166049687
0.041123939856208346,55.458521378987946,0.43889339064821775,-63.168280112162016
0.19293975044492276,82.3606758489364,0.19494987103240133,-365.39293238113646
0.5672767012355737,34.06535827156034,0.4916458021996296,-626.6126658297882
0.5179612893984593,83.28098634969757,0.3409719413545878,-675.2224049184953
0.2359519088759261,39.96653990584786,0.3855773344374748,-360.75734016170617
0.9634762997094305,56.3120279397146,0.4554271014389194,-263.1285527455247
0.7455631833179575,46.8250119206723,0.27019882247650817,-752.4179228899205
0.7057147108266233,20.61662634750663,0.4180026226330126,-711.073522527049
0.6016255145687956,27.559116793047437,0.2477490766165408,-794.0608005359202
0.7663591909165817,97.45223536403469,0.32260745467965124,-708.4417836293474
0.12843523293723122,38.098960258145624,0.38855798250393003,-207.6005108986092
0.8999545282772962,40.76268906479661,0.3616541320258061,-499.0469110882969
0.7978795784520717,25.06892728564819,0.11109519152091557,-779.2856834354886
0.9335216326221638,94.81662732453896,0.23445993902665668,-414.88953742650676
0.10865663579660656,56.45190948157506,0.4446320556649137,-158.9718823306171
0.014197370355044384,65.70213455790461,0.21215763363165038,-30.045569811580627
0.7811747988939397,35.42289510904347,0.11602345088652327,-793.4397210472399
0.9759209532662163,15.510943199667526,0.3969249734959356,-204.36125441158634
0.7328064700915337,85.43787163896081,0.20605430071228434,-785.568096728168
0.9215421441090854,89.31646132440265,0.17623745792392465,-468.38857596021546
0.43725043578319944,54.34620724284711,0.2385011024805883,-677.1899706833457
0.22319218661608448,91.81787085783756,0.21187053769859543,-406.81486047021923
0.8960233686068662,92.58502011131017,0.1966760132273503,-543.9837007985764
0.013718831345652417,93.0272440885783,0.15462810696708604,-30.340899085733117
0.5793469540344057,18.70435988790925,0.4558108779399529,-673.6521421934722
0.6844102416107557,49.04498352595534,0.20983125248896228,-807.9787689988235
0.0572520846630042,32.61771301375143,0.13553071014698803,-132.9067379500284
0.9042085825099121,18.130924312635827,0.22310868507972492,-524.7391927923401
0.9072710881648348,63.69206623705322,0.1602573770076101,-519.8411958799264
0.947966516334781,65.55712130297522,0.49109902514999815,-325.12606717754807
0.8089381827680387,50.31467990233401,0.23418650138281505,-706.9842507237631
0.4643169563679274,77.43796177782984,0.20821405896243378,-716.3137103243945
0.5426841040624809,22.075753425761107,0.46780221803499256,-640.3176764233122
0.7614040439903609,11.581508354835542,0.27439878486504055,-773.1412475441603
0.5118671065900977,22.523996646688893,0.26918515422162337,-743.3556464174778
0.6043788916677073,96.22984068950691,0.27004981449796284,-761.8561984965393
0.8406770248724869,40.75856897331762,0.369435888240116,-615.4327342583292
0.12089093942446057,56.30621792959778,0.3569206339936075,-199.22206008638364
0.9019450646446996,88.57229580014904,0.25052502122115944,-515.3024701957783
0.2529622035418578,69.25943267057853,0.14329873578285335,-488.38055345606944
0.032984958825892606,17.62012477636433,0.1279204902021176,-86.6518131598968
0.03380611528484761,49.70950856290314,0.20381402857721,-72.01851136271901
0.8834362940384932,75.78757635737082,0.2480405422257086,-564.773453425511
0.716732348744489,51.74542176103934,0.4712844521116004,-664.038344650098
0.8667308235827237,18.98059979147782,0.4812380086449054,-547.5584794477846
0.5267962630408914,21.29236126507992,0.18134443933673708,-809.9080683238845
0.5659305232260133,11.775826050066307,0.1974081115881977,-850.8167039595497
0.14961367548135315,43.93689827394178,0.2304684917311915,-286.74304168775524
0.9430906728621589,39.390553223988086,0.44182240069311873,-351.2055920803201
0.38273184264957205,49.08572510273284,0.194324354703154,-646.9503916197706
0.5398680194260383,81.45404018266419,0.3360016420057118,-692.8713298952821
0.33071198281549635,11.041663105973466,0.46447535878283464,-496.54547234055644
0.24025278733333022,50.01786494767588,0.17247839640252421,-459.2383918380908
0.5215662960138409,92.62938571239935,0.3176081678082981,-691.2179528515252
0.5139893960914989,57.003271899989144,0.339986530710112,-677.7734271173815
0.9708190605197282,24.248650291161386,0.44172168353644037,-228.97850352230284
0.5454237684189034,47.56059638311469,0.19930537005887916,-787.9673731026022
0.7886975314912956,49.09494893864456,0.32335959093757805,-694.3515188419735
0.7918623722016307,38.016448297291525,0.1607143580471786,-760.8711222826823
0.6447936315454184,20.56709828185139,0.11267514657883773,-886.9613594078754
0.27849746083494253,35.32557964072164,0.27975929070717187,-472.3432825296578
0.8575216232765869,31.665263185341974,0.40435087563131766,-579.6222717465091
0.5749540878962689,18.755695886861695,0.4249270122924419,-690.3282730590589
0.9007570473752512,39.15133572461173,0.18858058209792217,-535.7947555097428
0.06016966274337131,40.446136627624824,0.28274513205644836,-116.01562884624458
0.07384870431988623,13.662575545963488,0.24590679185977612,-170.3983537768615
0.770593922748435,88.16027986123744,0.44306643333469375,-652.7290224062781
0.1295852097214042,94.64454946119386,0.3857658366882165,-199.75307918775871
0.38984363267362643,38.36745463716096,0.3545988269680529,-565.3512547787915
0.22991805815544605,31.796474646654165,0.47134987380273385,-320.16757277748314
0.491356819165031,98.4533729106053,0.2759297537576737,-694.4642416250089
0.18475593200206342,74.69793555199912,0.2535076841859954,-330.5345593792853
0.8749688922309848,27.80526770876995,0.36369342682027683,-559.6470098771408
0.9325989097649436,65.42360251937023,0.32712826401576006,-404.60686115735353
0.5777304095672025,22.233073516813164,0.27487591867263755,-776.299642392146
0.2011038999492712,64.37572887179758,0.15172367881589574,-399.0872061417533
0.6977013268972587,73.50689711058395,0.3615383413104346,-720.3624007718311
0.7452846251471225,26.87247797220115,0.3518769424910313,-722.5840353835559
0.35564012751420093,72.45104334710365,0.388910955844889,-496.7116351135924
0.36447560032924,29.022634820722725,0.45262804156542624,-488.65783888759654
0.4321314505773486,92.20497825223892,0.34633529657174356,-599.3082946878179
0.06034012363002624,98.9671226382192,0.23967758996500602,-116.24033699024605
0.3987642940783982,44.849584033839164,0.3416193733859484,-579.0542538315065
0.27320809664703305,81.00915464347332,0.12943082819628132,-525.2928289096707
0.2729402742452824,54.80963152576724,0.17618948857253566,-506.94712584785555
0.14848236378540408,68.31554306455372,0.3033418150986964,-256.0572339835207
0.448268932965276,72.30897300575796,0.21134107549978443,-700.4109814361913
0.4240575026251564,97.30614271537944,0.2949334203456203,-622.2556468644557
0.17834708446122294,38.84795090322808,0.3389817230988086,-298.4157024636993
0.28717548472597315,84.46130421305152,0.18941438811552547,-515.7339820727811
0.07054984641007998,85.59096759977551,0.35647459128895254,-116.75615597782175
0.3366860839450755,48.641531185924435,0.2133176776050707,-579.1285608219691
0.23340292601975596,38.079098492536204,0.4904021101175673,-311.5989468770857
0.5179536943569617,59.5750962760027,0.46296615632571614,-603.3064798209042
0.24356422599665395,69.10398401161957,0.1358927816725093,-476.6186354041676
0.4645940435427807,56.729401090994365,0.17921700779346167,-738.7388959126449
0.812546521534021,66.22117347631149,0.35650662244135445,-653.692667014912
0.6759677797396237,45.38588864519749,0.2449779381677126,-791.483563289674
0.444800161852224,22.4914636096577,0.3093439381086366,-664.2621174225967
0.09890527843695801,72.2484186544975,0.3365524480668809,-167.15396080299064
0.02298776375565221,81.08113886603866,0.19528561555535165,-48.400347755078336
0.707447201684135,63.955639740714645,0.2597779949315798,-772.3110510339162
0.22447454009237436,69.12465832229455,0.16977318680945475,-430.115505086312
0.8581398552209777,56.89820625401639,0.4546997220671728,-558.6876376424375
0.08957754661936067,45.31215748958303,0.48935958790475065,-125.4598354569166
0.5526372065640777,58.95662066226439,0.40039663752677723,-664.508176434856
0.4832740660597319,66.37832493538428,0.243717135998857,-712.3376423280012
0.7660371140851134,68.56799509982247,0.19108761706316543,-769.6673692876615
0.8854726093488741,31.470079188184478,0.47630643828522734,-507.05560733940433
0.34382255328937067,14.449009529901407,0.3333596657178761,-565.333827436787
0.04660224798487339,72.70826652908613,0.36194850482822105,-78.27488361523459
0.1898218969298373,49.76096075556296,0.1370061716323081,-388.62642386470185
0.14986472751748592,91.03731475642489,0.3310427395808032,-246.86519094819394
0.10066095368017426,35.31692743361471,0.1471137213885419,-221.09005639313978
0.28308134624556575,23.74096034335838,0.288753556870883,-486.44880898165206
0.5775984897162506,63.35249974865142,0.19787200281292844,-800.0218881558441
0.4258189464423439,40.24368256960395,0.21135302961323946,-688.1994382862963
0.8539274530751312,33.44196173905375,0.2630006654503618,-629.0856116591773
0.4702402887182807,46.43630408893606,0.19658744806267686,-736.390147807966
0.2918331002790781,36.006322719276966,0.12965227761495066,-567.575683926637
0.9358226475445114,27.103426810861098,0.19461611697322578,-416.1312642391776
0.028896734598279426,44.3267992023076,0.19647646082205342,-63.03351137023157
0.6436827947594579,63.55252463133899,0.1347026802031361,-851.178382352437
0.16387257842984596,45.90085167737529,0.3997639594325243,-252.73100301134812
0.5017940427679074,84.59668832743095,0.4516228619436109,-594.3849265575695
0.9144675964861733,62.018355520610875,0.3360843851008904,-462.2830869516724
0.20012438889891937,14.240278627105617,0.33564785862403834,-367.8748070422303
0.31254208845092957,99.71281698322731,0.32156291196550457,-479.3418175996348
0.34877063467742825,49.44521014393613,0.4243391042193535,-474.7906266442368
0.9410976561002237,96.36170275875172,0.1704085790236111,-393.96063913471573
0.6340225998559431,77.61027201585573,0.3210479612183415,-741.0311189180197
0.26094135845352107,88.48079309864306,0.4464068179923081,-352.54801450175665
0.7318991165414002,62.05363205887496,0.49257200857438,-648.3753539003604
0.1897136417167725,78.96027412806181,0.29969743774008895,-320.20923766109644
0.17751408916665645,26.85312331631063,0.3157988462051917,-314.4028951371377
0.2580200282628271,40.9602462938158,0.14112824567077933,-506.18961562266844
0.9356980848195586,73.93252908124776,0.114149180817877,-425.08212090354476
0.23273040703079634,56.49189950739629,0.150578617043046,-454.89332958205193
0.6690763377512695,42.31956494676923,0.30856904179373157,-758.2115708630926
0.5141079841142611,43.411359722249706,0.3772174271369205,-659.3459256784253
0.14926586036195735,73.21619647893019,0.4599783364273392,-207.00113533122777
0.6973030198496107,25.570088196390422,0.11341047623411847,-867.0438650468608
0.36770362314173743,64.02417478855313,0.42414837492198487,-491.295611070743
0.8852571696929187,94.11985754808879,0.48330295466349593,-500.03532292493895
0.025252107189460832,78.81366533932847,0.16220184896795442,-55.163620492083524
0.3639775329157839,77.97632494629907,0.31257887269379864,-549.1479916978045
0.3840741449502562,50.02574837967175,0.24419043643200833,-618.7514981076072
0.6139875241818171,92.97637946015044,0.2114411494811495,-799.5104911393361
0.5824504825298202,98.96036913115765,0.2595022098729106,-760.0765503153813
0.7005248367121374,86.06930520387014,0.4495239103615497,-672.6251511370036
0.9615941038364794,69.97908869498451,0.21909085240771964,-293.39934001793245
0.880153170811722,79.32895707606201,0.3521963126101517,-545.0460259874856
0.27643670612362603,52.96117853562453,0.18555748760441731,-508.11222985665023
0.32565409737650564,56.097963172467196,0.2445177428499372,-545.0234470471089
0.3356152364518792,15.166551417714121,0.22109891068275278,-614.8765427912557
0.8277357235856829,60.88502152856043,0.2696703648305603,-666.1603334922297
0.011140055752154002,89.7545549109121,0.475857827729806,-15.947726992534182
0.1023618539051545,96.95602892164862,0.41321238189260234,-153.07684620193407
0.09611620541093842,40.80579858359296,0.10802051494682474,-218.1772674535122
0.17534341223919425,30.806430548609157,0.13354949787390838,-373.08873240427675
0.5529533207115158,31.74565643888676,0.25390762856151217,-766.888859185902
0.1581878130951361,93.13381184921565,0.19769629792366256,-303.7051126714962
0.7970264342963902,50.11926604173995,0.4494349960421945,-634.96867376279
0.8079980689297201,38.94280991019589,0.11491465184984535,-756.857690650879
0.3502141696474668,76.95574306999542,0.2567646789083362,-564.8742443632015
0.22039473029511672,94.83030977075201,0.12331603555988396,-440.03413642435044
0.15091800594995308,92.84184365029054,0.49618276563644226,-195.54926330235625
0.5349728522812481,64.69404639624342,0.2506842101134644,-745.4185219651837
0.4872476169069589,77.21967928998075,0.20842099418442978,-735.7006430124051
0.015812611900976593,89.46440603711876,0.3549591132646016,-27.176338836189622
0.3115485836327869,95.60644640571724,0.11051118184911851,-591.3830472557587
0.5007854788620899,93.47231046586384,0.2006271692489365,-749.1641802250696
0.15966928762359084,57.49114602815822,0.3427732971330151,-262.6079987813397
0.2796774503078249,96.06425776341045,0.35142645441673837,-422.0635810057837
0.7348747547785431,97.80179087658755,0.11735211801761891,-826.6236136936344
0.3870572570534801,80.00609278901175,0.14811989125431266,-672.1294539878477
0.1769520336404154,60.54303222883603,0.4720957829037874,-240.90684965906607
0.7896809473875349,82.7293782950283,0.33583818043027175,-684.3857883677128
0.6335796886165204,79.69779504341234,0.2914471695923884,-757.8457946607651
0.6242925435301387,46.90669579431662,0.48654705747105353,-648.3596332900584
0.08990912137608631,84.73032821508961,0.4672502539026183,-124.86869887970518
0.41169142366385136,31.3748402750497,0.35742624088098185,-591.5641930761245
0.24785778658490948,17.27128340078423,0.4644179402068861,-368.32297214936204
0.5947135025622982,53.644366342671525,0.2902355742802861,-752.8616240021581
0.06510241274313369,63.958955175231594,0.12516087931129297,-144.90936566335674
0.6728294443172949,31.71222873700364,0.4121093177480949,-706.4293693842354
0.589351203551175,53.64969120747842,0.30159925410011545,-744.0214932755965
0.38525570464870007,13.597490762670915,0.31464561050486717,-627.5648713391656
0.41425394008831795,98.15992170848384,0.3594750659590161,-573.1441058479055
0.4614784830195679,25.550616206589776,0.13171835744853666,-784.5232148454
0.23551324207378863,64.26419474317257,0.4485818899402132,-323.83907907186443
0.4527646106685839,97.71205067318729,0.41873200168353664,-573.2622290390784
0.4180566677223129,57.25732414654564,0.2542637235410844,-647.4018855254574
0.7084168102123131,37.20746289377722,0.3163146599662854,-749.7079330804221
0.4570697116285248,30.751448845593345,0.497847979019129,-547.976354311456
0.5478510085381549,91.91312731766851,0.2505280817674285,-749.3043566302567
0.48455420841799374,19.315968309212387,0.4880171508286977,-593.3333136108085
0.6437160582361223,77.03749024797219,0.3969078586229776,-699.2399473629146
0.3158840197705144,86.58751465740686,0.43748153262369405,-422.45057643576524
0.07557531665144034,55.536552215357844,0.49355946176400856,-103.95156708662327
0.2453701035186096,30.546548387413587,0.2312957566024707,-451.2196529509504
0.7194650696977946,85.89952152670307,0.2923380835094779,-749.0817834972552
0.25766524951261055,47.6654724794906,0.29100097175110395,-431.12770799101435
0.7786099734469822,21.65616255726486,0.4785078386533549,-649.3200762181762
0.33117051953076504,72.4967933371366,0.27090102677961597,-533.9217126969824
0.10913747659335456,20.854344504644974,0.23048771287879127,-229.80494355285404
0.2177581419686713,73.29000864616052,0.21383381314264305,-399.6123237113717
0.7011477460354185,99.54572601138341,0.127566798551694,-839.8618183518341
0.824969098090129,45.73972307768165,0.4026467940343842,-624.4795710139745
0.9006328909871386,15.543552578417117,0.38808303500023433,-500.74907509058795
0.4456804994316047,40.64011776602395,0.47139056317502825,-547.3825187913196
0.675662918586101,38.500648204099754,0.10567679540007427,-870.2677816167586
0.45246914041568076,43.703168092733826,0.39288022321243865,-600.2936142208553
0.61040358908593,16.52832916388456,0.4325976090153746,-704.8721562325862
0.5387479249286533,43.9817553633169,0.16659272869483388,-805.8760031653319
0.5868028887312964,35.65248862023597,0.280106518377645,-763.359489699944
0.08813276070637022,25.58069659773859,0.1389362802518427,-202.85898860363787
0.03983607708093111,92.76458738408992,0.4285752461397174,-59.91885538237479
0.4007958344752531,64.31703645678178,0.11162387166320827,-712.7781659268984
0.6196393769130485,67.86885038228354,0.4216414335228751,-680.0802082093323
0.2666143546522453,43.621443177499344,0.4273378925565233,-378.950706184158
0.2875378471267525,84.871740634512,0.38168869639331504,-417.96550768875045
0.860777908738162,87.46486314601685,0.18463320597344138,-633.1556262362038
0.9677493384747411,65.78818516313282,0.12770658739491272,-267.508426856986
0.9309846559903806,66.14778741891394,0.18906111074388182,-432.41031524651885
0.46672763447367643,78.61147928175748,0.46254867703945646,-560.3959724964996
0.6579754905675349,43.70427882465998,0.3694821083542613,-723.5701435209652
0.8207873944073933,56.09683849129832,0.24363380816053415,-686.2825092281655
0.7451780591609609,32.764096018611994,0.10869602250843285,-834.1594906565624
0.6054362550070781,48.70168046022896,0.10696091206358363,-867.0370423908347
0.09381299721636534,77.2970228653412,0.38974852571351504,-147.1748872157045
0.0964810371633634,67.08544730039398,0.21073852992156403,-191.20999385266273
0.032251028920288846,34.563515014199325,0.4725631770185925,-50.33444755962732
0.5048137672756854,72.29652289786955,0.4797646438201022,-580.825466951923
0.7563885325996189,54.165367766741205,0.32340565526989185,-719.1525821425373
0.8257196128752946,44.31876753640493,0.3739517385037303,-634.1185040130121
0.53602518509031,81.57985833362838,0.4192455605775288,-638.8339719351378
0.2014321920668501,37.28946575311522,0.16620769902112909,-402.92766341587617
0.5023348196616594,56.741717292829,0.3876422517189243,-639.6907647241032
0.597399525905189,33.97545518533919,0.18281544520884718,-826.525450952992
0.4332645781556717,49.455365402074534,0.3280960002199057,-620.0397924410345
0.8623258815724462,67.61127643696685,0.3710442943998389,-575.7314949320383
0.5795696140795272,49.24864185169611,0.43024244142159795,-663.1469197560134
0.7103790908077142,29.178241998575228,0.4186603592142313,-701.0772912190772
0.8027984089840982,42.78346313937667,0.32158287366499194,-681.847583406647
0.3213401325965686,82.24748783808528,0.2279708050511427,-543.2164775770494
0.5583695620227298,16.637941056245253,0.4919037151230127,-646.4794446512241
0.6749836260138974,51.869071337196715,0.30949056404866027,-754.4907845412109
0.9265884064300999,40.785924264782906,0.3916928380068806,-416.07103240197455
0.5585754902072014,42.605884558811894,0.38053297470090863,-685.3600258774591
0.8714459523536701,29.26457955944286,0.34367474511406093,-571.9521987518896
0.6263518605594441,70.08011395341737,0.49480685075123676,-639.0480648835629
0.13938306046318552,27.75151189805076,0.363597463860979,-238.1091682180404
0.3799067216599637,11.455080512725287,0.4886640536496937,-532.0457190724484
0.5920826356140085,23.78017639820972,0.10927178153369535,-879.0399764946669
0.5452891988049634,38.50059263727992,0.47770802340130003,-619.8002367170618
0.5494859742874186,82.68270748104203,0.3669327177574784,-679.3433978304977
0.9621679608124762,24.891729522846276,0.22844083424078937,-291.9712420069476
0.5152065579464248,94.51256684095547,0.12830936076354452,-804.5631731012868
0.5391695492175961,11.124272779786038,0.17656208707274867,-855.7278237263082
0.9195157047196848,39.03035097014311,0.4059356219269463,-435.8131095785903
0.20115949393463964,24.007784763206384,0.140774833455745,-424.58758559093906
0.6095331938389963,72.67556076661087,0.17753759551579346,-820.8350144842987
0.8476982621387472,85.52653891494488,0.4145622092849014,-585.4650969788951
0.23749444051793522,74.9125012356548,0.14630278268198396,-460.9618032515604
0.14009456653985353,87.38471508360882,0.3742129496689369,-219.13603325007364
0.13401667322934654,44.985389757419824,0.12378652832175781,-289.8939325660497
0.9394251488274491,94.61625622872543,0.31767964378037805,-380.0837297372896
0.07106262471991048,42.79391945040407,0.2342533800679504,-143.174140096818
0.10289348096193937,28.74345437370271,0.34156840007081346,-184.6206220717377
0.20488267908492602,72.72475356574733,0.169334442353729,-397.0110565170574
0.458913028539832,93.16092786906061,0.46643608970600825,-549.5657121952544
0.772621527951157,15.518030574081106,0.18193551247010267,-792.3100751980313
0.10325809284255442,20.51153073460623,0.1743298434716262,-232.01375134079422
0.8491549865462428,88.17744771524029,0.13258780278079466,-673.2221685007655
0.1870400651607561,89.44272099521879,0.3548998025752127,-294.0249125545357
0.9396412420114041,86.40436656491399,0.433324294039247,-363.04316140987237
0.2927548148802302,23.609437846386243,0.3774717653297809,-454.0717566680524
0.30299005828638265,59.910015184225585,0.12264749002392868,-577.9732775152195
0.11336736879130316,84.52804971754472,0.21033786261927281,-220.64050744264665
0.07277494839542076,41.85569350104005,0.3895958426428724,-120.53674298844565
0.4978711710778651,73.87506069791988,0.25228189545141766,-717.1987939012663
0.8496934132437222,71.60946926609043,0.36237313249937697,-599.8428653055316
0.08683718774429496,40.158529224255574,0.36302385250433855,-148.28115780669611
0.060310630247937785,86.69564445576114,0.17727037427789338,-125.61123277524086
0.43405802479302735,70.32976062096421,0.32980174950629176,-614.3331700467737
0.42132441389984254,35.95253730655316,0.3952852599145542,-574.409073866076
0.8507079648996663,61.0120129348408,0.23768307308541423,-638.5125849912515
0.18615485555108266,49.92569860246787,0.4245347033575897,-273.341876938959
0.7847472333382766,17.432886613029712,0.14458148512495989,-790.9225265220733
0.3061022217451953,49.61911199006812,0.2288015071268268,-529.4596794166746
0.057111367137923474,32.34120756251921,0.4327791283218033,-92.78143689249688
0.3667468040820368,28.964147989431837,0.12380420581521463,-681.5956651503111
0.39887731161708473,11.873174192951334,0.47520549330289186,-555.9077321377383
0.6244254074701294,81.4324138454303,0.35372166150198014,-719.4678422906175
0.2544025895296853,95.35478337967767,0.14852119931942262,-484.78484956989695
0.023608736220396356,27.861110911507012,0.12649707176740105,-58.828886832499904
0.14310615325440507,87.54051067851834,0.10532657079281282,-305.79415514051163
0.25242722155631636,30.29041448841611,0.3603366496912438,-401.46774676233696
0.9327563880777476,70.83887304798918,0.49503815957333486,-377.5881971194337
0.28291507317380354,19.791508810611326,0.1595402339596407,-559.0913688382566
0.8935714965896177,63.94422644655293,0.1892595404490861,-553.7210996872384
0.5809930943572074,67.44755927487151,0.4280109568801732,-660.8710927280479
0.3118891373548443,31.590041204745997,0.475968611581687,-415.46627016027156
0.6712382974198596,74.55652130358621,0.27589807083265294,-769.2766504334777
0.0925659503068814,62.743133873811544,0.43913820302355855,-136.60122089872056
0.8191164254496173,43.41767897071557,0.3545671638157163,-649.7967106858246
0.5835229860141925,62.923174643299205,0.3661908739036449,-700.3825552797609
0.4835794451617278,44.86279822987691,0.20134500388530535,-745.3109329369516
0.5001003164063597,85.29912454081678,0.1746400795119202,-765.7369131330172
0.881342198574388,24.360244017721868,0.4409870525725289,-527.2057511421294
0.12332641217169346,45.887288405350894,0.2780237028590212,-226.8576871447067
0.20111534890984376,48.12051610037297,0.4617549871257789,-279.0873928193434
0.7175094326956797,48.0598477109842,0.18831894036673408,-807.8340135815394
0.38524848778421383,75.33255075078664,0.19844932851494101,-640.9553230289188
0.31486056946456853,40.426300440957,0.18168100221938063,-570.8762984468307
0.5360048547591479,66.5235542184337,0.3594648222234169,-678.2168864230775
0.3883110672123472,38.761734487491616,0.19395003111305328,-658.6499834047645
0.6714416708066856,28.489329153376087,0.22433676435598893,-812.1022829445943
0.25091715774375845,86.60117210669276,0.4769610537965949,-326.171030077798
0.1090716618506036,23.490644798647683,0.312148605082043,-206.64339097875074
0.21421269766559597,43.589177046838984,0.11382905057901752,-443.5702381519538
0.4422906497149863,59.03427791969007,0.272973987010799,-659.5506012031913
0.5123869101848745,26.426113632787157,0.3057665615654939,-715.3124356277956
0.6198861797783388,72.24736777866772,0.15972273675154314,-833.42778343846
0.9193911976650432,63.12899670310724,0.3934409707594332,-436.61100616835427
0.35873043851814157,28.45711521774137,0.4850220254758598,-464.5874200227935
0.8309823729602791,53.66999090015591,0.2969656892500921,-652.5553025052077
0.10867084017155182,12.517489268112028,0.13913946421803747,-270.19824148604783
0.8466083929231342,58.93385002418461,0.1756728457748416,-666.3289378979669
0.13317158643922594,38.37273738197784,0.45021589024069464,-196.81099401258777
0.6682041318758999,95.47351744021925,0.1649645931891818,-828.8145049123082
0.30307024478928674,44.90707942591026,0.45488862409358954,-408.09253011013413
0.9785134112608451,20.29769801037375,0.46479882471210965,-184.04770170045805
0.7984156953596311,46.79152272569124,0.45623113263750126,-631.677895276018
0.7403847755900045,47.04421158536977,0.34628800398776877,-719.0133699820079
0.5099692064615281,34.39861216848446,0.2963745030160907,-711.9740446866261
0.4195190636696763,76.9555816843329,0.22936129518950954,-659.97348342494
0.4200707537789102,11.939200658836619,0.29332442043504436,-685.9877435931685
0.126428411662185,92.4772463627315,0.17888496452426306,-252.28082144141484
0.80536944481507,85.13989045402865,0.17710383264770685,-730.3743158731795
0.132972132949145,49.799311806802855,0.4826879563252412,-183.19685240610076
0.26947858460091867,73.60321072293385,0.3903702314945372,-392.42234932926397
0.8939127447783111,43.85631971518686,0.3841820593346058,-508.46481639635476
0.20458783160233462,30.53164665764621,0.47254230620938376,-288.83029665928825
0.22637625177740764,15.277816356272531,0.44311772124172366,-356.60691636053105
0.07457088282434474,29.140683481223437,0.27113355567996617,-148.78123765429265
0.8279020908022372,14.263500705770266,0.1712467462564502,-721.8266965793855
0.40480446774896556,28.973359226034844,0.378425506978021,-574.3756929134164
0.42654261248060543,40.3380482831287,0.4527846247898154,-541.5909173984043
0.08293422986865373,55.59310325815217,0.4876123544876634,-114.79359728991429
0.8907794401518804,81.35221895459843,0.2567591628426904,-544.0908459764173
0.35050051832368045,20.15259410836029,0.34220104353850817,-550.284290104231
0.6309015876860824,88.65957042061456,0.49298054912068257,-639.4063475803256
0.39113237176279064,46.32546446785883,0.3218735355283027,-582.0577741473112
0.6573888305334779,41.89434079383872,0.19472049856948093,-822.3794318514798
0.2034538888058276,85.07836723221182,0.1501689604327115,-400.7229731954572
0.07043701829348313,75.86169949247873,0.4428364929989991,-103.17074882068538
0.7680447813931875,85.88595082150425,0.19913280618625998,-762.7752927294429
0.6529268960536644,90.28217930514802,0.49441115109363387,-644.3078093932398
0.4049609713720937,26.465946189817178,0.220756302504774,-672.2822445021715
0.04042243424198631,83.52084191206056,0.30058326218185594,-73.548563039765
0.8051255491854107,38.11209529612547,0.2889263449982421,-693.2493877712956
0.8725181813213108,13.576633519409928,0.28582862109817336,-597.5006014538496
0.293982999315785,30.54763106527471,0.19197179121058092,-543.0183275325383
0.4017165741692649,39.865073560030105,0.12289862458730094,-715.7988423768433
0.8889207678849408,73.66256945826622,0.2024571060430247,-562.5120875658455
0.752079577905545,89.33954790888552,0.4988798030957311,-636.372612444343
0.764531949345221,81.21045878304172,0.27357463808309834,-732.8137772620604
0.3498039203466854,25.184478095689272,0.24815922552269037,-593.7320803915094
0.8171587252327212,53.132325298251835,0.20829383850300864,-705.0020697119617
0.2705020511419112,69.58376363407234,0.39471371330226057,-392.27857728825217
0.30284400650165544,43.79561634123699,0.10598306259395769,-592.0739364956305
0.5885778542457832,50.090672559926276,0.44336290237539067,-659.1289920331775
0.20561314921131388,41.510013820220706,0.46577997398429716,-285.86496295273184
0.07986358014918303,32.49445874194271,0.3793692427583778,-136.9808612430308
0.405421485295449,44.98254501812289,0.3660109974875959,-571.2495614883645
0.5324087995858913,66.15308206684014,0.47500643878595894,-604.2571795030813
0.17990862491478898,28.67846057853623,0.3631337524435867,-298.9045612183745
0.8894990950172811,24.747696716958465,0.22976055266982828,-561.268173573419
0.10663931870281174,34.27363454043906,0.4832616353729092,-153.8046474128044
0.6285714853447775,34.748250633177946,0.19982564995651783,-822.1086933619814
0.8412631462769615,74.95207708764572,0.19221120349816637,-669.5147661378828
0.5317971052947049,30.323543075916902,0.38409964631407867,-675.2688078270603
0.7976133913970713,73.43275741823959,0.21238438038527013,-727.0584713910876
0.7926205430848674,47.799696094614916,0.26501824313287636,-714.6939745731853
0.340643076465638,18.217261183327622,0.44746733186793197,-484.4969075427583
0.8263635085325839,51.286126583043696,0.2694027375033331,-669.4895419642936
0.6105242598194157,39.58453571476885,0.1286066990221535,-858.7215256664583
0.9400528021680411,84.96664959160158,0.49084626762305106,-353.50770992519466
0.30626316523607305,43.59672104928329,0.38750742904055835,-448.0932395966576
0.03901669548184403,35.9155143420666,0.3703464365773307,-69.54674155136833
0.7525021226583574,55.152009103107765,0.37020756511659225,-699.6873405697487
0.12626232603207757,89.05408728873087,0.49147591469288276,-166.23131154021425
0.737997992925324,14.011867817978906,0.2322509200147577,-803.1840610441718
0.19239299510359614,13.452402786404493,0.4808784397740741,-302.8550260092623
0.6380608132873915,24.19505890007067,0.2588187636682251,-797.9173322231335
0.36338682838546826,50.976325753700934,0.27673501551002166,-575.3800806408557
0.8519253726286333,43.14175377357786,0.3836259900917355,-592.619533342167
0.21906329706720745,22.81700339361734,0.4060570024537167,-344.71646297471443
0.14981667780600305,20.251359351676207,0.17990740958736107,-322.04140221232393
0.2988498571266762,31.068911279478147,0.14336537611474826,-574.9353046653689
0.766779484257321,45.34892895923861,0.15130333780337973,-790.532664787392
0.48381388872000497,52.081421207044,0.20639663325295043,-739.6482277690474
0.09555109040227812,32.77116010063991,0.40204381762921615,-156.97150220808047
0.1834170895368785,94.9392080225551,0.4813724335137899,-241.04069322242302
0.08916414342003175,48.609274672594346,0.33418563945346824,-155.5353360427379
0.5148631691376042,70.1670908864788,0.21232280013351437,-755.1155807559373
0.5080079030032666,61.200507245211604,0.31878683149884257,-685.685082083153
0.27709728017195207,91.84108039843585,0.31638011900035934,-436.64609843006167
0.05015118715081889,31.988193998579682,0.4494654488485479,-80.19670578409466
0.7198062199133624,48.21421797791631,0.16145305853073127,-820.1650096536478
0.09387603087017331,75.5428313881072,0.4993392730015179,-124.18471320037489
0.5563568001272967,52.220105302797926,0.4436677569678139,-641.7660258325193
0.6466578098382414,54.16154562280609,0.27398084762615427,-773.6781687576346
0.9214260456724741,86.43482142482833,0.34357614225859145,-438.64789554112866
0.9663872165963919,91.35943395522632,0.39553129576394197,-253.30279092853218
0.600570100742155,98.5771191769843,0.4570334392719796,-648.5773146605932
0.24940641247141312,58.98788768744572,0.3316945958536056,-396.86652143802667
0.9891079904094907,66.37838625113731,0.43781007748871803,-111.4293782943835
0.5650943310391766,98.67479742089748,0.4856658791065208,-613.6328457252049
0.1708022839320436,51.48754260262254,0.3666235036269878,-272.47656344323536
0.8589972913800867,82.33115560810639,0.3992403530803724,-572.2950684989258
0.4898500034836295,19.241334111445628,0.217041376102938,-766.4355535464017
0.8024300766685577,84.51384455647616,0.1485605623762842,-745.589829933997
0.23094500537022533,61.80359397141214,0.2459352078743814,-408.4112708942
0.88963899735051,50.56587204065301,0.45607547738089493,-500.12381558217464
0.49472529031396656,99.27581534782048,0.21564633133186217,-734.6136387697572
0.5126794074670137,18.91516138380318,0.13811927730716841,-832.8207423079496
0.6019822495628157,47.453370564835076,0.43821456436208095,-668.7439908429538
0.6332996796596554,34.57104731783405,0.1892848643397949,-828.7925621649769
0.07172742601932643,95.43483283451916,0.2613473412500906,-133.86460527149143
0.19013059824999132,28.07565433657676,0.4590276619528383,-277.7230308651229
0.7986511607286313,80.57621268006837,0.12356010913988907,-760.8910187071117
0.11528176110154209,48.19903099295766,0.11306391681334516,-254.41140817969983
0.23427281596661764,31.2500489649621,0.20543268915751633,-445.0212014249769
0.5117913180020894,37.86637090332016,0.13345676926239924,-812.5089937382955
0.7834985920112864,82.07575269887589,0.34603887438995173,-685.6866070492937
0.17877394029763732,59.64242545225622,0.4482311728565642,-252.16374435454793
0.6431096304497033,17.745032410471005,0.16155763369726628,-864.5683611946812
0.34614726848122457,79.22363533638713,0.13098797186122055,-630.5171192482035
0.3446052840575252,19.977511383952,0.28808051978611404,-574.2374905511067
0.10290586060797663,77.18999014366318,0.3434412843049038,-171.46567646655356
0.6112118568272704,78.13454522887655,0.24123875271931217,-782.7331228127509
0.7074965294478802,67.84054992479517,0.23385453870806594,-785.1288477941897
0.19245205423665568,13.73377466522839,0.29604532145206397,-373.37732140717173
0.3062366784451161,19.08434020822696,0.4439364849370583,-444.7889525739441
0.7865354870507406,88.46381051952018,0.33202714671049005,-688.4949048412293
0.9769250801010216,60.68235222570873,0.22040899151121862,-205.4643482703749
0.05947272151960115,83.26179672327221,0.13981239021364572,-129.35783375988552
0.4954639202936672,62.42573702173936,0.4762201092855084,-577.8803980589006
0.4881705919892003,35.952820430707604,0.46320036707811163,-590.6422776157792
0.5847316160857752,64.06910288343639,0.23450226488856907,-780.4496323391662
0.40722420345076266,21.13793608445542,0.19069735520596498,-701.5193201592748
0.16170136116322714,53.24372704495127,0.3551971561252386,-262.50175427886006
0.4067975868944466,27.869768190378306,0.11246858714996733,-737.7103251241384
0.4064870162706829,19.020517983037582,0.3263133186534033,-623.9162954793086
0.6186371658750428,52.43400324019333,0.3971697320059605,-697.3757577670846
0.7617792302265814,46.1997374841419,0.1605363718962839,-790.8987509896342
0.9296232770923003,81.54966410608388,0.4186995209883603,-399.5988446670136
0.9193488578675209,12.463142561170317,0.350267452004975,-457.1392275365441
0.03242576476911502,78.43998413641631,0.13805065401899363,-72.28300069316703
0.09813699816904313,12.378472956899175,0.4191133918015667,-185.73257961549484
0.5763291247271705,86.3192280897046,0.4181610365885505,-662.0186430627335
0.3766621075222262,51.894335729329676,0.20127864623029523,-634.6746534394667
0.31860238446249894,73.73464493215928,0.45104349491794793,-420.05702782097245
0.4414419927386104,40.58728161562832,0.2596080328438425,-673.8936608242574
0.8415697833803193,40.13162164445881,0.12881156197045793,-694.2380213692235
0.27828121112193244,78.37613315249291,0.1258591246163714,-535.3319188616514
0.8021127927058095,18.416275266632667,0.36323348902146446,-679.763123905755
0.29559808919046027,59.528313843043684,0.1942095230779672,-529.8689594592123
0.1442205768957412,45.450685127070614,0.41098862467331354,-221.23846039103876
0.3278937171437256,41.156007907915786,0.4459360989977018,-443.1260275697116
0.7944814309414359,91.12307420029535,0.3121034203212148,-688.9498981880556
0.298194082595406,30.020349972405615,0.30364666367567833,-491.3124831802892
0.3625309406787454,96.79649969041128,0.38391983492866955,-504.066720199728
0.24810904840675688,36.89157049291771,0.42753300891713086,-359.2394143593956
0.40263149650868746,69.26992445919328,0.4585823210513268,-505.74082727229904
0.5197637391037057,33.462737559187794,0.24174247358951348,-753.4113860871263
0.6562504782264665,67.21035586307138,0.23961916888175155,-790.9813557285395
0.5889017320822715,65.22541166406695,0.4331251599945458,-661.8541678838484
0.25678056030205,17.718249180492904,0.11713310420196166,-543.5098456185098
0.517160386995995,76.93341128409755,0.39210397577606493,-643.6619585314726
0.061815817495498575,18.251835135119027,0.25910152996320557,-135.34938868496346
0.438544321371854,94.79361444877712,0.37508196896404344,-587.4947772992656
0.16405779734254364,40.87746139345977,0.43659020640465096,-242.37760441635035
0.1665361096618837,36.225274363520285,0.15983744480532136,-343.90747633209344
0.8295459505581315,22.990257166070037,0.37537883786059056,-636.637510634278
0.8938503855209543,29.31377470860847,0.38727385580420437,-510.7125966244038
0.8689644183295886,79.4273758234471,0.11565509515237041,-635.1962636624876
0.7312391790435367,48.91123254748949,0.12308369894577963,-832.1251176898635
0.7019004584987557,37.69519347307754,0.48483920053217355,-663.3155454753448
0.3857758692990183,93.56365545815794,0.21572015608292922,-628.9918063800027
0.6262118907401849,62.14115608658136,0.43123759643720916,-677.4472667350367
0.9701448840512729,72.59981887657236,0.39459303812507807,-233.97926828713372
0.6506202046449737,34.166166190444244,0.33145813530889345,-748.8748902282707
0.9567644935969686,94.90978559014688,0.3560763454314805,-303.102122021901
0.24822637001423548,26.231262712785004,0.43370755481362544,-366.01826585580756
0.7603851355667294,52.151536354600445,0.38921662965804094,-686.9575443452891
0.5394107433084493,87.5546499460201,0.17806587724234674,-789.7491274093575
0.7935650288454685,15.372008938532854,0.2861711839724633,-725.2208854250541
0.3667338099759103,65.30437050724089,0.3188086270542766,-550.9935128597864
0.10744704130378767,44.64749433232064,0.3573088318252886,-180.97354284700944
0.5742906271647411,56.262921323385335,0.4858972241275352,-624.6067364733227
0.6805416817028082,83.54311151503033,0.3671917131448925,-717.9527164660261
0.08641199436369686,85.6283861265585,0.16521111280255435,-179.568650953782
0.7966422955632,26.93322712881025,0.1603276891751798,-759.8751968236401
0.3510425124707382,17.082095129084202,0.4117836485630707,-519.555366674427
0.29797741946881323,36.01706946608866,0.29514522341355565,-490.4708739228767
0.8657542897567279,34.93405251919242,0.42007932257617986,-559.5136231881697
0.15817350219281365,94.89374452974543,0.4814869250973577,-209.28426067672018
0.11631835953148718,33.9144369562495,0.34284636224047393,-203.0600842984815
0.5214685596753967,86.4686438095214,0.4210865540025981,-627.3978518901124
0.18972533909692782,24.403316668204,0.18616101652422634,-386.03097722977054
0.5768514285855177,86.51158824577394,0.45984400693977334,-636.8806800655044
0.6317557418434575,72.2123380264718,0.41612670612584635,-686.1274217891955
0.7000745486848994,93.84259278187517,0.20134278730152483,-802.0366479602711
0.7571446802428778,61.325535502393315,0.2684478529846851,-742.732943728482
0.5321402841702542,85.55374016864249,0.4344424035047808,-626.3985722213232
0.7176653180694587,97.60343554638881,0.37681876071400466,-706.2217565854039
0.5217207343695993,74.71742081915956,0.180246631220971,-779.0042433881875
0.6902752393152936,97.88536361370764,0.2585320419039532,-774.1009684339587
0.3324496267185883,14.102194579278764,0.19094812293799457,-631.9534333069536
0.011433739525165082,15.545629681180033,0.323923627980648,-27.42460048013427
0.04791433734047383,99.89243553575318,0.4410628080299107,-70.04806232732712
0.8276511773248696,58.320959543086076,0.13300534161787003,-715.1910779254072
0.760269530049426,24.919917054298374,0.22893538170264283,-770.7795936481197
0.4500040061611749,65.68741543555772,0.15093025982269748,-740.5951440131951
0.960846446585853,39.01359478551395,0.31084332244270546,-289.71987354116465
0.6097718383222329,34.91043769006365,0.2682003278791578,-778.2799881825795
0.8906107149472644,18.650623372200343,0.3826672091020247,-524.5615759452959
0.6672542649671226,21.907264649771815,0.2619500335069309,-798.9141759794859
0.14847611924116555,84.3899251352771,0.24119827543821307,-273.6744566987196
0.5294752134811784,47.35192941467381,0.3765116439994325,-668.5480025802835
0.04531119187249036,68.47829233338663,0.26905486850037774,-86.49228967269603
0.9014790160430205,58.691113344867084,0.18530072847687762,-532.4035776664001
0.6571042313880538,20.542854102424975,0.3503117543292483,-752.0295140376996
0.887714534880038,17.34822492990073,0.4405504038787388,-518.089126298742
0.12195226713807104,30.74009085265274,0.10373773260436776,-277.93662248896493
0.3510973103528968,50.805848901854475,0.36568856707008157,-510.1929042106351
0.8432881299862033,19.020080186490837,0.443509304864677,-597.0796068480469
0.9251052744598308,62.693537801474335,0.2630847578903613,-441.5315373328579
0.11148089938544975,45.724128431317126,0.47985997851192397,-156.73467371219178
0.013395096139062555,98.48912056550101,0.41541046736004283,-20.95533805745211
0.2185269169515285,56.32658153236441,0.49915172144183995,-282.71791765504486
0.710643402866502,17.769724985748404,0.46063454501490886,-692.8149233308012
0.3336412328603754,50.806708361414245,0.4336363927249596,-452.1818381983614
0.44973206255447534,29.531490581130335,0.35205128996667456,-632.9001498056517
0.866749212664495,28.220471258492257,0.2746737951289391,-601.6975197726209
0.38401191616032054,39.96534838178887,0.43129154190473207,-512.9044998157311
0.10951575771979377,33.290903341247635,0.3796058044044087,-183.43073205225502
0.8932951631551849,18.997580671144057,0.2434387155140584,-550.9032527846269
0.37691220515670043,84.90328355292479,0.4126643230442496,-504.2785118184167
0.9891266304138057,76.09770590115365,0.32572355820748355,-114.2397932843447
0.12829468501433128,94.96030739884876,0.1662764476240966,-259.06555891430435
0.5036738774217072,65.41051445859756,0.4956200951299853,-571.3465511517363
0.5694427388753855,11.018855033261888,0.30647146311921325,-790.1129444880341
0.7172777762721475,31.369427395712577,0.3141490609326954,-750.883637151885
0.6662483320376091,11.804036130459743,0.24890350623697502,-832.6123259471809
0.11772472722439292,28.546427281462286,0.11879506499458206,-266.8548178730535
0.29703372300943504,81.66915770313462,0.3190915177668866,-462.78666979988196
0.4717906751120059,17.95421365948811,0.2262905978466057,-749.4667598874128
0.18296517429393036,14.856357122663049,0.4756919502202107,-286.603613140123
0.771731982018656,52.10727651986054,0.18115528706170744,-771.0332652881316
0.5944513343257883,63.3734060862634,0.17971302520256632,-817.0182292079892
0.6290830261007174,72.29171717372748,0.2664809636232399,-772.5041853416366
0.3131809698544655,64.11957329883597,0.35627077182717726,-466.5761241206372
0.37302982797512,33.72441756333576,0.4380998987200192,-501.7086744138058
0.856299491338161,25.065945901921914,0.41524092233424403,-581.1148219871866
0.31759134523275445,89.81892984859822,0.3736835202068852,-458.5207798608685
0.7046467322108546,41.24245651363569,0.468769733547182,-670.0133391674999
0.5814344863361868,93.03125353732054,0.16915927944849557,-815.0019738472391
0.9719678945379346,87.44634898267321,0.17934950999778654,-238.51413172176262
0.14591655112907193,31.708887747215048,0.11402656264013454,-322.64479490542004
0.23998663837589854,65.55250972731542,0.26799839334609354,-411.3088343808741
0.9243535873371499,83.21134857479612,0.19699549139179431,-454.9278905391525
0.21133707931494033,74.61887281918213,0.4125754279197399,-306.4824396839896
0.5293216071337893,60.268156192397925,0.31723835427796676,-701.4796205548172
0.19155154350324682,70.93478826125028,0.20943315753641514,-359.0078737531746
0.41766916571604734,61.575509755974004,0.1621261981885445,-701.7814800354629
0.9579879320846029,57.42011935638584,0.36566486097229234,-297.2311275776209
0.20610774396094572,43.414590973359246,0.35950407450867683,-329.0086596422714
0.11302135983130865,45.651065244351486,0.20058451717905476,-228.64017268763
0.9758312129744358,23.295073994765943,0.36382111667966466,-205.5651077534244
0.08892814160936431,79.24538946625132,0.4206815788676239,-133.39813611178695
0.9232101685357876,84.3982954455624,0.24964123699671795,-449.6326542054762
0.6579183205773225,87.66032899085288,0.23224419805766983,-792.7215271034762
0.813159799072424,25.517480273189875,0.40886904885465936,-643.2437059296238
0.4235003063476588,34.568242793053926,0.4567867178383611,-540.0628709835496
0.058331910448354375,82.3243499118594,0.18418768987835807,-120.95043749726645
0.6371120927563785,11.504428475753558,0.41659850840997525,-739.5139627560753
0.6375602770259324,30.313990239090586,0.32814097389407293,-751.9507228386726
0.08130830122401897,99.9668195975551,0.33095437607174627,-137.75240091533084
0.30140616178482965,90.20052143160935,0.2778705665697168,-489.04918983516586
0.31210610088271035,63.02216108705868,0.29020771782403854,-500.8739418498912
0.7892836088735984,66.15663598400958,0.2325237435599189,-729.0231843427696
0.6025255627775348,24.394522061923226,0.40156328170552336,-706.0161561756379
0.11770538219599125,25.18374972210198,0.10007166560720263,-274.602995004348
0.05342111074969146,75.18848719050105,0.24250676320125997,-104.22417383414735
0.37759513427702845,42.04552192231103,0.22672328685301155,-625.0090402126908
0.4830944154424815,85.52776579407669,0.4262638075877515,-595.5370318567428
0.7338608274603385,47.03722391213913,0.43468273382207456,-678.9915891992321
0.12148500319493356,50.20923519012785,0.35951887200758426,-200.8267668210457
0.2222238377155609,70.8708003594666,0.4784582500620811,-293.03672648385
0.8005603311826497,22.032195567894554,0.39740051057825854,-663.9002839241467
0.11252396292617588,51.799734147527424,0.2516024649061873,-213.40699852747426
0.06873491962426372,22.54004607206675,0.2643074228675377,-143.57387579543942
0.7078398430835532,95.40907313590475,0.19527546246089927,-802.3079480846957
0.04057268811674409,44.09824027319594,0.3319039247712022,-74.24444142238194
0.7569240317577873,95.94825191832315,0.49077427874162305,-637.7706963207792
0.255844730377965,22.742482105625214,0.4632163561692889,-366.7632106328154
0.5047492505685609,26.020352410300966,0.31501263656156486,-704.6730728067893
0.9764988991431216,69.80744831572113,0.1990111783838362,-209.29173550849416
0.1719403080610952,47.85563622731532,0.4261892101664698,-254.09976676606516
0.6564078364416278,50.33677709506733,0.1626282940749294,-837.7281153318834
0.380817313754192,80.70867587365598,0.17142705076929488,-650.8412121749179
0.6958785229466367,60.64581675841605,0.35971741646258526,-723.4107074404264
0.6788847846911912,65.80571126983111,0.2451895365227944,-786.4630969004702
0.16418220992871113,41.52894191818602,0.4803674296981503,-227.2798265608687
0.4654771405241931,60.32708945504834,0.24169999825547328,-699.8181281614774
0.715475832298336,26.627173579419892,0.4597777366916085,-680.9871096332549
0.7368664537151028,19.53859335521019,0.4887621631308011,-668.5839083433142
0.10698049788067614,85.78634379409351,0.16183002622510886,-220.41026140521518
0.13583047995900924,76.76396871915357,0.10027495941453744,-294.11369882995245
0.5584190234900173,69.93678726036251,0.34600870660515964,-699.065554795668
0.48281207587636416,44.53894204108627,0.4816073962747186,-570.2759533579106
0.8090455617650415,16.878738716981353,0.19527540452933165,-738.6719676691059
0.7187770864572197,24.422248000156888,0.2702112647369817,-777.8418782551641
0.6025044658045524,75.04950051816128,0.47565993998493317,-640.6812916897733
0.44195993218812846,81.02921662705711,0.13639378564322469,-739.1140748727626
0.9332926404988652,63.159848397305645,0.46467009194943376,-380.8571321008855
0.6162889272486556,90.8145503636479,0.1681361139561938,-825.7499808098386
0.9539344616830289,97.21001495613359,0.16859278677026146,-336.29220252537453
0.4059226958288384,68.50326895298412,0.40891719485531164,-538.9856175365447
0.98300494856449,17.624893175167095,0.30698887555791315,-162.32103304902387
0.9653203353432268,11.577575386279921,0.14675648092190208,-285.85807764825586
0.628631291694745,44.45899652845181,0.2975629345810463,-760.6298060739559
0.2916536144030749,74.06054383096217,0.15271564339141286,-542.6283590335952
0.2573169457437493,89.77275888614574,0.1965091572275123,-467.10064832728074
0.570409064792735,28.12903121849728,0.3606320696587113,-713.3033532475882
0.07581819849314642,89.675937165105,0.18630192728283912,-154.62830814180626
0.21414686829489316,72.53460694825691,0.39289765896071194,-318.78114611575876
0.4981633564142912,58.44998111110287,0.28661376622271584,-699.1071899467402
0.8585210972064603,15.117110654199763,0.3180406882353969,-615.3439015574824
0.3953007652980286,27.25633648188964,0.2181565039742134,-662.1876339285144
0.7167244801913362,85.7847913385973,0.3352743822185148,-728.3493067107095
0.8436960307679342,21.777648248223095,0.22306201988133723,-666.6036319491578
0.8654939652696706,12.686442972032026,0.46945756273875416,-561.3004002413384
0.5343348467323686,30.62472929852372,0.31993987299632465,-716.4086272531663
0.2770113974809158,61.82946175924432,0.13746780510016243,-530.5903354044772
0.6742158652989261,70.53311521140182,0.3186395394767332,-746.1470621635606
0.5411142753788438,27.078901955104715,0.3263532052564879,-720.0412195287053
0.15209790330706163,59.31785942774594,0.38582158801759525,-236.86701767860689
0.8844153437753655,20.0214715922031,0.139243075229902,-600.0912347797146
0.749782338605933,38.77352192222793,0.2986869090289114,-738.7569720151113
0.16077011986713866,27.029187979377035,0.2603947515827876,-306.364440001415
0.5802237976661052,13.477605192318826,0.11225701384178324,-899.0904253587858
0.8550716300680188,80.08831498902127,0.16004573303101033,-652.9055457707309
0.19661665224661107,46.92183791730123,0.24397806828870494,-359.5549517531397
0.5503982167002953,18.174374196629675,0.12191894621617028,-866.2895761418
0.49043371588698514,76.07111071939148,0.4827336952329738,-567.4336419434024
0.8887709687060272,45.80563633600465,0.23584852354676045,-556.8296479555493
0.5418647496677648,17.159333556656783,0.37001493632321747,-711.1220605698355
0.5778117649560177,10.3385244831467,0.38128314284261755,-752.4951157802725
0.1732351029430295,96.57789247985149,0.4399504630764668,-242.9659498899069
0.23360604033918475,20.65118139463182,0.42184300428396637,-361.2364769406814
0.49523949563291897,29.46072062140173,0.2874333847291915,-710.9745187879431
0.17501248425851423,44.606861082989646,0.186378520446957,-345.808717725101
0.6519160983553416,94.99525016540811,0.27196225650280775,-769.607958584912
0.8176346813917335,13.197562098899636,0.14584220731183764,-750.9197839042887
0.37216810816185303,47.976637941664166,0.43746041970200367,-493.092790594524
0.7718734071875447,77.18904203554347,0.14721044073937897,-782.6941520057826
0.9789295447988385,75.13518878373915,0.2653096084678923,-189.89480329290382
0.7726148737527726,96.71635609594202,0.3338651201561611,-698.8484687903637
0.48216653980382534,63.62826223008167,0.15222374669804528,-768.9800560586827
0.853855620423861,65.8680153990089,0.11213044240034518,-671.2261711421876
0.3584783758553048,94.76117990649337,0.17416619570356406,-620.0755979526489
0.6195075673779942,36.29723632697292,0.3708336817961606,-719.3921110304855
0.0600824383929269,83.43239164564525,0.4173393246219739,-91.52976686660253
0.24348261155202341,61.81466482448456,0.24765021860096828,-426.60429353891425
0.22710485625483193,16.915885047928903,0.2985097073829891,-415.56203337708547
0.22656026904446608,18.12266834269036,0.15106502146458267,-475.8753205176872
0.30066614806000297,77.57256445249044,0.4691910284863515,-389.353817811747
0.5995799819751283,20.686201119410168,0.2482268741870288,-802.4140623813745
0.8483118978050042,93.68123428241496,0.4440729118168394,-574.7131776160668
0.4653032734993536,93.29090480854245,0.30812047795234476,-653.2473458804815
0.5206616333340116,87.3948723710332,0.3433820266260813,-675.1053344161252
0.9290317580346785,81.8813206531187,0.1622684998070768,-443.67993707467645
0.5722437653763726,20.228730087187625,0.1129972481762751,-876.4176211386097
0.7537907191223926,82.28818222234013,0.36620066207746604,-697.6431660371524
0.041777538989471286,75.4945177798262,0.21817949746934026,-84.59194347414427
0.09490895471062838,17.788232546854264,0.1643646148994255,-221.23686059545042
0.16726684174954826,17.09747882922572,0.15403725336761195,-370.29734292478526
0.8346019656125091,57.01824433676173,0.19360594213109922,-682.2586880782053
0.5749628098458943,79.27141687086738,0.1031928612842334,-854.135345615441
0.5842312095363119,59.375516867420636,0.17431480915870484,-817.6883131837361
0.8269656024605084,17.67132593372927,0.42604129329612106,-627.2301873705145
0.8197773624871876,98.04971032640519,0.26633860260638076,-676.2641475364798
0.6391895857334371,46.831267824957564,0.3807947621200857,-713.5865800352312
0.9637856520727317,50.683203275243365,0.47640206439191146,-260.0046225997217
0.9401992601110226,80.71325475914219,0.2733434859104277,-383.5895904063478
0.3846267269378732,21.0846003059919,0.21533855113247632,-661.5655372302842
0.23142439941220946,49.71333676623573,0.4796997840460494,-308.7612364095938
0.2483627756169237,60.50554868039058,0.43632632382116443,-346.33995397537643
0.7446448884737927,83.63409530629022,0.3561936418156314,-707.0575053595045
0.26971921331400855,61.964079329366854,0.1417701734499346,-517.1115805970207
0.06875011340385649,26.096194165156277,0.3584944330548937,-125.78723628946695
0.16718829342063113,91.41142621736614,0.46040954753379826,-228.28561357145205
0.5588404029777765,56.54213228127743,0.22302816494748795,-777.6632221345403
0.4344407588843708,60.519238508585964,0.2780179200557442,-648.5172920163297
0.9812214416000871,81.23186810701586,0.4597989831972914,-165.62056573932725
0.1472224497549874,59.92876831250235,0.20117746014401816,-287.48001937092863
0.0168045135810775,86.59698202718268,0.4573746137324478,-24.689206917502105
0.6660918810334402,15.177802212292198,0.3729071663952417,-751.135222862843
0.09256621849879368,55.40059485059742,0.4914214004843306,-126.80853393028262
0.7761081460982128,76.65033595050652,0.10318346253976687,-797.4246275150331
0.22201208495511204,96.20000318643345,0.23877824395873942,-392.9370533940829
0.36294227850164695,40.819531235865924,0.4062415379041163,-504.64765063649224
0.9258194023865672,66.03191195806849,0.3229384921211499,-428.664253109326
0.25113315168686895,71.7853137027355,0.48387596124478927,-325.2475911363801
0.13095547702679178,47.82510659658359,0.18835513149608524,-264.6606401857769
0.48422669738415974,86.87450042811331,0.33065184577831896,-655.84681861446
0.24802539310394922,91.23161077959985,0.4903517668030408,-315.9849019792157
0.1637633298843977,63.26899025232178,0.1635347077096262,-328.84419570823036
0.3339321979224285,57.79235399741426,0.47359093847880707,-428.1708606966179
0.4928450283685472,96.69583129317785,0.4593640121625585,-581.4378412476605
0.016145753989444865,60.35693135134304,0.13011081705055716,-37.54178773199104
0.07533101058692929,29.081038025992157,0.4688004654231158,-115.88817458808367
0.18405302669442009,78.72176754394518,0.40933306998065777,-270.5034391199887
0.07928933409239348,75.32356738752723,0.2855949507978357,-144.3601587171204
0.14691951608745962,40.28678239831537,0.18323509659322085,-298.2669571394535
0.7402081412963215,67.83430592992767,0.4269982305722815,-676.7703292304549
0.5094948512988298,81.07643644508421,0.2478427331706315,-727.5473055152785
0.3103276528755226,58.705714232739766,0.24374646186249604,-524.4248007740052
0.4327197506970156,71.35957344413382,0.4014552057414801,-568.9898627426409
0.571077276832022,92.74296803568453,0.14004544485986814,-828.6223970906182
0.7368896114037836,88.84934784138103,0.15764297734170768,-806.2950881256965
0.9587542194048265,10.44183023365196,0.23161876285584238,-314.7886128112008
0.9859140035747307,85.86339232964528,0.22139474395590342,-142.4957834017573
0.06013729305829881,95.02625057917052,0.34992390589330147,-100.49807021453805
0.7083620918480165,27.423709928639777,0.18449621127543883,-823.4866843808263
0.06336747087708532,20.181755756927203,0.3540201062691636,-122.1318388851114
0.351634957094976,10.29424155347472,0.2676916681688264,-637.5377476146772
0.6834860414400776,92.93443956312815,0.1385994728324502,-840.3682219907826
0.30331436489529257,73.16936656759654,0.33542612788291737,-463.57623852636056
0.7670365653697216,82.94634596441583,0.4413342935823108,-655.9452699496175
0.7487746181486371,87.7683811663764,0.24987980499278697,-754.512966052546
0.6871990950710485,56.814095347564304,0.15976815479832523,-832.383879869306
0.19627377894105566,66.9299493068961,0.3290638794605133,-320.4457220768862
0.40095248644412945,85.98989956747297,0.17338757226735607,-672.376552591244
0.6828876772252023,37.27776730863372,0.36797038411456706,-727.073732907731
0.9401546247532214,56.92693039221153,0.3711320975385628,-370.79242777521785
0.5983698645873576,67.86503513074342,0.4123154258306646,-677.9620996282381
0.18021910889481527,96.00194057470146,0.10237928203743603,-376.6158328583081
0.20140012905354004,46.10807712245517,0.25186153649883614,-364.3825000310211
0.11271233959554196,98.50162401811403,0.3289849685016737,-188.82053223537918
0.3795435555668972,69.76783426471933,0.22144467803383971,-621.7192712664303
0.9737586375879844,95.29375070853939,0.20274110364850448,-226.02608334225388
0.8041438733775917,90.41760459927174,0.25652596066947725,-700.5100204453543
0.21939325770982032,79.35984846839573,0.14896846924268964,-429.0642882514651
0.6269486727825057,53.79665916911109,0.22323449851075297,-800.8213599086564
0.4317370500726815,12.13439433233194,0.20666112650476665,-749.1284003128995
0.517949733276963,24.49920266176652,0.2836163811743375,-735.4178263567867
0.43892026755375185,56.26522197890692,0.1027578949175962,-761.6316278738716
0.9467658427026795,30.58039841404191,0.32042392370264206,-353.38541637766485
0.018176637362774983,85.86098985433804,0.4379947850264688,-27.541643517358796
0.3676692915844864,78.44120017195222,0.3882716375250954,-509.4287432241247
0.8735693828022297,71.44137824426497,0.24716172603869643,-588.184993785338
0.010265706255185896,15.639843781071326,0.1917858431511273,-28.109043303983633
0.6754974906836871,18.35772336530122,0.41935796396778924,-717.6490449032663
0.01931179707919705,23.16895050690571,0.13517960805875098,-49.519607438584075
0.726486433337135,37.52341937810246,0.31858969573186224,-741.9386276095101
0.5199302699398953,57.107642812425894,0.24976044552027343,-738.0351985751568
0.15785409718443047,72.75834021394908,0.24951256431791596,-288.1257561197381
0.3799073648140846,90.65400445422915,0.47393473314586065,-470.7584754215638
0.14059167798777727,57.69035064190478,0.25547565875400613,-259.70372551174233
0.7341871143762289,55.204684396293715,0.1535189621754677,-813.960539184227
0.28789646215227305,18.790753188495522,0.2824088123729719,-506.22762107816493
0.1923745785120931,47.247439791311784,0.1991258735500142,-369.9611322595413
0.034518967420074,13.182408409428149,0.3639526616843082,-76.32586485381727
0.849397137065243,34.21388372752128,0.11953304883221244,-683.0842821378379
0.47815894703693196,89.80625863151977,0.38571230868461204,-616.2810265525229
0.27611229496242357,73.08734423016337,0.26670491725306633,-462.5650978696151
0.4937771199792411,14.712878530805867,0.3548570589181712,-697.398108482902
0.13142101928220987,68.09960908812684,0.10943731537008175,-283.8500700711696
0.02860066974092179,74.18713887547504,0.4524611406884177,-42.369975480546586
0.7972999459426922,75.5046478974913,0.2152441541142861,-726.1134121660676
0.5358476510556756,80.36172282342888,0.2567982511028728,-739.6481062016979
0.1673590358190047,36.168657048500364,0.14576215632628098,-350.3356859031486
0.46571838237043905,59.84817270917298,0.14620730748328176,-759.412744190905
0.16797611352509365,82.94108829181774,0.11197651877490777,-351.600785056688
0.40059209250590494,70.98840570757372,0.21850193423740533,-647.1970020844057
0.2821017117636025,29.464163728225863,0.19137178488559892,-527.0014032287697
0.6798441764440815,84.20586550766468,0.28801457232794775,-760.9007872114761
0.4746262034263973,36.22868732240067,0.3011395241440298,-680.4837875689532
0.11871631713968787,69.83762655550292,0.20362112411616892,-233.68643989578283
0.34151391264793957,12.947618825146108,0.31991386263905675,-577.4534867246148
0.7082146004255231,38.20062371979854,0.45621665703085246,-677.2335316970762
0.08750408070426771,85.92847240705558,0.470593812032304,-120.87878525493639
0.2983152829021912,66.12314249834564,0.27327943329089044,-490.9583572036948
0.15945118971077507,39.80591346924123,0.1458159927169921,-333.7611209108437
0.9043923427117092,96.643116781098,0.14569655289178476,-530.7200975493638
0.3580324030123931,72.98338449685029,0.1248630664503935,-650.664032570805
0.4761709206313882,22.09028131458914,0.24233171746764282,-733.9210302551799
0.3681371858914984,47.04649095290751,0.2256046760755083,-612.1229376594337
0.278132289902068,72.89532471027798,0.39342486010215916,-401.9630823811921
0.9460713250447829,37.892104682109405,0.14692560175059433,-377.53377355909817
0.7784518757792663,68.33485707176337,0.12290297477920534,-787.0578540657101
0.10554305811907215,62.12998259492787,0.4244583375534171,-158.4211413706324
0.6995005912169545,65.90773106547488,0.26026020059708277,-774.1493171622743
0.44373632974697297,17.329405987210095,0.24159511853731802,-716.9011810352094
0.2472845976699827,86.35767025601633,0.43138965945789387,-343.0189691883421
0.8395806373659003,13.329128715748656,0.23742118247850313,-679.9145949659116
0.8911481009394665,57.58097537353471,0.17974129277114798,-563.0812552158586
0.8388843014381762,22.09576741461936,0.17757989819201972,-690.4114032793929
0.9550691636468249,18.909224666501505,0.22508367649207928,-329.4013470898294
0.7545908112381805,31.865811409981312,0.24136173811214823,-765.0445657211139
0.5510916777854611,82.39773603020936,0.29457895107255805,-724.9554599887726
0.14543792809204378,53.52915117481261,0.25740828658965076,-268.26219902581033
0.6178921778352213,40.1767152574119,0.3916389485570606,-704.7250097413536
0.020320951211043263,43.14548487574699,0.19472058217335433,-45.074137787159714
0.5062051491730535,46.01341678681933,0.3737746375674046,-654.7263117496692
0.9432311134178004,59.689399164714175,0.4163462312013645,-352.8956310015404
0.7091477007708216,28.93030216365978,0.43406919349038753,-693.5866375388705
0.5072346877875807,30.864740565601707,0.40402788438927173,-645.774141304709
0.2078050019377389,65.05299151024055,0.3248877088734433,-339.3987858935067
0.6327436231298428,86.57926196615946,0.31075289865255634,-745.7940875932937
0.6435618905085693,44.06847088216853,0.20819478437576655,-814.0525960743624
0.4951375368199741,33.33638532254688,0.4221479057396246,-623.4783394022655
0.42397757255339424,85.97774791924105,0.25760366598146894,-646.1430419257624
0.04196571945004105,63.05690278740181,0.1463002874000112,-93.03599160505414
0.9719240001480605,44.2923210891147,0.20923824661566162,-237.5134829528812
0.257016381327791,47.653046733057906,0.17209710358906044,-486.84470638784927
0.11113615080890388,28.19780432752678,0.3773724391007034,-189.80479130055937
0.18625963672418228,50.24111309718775,0.3934867291366537,-285.12245286884195
0.5217683909614156,45.98145946340103,0.16589862464298402,-795.0466128663359
0.1761731781084415,91.69602087055054,0.3118026933761927,-293.6558798435802
0.15635034107035195,31.292508579227473,0.10987417696024236,-344.73406310658794
0.41532155042626895,83.11263523433324,0.38687057147682746,-559.3002020731192
0.6179647173973777,95.01265801447107,0.45553482770920695,-656.4645203720415
0.2858232705566236,31.07894755507539,0.3105907954516657,-470.22403414597875
0.5089857284159613,98.6081188247648,0.48009315532734553,-580.5275693022197
0.41311787371098113,60.61374785767107,0.25945224255199617,-638.2368156369017
0.7907503557867056,65.58659737548102,0.29397566722585744,-702.1225433663318
0.0997136354860588,27.096419788876638,0.28885333614806347,-192.35666511170862
0.750556882145574,64.68214420220508,0.2430269158314458,-758.7047893983279
0.548288199014339,98.19856573916563,0.2972252190619519,-720.1315436324634
0.20576475622245496,27.744480079294846,0.34886348885546414,-343.4131780174372
0.13599269555332297,62.369747330891,0.13192171028043265,-287.194941626339
0.6149383148075773,45.282926222849,0.2332093938729315,-795.3151611559487
0.11688694332221562,52.938731228308285,0.2566892803125176,-219.5286987843778
0.7986098374986907,57.93257780680097,0.41438435447840694,-646.4559645589784
0.6067884680033665,36.74872382098664,0.42924563654366543,-680.5652300079307
0.6851238499315568,80.64450026037738,0.3032920174414806,-752.3679896381341
0.613567888143856,70.85400781262692,0.3785070516480721,-703.1257010275507
0.8950337976367809,63.53808616861095,0.27171095729151296,-530.3702248493304
0.051299097619358476,59.4649252084049,0.2170803212758055,-104.6508262761265
0.5691302044821366,22.54498549355739,0.3552683499921282,-723.0188633196983
0.7198401692931072,13.101220180885955,0.35678480696907433,-754.7019383130577
0.28805652266649284,59.593450061479295,0.38534455457119765,-421.21343469923465
0.46739421011257365,48.08940248283116,0.2134064354281925,-722.8072861169086
0.14635910001380356,12.446538011653416,0.1702843743140893,-340.2246618397554
0.424493969749395,17.405536578734026,0.3537716818407256,-629.6400853915947
0.18506478734918586,30.259073617574362,0.46080690431582505,-268.36298522389853
0.8298381010333793,58.27423659159704,0.18801027902041795,-692.0541576232034
0.23878918474254926,92.93535385310274,0.34592907001415785,-370.3717666232503
0.44151118928976696,23.688601908393313,0.15393557352204879,-754.7739486988312
0.47325887388962407,18.178800627084918,0.1833092638204426,-776.806452030197
0.8471055427684031,11.41948040203024,0.12473058865825104,-706.5841880336396
0.6319218917567805,15.386006721578827,0.3933704445202101,-736.3726593896954
0.5554213131502309,88.42227760766818,0.3325636916044548,-703.2702695724541
0.05505847627960275,54.96954449585074,0.2189634260403801,-112.3042974596468
0.11667063938055061,52.63874236703046,0.38188909528044335,-187.0354812926893
0.2356858018669716,61.10504064323502,0.32869850562901526,-378.6018576450027
0.7711568885734611,15.558316593191014,0.27209038615768694,-754.102946341501
0.08491658817121601,40.90934078273669,0.262887049943706,-164.35689272031001
0.7732612159893878,87.0646071700387,0.2216201963893375,-748.0055885372137
0.8195104019649913,36.21391778652931,0.23294229300940894,-696.0369412064688
0.4959799167219669,54.97138066414659,0.41057749997814286,-621.0880324791723
0.9344424728394297,48.328534576499884,0.3354542155533727,-397.56083154950653
0.5973187375364233,20.26400020202407,0.14020048513350566,-867.3583872327389
0.9766410746920731,44.29376479009906,0.2060413916199385,-208.452584603841
0.7523343935600965,28.045985749814456,0.13742908953951383,-817.3189404785944
0.05627745078877137,67.82499951566086,0.2883419662837714,-104.10026119933708
0.2971048244430406,27.845754043018093,0.35063140380608937,-467.7368173002971
0.9275457128795305,42.32387080855181,0.41559363541922667,-408.79057840499553
0.5290397746319158,99.93778876162672,0.4701293051953137,-600.7504867171596
0.1942629963943283,45.66137833424881,0.11013181103013446,-408.4755850503296
0.7703243169242822,72.02955454943839,0.24605835371586143,-741.1011017075082
0.8910593517216675,24.937957967997722,0.3990380469597019,-516.0547454851519
0.0824064038890961,70.7702665073272,0.4434906842434566,-120.4333899888246
0.17472197297991332,60.76605188001955,0.4708569527691414,-238.45436952585223
0.6575507742863023,40.779679610166895,0.32621846813078426,-748.9640638227216
0.776069989403612,58.01269698423834,0.4623357932991662,-643.8476192314728
0.2625993298433775,19.719909273109998,0.2536725486107313,-482.1644020391153
0.6778977013216534,83.83140982768087,0.1559326983921322,-833.0643162056224
0.39519265810819126,48.22174572533198,0.1408711228824454,-693.5436235970072
0.9252923995082216,43.4110495032164,0.10894927787656679,-468.73049885084237
0.7220808249127217,84.77345287864392,0.4877052702122503,-650.376217465504
0.29864966505627083,60.97110397972157,0.3788972471889013,-437.37990830253375
0.3860001215369143,42.26112601054774,0.3720859211497225,-548.7079825301596
0.3992272961273786,10.566232685921563,0.11377850108312004,-781.9847295368846
0.808885183118494,52.6755172201733,0.2037390531818941,-718.4124869004921
0.9314448648016701,83.45668151484817,0.28391672477267843,-415.03190487259576
0.5753973639620382,78.91364442011852,0.17940651094446874,-807.9050034790595
0.4922458312504191,54.591846113393395,0.23292811292917773,-729.0728371073287
0.879693917773985,84.63351817104181,0.41292622753414554,-529.7816385442371
0.567649537518337,39.45835497006803,0.3810809933908035,-691.2771083968115
0.09501709998607638,42.2040919037193,0.29542455238138904,-175.21412965735115
0.5637183693306961,84.92546578430968,0.23049967575860758,-770.7004546646689
0.2616312921986688,97.01101398187366,0.1302862157206148,-504.83460935351906
0.6713353909537423,75.28935089468156,0.26866594001057403,-773.1632783822572
0.9114049496684615,91.07788964164358,0.3845059984400523,-460.44677212803106
0.20163494741797836,23.241263677679036,0.41296548999380545,-317.25531770906537
0.3569966560950755,80.30662001612896,0.2855416460085545,-556.1730109086457
0.534641900831867,47.44807709582637,0.1886609064190699,-788.3953308896496
0.6497334523906333,22.842773390552917,0.2146775144614003,-825.2294439868818
0.39680378565558494,27.25757790066092,0.31827879482020693,-604.0925314668592
0.9165306692960528,93.01483101311909,0.2342093143489845,-474.44347035980013
0.17264164359748713,93.5321562299717,0.19283121803628742,-330.4756327832603
0.3998905369526819,54.574658446484875,0.1594853471007451,-685.6178307757376
0.6764926112379281,12.866204133179352,0.4032930621773203,-741.7194595678177
0.7698368629909498,76.90195233419281,0.3262560401841863,-705.6388765146413
0.704546525618289,48.242971871338845,0.10603299054286648,-856.1898259021153
0.44917258085148465,92.72738738796404,0.10245349582505292,-765.7323047975046
0.9496192042318703,72.40346544986149,0.3294701415947748,-337.86542616376926
0.5625246133556583,58.773385411868745,0.21085131756407202,-786.4063806282428
0.42668329847808006,34.13011873694043,0.21228664471056977,-692.5473444525156
0.7839823357769655,15.421882589317443,0.3159986221340304,-723.0201755064708
0.297488842339085,82.25829172935123,0.3899140393965822,-426.3815659023353
0.39278914576943985,62.55083937526005,0.2661508310977321,-611.8632381876204
0.8395956273535261,39.229221379154396,0.42383577479461654,-599.1344349700183
0.7327010132945926,21.30246300821136,0.414313314378174,-703.9257342455542
0.9145752391931303,48.87076611052232,0.3424986196882862,-461.5957956260069
0.48008561777104164,13.58854669316915,0.21252975984364608,-780.5553595275202
0.10128213640776443,97.33356808702773,0.18707289446105274,-202.8413217131562
0.926071238796112,60.33691072231391,0.19005822259027136,-450.76578385232995
0.7730214786675984,85.21734232746583,0.3577439232206582,-688.7790541634015
0.20420653642337327,91.71136838672273,0.20500951060903186,-379.102383892604
0.04956273390507401,37.152167992585575,0.47620834972937054,-74.55028686248274
0.8476981733473455,37.50800764213605,0.4389690651104837,-582.8351715053677
0.8753274523013362,48.42156812927875,0.3593120966499761,-555.6377523711036
0.7690146713321843,52.84347893659259,0.39283381638547865,-679.7414311330566
0.572813810665125,21.830097352886355,0.1287916788249861,-864.0967319081639
0.3820830340799557,23.935033585974544,0.27806600205756926,-616.5024141355087
0.6585110946549195,62.94591879921769,0.4641704379781221,-665.7018701900208
0.3847783728058787,29.10936761732087,0.3680712085639868,-559.5770067760616
0.5576959808874067,23.74209264893713,0.3323212464680083,-729.6919879390701
0.17017794080755708,25.73442413423666,0.33446475446728297,-297.5002950438745
0.4269537053903013,40.39316731105207,0.17311738368007124,-712.6078515559408
0.668593642493254,71.89826950953564,0.4458040050190397,-675.8598278072601
0.8290964617916803,53.17623194762557,0.33844365857207614,-640.7448802474066
0.4022166089590639,75.05119573911747,0.12204787458318145,-706.1369094996779
0.3041569740564835,14.956893414870958,0.24849743571362654,-558.5627216140745
0.255604541635267,28.62434990023904,0.21438311823599387,-476.6990425868902
0.9196397312068351,34.54033487676455,0.4594516055799871,-426.2163915807705
0.20145044362220502,92.10745114799946,0.41837431640465284,-288.9317218621896
0.1411559166895722,34.337816261079304,0.10956647031742395,-312.90771066144924
0.6064185677147881,54.13097700909481,0.10534758160762916,-866.6383209182048
0.3836523590188535,88.87866669288618,0.4151201643843462,-509.44666850137435
0.6790386941821251,40.77327989666449,0.22832521504108808,-801.7246300948
0.753710460375777,78.01690548504054,0.24629119533888488,-753.5598904887645
0.9766469150029434,32.168242508443726,0.26522810307158845,-205.5378618989309
0.49444863764540614,79.13941167739011,0.46243738865392336,-582.7567407248024
0.39761860855050374,10.069117697922271,0.43283925589024697,-593.7993243577181
0.7588002013623657,92.53071738884587,0.3463235441665119,-703.104706675064
0.7809216997634308,37.58188736043054,0.4331743198386947,-657.6253224487331
0.9371625044769871,95.07656900780991,0.1659197245071568,-410.9269056760033
0.3190450168396751,65.17520269761388,0.12514386001763997,-598.7759765149419
0.4868825604664481,96.00650616259816,0.29422688390876983,-679.7238864819676
0.6197895614238695,39.51958164168199,0.3587498427275658,-724.9090296026599
0.9719533626142614,35.66959449207786,0.1248114512683828,-243.454610369012
0.7544286588822934,48.797886442322174,0.344567303823041,-711.7034073747378
0.9791166265084944,91.30539104280814,0.44392827373089805,-179.4398199385892
0.821963893237154,97.30172665672498,0.19402432748945825,-699.6530895481578
0.21969191265357452,48.256934989674114,0.19420774970248855,-416.96851050517716
0.796299267627755,39.26253637765775,0.3174399096191538,-691.4863395256548
0.5732154952814836,95.4092686697323,0.449316267429139,-640.5596495422117
0.33649063216649383,85.9409548202048,0.43957419263730313,-444.7230330475928
0.19597834307957981,27.57177363027771,0.41842948784888934,-301.87896176302536
0.15307633507163407,25.031160427423465,0.4499062944048915,-234.1101134462105
0.13515068762120264,42.88842914881907,0.4946556128977023,-184.73301044370254
0.4245309195108697,53.42504574877415,0.3558480961278979,-593.269681175685
0.9077028504385164,47.52068367926824,0.329186857087297,-484.3518923706503
0.6305374149749473,33.63703974690489,0.23839955106879904,-800.5970648341271
0.4978606161181947,54.96945380882359,0.23889996560044346,-729.5668307206739
0.4759688581022697,57.74113145398644,0.3149038655188492,-663.9728375319958
0.16869048925251892,58.61312051873768,0.4672204621456385,-232.43154138818764
0.7631975371502221,96.57022868695935,0.4446778779580127,-655.7032002797537
0.2951563846658513,71.12991166795305,0.39568297545190556,-422.2323196654752
0.7184429063093785,14.92001616615703,0.46352230832363694,-695.9098611168301
0.12310500462485068,19.90453186063472,0.46743958882490977,-193.77723283869082
0.7632779117542916,20.737916639102128,0.3863754641699484,-701.4082774694757
0.7634833247153746,21.994516686450034,0.1350127123475085,-813.0649239319404
0.030429696588428215,85.81534827799896,0.2782018724757339,-57.347436019981735
0.8465685853902374,14.009396213456977,0.4274338184153367,-603.9785168752965
0.12714194010125232,63.068931914107424,0.29399595200534706,-225.03733952018536
0.874072305230536,48.102597768808394,0.11123510493337174,-626.3689134627705
0.3166688802211457,78.66342109659483,0.4806779725792094,-401.09529299642014
0.9679106897980743,45.829480187358456,0.39045525978814677,-246.73635738245784
0.42587878704032933,39.752860261430726,0.44023499908992625,-548.9558610480487
0.9766211448783424,72.78407906649295,0.3989122615824743,-197.0880234349212
0.114727863618131,12.018778927568956,0.16811256987318407,-278.0367563503446
0.15957644457429412,64.76910766765577,0.4139333034616868,-237.23654912773827
0.4901632101158033,98.87191737029768,0.47520721667922794,-569.2712435639787
0.08011503904631113,11.35505856141663,0.1629407299796563,-206.06669049491632
0.9304079619654387,94.13494208097973,0.1360124099696436,-442.41213700928154
0.6481483376761578,90.67427018896242,0.3725018103112112,-712.5305058012349
0.7132636194974052,48.95438268591575,0.45335802475554543,-674.4114496737051
0.4827340131686995,24.043055811169836,0.2791271337588266,-713.1034591954951
0.8425112080372804,99.58881777243258,0.23583709383401674,-651.6344399598403
0.4531093064966537,56.76384321008941,0.22420575975182513,-700.4026165116351
0.5244901288506755,26.941352352757704,0.3514052103508981,-694.3884426226718
0.5346237253450009,72.42404078403132,0.19136720776832894,-780.6361449667219
0.3491627422883254,12.999938368150126,0.2508008460257265,-625.5429751152838
0.8916078763075129,44.447410189336985,0.34407194332747937,-523.5238173438067
0.3514327994870553,29.310087940825575,0.2881759655012589,-567.874806138123
0.6872151004870127,46.72858912265145,0.499938908485425,-652.4462849906251
0.6703592797588646,39.10198131599262,0.14695656563356405,-848.5314505762899
0.1417765503073793,35.82917008607549,0.3172197144230431,-250.2841945208246
0.7725001329635725,23.808036936857654,0.14303806834085142,-798.330753376473
0.8867987239176703,87.16528725416363,0.37121050550782464,-525.2200457181059
0.3446062462225485,36.68340288369321,0.22175943617328026,-590.724754074916
0.8337052461020001,96.61340857268014,0.32211075403161915,-636.6282317341789
0.6148330765377815,98.63095201777259,0.35440008558840086,-714.8000054919776
0.7351471531373316,85.90748064044574,0.469842376107953,-656.0503732930242
0.07787125915829869,16.950416145666924,0.3189696672406049,-158.58191267740108
0.13455325369853877,32.31437902255779,0.36259885722288043,-227.45347671461644
0.7916852140698872,38.22403328122627,0.30598215457917144,-701.2693172995537
0.37938065563195617,52.504226577762566,0.37255304164747327,-537.1107794247298
0.031309148266115604,85.8821501301258,0.28925092888582027,-58.124684981618955
0.2796443570201727,63.71699340654453,0.281906833991529,-461.6469714380197
0.6090476607551044,27.48251464418413,0.47902409049343964,-658.7173843275722
0.8420006658488769,35.796222133535466,0.27326410262976086,-646.5617641892568
0.33341523996007555,19.637349714508076,0.11868280929176733,-655.0525523038706
0.36936328233182886,10.255318043226826,0.10918285344495167,-751.2003038700378
0.18533980618056448,80.55719674930424,0.3804035967059659,-282.92642119953837
0.509012750123181,64.30568963138174,0.2678587509703484,-717.4809079231644
0.5673344629517166,80.56927807492268,0.1757393969627168,-806.4649769450414
0.5483800523214614,57.44447500258169,0.4669496825210667,-621.2801465619369
0.918562409642754,63.68270925922064,0.3811854271761371,-441.3469721134808
0.0856329010491488,74.48296744632123,0.39079213367536536,-134.89538796586982
0.10821857382242225,29.070737926031093,0.23558212251244132,-218.69558900173894
0.09529766602767142,47.10205921289477,0.4758931346138373,-135.5143036894105
0.6818380637447273,40.25125334255877,0.15042570451784312,-843.5684364522355
0.4218770584796642,28.034474890720595,0.32932629239136946,-622.2010110472103
0.38148103202454187,26.910838325269694,0.17072509397221303,-674.75943683654
0.9643902855847493,93.03292104755859,0.21116404332037073,-279.06958281418207
0.6412805507658881,11.053617661840198,0.443268854103095,-727.2352466665822
0.7220926599574314,29.820819993166467,0.15286449804885494,-830.7170320819513
0.8170760867484541,84.89619323114186,0.3623528272207973,-644.7911230554114
0.07175481246294568,96.09459665091384,0.18453980080157342,-146.63973347370856
0.8397107110339493,83.63236370389686,0.40523435362361704,-600.2654047121675
0.23034362543143072,94.32325877422359,0.3976584148797422,-335.6967689522179
0.5950204109545069,83.64604565634657,0.31830942847482535,-730.945950865388
0.5332164401955738,82.83691171130943,0.15496842169754876,-800.9228973435357
0.7473402521726005,71.94068296310525,0.41608070652899176,-678.5392339005717
0.8539769684754945,29.234017923495504,0.21786841213594108,-644.4759274816474
0.9417606436471252,31.940444653781473,0.20377817081866656,-389.53984015692924
0.7125544499650909,34.87809142277507,0.3278618350947185,-743.6094124974104
0.02241786007224558,43.647825303407906,0.21926584923818537,-48.16308528328512
0.8051608552953691,41.773955978323926,0.42560452247005753,-638.7264029633694
0.03431519055607929,29.691057332687272,0.2894100614193069,-69.9038311808854
0.8759441660497665,78.59202267955595,0.16402390966463043,-604.9928401498634
0.29241643433719405,49.01303265673317,0.39939720342087515,-422.6414424774864
0.7992635886411678,42.93576444430394,0.4558078017749756,-631.9695770143048
0.2320024137923015,33.93022697182563,0.1710350010800048,-454.5494784524466
0.6996116028412755,59.13231948970932,0.43788759564642465,-682.0962187620263
0.512963543647975,39.56619594157111,0.24339917341030115,-743.8394360310929
0.6154542268217247,26.297039881218428,0.2779891996925222,-780.8737742034149
0.6992736507912265,21.315161164514947,0.4969331287886988,-669.8780776343591
0.49569824303809906,73.41979342163117,0.10808272434680655,-805.5134006633521
0.18428327294667324,99.48533227832463,0.1816399654984669,-354.1266004159397
0.8861401416873899,47.675625618506096,0.34127024016720897,-536.7699488831222
0.6229663419024953,55.378759732960184,0.4052840512646204,-693.1318880848622
0.9799061085641192,17.147262783645942,0.1787793197831079,-189.94194992906222
0.2528474638426063,57.85753414514266,0.17331044832972126,-476.5225039775686
0.2058292425603588,66.1582537998012,0.47824515350923547,-273.7739249835928
0.07180532283274621,51.51392119249358,0.3567267071163108,-122.36286055902048
0.32584960804012153,15.847402709897734,0.15172726804845135,-637.3802054189281
0.40140371902798694,90.89889961464318,0.32760958360746784,-579.8854795563896
0.6574603006401001,99.22255908622276,0.24352202356887123,-785.4786866103141
0.15563222803660468,22.560672128061775,0.32748018047672783,-280.94074455687604
0.6664892998762488,73.37245028005108,0.47502548166633896,-659.2613818819055
0.4258218430196593,93.21188799931129,0.22465284248573442,-667.2883477948435
0.45115807421204207,46.692081845861296,0.28495051339980365,-664.4740123928204
0.30581785011422,55.98395103718744,0.4070037394852972,-432.6407406869986
0.7098709504772076,33.761345296780945,0.1549612285711997,-833.822013885582
0.7215862711686758,54.68361770785924,0.24770523770346442,-774.5359288832209
0.12849081409458574,34.28318206909066,0.16241776315279402,-272.76657474805427
0.8506796285278302,43.48800327611953,0.2917279759418512,-623.7091070588011
0.9778394111530334,31.826947638408424,0.3894289367405581,-191.22834875032387
0.23274347151377556,74.63229677177655,0.18169681982824004,-437.413690379601
0.7202172829838016,90.68650532709664,0.21994695892447386,-784.8181237274428
0.9461585685459767,40.52862419027261,0.46245931142735575,-336.8226653220332
0.06844230576929655,47.21374306639853,0.1952579026284672,-143.3743516915807
0.9892184236210737,18.89547311437314,0.23335099031137918,-117.02381791075015
0.9345115810198856,58.12330917781001,0.37157542522026,-391.246172343172
0.7193651000677455,20.10551012312984,0.22377469506748193,-806.15749165384
0.5744544581190166,78.98599701215065,0.41287353691486095,-665.1556812460893
0.09799920161653258,11.907473421078802,0.23799499441312594,-227.2499093153206
0.6576690095243486,83.47417800692534,0.19557825068881873,-813.7079005363389
0.539705687258975,51.17117785090494,0.1316848208677297,-825.401826295839
0.17585955565986758,74.5135136723142,0.27185892335771833,-309.53337754627466
0.8997970759636117,23.58661215757286,0.4486688815422566,-484.1181697454495
0.4965354456138424,19.571105925766638,0.41493736078245014,-647.3229285340333
0.18240089813264876,95.55866004509231,0.3103990972259111,-303.3159439727793
0.7822096080883479,22.154587488346657,0.46567711207957485,-651.7388718101146
0.37700429932035584,84.97621242148774,0.3140937342006569,-562.1112815387326
0.37243822198317017,42.312864939395915,0.19760343795221816,-635.7651992042759
0.31739531083769046,16.595711965678102,0.4749716286573562,-448.1784747892615
0.9526173937007746,76.58145286058969,0.31960910672023524,-325.918942654294
0.05113927044484728,52.26662501459828,0.13011799364279897,-115.74085933208416
0.5198115057841912,30.004505663492253,0.10527107005215358,-841.3280026455654
0.7540288014048061,24.71903338787437,0.48521931723403267,-657.4794877601242
0.8288422167984792,25.632802622554948,0.2616095927905633,-676.1276449345281
0.540418918286252,92.17604163983141,0.3253663345029716,-698.6122593863217
0.7629617388459641,42.531987890624436,0.42966979793856974,-669.3722627629799
0.9640128299777707,32.00020831435101,0.3485989070233936,-271.0027347609689
0.5515920762636476,60.18887490535921,0.48907210994403694,-608.9152583644135
0.34802873389299016,95.10262194740433,0.37373581132885425,-493.711692821484
0.9852882923506281,26.479080546172707,0.3603858546597142,-143.16193238283097
0.8553850526996726,65.80109072960401,0.22595261066704928,-632.8259972141012
0.3541135488732397,19.304468225698386,0.38326800967814567,-533.0618634735921
0.8685778678714406,76.3630687067762,0.1246568877216633,-633.7095745882583
0.7791054005162547,15.86438414038224,0.4942777249513062,-650.3858996928477
0.6643060376390627,10.959042461063932,0.3018189591762661,-807.9088389383564
0.5979405306756715,73.93686671728645,0.21630869686058785,-794.390930360874
0.09672009650106181,72.95793345967482,0.36628445309123736,-157.0855780690797
0.7463970783418435,40.11016483088107,0.2138846404311754,-780.4267846418402
0.17476115659207558,77.92743829484519,0.40558884976868137,-259.22682067481736
0.7731033365346398,60.086582774872134,0.2293778418808049,-747.3165926989061
0.7210565420079462,49.64554403692277,0.44961382982571607,-674.574572324622
0.44200920683457423,77.16539444850714,0.39921412792685596,-578.0421232485248
0.12942233252896437,65.43932180137384,0.1345877770537363,-273.2149980758762
0.4463665692570132,25.981577216039994,0.4478288602846714,-574.977613543498
0.12012621932492844,73.99511383176556,0.3515357086559071,-196.76234367247406
0.30397904193945435,70.60148528820632,0.3292513863321743,-468.1273566867894
0.2680737330822194,79.24155933601477,0.4764637572520706,-347.6488068867975
0.44867667945081774,73.45822618720179,0.16702423562791827,-727.946417225784
0.07863395295130891,84.90032492713058,0.12181023462896681,-172.06974875900698
0.37183723333783697,34.38200436386267,0.27789000322889346,-593.2684419186153
0.6649282733307732,53.32136018456089,0.19162623751269536,-820.0074605799325
0.6988236567234584,10.695535639493666,0.1334816975991887,-889.8057950074052
0.02090022180538524,68.11178493116932,0.49108418436196555,-29.476262026959752
0.6057569474164526,80.7550503387022,0.3154759169913379,-736.7273252214975
0.2528991523692591,72.23110131975386,0.40657619959510305,-363.6929525654537
0.41260779115213725,40.871500557279276,0.12154937922898697,-728.3244863520164
0.11648583627066562,31.495839550966878,0.14207818155632557,-256.2810371671568
0.01093611471967551,92.02850417608447,0.37581309023129494,-18.326695015689634
0.785735120362841,48.109022424041854,0.4011984685641461,-664.6506211374148
0.2913133007531414,31.700745967049926,0.1677802933167269,-550.5350156362683
0.17566789895923243,57.15824612338809,0.12281461135148941,-366.16451780250407
0.46089748704144945,95.8450060345551,0.16057675256519466,-740.5538057730266
0.8760178138137095,69.20505806149772,0.3236152100545987,-562.0801600305317
0.5038916000050986,16.097189103089534,0.4387758429025489,-647.2952476540797
0.1295306221827981,72.93669740081197,0.4797849236576348,-175.30898056179376
0.2606144460241461,53.8996619083755,0.49438283474279365,-335.42997494861584
0.3150207494878605,50.52579526021559,0.2497732907586855,-529.9641020942623
0.11233846481823498,13.235329752743281,0.14993700131124654,-272.8225214589391
0.8127020368335407,97.10957035106716,0.2282117233722968,-700.2020960407064
0.5464871706401939,41.42231406750314,0.41686911327526066,-656.6291128308071
0.8931183054306542,88.42715777178378,0.3671838283317057,-511.51553317020176
0.6143836444160367,26.63267713118111,0.19266125921334665,-830.6972809049845
0.03538045465031203,85.25680298602592,0.12003089452855842,-79.90736924357823
0.8782686218288757,64.87779883499135,0.1752152061557396,-597.069608727856
0.12556787809468872,53.2459554341828,0.17341292128039543,-257.3619558029502
0.6034148612908292,52.39975617161617,0.3561871614804132,-716.7511258186881
0.3602969887224597,66.73258756567613,0.4791607345290003,-451.1041253338637
0.7152706024102728,30.665103647731247,0.4790213762560458,-668.2983905636263
0.0884457212775861,86.3420531316984,0.1072216384109427,-195.1801753231579
0.7866976754806256,95.3733500667056,0.35530318404361083,-678.2206682210842
0.7961746970801816,96.64590361739576,0.1462827240026913,-754.0501124653563
0.23516814099678118,62.933881895634414,0.3842970440003137,-352.52622363999
0.16908317040200674,25.03562614935746,0.4572551809167985,-253.58333076107553
0.6365000819608883,78.72246981862564,0.18443401350560393,-820.177568688969
0.6465901174233583,69.30890974056237,0.11643052113046588,-860.6318624425056
0.29101511357724363,85.45533829155029,0.4984587448612282,-362.1424236094398
0.5412105498624319,11.078738109110141,0.25310007959996983,-809.6649252809017
0.874470487587049,23.78924113921949,0.23620831617489887,-597.3668058419657
0.5036472373620932,32.70647716166529,0.2258930716261729,-752.6772660277816
0.11500881223762087,78.3292060235605,0.38014947055642334,-181.10213216858094
0.8685312465431925,40.45095717815143,0.2834177087661689,-592.1547628691295
0.1744006151126286,35.46191124448447,0.32248723015345937,-300.24660986125957
0.5736394559123994,32.742069143324834,0.3236691287005816,-733.3801919975132
0.8027545519168423,56.21614164423468,0.2760847877240987,-697.4081983912137
0.7943943622633751,76.57443126680869,0.2610330143410826,-710.7943092898914
0.26251860898833607,58.645474282645075,0.4479089287768613,-358.7762872609159
0.5450612980746344,95.78695703922313,0.36040147432446534,-679.3976655860359
0.541372364483224,85.2192608950365,0.49218961465330724,-596.6157896330758
0.4554016720626762,88.5572963342836,0.3910851005346593,-593.6385918434779
0.9546667228953312,83.18409501379428,0.2647981775508951,-322.5515433194145
0.3912280978627303,27.77059103673374,0.49432037450019184,-492.92849258462974
0.2805762257706785,20.176247326901176,0.11239570806021067,-578.3945160829903
0.6452804646543135,17.782541554953134,0.3400841991111295,-762.4632161519196
0.7377786883175751,56.97948059329101,0.2999733303510408,-740.540687946052
0.09977123480201368,27.566189272410046,0.17034706952159712,-218.64614565864957
0.5861514201625827,93.55683445941717,0.2388628785505901,-774.5086797219172
0.021673428678534327,89.61759360382639,0.4696798978152962,-30.93945576180985
0.08656559514630666,95.0721303480662,0.4863215381232625,-115.92854636365337
0.7426903076205833,35.523472888683855,0.3515770140953335,-719.1375319044788
0.8008844083656356,25.346274446484824,0.33219603455070634,-686.8720490517435
0.1712650821529276,28.783883467900278,0.44430045214974934,-257.2018566913437
0.7237887569864919,56.75015458405411,0.45238750083270574,-671.0708809085874
0.09463747680225182,42.87417540564574,0.416198395936222,-148.54166575830797
0.9565772211581126,44.550925215469626,0.18047644288459852,-323.4080177255272
0.05582549328549622,89.98771289946772,0.14585900309629007,-120.56818151349323
0.06679926311870746,23.212313646173296,0.44707007765659756,-110.83002749888674
0.24587435123356344,57.27269750678597,0.1322831783862154,-484.6388991445419
0.3678276154387287,22.59622799154053,0.19911896025730758,-648.2158358420581
0.4679270842545194,63.431774604858944,0.42299498855979023,-588.6642372488237
0.3679269632673505,21.336154292129915,0.16471627937617334,-670.690141864315
0.08572730494720765,55.55482144806253,0.3510220147291091,-145.21557197141317
0.6956272929902082,57.119676416797795,0.11248161325815796,-854.6535014649412
0.32189799516103845,42.954561498948145,0.3668366271587483,-478.47579560615304
0.6548089225980824,70.06019261924357,0.4747371849017834,-658.0085981014117
0.642726346177413,59.38371948495904,0.20758688320115817,-810.2192767158986
0.7252418653272811,60.39697210555771,0.12832878708625214,-831.157559681774
0.556496609998838,40.27599386626855,0.43592829981444225,-651.2301770229357
0.47267894086144685,40.166322784894554,0.2768034354330715,-691.5938993225926
0.1339325479062066,29.75782469355682,0.3512143558925982,-231.5700306158988
0.41696350406562094,81.99671518607728,0.4532191140828793,-520.8384284347768
0.3369758282707927,23.09016265750315,0.19132024280494797,-612.5624766691343
0.17136673672542393,95.90331840469631,0.13566309846499808,-348.32066887907865
0.12990023644836274,55.447539371063456,0.3117119441787564,-226.0295463953887
0.2701449547480157,96.20418527365818,0.31562944584940256,-427.21084622037785
0.8172124897581542,72.74286592361166,0.3561281105356031,-647.7571580819084
0.5745223844010472,66.85641410740467,0.49471969252566417,-617.1125359493033
0.660916438787007,94.9913638990878,0.18618674609727767,-817.7923895763245
0.10099936714501263,59.17061018354358,0.49402736881553266,-136.61828485792952
0.35394194717350363,93.71255324475692,0.37500878186233233,-499.8659981204689
0.8094113220126541,78.43449999065639,0.12758069773995928,-744.3387243748743
0.6016761488137627,11.421407941903464,0.1791959176930487,-874.141805756581
0.08200149553311795,91.78738580416974,0.20955398853293028,-162.13106482648632
0.499220939582912,57.299662284448445,0.3846912360725161,-639.0488417056681
0.46225496095307617,13.630604561029678,0.4811724868044507,-599.0127647327321
0.46458166424628944,26.69603768701179,0.34801148028659395,-651.6207370376354
0.6623408423051426,11.262004884886519,0.482551056737344,-705.6377250593033
0.5565360273940682,32.44519815378747,0.33336553450917294,-719.2624500640026
0.729242624439923,64.11575260057779,0.38334193542203754,-702.5025670700464
0.16338269454914875,83.36203965798781,0.35981656263246686,-258.42592866085585
0.88361120244179,39.02981089959188,0.48929155009444947,-505.8553178009112
0.8397636084162835,49.491096971353336,0.10456907534166984,-704.1176167637027
0.16475385567316436,54.78723687344051,0.19074667513694665,-323.1049879122344
0.15493971848698235,53.01460684372851,0.4489219166201711,-221.82057135855078
0.742324526977061,98.80135924270236,0.4136453193581425,-679.7669822102521
0.4482856905209674,91.58249842856318,0.4404420349484909,-556.4882731314283
0.22255525344094115,40.62891542647226,0.31472771161097635,-372.8610239823866
0.7603106309907672,56.17084956676795,0.3131596086020543,-720.8599867768476
0.20349183920691402,65.0817225404684,0.2392268708178599,-367.70347062789716
0.2731487117113734,37.553626437869454,0.34231844820687773,-432.40852918536217
0.8481985616040733,20.785630885222815,0.23248939711642913,-655.8673387869394
0.7743380717803159,45.612715271633974,0.2309521412839605,-748.0909062447329
0.8410026316989524,10.409717097856996,0.47474698576114227,-605.7986186020242
0.5439302681257768,29.50279941225159,0.20231369314925218,-795.9076439058751
0.3983189252977448,63.922934263379105,0.34874026665680957,-568.2464112931639
0.44928710231092034,36.844489027910754,0.16898971331860907,-739.447542535189
0.20160132228205704,75.70912948554027,0.4315029687521833,-285.7548119374744
0.599811864361808,20.07014962652773,0.49661616236064077,-654.9014490918344
0.6917873403855823,25.931086007412844,0.1755997230487264,-835.9182480855952
0.5162735425016552,40.509315147254604,0.40106575246848664,-647.4066894007219
0.1857399645280333,31.568002073123363,0.2040236453607844,-365.0478033043386
0.9746644051068588,93.45090009144619,0.26957667535015395,-216.32924759002114
0.5760562469447472,23.575797176383396,0.24725214698545683,-790.4198013502573
0.5787108257271717,18.03899544684948,0.3388463040012606,-746.0451284294446
0.4507622172578162,77.77829145601365,0.3086089496589971,-641.8330424991472
0.6309735642087356,20.724211162601545,0.12471323300876498,-880.100666632675
0.9462962536796921,98.72586219264238,0.2437801871419581,-362.1195732095822
0.9279223307407348,18.30914996436787,0.19524455919832395,-449.6990568453774
0.15680188203209017,98.9361340805087,0.3241607250402344,-259.1168104090599
0.4252331485278197,85.17205103434901,0.13301451349244764,-723.4671986303271
0.8808331845144928,90.22419749840745,0.471607518998183,-511.88792242510135
0.20257670865741742,83.79818206353634,0.2398272555277941,-363.2319383729357
0.7482270230387672,28.991583309274986,0.3881440063593564,-702.4117299887441
0.7626861156809764,29.480534576964743,0.2658120299634797,-748.8667720052741
0.18860534825359263,83.89555571915504,0.13527876885995865,-380.68961500134026
0.015755428864412765,97.24814645678092,0.3212892478038113,-28.23635132565521
0.5731868709721749,72.1979160866536,0.4104982180487008,-666.9121675721454
0.1790270680035009,77.61123247724947,0.32876551800786036,-293.3095152488583
0.6012259451643008,23.78271103328882,0.10268553988952234,-885.0915311153071
0.9806483896736418,81.60983366686978,0.1925680432027365,-181.88238926325627
0.6888297421339196,71.51464982645628,0.11696757568403303,-852.477816361234
0.49112496022643287,46.55155907111183,0.4143824314365908,-617.8400934562563
0.41286063602473294,78.40244456542015,0.42775109565379277,-532.8019356300144
0.5754035783578909,15.813373965064677,0.2953925923116123,-777.3376351765129
0.21195010198540434,69.56786552900829,0.4271269746256179,-302.031207007212
0.4388712551066469,82.89047321105576,0.13482681463890797,-736.7378105232204
0.8520834276736203,98.34721797804784,0.3813213564012632,-588.6574805727299
0.4733385446654346,11.090653275487423,0.2601857385132508,-760.1174097804433
0.20541598316538517,52.70042299877775,0.20092125497677993,-389.29128448808854
0.735871668788803,60.983156919248714,0.43006793985778635,-677.799595144073
0.3239904554748201,71.17219440182059,0.2432487366368719,-540.104720965455
0.9628446706609631,70.30291951607522,0.3794674593771623,-272.57268014752674
0.1393982076146088,66.40163279547798,0.21423277259866116,-268.4563942991644
0.8409900541786931,11.855765348361988,0.15807805498702454,-707.1824516661399
0.5017772629980416,69.13178986167321,0.25827240131694673,-717.2166819264634
0.4890545560504093,72.22617663431882,0.1657535225958393,-764.5241002918118
0.08559403605497574,25.058838298857566,0.21517760615122863,-183.01567104146838
0.7159202698584035,15.616302516995495,0.10430047105705285,-877.0169741352705
0.16369110251100824,82.63937430119192,0.21757004373975866,-307.52615470754375
0.11069198375980592,48.58547273894746,0.22046520174687642,-218.58737802121354
0.3399561194555917,98.59978653534763,0.1195189262625525,-626.333980538229
0.6271557654014197,81.86821408274704,0.4441361439025744,-667.3661548212434
0.28567587681237006,86.87093417793977,0.46690145619302315,-372.01907159294075
0.2245296948884152,56.55195302679966,0.3165524704279375,-369.1533268568954
0.8061213217445251,52.600358163863675,0.45427757236603206,-624.4638572233159
0.717965215770482,20.150871751237652,0.18512985911757399,-826.3198424769065
0.16293698872715626,18.73461066306603,0.13827730988297426,-363.6472446881929
0.48737855248135414,32.78351385084868,0.21676314362254268,-745.9435076854243
0.5044257155455251,63.71840017231074,0.27115068875077186,-712.2117071814648
0.5934728401305052,71.16656911066772,0.20292859459652168,-801.408688573424
0.834072761691122,84.4568932173965,0.49049664605642007,-578.5267206106711
0.9482394133945649,82.9040396372179,0.2737644507602287,-350.287400355935
0.9145725618182995,61.58642771629832,0.4678639342116916,-436.31313784688984
0.21026113779485034,99.04603172727278,0.28683494668804244,-354.42892007221855
0.8303902327178613,16.21251242792239,0.24072753007851078,-689.7608126124638
0.6105217240418084,16.486126650146016,0.308658890138378,-778.530492372128
0.14404525059584625,26.797500264872216,0.37949436355015986,-241.33492286974953
0.6007904256910662,12.98265268898584,0.15912962612595344,-877.9436090652442
0.37284912971478407,47.90270857411815,0.4669188961946451,-476.65847038849716
0.08751087741483395,28.45640487360134,0.36287538658167384,-154.83911198995136
0.7799601289080883,31.438731816990263,0.27997237609515313,-726.4217958474597
0.18012147506692164,84.4817217736952,0.25912706924489953,-319.7925422498516
0.6534733048809932,66.12419769824683,0.3270106101460123,-741.7793933187831
0.6646786474682781,42.84680384502353,0.36843657572521904,-724.8469556578614
0.9885556508390096,80.76384604260119,0.3757293780254517,-117.35043078532813
0.2628388144596574,97.50692186540132,0.2784179344345109,-435.12189337882904
0.05000870942105738,58.53846886915305,0.380782185978255,-82.82196369797917
0.2615142391113272,32.20870387260126,0.18233574674854505,-497.72069806573813
0.5940581408525907,45.13124891441926,0.33218675765062033,-730.1074215610887
0.7981950979502515,95.23418333691765,0.26465094525881705,-703.9598466677477
0.7383743961354682,95.92161957633232,0.2616356641181229,-754.722123125721
0.22500302089783747,70.27846085523106,0.3523776901792087,-351.36525658104534
0.9152815389890177,84.52426998011914,0.40936598896537946,-444.8074766706517
0.9482821198765035,25.86937107427718,0.11356264976590716,-373.03997507276154
0.5390581904837711,88.37715931987324,0.31710056920999063,-703.2883445059757
0.42660523362422287,63.390790367847586,0.14395006707425187,-721.9017065609393
0.4715294895164681,78.88158749703183,0.14494889450938653,-761.768239869407
0.8122322566077087,32.362441836061144,0.36627639482151475,-656.9953759133826
0.1110753544603813,82.3893549361872,0.4752546409151117,-151.40206323858402
0.7709984274465367,28.535034233472302,0.3528999175736638,-704.0460778837266
0.6940045465445543,96.27867317400418,0.10332415101710253,-855.6256069186683
0.9534695430065078,85.5710148239164,0.22072202785672987,-332.91975398013045
0.0585351859125738,54.96590156504157,0.4878759319845294,-82.1183413384818
0.9861449912678895,50.06615799658673,0.4566130418052019,-132.99864457694102
0.7003039647284565,97.38028659504448,0.14402022405600748,-831.7280194998859
0.45771103724130535,66.89738524502806,0.30197130186645116,-654.1076231714409
0.8243748127009983,46.550799196817685,0.13510018934270573,-721.6799010162919
0.42085655287479345,93.1029045639757,0.14961793088070469,-707.7939920337174
0.4666700218616882,80.75091629645702,0.10287523205209702,-783.3263001353351
0.5056571871192589,80.37630877693108,0.28567253825341343,-701.2650074292122
0.5275591674825826,97.38078336761286,0.3910809722103462,-649.1095060579386
0.9168485676197399,67.9885090325526,0.3813950057051815,-446.2109774344827
0.07906378833942136,31.940857992128233,0.4099476949536097,-130.4071895833123
0.14289774403120126,74.65429028995901,0.3165907212126798,-242.2174437131295
0.7238712670749268,59.62743604422886,0.3011255498563039,-745.9658732787665
0.9592785557378856,30.601590980028593,0.37447176255328374,-291.88255803190606
0.9289014937303153,15.53338483303034,0.4648644763172194,-403.2410124998458
0.8314631374724099,91.8821840303655,0.205861169570662,-680.7153050061567
0.8476072509545692,75.0149055465699,0.4897607832889709,-561.9476809977286
0.7902989275052976,51.77314545667087,0.3642456004890786,-675.418148027259
0.14824801090292228,87.37422981098383,0.17417363672930863,-294.11060179796596
0.7586463434191651,59.70361185493847,0.17376595721494448,-785.1124661932827
0.5010848005655376,47.108479087759804,0.45881776911380634,-597.4886510012388
0.44255975669869846,80.93726110693751,0.3407661520301485,-613.9677596326543
0.2709937766054096,74.23671590005694,0.4377912611936362,-370.8800970112098
0.8159950186957949,78.05152297046831,0.4774669690855978,-603.391488417484
0.11903709609529128,19.58701244350773,0.42741592177177157,-198.95143695602576
0.9782248901923412,58.73934068964538,0.2615033938627124,-194.870468039971
0.7328989787588769,50.26933790864392,0.1424682752466394,-821.2124489017674
0.7347667591931518,74.73162184531212,0.1845634775781144,-795.8115333638616
0.06726662191782354,81.91337418648224,0.19753957058759086,-136.61779993248564
0.8032042918159998,18.547013535738778,0.12875421508498575,-770.8264669849613
0.8832710388786206,98.2838357204308,0.2478442390767385,-564.397882145004
0.49458526913907236,81.52752744170367,0.35476432109570355,-649.67223511702
0.42579669805262577,80.83011241752888,0.45110841265457247,-530.6563787430377
0.4343465748965697,68.56456216803873,0.38133401383865595,-583.3618395667652
0.5125868965288306,71.20594423204625,0.1759325656901053,-776.0244923224371
0.6326146333107754,16.67239440500563,0.20738607427167524,-840.6802481236728
0.7502942428167971,59.31814292243782,0.3148276797658578,-726.0859021848236
0.45734413333111745,24.816502690344272,0.31795859535351256,-666.5023822959316
0.6038396446528285,82.14392236270197,0.2780786365873427,-758.2522023277755
0.2734554667435545,49.17244491393746,0.16173567114401188,-516.7385738840794
0.33193855717205034,92.85220248445248,0.36829704046646883,-478.2627621671885
0.16778153978480057,32.1340492972743,0.48651225775536056,-235.03808240856074
0.18105135155789698,53.1588024869807,0.4387559061433982,-260.2378951486127
0.440004831229915,85.41334664976688,0.2641680260389917,-658.0658316845788
0.3798760354884592,68.20798679527313,0.2710124888930705,-593.2845340072234
0.2442127421025022,68.95354232522524,0.4089830822276509,-351.98778958285664
0.753965703134246,92.11239103509243,0.43890832679706737,-663.2165433094485
0.20249259014504106,84.59090918507509,0.19942595706264493,-379.2809568699151
0.9602171384859782,82.03249328528543,0.18489402569455798,-303.506329571944
0.8958666537836582,90.52321314970582,0.36481942409754464,-505.3565458632996
0.9271821382973093,80.83829294774603,0.33385446173732125,-421.7558363456372
0.39727214570253455,33.134401576039366,0.1924034518390712,-673.8142973735163
0.6093296532236228,69.94186757142012,0.4783509735395354,-642.5893416330354
0.2968607879611057,67.53561282500313,0.4505148530603874,-396.4440286349482
0.9615943635856103,63.65458760535938,0.446275638069039,-272.6048190399376
0.20163570435582426,52.82164531300334,0.44305152643767043,-285.77196488897
0.7235647488316647,55.96510343343479,0.3381009492791822,-728.284769164046
0.5979278171740695,42.088219161153475,0.14721661178479165,-843.6664398316486
0.971197543206128,53.19463779457352,0.3691456228381168,-230.40999395773937
0.3465155688892831,67.06872465165097,0.22649003356361164,-579.1654038653181
0.5405420355377768,64.21019351646889,0.44478072348564335,-628.6350402668847
0.5637328489438794,60.327232141765855,0.29387395367117697,-735.7019204411647
0.9339803120902281,29.571983988949896,0.15067000131341818,-429.73848240811174
0.8064271657769682,95.41810046958089,0.1391276928887203,-743.1876335243144
0.49207781044387783,10.327123730553108,0.17231499625115343,-835.0609254376501
0.6020897337660909,39.06780000950671,0.3475581563530673,-726.4046568681507
0.6028528555131297,71.30131661011754,0.23150988490218705,-787.1581368334291
0.6399319993807802,51.99932081292247,0.28524372953544913,-767.1258545577556
0.30903312006445577,41.08621142904252,0.34670272710256467,-474.4611683483061
0.19232227565611668,43.50549152199507,0.38476550267378296,-299.38904777426484
0.3981518834662403,30.10935035719621,0.4301017610601007,-535.510569790595
0.019125823117254463,46.88239696213176,0.32349629815318903,-36.13373260450707
0.1661388008261446,31.947952728463015,0.16566168373133167,-343.9172355961936
0.18783796045472975,61.76432627676456,0.4617205301714291,-258.45503282529
0.4641612598950117,49.10354159566332,0.23491004971587437,-706.2351485727692
0.016748690712261666,49.296000482692065,0.4690960242742629,-25.620183819108043
0.23156046358940974,20.98582411574365,0.3264406243034011,-400.21180261502076
0.026737851734966817,22.716716497622794,0.16410426475962092,-65.77067357350327
0.8296645605322714,62.21389510689651,0.3392357034625689,-638.6156572608419
0.904661723746561,23.203117071271333,0.25018613757380015,-514.8128694757631
0.37489145404560537,77.80100810438945,0.17673595995523655,-641.0209981962252
0.7586557212875291,39.54726985814297,0.43842187941368305,-668.7028272374374
0.1298925878757259,78.02773563758328,0.3359800685239527,-215.72492581485972
0.9791153732152508,60.60593308298542,0.16529173486928453,-193.9446118120503
0.22975908237052567,53.122927216679976,0.15631263013091107,-448.3853435002104
0.5767840254211973,64.87550156056196,0.2649653299587459,-758.5487996910608
0.7917551686266466,87.11223311854903,0.1883989926030424,-742.782502058606
0.5428476029170571,33.557154339500414,0.17604847307497287,-808.1824138681617
0.6960489069160775,43.66657950055185,0.10026715354824321,-864.3263610878894
0.09257928290090853,38.84673449395403,0.20149448303001588,-191.80180736232336
0.1511437609343281,82.31206341895478,0.394493135603023,-229.3531462288163
0.3717739223428139,62.58359733284994,0.48321709562652504,-461.5586282764853
0.23095194969077001,42.575848314510104,0.15450632725605554,-455.0939642438597
0.9781278352422161,22.518309990318087,0.225595789326868,-198.8912366506858
0.43541005329180543,49.09763249225797,0.4725235090501584,-533.6716771531275
0.1602322625319304,27.046178580897962,0.4335344833052879,-247.3284653353081
0.09962299487373513,41.06643370870767,0.37762613442784543,-165.14022655205767
0.959965337321668,34.78885185042154,0.15882636105457323,-308.9200730893963
0.14074587862790847,12.488266371560162,0.1980257023900047,-320.48203124653764
0.28481383368462954,90.24819466510287,0.20443932464370318,-503.97697765564163
0.7073963552207992,32.89988972113793,0.35570826664217736,-731.8167216357124
0.8723461898544519,60.78554188814803,0.23336019389338092,-595.4657662159339
0.21585383936287525,36.24457038481808,0.3227033342519734,-362.11407148069475
0.8035300362330023,42.74864460482671,0.2915238342466965,-692.8732109719363
0.8960997783888497,84.2594459312824,0.10355042951291926,-565.6581952729331
0.7010338851595538,75.17387415274031,0.4747652973133277,-660.4335258488887
0.5369502958351873,89.57574132698682,0.15087799092465867,-804.9425236168989
0.5704169179682742,37.49143087637976,0.34831586592259334,-713.7438616348063
0.3025608844667375,70.84700134086994,0.14573303157195128,-562.8621307863034
0.8259652063673163,72.82837253304989,0.49353406204501327,-587.4450481606912
0.8370767075084397,99.91876694144655,0.1403968648410206,-693.2953346540957
0.4160261778300422,87.2919040144241,0.17700705834581593,-686.6412138423981
0.7202055101561289,17.93932578347077,0.16006996771870985,-841.2824438442723
0.985641602650129,78.0144751470982,0.4512224608357084,-136.49666534715863
0.6555882279084363,61.05852461909065,0.14186368594368828,-847.0706464191351
0.3733314289506107,44.75282414945023,0.2721113231435222,-592.1810312876455
0.3853091883159933,50.15959987168608,0.4906109718390841,-474.5400676309309
0.7060151749975918,66.7421878596943,0.36427769916926633,-718.2747836622316
0.10421775783634324,50.52929202457623,0.3401924441881906,-178.31712877720574
0.7456595963318483,14.89905139849532,0.4504287088839266,-692.0821728532592
0.5064638161442376,20.55230475688664,0.4484069179865334,-631.5228255728304
0.5150978726214299,11.590253004223946,0.2626350401490899,-785.3243509059179
0.16914471793610691,48.754567789592315,0.44021293311710274,-245.07243287633153
0.27268809075216643,56.31677968586126,0.19232879011640522,-498.15022971392415
0.24622198883806007,27.21312710391426,0.360914236232565,-395.9723499119866
0.8214585987806422,82.30294126960698,0.3587638902356248,-640.9103583491855
0.6695357712968535,88.74023284607951,0.22152256480904928,-797.9494995558398
0.0770504874558119,29.848618112564676,0.41437019689595456,-127.58382425682046
0.47504144347625227,82.58763133487368,0.2910474475695477,-673.4417505914777
0.41301710504454037,79.59357608019153,0.46439465876878483,-510.6232322187408
0.16200840307446782,89.78144300836689,0.2500887674333534,-292.93017305956846
0.9017428674830446,65.65222422962285,0.42628812606723965,-477.94684244920677
0.40752079306198896,82.56738746886552,0.4906371603868328,-489.09859541331986
0.6125216001118428,73.62443529106389,0.16002474547413123,-831.7266683007554
0.4230614621418836,69.6814466637477,0.371719674974473,-578.2073789142213
0.016087439880217123,41.21257034025376,0.4512964823500786,-26.004471056124295
0.8658895913233381,66.61092809377003,0.23863476707713774,-607.5885536093799
0.5040248501326008,52.098517385278946,0.17903105335996689,-772.3683843866522
0.5650045809511159,79.21007429018728,0.18618756863365046,-799.1691861194671
0.8507658903128237,29.36976141627896,0.4851175358162968,-566.1048031656172
0.8239243218949485,95.34115127920825,0.4166494248772802,-616.1787756019091
0.19012303903008548,84.64736463458257,0.17347877269222556,-368.63819927242884
0.7095519451512609,30.482567075704583,0.19479398339194398,-815.4339035942899
0.1691863860276095,87.60851886086112,0.38754773251267016,-256.772202753446
0.8534753703668384,90.87589040783934,0.44459683570036446,-566.927843773007
0.8365391230645342,60.49869288261809,0.3833194719718992,-613.8466265578761
0.3561273616633678,17.731660822105933,0.2228126008732892,-631.3144012460505
0.7541674436085599,94.15607483084295,0.43354898074179515,-665.475436844727
0.2869533510930183,39.43709934198402,0.1850211657921116,-529.7304296622475
0.8338678772866537,43.1171900666254,0.4734838659070889,-588.9388045775834
0.6330113982759007,92.05488553249697,0.45235371831075744,-663.3009735964426
0.04653706737792743,34.05199427039206,0.2364397505716642,-97.61815458731324
0.3863864333567803,69.15695649928517,0.10793721628792766,-696.8907010973925
0.8848911151266198,34.629053001579216,0.22493875860303275,-571.3318585761332
0.4755263453727642,87.65488406599005,0.1755756756792197,-745.0628699987504
0.6207062018709314,75.00119187635792,0.3267377590549553,-735.1082592093453
0.7062607322376623,91.40020268548842,0.3852291028442608,-704.9058601425155
0.556105620875384,21.064152383530004,0.2057735487369634,-811.1468153404178
0.39484420142812343,30.531091757705564,0.13562882158073655,-707.2590362766175
0.8491067935227881,55.6364135657656,0.3255284699937422,-613.9594630704514
0.8433734079911894,59.405472722045,0.22629660444309863,-655.7111550501636
0.47200720757283327,98.91588500651595,0.47306330268440555,-555.9619271680772
0.40314875045164494,80.06812309155661,0.2139725934155554,-651.2741423376672
0.224664594480863,49.35880461310284,0.21462312229961644,-415.78941539140123
0.6705403201226529,42.16895091180363,0.2639363722309279,-782.7972653945696
0.9541697494506121,54.86620867579198,0.1632069064608837,-336.62933780179105
0.27199967571403194,75.15040127194175,0.4740282385657417,-354.06079952279254
0.496806554977673,44.23746187458633,0.40026577484943715,-631.9740261317528
0.4041793283893526,52.093221908701025,0.2519396470613905,-635.7270489065229
0.6529438665930342,93.8816311355958,0.25614947622689843,-778.6836215432559
0.18790347001259877,73.13648366290681,0.35299874980382373,-297.94653625771383
0.5543102414569473,19.2497850898542,0.22443698186030803,-802.4323117398652
0.888615163580542,32.97918645260012,0.28420405868321463,-547.5151774870665
0.09682555015290609,69.75520933995271,0.18310177880531603,-197.55936921233467
0.3221516386645336,21.66315006922971,0.25710014488558175,-559.3761761096478
0.08026755709589506,69.07586438727546,0.42124606764957695,-121.68953021944739
0.5467488255998321,26.77795479259087,0.3305702536064682,-720.9962840228238
0.8671262012947757,53.23880350928113,0.3846074499696238,-564.1751760565496
0.5516941195587884,25.366446511742616,0.37013895310777445,-701.0110001386348
0.8421779193913391,61.73930295444889,0.4026433846012102,-599.1337937674567
0.1612721944747827,52.89334094157114,0.44747499675272684,-230.81987548250993
0.04326186123038256,37.10814427083839,0.21614308516641448,-92.35356084356926
0.7867098697296128,91.70257970042708,0.42975072047956,-647.2497993913504
0.17917471086730016,35.964420011113376,0.1364702300380937,-375.53431550000016
0.7849361669089395,40.58389362578222,0.21129989696531318,-747.0831246700193
0.7251634257362669,91.16884329913482,0.4182781912873428,-683.8241157076442
0.97306230028613,55.56077022224641,0.356113458416079,-220.74362914266635
0.06981935985625742,10.60928463516554,0.26066647830533174,-169.38566241926313
0.5331631257799556,38.02875869451657,0.2589711115668978,-748.2212027217895
0.7200831605509427,40.09696297986471,0.2009318104778232,-802.6449307252739
0.2091816719584243,98.02530266545827,0.48294864815066507,-271.97215725840846
0.4918503790111504,49.84138194459353,0.22672128279221831,-734.1525551932111
0.14664091125853032,95.68077899295733,0.4448076547973616,-206.02461952490344
0.21170229046416564,86.71401936332524,0.12060311166032484,-426.9658366998762
0.06897093451761693,48.67103840950999,0.15844161961784514,-150.0286477264299
0.11806260089338654,63.454292526230866,0.2561295928822468,-219.75782633485284
0.3635732209113799,52.010693727145934,0.21154867961701243,-612.862813479188
0.23949138863580854,38.792561155333445,0.4104841392048838,-354.83179809934114
0.5597643785103429,42.90133450540656,0.37831139618758236,-687.2353882913861
0.3149628097870452,99.70012253977308,0.407174434893801,-436.3218620552004
0.27543461989264345,43.30006810836323,0.2201342654524067,-493.1346680132209
0.3680289811958914,55.91689921117055,0.12004400217949761,-670.1358873194814
0.22573812073004895,65.72739644488864,0.3643328712565571,-348.0023800971513
0.11322932286791845,90.48158237117683,0.2564856515995574,-208.35273298722774
0.8003095034360751,53.32500673750932,0.20860333710089995,-727.5683904636152
0.05783916456583047,99.38677206948628,0.4338856901896365,-85.1715070463439
0.6663833044734835,33.02100547932382,0.12828218361877897,-862.7531685013918
0.8224458511247076,71.36747107075117,0.1847932165837709,-703.7791142340492
0.5008751329399624,39.61858320835049,0.41816544693073976,-626.147149072255
0.5278615147815197,48.245771168281486,0.14760745716685075,-809.4554278010863
0.3039014166691416,18.54551915603951,0.3965320103625595,-468.42187602442516
0.11369088874899412,28.942288677790394,0.4955541431861509,-163.55596865650116
0.08225997157243137,50.78283790033826,0.30052517623297625,-149.99707669962484
0.1072411207252889,76.8858715390271,0.18967525731810164,-215.06989678829407
0.2544974585882508,67.21603322129133,0.3331985210979463,-401.35611445444147
0.36427359524741704,24.20886614775895,0.4394185152476089,-502.3600858165074
0.44222082679177227,39.935063015011295,0.15542996704880838,-739.0910068460522
0.1692499430553343,27.165071830571023,0.4686808794641728,-247.45435211928694
0.4937310343031384,60.355659026116925,0.4898932579629187,-568.5033773828541
0.21728600141009743,53.84281866805492,0.2096869297642505,-404.6936181069149
0.7304055205398066,36.06386836069833,0.3241124170288614,-738.1206537157045
0.27598808770482075,97.99702057445357,0.22970642237439512,-477.7486561882993
0.1438995791823283,76.90091576743133,0.4681109855213268,-196.96735707464643
0.8219050067474132,69.5246575456876,0.15458867175552793,-715.7911617039758
0.7416697268115842,64.08526027978886,0.3785921793561955,-699.8133180135203
0.21896120257700674,70.89479648764197,0.34771409910723017,-344.80928302560716
0.7894898161422034,95.57386848365903,0.14645495231849576,-762.3118020660096
0.26343329601517906,32.72666175654879,0.33819666437834417,-424.82357717355416
0.6097976969071653,90.99319775671758,0.20677462335939528,-801.459726066089
0.7301066230766611,42.22207938691781,0.3367941998720506,-729.7052713912807
0.8694515431709342,33.82968597835526,0.3635956986154294,-568.985125695728
0.015545083408233169,62.256451680004965,0.4684134119165585,-23.183648627344738
0.9796580988356076,15.849519412092006,0.42344278037593097,-179.74467541554003
0.17389181699656162,59.870648348789324,0.18867418043801015,-338.6829365194866
0.7123683938257225,57.076587383065565,0.18330644517300632,-810.8247288806809
0.8196980970887559,48.25020879807441,0.206487484162817,-702.7145863573757
0.44325895101774365,43.66167297939088,0.25048924322527666,-679.6748425971841
0.5345029424036063,64.22977610833442,0.23202507891643973,-756.8024398555395
0.23890856822545903,59.219897034695805,0.32840552367349557,-383.7094099542817
0.3428734320786911,99.94574801115056,0.24925851482779016,-557.2660079690563
0.06260726141681086,39.02485727960399,0.45056323611146387,-96.2961123495938
0.15618387134629344,17.47929934618349,0.12427112226088291,-357.9430014095365
0.5910679138476901,12.294689847114054,0.23117503802117773,-835.7368218496056
0.1952737431194311,42.87650086512872,0.37425096698290095,-307.9279500437254
0.6510888455800379,81.0725311166872,0.16338545469840032,-832.3427840025893
0.26146249110389574,56.95967185717512,0.21192891967612676,-471.5852337960809
0.4640958621151909,91.41483799970474,0.13249824102479626,-761.3309077922629
0.1867528612940488,44.76168923995794,0.48890059750679316,-251.57252123535
0.49638331512180656,37.97054351066088,0.47606981892827116,-587.6231418607409
0.11289549734083557,89.67545943260882,0.1941244298440609,-223.41291991301014
0.17213414914324246,90.44927838207325,0.39351229790638986,-258.5455265408119
0.6789850152790438,67.03132694218783,0.42702797400320147,-687.4106324582966
0.5327625787711131,92.03974300628727,0.1333420747741525,-813.063537086864
0.849525851144466,34.02654620351184,0.4267449577682948,-584.9212334540329
0.9394942052373292,20.092724553827814,0.1904130237045406,-403.5966389517008
0.15780716204646467,36.1898995177924,0.13635315781509974,-335.6514542963396
0.35627782232577093,23.740646232490406,0.32198322553172043,-561.6813699430922
0.7626359209121941,47.24082067055618,0.47224592682277466,-649.1279520578757
0.11168840712681023,24.444684437018005,0.21261449903359841,-234.76978306541986
0.4487914195780635,12.007861621255092,0.22351364186942047,-755.6809172322766
0.1670629793049406,61.94678204635227,0.22089085497922115,-315.1340242566175
0.5536646100404747,26.736985386559997,0.3367454723074723,-721.017589758427
0.6695701489571981,32.643441356120505,0.2082578639403464,-818.2385073474618
0.9815348005216501,12.285493367173927,0.15333439717687797,-180.63147312794777
0.7300318706184606,99.18359177105236,0.41515712442727926,-683.4228523569623
0.5563264557145906,30.754595471045306,0.4282808147580909,-662.0969116533183
0.12094850331393464,70.65713760831486,0.47240161276869685,-166.38884324195283
0.1185369937558895,46.38312257227792,0.1244200524449886,-258.56354527077946
0.2868895404896606,39.3048532172746,0.24649569383143766,-498.34406267730515
0.012190834535792894,95.43469987559213,0.49642283105389895,-16.714008360668334
0.5660852710680022,23.293168816616593,0.3176552680872565,-743.4723072715118
0.6467656145872385,68.1777841340336,0.1670677555324315,-831.9395106731939
0.42585373050040315,31.89555908152502,0.3161939008181268,-630.1961904990277
0.5322670524854938,93.15816859123197,0.18354400212138558,-781.4793932093421
0.41227695421365024,11.149134280225322,0.29130860576026596,-684.7928506101783
0.0846696892700796,34.86646851703982,0.4518848066884883,-129.58326547120294
0.8631163933667954,59.08417460298898,0.1932247415727818,-627.3702678365718
0.7605643812846736,34.02908914089223,0.14994963451083848,-800.829338191537
0.40389152637683357,76.02899898603216,0.131527037967325,-702.2063603662929
0.6171569174936371,96.35854107303629,0.26251008636001494,-769.8247129723082
0.22014311037561507,74.8007927315078,0.1669960532239958,-423.24516310869814
0.5336491896631793,40.75318498120265,0.4408473291548086,-634.1537684602276
0.8686453863042934,41.3100181653186,0.4970039886676174,-530.9738372990095
0.018622350361765953,55.96632593440869,0.26533199913300565,-37.22398894032792
0.3546528427099819,31.795171871254176,0.3398644614656956,-539.7877680951174
0.06923882422075771,51.842607897656826,0.43640049357139044,-105.32245526242251
0.17176551564938644,63.36572108371692,0.1767177857444994,-338.5208297237259
0.12059077320719468,32.16744102207417,0.16952386570991568,-256.80476810746256
0.6286334191336284,93.7032235490351,0.383575319339752,-701.9433166334194
0.28193407511688595,87.73950165858709,0.12964668251388264,-537.8511563105272
0.13412356681141568,53.011151166824604,0.3815651520343385,-213.1733495879057
0.20814282076690185,36.5244047930495,0.3719184660598557,-330.3418860114654
0.5546961178203068,69.8102295802881,0.2895875577648677,-731.8039788449843
0.4339589667484431,26.230929124532114,0.13468888724122446,-755.3774869476438
0.35548017556310585,62.1572720914925,0.26243648806058595,-570.9033870781187
0.8175675498357468,41.19146851212521,0.2715303338351607,-683.1237213118618
0.10069584104038554,57.16028835636665,0.4685216106097144,-142.32728388277027
0.1708738264125143,14.41561414440223,0.10501406778574124,-402.63631681077084
0.7363919949080218,67.8163977978952,0.20792762889827607,-784.2424819552953
0.9390029061860624,31.709362948977578,0.4676070436938312,-363.36853787715955
0.8501582579376687,14.381344354856683,0.31264567155577083,-634.0122117501106
0.7149881598457998,44.28020188265394,0.17502529609427409,-816.8612322387119
0.12335015619239205,78.9465716459202,0.3477565292466557,-202.2148850254711
0.9844740333113298,18.809418242032734,0.10201322535298996,-159.4520371651045
0.5108598306351533,21.58344998586594,0.2820709086132668,-736.2884811277326
0.9451213141486474,75.03898858417733,0.1633004320211846,-377.954900244386
0.24829562557307489,53.545199988682896,0.10793219367394472,-500.98677371640326
0.19192951538363937,72.23791908271139,0.26179613451045325,-339.1802439757268
0.8275992214754486,89.98464985685806,0.1696910260748329,-699.8678309312339
0.3503260010920141,39.0455830666288,0.18990798077236004,-614.5276164448157
0.38371195737206715,14.701627851074093,0.36640096010770773,-590.2856803452765
0.14521560547584303,44.31478960764355,0.43526499213025394,-215.5366398424113
0.8424233952618517,39.95474805339589,0.25994544295080524,-649.2041986117764
0.5823686897734103,89.23712651608594,0.34439735053071996,-709.4078294080604
0.2968705792310587,39.53738921943024,0.21541107731193432,-528.2879228053799
0.5859250187145905,36.5044431969705,0.37297879756640107,-706.313833603051
0.298955188919866,67.88028326670035,0.3527569323868809,-449.9193335853068
0.7630277974355932,51.810129290935684,0.42962787413081693,-667.1859008551231
0.1515568236781362,24.723955144174923,0.44987812674261884,-232.36169151964378
0.3633927973845644,47.26874361471635,0.15189253336082667,-648.8335197354538
0.9378490920294118,99.12983898545176,0.2695577559383532,-392.9912840729558
0.7829292087170889,16.789960625001406,0.46638208920395885,-657.7992465426242
0.865734748830864,41.19096763708652,0.3674327816731735,-573.4586164033092
0.3198044042956738,29.105603413253366,0.3192140125698275,-511.8555527089652
0.6393673188488338,58.80306584385574,0.4484772606761255,-671.5942982839248
0.0689219301841404,59.64688296888428,0.44583620875573726,-102.18968639478014
0.645811503382209,65.50450871910422,0.12373629263579465,-857.0794151109299
0.2274589769266287,88.13574889009563,0.3851850848791907,-337.97934840682075
0.18523136843944618,15.665542618929901,0.32037092021360414,-345.4289569459097
0.3521972741761646,44.06741955878637,0.4970500986845834,-439.45850747970184
0.6343193480924149,50.59608580809579,0.43121499596369195,-682.3028688620012
0.07915100911157856,78.65570856670654,0.27353359793355236,-146.03055391259844
0.392895060752266,24.20537245038409,0.3986234757067729,-556.3530947359199
0.257610348250316,63.364449945411785,0.3835551293920044,-382.3709511264836
0.704849969114739,85.25614869405774,0.3951304082015765,-700.5043609563809
0.8707479560398678,44.54379853913845,0.22394953307703497,-603.4702260740432
0.3890954209752788,95.9773006143114,0.34997836097379253,-552.9627641186192
0.42966099672236907,10.015183927875169,0.3444509239584147,-678.6510344984792
0.8822491661460355,79.37057095052283,0.4968442962278109,-503.0012389732995
0.055818890908628356,95.19717324067722,0.18644253462093868,-114.97534531471273
0.7175004379572973,65.29839227441502,0.18865872265883543,-804.4031348001591
0.945781462395085,14.193094760813228,0.4499013667863465,-345.8873458251747
0.49767825376013186,57.930945743683466,0.34724975099507965,-661.0626235676136
0.08463785714985643,17.325582826765356,0.31451738727688766,-171.21868486897165
0.44816049534061003,78.68058798528675,0.35746015842650547,-609.1700932512244
0.5356590564694653,27.414124477116168,0.25370124373678654,-761.4985445118203
0.21555217409626629,40.87594228153392,0.21490638399355802,-404.5549637472549
0.5724230317714903,84.09114368053315,0.2865409964324557,-740.63674575192
0.15540402196758424,88.0408600558936,0.2741233852922607,-274.2526456110983
0.2196415340396106,93.64891738039158,0.3647100099852052,-335.65550701787134
0.9109957721873967,34.74556959677477,0.41543538972403793,-459.1001970330916
0.026717369315700505,14.12540889514274,0.36464954625432877,-59.17910395959369
0.768473269511295,95.48659342992144,0.4752335478852504,-639.2693516914611
0.5705710009296895,54.35507591868575,0.22207485679785438,-784.3591390991712
0.14283206078135255,26.03987847001414,0.40354324908252537,-232.8990129017568
0.9824546307793479,94.31621603319853,0.42147224134919614,-159.26605112154093
0.27628549772116084,55.02486418360016,0.1290406643456414,-535.4446836185491
0.19856030366062544,33.96242938105513,0.4530792248106553,-286.20076375760453
0.2525342520747741,82.54690688266845,0.43049493612285084,-350.46538792181974
0.4752169230468748,63.57350483631417,0.41946773111972246,-596.9034100517246
0.6667980907946025,21.386527882920795,0.3921806753898658,-727.5398103001895
0.38565197474925755,56.33390582815892,0.24317190807023384,-619.1001769279599
0.5848448713260966,24.024797431867675,0.2199345429999212,-809.671512627545
0.751149437940218,85.95504818970335,0.1634945768597723,-793.3214650079317
0.342420532496521,81.39751550766933,0.4274507635247864,-458.7094077157362
0.8934431065092553,62.0074699208127,0.41760723793493104,-499.97536854383935
0.941602259925067,90.3152735481541,0.2614887768713908,-379.4332719808361
0.8093098411132513,88.49333248060802,0.2662035726392898,-690.5095587035712
0.22796673112863003,79.54093272990056,0.4560478741082671,-308.5835687812909
0.48825322743857746,59.74681258085814,0.3817292623066,-631.8088097740566
0.2661228556386093,44.26587099902517,0.23521304214931896,-471.63503048963474
0.7920028283995276,30.610401082521022,0.49072690583187717,-628.033255795136
0.1827631328935564,23.141140419785227,0.3796895611619783,-303.42421522304033
0.293062366944049,88.12914599076606,0.17677367070261416,-530.3494753407194
0.2797061920793369,68.65514175636403,0.29745033289295353,-452.91804627414496
0.9277768103910461,76.87493839239026,0.17962354774530015,-445.64070010045475
0.8477953957189086,15.731079628556774,0.4385438566641654,-595.7129476990752
0.45955524489440924,33.44653456271537,0.2935832792225146,-674.2741456261151
0.9581715437260416,29.648832996789196,0.3794478391960058,-296.67018607244677
0.3166837227848948,61.5358478246468,0.108002821484477,-605.470365829281
0.6663384135300934,34.62680502973295,0.2780162637970671,-778.7803740172263
0.1267985916241369,76.14404149285893,0.45156595318683834,-179.17792068680484
0.12401241355363875,41.93027351663428,0.17314366396451664,-257.7708641678519
0.2758733308474446,47.44476841274762,0.446918659288688,-378.99001017904294
0.8930902297074311,66.72799080422416,0.1824103133837899,-556.5119326394325
0.5007844324611503,87.92737208931085,0.37585672214139665,-640.4820648902669
0.24651389466812124,60.33434525174838,0.1760871036045184,-464.6307482538629
0.3572975216710281,56.54438879755853,0.16873241682515028,-628.2339192662264
0.13360855048285064,56.87914109026456,0.36369911317296,-216.7056622136514
0.42642617014556444,20.061229532286653,0.43852519840989157,-572.8957999070034
0.3976379465103914,50.56875779214767,0.17234246904471942,-676.6941993471294
0.6847948029586911,51.79912957933972,0.3051946335758592,-755.8509012325625
0.8036511686761042,47.49211743044219,0.24679827092167517,-709.3106952165443
0.6894633124561333,11.739429523071802,0.21761365044412898,-844.0490830773679
0.1499808926004403,74.824994914636,0.4011629746905532,-226.4360949758819
0.3315296753513256,42.19689289037502,0.4263833992120273,-457.47443520995563
0.33137412485270684,91.67107566521173,0.4279478717705588,-444.75717561531775
0.9851457372557402,64.2804214239483,0.1928918022003391,-149.4903908469106
0.7874570314507293,78.00057152478426,0.2662223275040664,-715.8390739824422
0.2647861453648937,29.6915667841866,0.3268644615133882,-434.90242638012893
0.11953920982511368,78.63410060355348,0.47633148777817647,-162.58874675799737
0.42298991500203065,85.9194605687378,0.3170610581580253,-608.9495007101735
0.20522285944955315,28.630114446907587,0.40906761204775854,-317.2258092438921
0.692977313865276,44.764599048271656,0.25615018851771565,-782.4850444408074
0.9807333555254615,15.659705935234502,0.31928355526272956,-177.77834298691297
0.14192669874627684,43.57053759599513,0.2873259038445909,-256.17920887268264
0.013839479514133498,69.26636628139623,0.48063429638063837,-20.050351600960365
0.8516501084597589,77.6950367767052,0.13371862072875218,-668.3069769433394
0.8648854217768713,13.964575255685267,0.21724025340048825,-633.6603625810449
0.751957575351929,94.49170448509203,0.37146278767571717,-695.3681123468659
0.6993530134758726,32.48003978428085,0.3538533506081024,-734.8467836500711
0.3252759570227284,60.143131680386354,0.257026380194638,-536.5903410623504
0.1625221334969392,24.303342528867375,0.20922053442525723,-329.75574515719325
0.4473562577683744,57.11733187663165,0.2909092683924089,-653.7795491035623
0.19300681475438733,75.22602601639305,0.187725425357847,-369.22414516970554
0.5301602291091121,87.8748713019616,0.45052601746023946,-614.8368341730317
0.3576696472289451,81.80377522497764,0.16152965900673621,-627.8259354205328
0.5833590172061418,21.440365836067215,0.4920266545709746,-648.1383015419548
0.975442044496176,50.05660052983051,0.14877258231893006,-219.36527325070298
0.22624887911546065,34.93660095793257,0.43880668471795803,-327.4322990235739
0.6110312224836435,35.194328883708266,0.30389524839780147,-757.2671476330192
