x1,x2,y
0.23957002,-0.41128618,-0.011462219
-2.8703728,1.190268,0.047686573
0.4821059,-0.30809933,-0.015754923
0.6756048,0.11665466,-0.016416155
0.7190564,-0.22605772,-0.020131089
-1.3264453,-1.3671066,0.012412846
0.4159468,-0.38374415,-0.014964826
-0.024870401,-2.425935,-0.022256054
-0.83698946,0.37484714,0.015639368
0.40467113,-0.06038709,-0.012115166
0.10545786,-0.9827465,-0.013237335
0.2589616,0.5439346,-0.004269838
0.98667234,-0.80749863,-0.030595928
-0.31629294,-0.86188567,-0.003495269
-0.85541326,0.76460046,0.018609967
-0.40449378,1.2293966,0.013797894
-1.9044621,1.3360023,0.037698273
0.084605284,-2.1476872,-0.022310317
1.0058924,-0.51785535,-0.028638631
-0.3764537,-0.018270059,0.004168905
0.17016557,-0.67612916,-0.012130931
1.2443529,0.13454975,-0.028392814
-1.1332184,1.0438489,0.025033943
-0.9416703,-0.6284445,0.010515932
-0.7518107,-1.2704928,0.002137825
-0.2534677,-0.37740907,-0.001013428
0.83117074,-0.52195895,-0.024943933
-0.04986487,0.9888394,0.005346075
0.5521946,-0.88125455,-0.021922074
-2.1303098,-0.53869545,0.030841604
-0.7209012,0.39579123,0.01369397
-0.81058145,0.67475283,0.017222371
0.9862995,2.0143998,-0.007641919
1.7984861,1.2683045,-0.030945934
-0.31635758,-0.99751174,-0.004554056
-0.45166194,-1.7947526,-0.00804738
-1.4925082,0.6113177,0.02800557
1.084578,-0.5864734,-0.030872673
1.3499036,0.11105605,-0.030825853
0.87892073,-1.0113078,-0.02996932
1.0736586,-2.6292832,-0.047130674
0.32260868,0.14654903,-0.00873594
1.2608162,0.9201796,-0.0223376
-0.73778784,0.26930007,0.013113566
-0.7588666,0.7684457,0.016950399
-1.9646405,0.46785155,0.034009375
1.6771331,-1.7031926,-0.051928163
-0.84397495,-0.34550497,0.010714699
0.15653881,0.17492701,-0.005068243
0.5114895,1.8634716,0.000907086
-0.19495721,0.6824287,0.0058745
-0.062658064,1.156685,0.006849788
0.8710478,-0.87811923,-0.028711073
1.8400533,0.6828029,-0.03653294
-0.14067975,0.8156943,0.005816177
0.21628393,-0.20883638,-0.009352192
-1.3561747,-0.5298717,0.01863486
0.41267627,-1.1186861,-0.020882957
1.3459605,2.0101166,-0.015261665
-0.5034784,-0.87490356,0.000194497
0.56869054,0.034518015,-0.014814116
-0.8960029,-0.15455054,0.013026655
-0.20689002,0.06289837,0.001431339
-1.1236467,1.1017798,0.025241192
1.7897514,-1.2272818,-0.05049827
1.1707419,0.11934018,-0.026949465
0.46429834,-0.08778503,-0.01359424
-0.88178504,0.471418,0.017092392
0.59996545,-1.3812481,-0.02704823
-0.98878145,0.80607784,0.021156669
-1.2449744,0.9152115,0.026009124
0.35431683,-0.35504687,-0.013428345
1.047696,0.4692734,-0.02146937
1.0290291,-1.1406232,-0.034212172
1.8033876,0.49833494,-0.037243217
0.63857895,-0.37104627,-0.019597255
0.23901822,0.59411645,-0.003467001
-0.72442114,-0.79420274,0.005167976
-0.24483956,0.101889536,0.00248237
-1.9034178,0.7222797,0.03452979
0.23851615,-1.3105985,-0.01873105
-0.5595161,-0.37922803,0.0050456
-1.3674728,-1.3591748,0.01321695
0.16512868,-0.25162968,-0.008625552
-0.61640143,-0.5246556,0.005070277
-1.3767141,-0.21220334,0.021057822
-1.4922636,0.5876629,0.027861599
-0.2735873,1.0542203,0.010117434
-0.8506526,1.5030789,0.023364514
-0.25004283,-0.68557805,-0.00347393
2.5686958,0.5296658,-0.052406847
-0.8278998,0.19740775,0.014248304
0.84825265,1.1037525,-0.012078598
1.0971138,0.5105588,-0.022186846
0.43732715,-0.5932412,-0.017119668
-0.021855855,-0.88783705,-0.009795524
0.6853166,1.3938782,-0.006341443
-0.3953203,1.8073835,0.017654061
-0.8809869,-0.027847586,0.013639912
2.0832665,0.7660923,-0.040911153
1.4341073,0.7482923,-0.027432844
-0.52671045,-0.9040851,0.000436924
1.3499452,-0.71160537,-0.037484735
-0.51249063,-0.009471879,0.00687597
0.052809954,-0.6046896,-0.009095952
0.28562066,0.05722783,-0.00867673
-1.4020393,0.8293653,0.027922004
-0.07127722,-0.24678245,-0.003702097
-0.898704,3.1586287,0.033949215
-2.2491794,0.8877774,0.039767604
-1.8170463,2.4555442,0.04198102
-1.7052742,1.2939379,0.03488418
1.1461827,0.078791566,-0.02675689
-0.567097,-0.27681473,0.005953483
-0.86157495,0.66351736,0.018037807
-3.2973986,0.4519816,0.048918873
1.5427421,-0.41370195,-0.03911136
1.1235595,-0.8668059,-0.033981606
1.2590133,1.078153,-0.021010391
-0.4097252,0.4012779,0.007928722
-0.8013419,-2.2620945,-0.00449501
-1.0678892,-1.1671336,0.009022046
0.77609277,0.61540455,-0.014502957
0.31841817,-0.32118097,-0.012397572
-2.7690995,1.0318701,0.04609462
-0.07075769,-0.5979927,-0.006473444
-0.6411135,-0.41160908,0.006386735
0.004853964,-1.1591654,-0.012535825
-0.47107854,0.8466693,0.012304105
0.12699814,-0.5488261,-0.010201797
2.139796,0.14863408,-0.046871684
0.80507976,0.7424848,-0.014087543
-1.9122094,-3.5764246,0.00767573
0.15324774,-1.2033796,-0.016039059
-1.3293536,-0.42720813,0.018851895
-0.69833624,1.5922847,0.021417756
-0.1944727,-0.29799893,-0.001592703
-0.035688873,-2.0202744,-0.018680468
-0.4430505,0.42930418,0.008768551
-1.4068412,2.056834,0.034918237
0.43806255,0.030247018,-0.012088873
-0.54139507,-0.8864943,0.000864908
0.5697687,-1.8316483,-0.030109897
0.72501665,-0.14908859,-0.019630432
-0.1960663,-0.8051059,-0.005518347
-0.8476496,1.2635604,0.021771554
2.030999,-0.6579408,-0.05088991
-1.6356714,1.1327714,0.033063877
-0.87047553,-0.36504576,0.011068504
-0.5555581,0.17263149,0.00903127
-1.0111694,-1.0256163,0.008970879
0.66939366,-1.5493239,-0.029914528
-2.3190622,-2.2116416,0.023948599
0.10365746,0.7566714,0.000540644
-0.51475143,0.13119029,0.007953204
1.182688,-0.16773388,-0.029544182
0.23449652,-0.4429795,-0.01161018
-0.770869,-2.215176,-0.004754216
1.684241,1.2629236,-0.028566808
-0.97393054,0.48103997,0.018761367
-0.6215315,-0.59452665,0.004649736
-0.48477733,0.9071297,0.012985799
0.61921906,-0.34604675,-0.018980607
-1.2754785,-0.2782384,0.018910538
0.97111785,0.36861083,-0.020656995
-0.13414894,1.1238699,0.007980898
-0.9000461,1.4616205,0.023905423
-0.4729739,0.90908474,0.012782984
1.1487371,0.62639844,-0.022343136
0.7225298,0.29195985,-0.015989527
0.014640358,0.31098068,-0.001109198
0.63530624,2.248024,0.001405448
-0.38737744,0.16487287,0.005750805
-0.9396247,0.90882486,0.021001007
1.0311462,0.41502187,-0.021558873
-0.30102527,0.19718742,0.004309028
2.662604,-1.6253159,-0.06913446
1.0779796,0.9318483,-0.018344387
-0.7389436,1.6517367,0.02248184
0.5717421,-1.5166773,-0.027558275
1.070111,0.9163948,-0.018302709
-0.10384146,-0.8616903,-0.007875882
-0.19807245,0.07115302,0.001318537
0.5027134,-0.36629605,-0.01666516
-1.0618409,0.8144186,0.022426706
1.2716434,0.6881503,-0.0244613
0.05423519,-0.15993965,-0.005598635
1.353471,-0.19807844,-0.03340941
-0.39993805,3.5016236,0.028684415
-0.90534943,2.1878726,0.028467253
-0.13502818,-0.24698047,-0.002403326
-2.2482595,1.2111697,0.041259307
-2.2526276,-0.33404803,0.033675835
-0.68379545,-0.9321086,0.003343523
0.45089716,-1.249468,-0.022773266
0.83865076,-0.8856936,-0.028081961
0.6371108,0.110297896,-0.01565057
-1.3570021,1.4551538,0.030898146
0.08002434,-1.3698663,-0.015835755
0.4301968,-0.59504664,-0.016982645
-0.76620436,1.0705562,0.019118346
-0.4632824,0.49711475,0.009644847
-0.0894032,0.07589126,-0.000825778
0.7730433,-0.18971847,-0.02098649
1.0004824,0.71342105,-0.018472984
0.5335588,-0.4790214,-0.018238746
-0.44025207,-0.12250572,0.00463602
-0.10439217,1.3931823,0.00939633
2.5916293,0.6480899,-0.051968515
0.25520283,-0.6081694,-0.013377622
-0.4919755,0.48348978,0.01008613
-0.12958601,0.71964645,0.004879996
-0.38299286,0.5844449,0.008761574
-0.6301249,-1.0584552,0.001326256
-0.07960425,1.1638755,0.007230043
2.2678833,0.3560391,-0.047831163
-0.5239547,0.22207712,0.008792333
1.2112783,-0.2873759,-0.031125546
-0.004864761,-0.3183342,-0.005628072
0.2510985,0.33771557,-0.005733587
0.47663835,0.66534567,-0.007809311
1.966625,0.14508286,-0.043405235
-0.27651992,-0.976775,-0.005210534
0.30070615,-0.8472067,-0.016278923
0.46407154,-0.44826472,-0.016509801
-1.7958196,-0.45565754,0.026308741
-0.7232839,0.80708295,0.016586207
-0.81941,-1.3188648,0.003109545
0.91586703,0.39866474,-0.019234225
-1.424007,-2.8417032,0.003608353
-0.31450072,0.99266195,0.010439537
-0.4853921,0.4877149,0.009992983
0.23963556,-0.8453867,-0.014967218
0.49750248,-0.71861035,-0.019423783
-1.9509888,-0.99949425,0.025461014
-0.92565715,0.22846179,0.016212132
0.20515801,-1.4187168,-0.018902674
-0.75081396,0.70516384,0.016375497
0.1958816,0.113454826,-0.00636556
-0.5755792,0.04634674,0.008491479
-0.35907885,-0.79142267,-0.002076201
0.5388701,1.495938,-0.002518661
1.3985164,0.08420777,-0.032073237
0.31140995,-1.175856,-0.019186348
1.8959802,0.025867008,-0.04290068
-0.606628,0.36424586,0.011370372
-1.9163024,0.48955068,0.033462636
0.018417306,0.9400445,0.003638715
0.8649897,-1.1253972,-0.030606717
0.8798301,-1.3741227,-0.032957837
0.6675375,0.39220217,-0.014011957
-0.5883278,0.8844304,0.014709812
1.9137696,-0.001191957,-0.043475777
-0.40519986,0.23027755,0.006580986
-0.9204713,2.262692,0.029141743
-1.5123976,0.71422726,0.028911572
0.5194357,1.0295918,-0.005801261
0.5635106,-0.5182364,-0.019196853
-0.6696851,-0.72865677,0.004589349
-0.40608162,-0.5520119,0.000712894
-1.1352857,-0.68140596,0.01370433
1.427094,-0.18505444,-0.0348553
-0.20514897,1.1863954,0.009789929
1.6812477,-0.36865968,-0.041615255
1.0947009,-2.738991,-0.04842159
-0.611077,0.365741,0.01146365
0.026364952,0.07056444,-0.003217712
1.637204,-1.0560832,-0.046132743
0.40497547,-0.23566873,-0.013534896
2.9765441,-0.34058416,-0.06594741
-0.6442566,0.5389651,0.013303179
0.73082286,-1.1049237,-0.0275767
-1.3388084,0.4887441,0.024868786
0.008385036,-1.1464663,-0.01250796
0.73138064,0.42019287,-0.015137285
-1.2381647,0.9511538,0.02612215
-1.5249594,-0.116396375,0.02409685
-0.5490325,-0.14651042,0.006568313
-0.37531164,1.4923347,0.015117247
0.45769858,-0.47350946,-0.016579457
-0.16696534,0.22320691,0.001859203
0.17165993,0.25431457,-0.004754394
-0.9689021,1.7337645,0.026697047
-0.013296157,0.5352565,0.001180969
1.2009075,1.1025236,-0.019572563
0.28317553,0.1617117,-0.007793695
2.0239167,0.08346137,-0.045048013
0.66563517,-1.4213992,-0.028782696
0.15633616,-0.57093215,-0.010994546
-0.4983021,-2.0323176,-0.008966915
0.42117593,1.3072963,-0.001599044
-0.38478476,0.94790757,0.011429742
0.6872706,1.9166243,-0.002240568
1.2968829,0.90221244,-0.023253612
-0.640925,-2.5685153,-0.010271594
1.7217385,-0.14585635,-0.040681772
-0.16243982,0.08383355,0.000703514
0.28057152,0.35817513,-0.006180838
0.22138765,0.06133844,-0.007307276
0.18713993,1.4064974,0.00385499
-0.93000484,0.6929663,0.019416291
-1.4298377,0.9005211,0.02876348
-1.4462729,-1.2756623,0.015209932
-0.07685797,1.2926526,0.00813175
0.44394237,0.017775955,-0.012313157
1.6947132,-1.8361514,-0.05328007
-0.37625933,0.088067554,0.004961744
1.2423717,-0.24586165,-0.031447142
-1.4988357,-0.004093439,0.024374302
0.40455988,0.15637213,-0.010371551
-0.17590879,-0.7523575,-0.005518831
-0.77765745,-3.6101487,-0.015855804
-0.7482796,2.089709,0.025420964
-0.9840278,-0.7747119,0.010262124
-0.20233959,2.4151175,0.018432822
-2.1489725,0.787789,0.038058165
-0.96072876,0.20814817,0.016693607
0.13945812,-1.020115,-0.014259085
0.36562344,-1.008962,-0.018980116
-0.28547424,-0.4928556,-0.001257926
-0.19773011,0.27544022,0.002866484
-0.47741613,-1.0462393,-0.001648217
1.5959419,-0.8754301,-0.043876052
-0.6514525,-0.22791627,0.007933915
-0.5574095,-0.7979076,0.001857467
-1.1752322,1.3663371,0.027662154
1.83194,1.0623262,-0.033315375
-0.8174995,-1.36468,0.002727382
0.92142856,-0.8399802,-0.029472783
0.11173918,-1.6296078,-0.018632106
-1.0096853,0.78145427,0.021346841
0.89450735,3.0208452,0.002218679
0.3291884,-1.076347,-0.018752784
-0.8081121,-0.7712073,0.006954446
-2.9691725,-0.92070776,0.03991518
0.45977116,-0.12095391,-0.013766505
-1.1634661,-1.9047583,0.005474411
-1.7613429,-0.50360906,0.025479957
-0.6081013,-0.14048511,0.007745966
1.3274537,-3.1990907,-0.056517407
-2.0612812,2.2728744,0.043877162
1.454918,0.387835,-0.030804507
1.6464759,-0.49126834,-0.04187233
0.55650973,-0.26642483,-0.01699724
-0.33820578,-0.9899092,-0.004046448
-1.0654011,-0.72306126,0.012137335
-2.0146637,0.42056257,0.03443775
-0.21713954,1.76538,0.014174517
1.4492586,0.36483383,-0.030871235
0.17124586,-0.08072643,-0.00739377
0.62648857,1.7387251,-0.002399311
1.0449272,0.06470171,-0.024712384
-0.6887795,-0.07742496,0.009733681
-0.95471114,-1.1017439,0.007345341
0.030252442,-0.7133859,-0.009492025
-0.14692327,-0.75794756,-0.00616122
-1.3143003,1.1471119,0.0284742
-0.8331161,-0.15269259,0.011884999
-0.25642058,0.1214431,0.002859831
1.2166421,0.034797058,-0.028616011
1.0134068,-1.2072389,-0.034424603
0.88339025,-1.2292758,-0.03184846
0.24894138,-0.7568127,-0.014446929
1.0297898,-0.5851221,-0.029696874
0.30856407,0.9109345,-0.00240612
-0.82092506,0.60123813,0.01690428
-0.04407436,-0.70259005,-0.007855684
-0.52400786,1.8492024,0.02016506
-2.0677044,-0.22399396,0.031691425
0.36167136,0.8325553,-0.00410749
0.35868418,0.220569,-0.008898146
-1.2345372,-1.0279224,0.013099287
-0.05244765,0.44462305,0.001268588
0.9690709,-0.253449,-0.02569256
-1.1543841,-0.48348367,0.015411265
-0.580289,0.80773276,0.014027704
1.3353909,1.2696444,-0.021077342
-0.20430051,-2.2365658,-0.016846597
1.4793521,0.50741434,-0.030352011
-0.27541575,0.31231454,0.004672095
0.9591007,0.36470386,-0.020432577
-1.347181,2.005162,0.033826463
1.2564727,1.2471093,-0.019578047
-0.7658177,-1.8505559,-0.002016425
1.23074,-0.21332791,-0.030935884
-0.031313762,-2.2126071,-0.020356052
1.4316816,-1.2370882,-0.043380983
0.5550435,0.43236104,-0.011315279
1.0292151,1.0829643,-0.016077675
-1.9527787,1.6898975,0.040013365
-0.053911798,-1.6242596,-0.015056491
-0.779853,0.14482975,0.013006866
0.8404543,0.40926796,-0.017542362
-0.46125305,1.7970885,0.018735021
0.6092115,-0.4031125,-0.019232519
-0.5988411,-1.5617919,-0.003176056
0.6962944,-2.6470528,-0.039491028
0.058500186,1.0729022,0.003856562
-0.013798136,-1.2980859,-0.013263211
0.39609656,-0.5791144,-0.016128197
0.89482933,-0.92467386,-0.029599108
-0.3520049,-1.9904091,-0.011706188
-1.0366675,1.409945,0.025770053
-1.5461863,-0.87483406,0.019620623
0.015802544,0.40949112,-0.000370756
1.4551206,0.05859336,-0.03347622
0.7623726,-0.41827247,-0.022625893
-0.5876737,2.175827,0.023370862
-1.0077451,-2.064255,0.001216255
0.47873342,0.67849165,-0.007748157
-1.5341184,1.6696953,0.03457181
0.3747566,-0.8801522,-0.018123731
-0.08054034,-0.7721247,-0.007649429
-1.9644508,2.0147784,0.041660003
-2.2122169,0.9723335,0.03972389
-0.8757796,-0.038973104,0.013467487
0.33973268,0.16746798,-0.008926407
0.18202186,0.6575603,-0.001809314
0.049631093,0.20150214,-0.00267031
-0.807127,0.6189677,0.016781878
1.0559746,-0.73651683,-0.031488992
1.8483633,0.26198936,-0.04005845
-0.7345735,0.5845583,0.015255448
-1.1733569,-0.59841585,0.014962856
-1.5669694,-1.9661951,0.012639239
-0.6072727,0.013621999,0.008854572
-0.7564248,-1.6580954,-0.000723064
-1.0386959,0.120157,0.017466713
-0.004031606,-1.9837537,-0.019058585
-0.82266617,-1.5982249,0.00106331
-0.20908798,-1.402818,-0.009991922
-1.395979,-0.046799913,0.02243618
0.32224026,0.8322362,-0.003301896
0.9556677,0.14445971,-0.022156164
0.022178076,0.013931004,-0.003574848
-1.5286816,1.398364,0.033026688
-0.14767091,-0.23718992,-0.002070405
-0.14494306,1.239249,0.009036507
1.315955,0.20898744,-0.029309109
1.175638,-0.020027552,-0.028190292
0.07852734,-0.28354144,-0.007077992
0.6117088,1.8274775,-0.001400746
-0.20535664,-0.1989658,-0.00060793
-0.39939907,0.2817067,0.006849669
0.6954427,-1.1860114,-0.02748613
-0.7271328,1.4209341,0.020777203
-0.5398861,0.5264134,0.011290528
0.7059765,-0.44794542,-0.0216638
-0.34801775,-0.77837914,-0.002199695
-0.84005916,0.4752475,0.016382515
-0.89304614,0.1728483,0.015249811
-0.14804187,-0.7633532,-0.006180756
0.10039979,0.44250596,-0.001825824
0.6412665,-0.10822751,-0.017513715
-0.65451956,1.386697,0.01931139
-1.0842355,0.88166416,0.02322385
-1.0227205,-1.4135399,0.006368704
-0.71625847,-1.6520039,-0.00148771
-0.6812578,1.0825057,0.017724484
-2.137398,0.6144314,0.037050884
-1.242487,0.5790532,0.023885045
-0.7474599,0.8991222,0.01763865
-0.06000912,1.503428,0.009363644
-0.05123045,1.1940414,0.006907426
-0.5688345,-0.6348198,0.003315002
-0.49384245,1.2986392,0.015894316
0.9256847,0.49984095,-0.018619306
-0.5878473,-1.2145588,-0.000713952
-0.2073024,0.37589052,0.003814988
1.1235714,2.2445512,-0.008660995
-1.1225889,0.78774756,0.02325397
0.5477356,0.5599447,-0.010137223
1.0305185,-1.4092181,-0.036429092
0.50634754,-1.3036376,-0.024405703
1.9440792,0.8037314,-0.03773517
0.9335307,0.4419311,-0.019258097
0.1209671,0.3294203,-0.003126472
-0.93526715,0.3843476,0.017440517
1.4152628,-1.6846782,-0.046582386
0.16111551,-1.0883803,-0.015271895
-1.4542606,0.72016746,0.028068833
1.3070488,0.6227301,-0.025749624
-0.8328682,-0.2238331,0.011375446
0.6435176,-0.001769569,-0.016696222
0.5759908,0.7554587,-0.009162143
2.528366,2.4673615,-0.036657065
-1.0393949,0.81203514,0.02203986
1.1732342,0.54409397,-0.023537286
0.7913839,0.6946461,-0.014184989
0.44339636,-0.09015054,-0.01317177
0.9534078,-0.4222094,-0.026737846
-0.48824558,0.50990343,0.010207024
1.7002732,-0.85435086,-0.045827724
2.9681861,-0.8987841,-0.06944378
-0.69660896,1.0058428,0.017472543
-0.16542184,1.0578783,0.008092053
-0.025711438,-0.6230424,-0.007605985
0.32931328,0.33840898,-0.007347897
0.3209142,-0.4441295,-0.013441779
-0.417628,0.578192,0.00937219
-0.60837615,1.8803478,0.021796271
-1.8681809,-1.1599144,0.023154888
1.640616,-0.47070533,-0.0415888
0.06340665,-0.19506037,-0.006065056
0.6981417,0.008561246,-0.017773889
0.888899,0.5320193,-0.017574474
-1.7332937,-0.44459465,0.025396634
-1.0977081,-1.191233,0.009410735
0.5409822,0.7511307,-0.008465603
-0.3672856,-0.9144093,-0.002863735
-1.1264242,1.0614904,0.02503527
-0.14232807,-0.07449024,-0.00091897
1.4765712,0.94293475,-0.026752159
-0.65077555,0.39082286,0.012375888
-1.3060611,0.40279904,0.023807295
-1.0024098,1.5637183,0.026178334
-0.5064551,0.4043813,0.009785954
-1.616719,0.09868271,0.02685611
-0.4808446,-0.000263833,0.006334133
1.6525725,1.374207,-0.026988447
0.27792737,-0.9808448,-0.01688134
0.8535017,0.15163928,-0.019918099
-0.65536124,-0.18422589,0.008327175
0.53838104,-0.12474557,-0.015462026
0.25080463,0.03893489,-0.008096933
-1.6621965,-1.5359508,0.017265763
-1.1568227,-0.60829616,0.014598385
0.2896765,-1.2027237,-0.01894182
0.1345338,-0.55473745,-0.01040712
0.98405486,0.80740947,-0.017358422
-0.79317456,-0.7008169,0.007183835
-0.30055043,1.4727937,0.013623122
-0.7683469,0.83442956,0.017565563
-0.09943512,1.3043785,0.008649457
-1.3909305,0.54873604,0.026061133
0.30786002,-3.0104566,-0.034261107
-0.45325682,-0.6046236,0.001253597
-1.5092287,-0.39356053,0.02209887
-2.2402616,-0.58877206,0.032132834
-0.050391447,-0.18154798,-0.003619306
-0.49403533,-1.2263886,-0.002705932
-0.16742483,0.8226038,0.006386273
0.5360409,0.75120205,-0.008361965
-1.3971479,0.300549,0.024634615
0.65475523,0.12117693,-0.015936747
1.510407,0.6098989,-0.030178748
-1.914195,-1.0875192,0.024342671
1.1214967,0.39143384,-0.023679122
-3.1343234,0.6405522,0.048113514
1.1095098,-0.9351707,-0.034240715
1.2544916,-0.56756884,-0.03431572
1.7181336,-0.09013667,-0.04016473
0.006455072,-0.01893924,-0.003510401
0.9708439,-0.03431051,-0.02393987
-0.25444406,-0.8860137,-0.004952095
-0.16118506,1.158209,0.008750077
2.1037984,-0.6901388,-0.0525489
0.48596835,-0.85960406,-0.02032943
0.42200997,-2.3900974,-0.031560987
-0.55630904,0.6660338,0.012589719
-1.5735568,1.9886664,0.036764864
0.39089638,0.9647318,-0.003666923
0.44055605,-0.3091928,-0.014882557
0.50552565,-2.3138328,-0.032714695
1.2454807,1.7858918,-0.014953502
-1.3957272,-0.79922223,0.017530669
1.3722565,-0.19860172,-0.033809975
-0.06183419,-0.470146,-0.005649142
-0.27726465,-0.2746712,0.000255786
-0.22230381,-1.1750181,-0.007899299
1.7745339,2.0166621,-0.024351299
0.19395211,-1.9350556,-0.0229045
1.4834795,1.3744216,-0.02338215
-0.93078583,-0.41166136,0.011854388
-1.1110733,0.36073017,0.02030975
0.65265864,1.0452,-0.008445144
0.35656664,1.1698335,-0.001360208
1.4509557,1.0659552,-0.025204167
2.0216112,1.4972025,-0.033806898
0.38055384,-2.1470072,-0.028662242
-1.5249423,0.9466246,0.030441225
1.1593647,0.12887958,-0.026629202
-0.5631902,-0.34728253,0.005354777
0.6066052,0.5745342,-0.01125592
0.4645098,-0.23845612,-0.014817297
0.15173824,0.16078238,-0.005080819
0.46556112,-0.45499328,-0.016596138
-0.9687946,0.84083503,0.021047592
0.14003107,-0.903699,-0.013329774
-1.0266633,-0.94866335,0.009815671
1.1229672,0.96155345,-0.019060627
0.5386538,0.79648465,-0.008054927
-0.43517748,0.062106807,0.005913407
-1.6409383,1.4443376,0.034815125
1.4950145,0.039445624,-0.03447129
0.076307766,-0.91945267,-0.012111634
0.7285298,-0.13898873,-0.019623004
1.1476377,-0.23864359,-0.029376894
0.80380225,-0.12207972,-0.021090798
-0.72642046,-0.8878788,0.00451003
1.0224531,1.6070433,-0.011684582
1.3641999,0.11638622,-0.031085595
0.2947106,0.40283775,-0.006119758
0.7833948,-1.9474467,-0.035605587
-0.25600502,-1.7991651,-0.012190364
0.68297946,1.5055703,-0.005404539
0.7710522,-0.46820787,-0.02321969
-1.8364905,0.12850511,0.03033242
0.42621133,1.3883853,-0.001068041
-0.11594335,0.4290902,0.002413802
0.8901571,-1.0334021,-0.030389473
0.48589113,-1.2073953,-0.023177184
1.1131287,-0.57826436,-0.031411886
1.6703048,-1.3761989,-0.049283892
0.16050683,1.3542607,0.003982857
0.3127437,-0.4273523,-0.013133742
-1.1930186,-0.11658399,0.018562369
-0.67801386,0.7116002,0.015121281
2.159726,1.8041408,-0.034243904
-0.1793032,1.3117161,0.010216076
-2.4672918,1.7122905,0.045780063
-0.18083741,0.9840612,0.007842183
0.04980298,-1.03728,-0.012501843
0.6701692,0.322957,-0.014628045
0.3286439,-0.15225735,-0.011254191
1.3969847,2.5433636,-0.011999026
-1.2173926,1.3005962,0.027913723
-0.28738797,-0.63975567,-0.00235635
0.022138836,-0.42245513,-0.007009111
-1.3518727,-0.18528958,0.02081532
1.9459741,0.6044403,-0.039359033
-0.83148474,-0.9987666,0.005730003
0.21386045,-0.64721614,-0.012819521
-2.0341532,-0.7404066,0.028275363
-1.0872113,-0.5120034,0.014008991
0.6778423,-1.0966905,-0.026376553
0.17781194,-0.6240748,-0.011873148
0.28176814,0.40235978,-0.00585603
-0.036387768,1.3344117,0.007665172
-0.3264568,1.2354261,0.012409177
0.15500404,0.012611701,-0.006317623
-0.40097928,0.10574108,0.005574644
0.09329848,0.66070974,8.66E-06
0.77774805,1.0972769,-0.01064691
-0.378256,-0.4465886,0.000961825
-0.69587314,0.57699597,0.014506839
0.97021216,0.07499315,-0.023033716
1.5460544,-0.24960409,-0.03786619
-0.40178376,0.8162692,0.010799147
-1.8272223,0.4764518,0.032146834
0.3497212,-0.16342296,-0.011787236
-1.2817831,0.9208854,0.026619278
-1.0497955,0.5521075,0.020526022
-0.31614423,0.7050997,0.008373521
1.0033499,0.94119525,-0.016680606
-1.1675986,2.2488341,0.03266461
0.09902341,0.04285574,-0.004924223
0.77175456,0.919565,-0.011952706
0.21452127,-1.8777068,-0.022873253
-1.0725169,-0.006031394,0.017207745
-0.50430834,0.00430652,0.006820202
0.1452684,-0.81910485,-0.012757719
1.8035451,-0.62118363,-0.04609017
-0.3522834,1.479405,0.014610756
-0.80280936,-0.25077623,0.010624219
-0.66906035,-2.2611365,-0.007225081
0.14943875,-0.90040034,-0.013502047
0.8248851,-0.97748405,-0.028540224
1.6028838,-1.6197293,-0.049828067
-1.6077093,1.2404871,0.033263285
0.11127716,-0.8035817,-0.01191593
0.81745815,0.45550087,-0.016677648
-0.79752177,0.6677515,0.016945068
-0.7003193,1.174851,0.018680181
0.15550745,-0.43578458,-0.009894542
-0.03720445,-0.51953727,-0.006547838
0.41713884,-1.1892822,-0.021556906
-0.14472163,-1.1146073,-0.009036392
-1.2137009,-0.15585184,0.018658232
1.6234579,-0.2277535,-0.039300963
0.2773815,-0.76035845,-0.01507856
1.2414252,0.8318822,-0.02264423
0.13796526,-0.74872094,-0.012036711
-0.6133033,1.0268182,0.01614473
-0.36153197,-0.33802727,0.001455963
0.3722496,0.4570844,-0.00729648
-0.27434564,-0.84918815,-0.004254758
-0.4192299,-0.48468527,0.001488626
1.3560927,0.7785709,-0.025524586
0.19279878,-0.5863225,-0.011885062
0.79685575,-0.001530228,-0.019959092
1.0751138,1.027577,-0.017503977
-0.8782665,1.3189406,0.022637665
-0.733922,-0.9228073,0.004396126
-0.37087584,-1.2272079,-0.005234934
-0.8836294,0.19002607,0.015199695
-0.5894004,0.52735144,0.012214236
1.2406121,-0.27385277,-0.031637445
0.48341092,0.9365048,-0.005794495
1.3549685,0.8483847,-0.024931476
0.5519697,0.09064912,-0.014005952
-1.8054415,0.9161516,0.03423166
1.034578,-1.1651179,-0.03452892
0.2685632,1.1577411,0.000323944
-0.70530134,0.7754086,0.016049806
0.3864687,0.25239977,-0.009224229
0.8741626,0.30561143,-0.019103706
0.094351634,0.15688564,-0.003932811
0.7238955,0.53808,-0.014024086
-0.66984165,-0.8146444,0.003950074
0.019297278,1.1295863,0.005054407
0.95840985,0.89841896,-0.016073503
-2.314486,-0.2245009,0.035085227
0.2759342,-1.2075858,-0.018688105
-1.0750942,0.28611413,0.019205477
-0.8052749,-0.2317177,0.010806441
-1.1291273,-1.1241001,0.010479182
-0.22555214,-1.5170175,-0.010561496
0.5209311,2.1560318,0.002979979
1.4669788,-1.3431393,-0.044940487
-1.5068675,-1.558488,0.014363151
0.4678136,0.6646982,-0.007630855
1.3701445,-0.31160426,-0.0346798
-0.20233677,-0.74647987,-0.004928477
0.34400073,-0.44793764,-0.013960689
0.36218005,1.6422976,0.002187565
-0.5971537,-0.08392847,0.00795085
0.011585984,0.2331922,-0.001650542
1.3516175,0.59316605,-0.02694004
1.1874024,-0.5924261,-0.033100665
-0.2641603,-1.6890116,-0.011130899
-0.08685329,1.012391,0.00624159
0.94299626,-1.1789129,-0.03270246
0.44186085,-1.6031398,-0.025487885
-2.1814404,0.26625052,0.03585563
0.1052015,-0.35004014,-0.008160256
-0.96372205,0.5107866,0.018783715
2.2646534,0.83392316,-0.04408046
-0.043430857,0.45002365,0.001129821
-0.36166674,-0.08193723,0.003399357
0.22673294,-0.3216954,-0.010473788
-0.3413619,-0.39551425,0.000614449
-1.286186,0.027063364,0.021087274
-1.2560658,1.7316465,0.031010594
0.1425491,-1.3054366,-0.016642064
1.0171478,0.2736928,-0.022413388
1.7748995,-0.12254954,-0.041591324
-0.808191,-1.2869672,0.003128044
1.5934327,-0.7767996,-0.043045536
0.071290314,0.53527343,-0.000517264
0.73502856,-0.2176857,-0.020403534
1.8053336,1.9682492,-0.025403634
-1.6437681,0.84273857,0.031572677
-0.2808949,0.4690094,0.005950093
-0.3054042,1.2613068,0.012205288
1.1812166,0.20022105,-0.02651295
-0.34298316,1.9022762,0.017384224
-1.1227275,1.0366801,0.0248218
0.6620048,0.5706139,-0.012454011
-0.04117299,-0.87944996,-0.009324349
-1.0998465,-1.0095415,0.01074855
0.67320675,0.5482849,-0.012870498
0.8159321,0.22860798,-0.0184905
0.9026548,0.002196913,-0.02218607
-0.023811642,-1.1498386,-0.011856101
0.86195564,-1.2302237,-0.031400442
-0.27056915,-1.2023035,-0.007112555
-2.467938,1.5997933,0.04533109
-0.7372741,0.35774168,0.013725061
0.23752008,-0.99515843,-0.016138121
0.41072333,0.02238992,-0.011576623
1.0214939,-0.5774595,-0.029457748
-1.0022001,-1.1752607,0.00771673
-1.2340899,1.290997,0.028111119
0.8409715,-1.405468,-0.032389157
0.8954051,0.79287136,-0.015593186
-0.6668014,-1.1339648,0.001483135
0.26784128,-0.76824445,-0.01494015
1.3161126,0.16292667,-0.029687189
0.67275023,0.90428096,-0.009994783
-1.4812578,0.31967926,0.026082456
0.44640994,0.23969615,-0.010581121
-0.8768137,-0.056526102,0.013363496
0.9399586,1.3831998,-0.011754811
0.9536111,1.2148468,-0.013404988
-0.6759273,0.82424164,0.015863154
0.36918807,0.8568623,-0.004070438
1.22895,-0.7853364,-0.035542466
-0.57304007,-0.24954249,0.006270185
-0.2646075,-0.6242572,-0.002699353
0.20012201,-0.7032605,-0.012981489
-1.7100185,0.43085587,0.030203488
1.5869279,0.95377594,-0.02901081
1.1411625,-1.1372569,-0.036548205
0.30103976,-0.8720318,-0.016487837
0.69797283,-1.5969855,-0.030916065
-0.056230612,-0.054378085,-0.002508231
-0.018883485,-0.8222816,-0.00933402
-0.7113354,-0.2332846,0.009031992
0.025086489,-0.2148123,-0.005430028
0.44627875,-0.25815687,-0.014590584
-1.1342763,1.7761308,0.029475078
-0.4222928,-0.1237446,0.004275523
0.5574153,1.2597089,-0.00476218
0.3799959,0.10115354,-0.010299131
-1.1626914,-0.047273505,0.01849975
-1.0617038,-1.1083035,0.009328667
-1.4973453,-0.6222473,0.020434268
-0.30740938,0.79819924,0.008889645
1.0895779,0.11920497,-0.025220059
-0.80757403,-0.589111,0.008273765
-0.76204664,-0.12191852,0.010785818
0.12521762,0.91553754,0.001331113
-1.2491254,-2.1969209,0.004980102
-1.5184709,0.653244,0.02864562
0.013944806,0.0876033,-0.00283131
-0.24250476,0.20375763,0.003208041
0.95450467,0.5004391,-0.019228332
-0.606497,-0.116335146,0.007892072
3.3517113,0.18991213,-0.06873834
0.55349344,0.08571001,-0.014078125
-1.2744795,2.1635284,0.033686858
0.58942425,-0.96408325,-0.02339705
-0.6175808,-0.5724893,0.004737005
0.18629393,1.5574685,0.005016953
0.28792065,0.57243687,-0.004640542
-0.8013573,-2.0129251,-0.002551436
-0.8607708,-0.9977013,0.006303683
0.67036134,0.4381428,-0.013700187
0.666307,-1.4147263,-0.028742217
0.17291579,1.0727044,0.001585484
-1.6255567,-0.61503327,0.022609979
0.109284855,-2.187715,-0.023171358
-0.14816439,-0.24059072,-0.002086781
-0.43692148,1.3802109,0.01544217
-0.38866267,-1.0926336,-0.003815688
0.52217436,0.67989975,-0.008642264
0.2787843,0.030320123,-0.008748695
0.20505399,0.5930249,-0.002781652
0.6599726,1.1061949,-0.008109942
0.64203006,-0.39348537,-0.019853942
-1.6453786,0.4051672,0.029099729
-0.25034872,0.5599781,0.006035641
-0.813671,0.058824517,0.013020415
-1.0412848,-1.981492,0.002508424
1.1368525,-0.7982681,-0.033705242
0.34829226,-0.109384835,-0.011322819
-0.12563649,1.1576269,0.008067362
-0.06031404,-1.0077281,-0.00994876
0.13049859,0.42873618,-0.002545148
0.22720747,0.5339439,-0.003697187
-0.37135294,-0.93635553,-0.002951503
-0.8104699,-0.81987023,0.006642543
1.7199612,-0.45364296,-0.043080688
0.63495225,0.6870615,-0.010946758
-0.91759425,-0.14260037,0.01350382
-0.27506524,-0.4983337,-0.001510814
0.23198411,-0.71875405,-0.013780043
-0.70894057,1.3203368,0.019801848
-2.0822978,-0.90533453,0.028043061
-0.6574529,-0.9709299,0.002531573
-0.90423226,-1.6134452,0.00256861
2.1776838,-0.052097924,-0.049162924
1.1763318,-0.13114317,-0.029110849
-0.021070996,1.5465904,0.008941192
0.8974266,-0.043727778,-0.022449479
0.50477624,0.107647486,-0.012871616
-0.96106094,-0.57291585,0.011271887
-0.71902955,-0.54926014,0.006872952
0.011632815,-0.052021652,-0.003875189
0.8343473,0.90196913,-0.013415895
-0.13929033,0.18652776,0.001027167
-2.8131566,2.0198617,0.050152376
-0.4775132,-0.017804056,0.006139837
-1.9303191,0.6918144,0.034731608
0.35222688,-1.1495451,-0.019843228
0.30222562,1.3721565,0.001304589
-0.59628814,-0.15754873,0.007394925
-0.7079842,-1.2217855,0.001636297
-0.6150655,-1.2740752,-0.000622727
1.8022169,-0.1711683,-0.04253538
0.013765071,1.8445919,0.010468368
-1.2148246,0.7106438,0.024263468
1.4274355,-0.7429157,-0.039351627
1.5303566,2.1124618,-0.018353596
-0.1609321,0.50694233,0.00389234
1.2684836,0.49872494,-0.02593863
-0.18053293,-0.18842402,-0.001027413
-1.3645598,1.0938483,0.028917797
-0.6161121,0.19077164,0.010302778
-0.85745126,-1.5034269,0.002472132
-1.1030775,0.37199566,0.020248134
-1.0954747,-0.72940457,0.012644552
0.7323341,-0.24140717,-0.020539634
0.8165169,1.3454908,-0.009464197
0.16608365,0.4508221,-0.003098354
-0.06680722,1.3233224,0.008166172
0.2588273,0.17809229,-0.007157691
0.20517364,0.22965886,-0.005639099
0.027558465,1.4325325,0.007164121
0.34208775,0.5725274,-0.005756237
-1.6768482,-0.42624685,0.02461394
0.2481646,0.8457861,-0.001686104
-0.57452977,-1.0625851,0.000183448
0.6971284,-1.2657998,-0.028177336
-0.2025719,-0.33169046,-0.001689486
1.9621396,0.7820243,-0.038283214
-1.0436406,-0.7620271,0.011460993
-0.43936163,1.2599075,0.01464548
-0.5152257,0.5454399,0.010967799
-2.2020311,-0.39655146,0.032641087
-0.3799187,0.29360113,0.006562248
-0.74868405,-1.2832067,0.001979686
-0.09063412,-0.29899848,-0.003714331
-0.113339074,0.27339,0.001173623
1.601458,-0.62639356,-0.042018726
1.4552873,0.6013471,-0.029078394
-0.3538699,-1.3666124,-0.006685019
-1.7981478,0.015006883,0.029116958
-0.12557702,1.0585989,0.007333219
-1.6921932,1.2886528,0.03467989
-0.24983543,0.43893275,0.005121611
1.2197936,0.3987542,-0.025715977
-1.1011926,-0.5611392,0.013921239
-0.9831382,-0.09117956,0.015043624
-0.105086595,-0.19627614,-0.002618164
-0.672203,-0.4108603,0.0069905
-0.1876271,0.8059212,0.006652638
1.0143554,1.3509238,-0.013587438
-0.75558704,1.5567716,0.022142567
0.59920436,-1.1353393,-0.025011405
-0.31763753,0.26689455,0.005155951
0.51286393,0.6438024,-0.008736357
0.4541891,0.49680683,-0.008685961
-0.9612929,0.003024824,0.015301116
-0.5275661,2.0249066,0.021389537
0.2448813,-0.13448419,-0.009356082
0.4216922,0.65311533,-0.006765053
0.32319662,1.0962344,-0.001257047
0.25760162,-1.3259195,-0.01926411
-0.58667475,-1.1255224,-5.45E-05
0.78596216,-0.1379919,-0.020839944
-0.012107261,1.4553068,0.008095682
0.6623546,0.27250937,-0.014871061
-0.30533436,0.40130964,0.00591971
0.99428535,1.4491719,-0.01236745
-0.8152058,0.9415207,0.019099705
0.038249515,1.184977,0.005101271
-1.0379437,1.3307177,0.025299441
-0.6531113,0.49856186,0.013180304
0.90080076,0.06995276,-0.021593392
0.23786971,0.10533762,-0.007300183
-0.37295038,0.74101907,0.009712886
1.1697377,-1.4717895,-0.03984935
0.22878517,-0.08040017,-0.008588538
-1.0643214,-0.5963319,0.01300633
-1.5808876,1.9012889,0.03641069
-0.024882514,0.64231646,0.002230704
0.16944395,-1.6597514,-0.020113885
-1.3833877,-0.43297148,0.019737143
-0.060465906,0.34411567,0.000658184
-1.8957853,-1.7047372,0.020166542
0.23160535,-0.72927445,-0.013857082
-0.18619329,-0.83286554,-0.005940706
-1.0936291,-0.3295531,0.015381437
-0.13697393,-0.001400339,-0.000463024
-0.535101,-0.7147826,0.002044648
0.4340804,1.1476698,-0.003113128
-0.76540595,0.77056915,0.017080002
0.14062928,0.5996634,-0.001419984
0.33925775,1.2387621,-0.000473075
-0.2955331,-0.9818542,-0.004859194
-0.21022637,0.5272667,0.005010828
-0.66772544,0.6382207,0.014425367
-0.14906757,-1.045738,-0.008397073
1.2345101,1.2797686,-0.018843599
0.8436601,1.6024427,-0.0079697
-1.93849,0.06791501,0.031465795
0.45648533,-0.33319768,-0.015414827
0.604835,-0.6194376,-0.020905212
-0.6142862,-0.3393881,0.006402373
-1.8619887,-1.8000726,0.018976409
0.29365322,0.38782445,-0.006216735
-2.3331738,0.053933576,0.036748596
0.8458629,-0.30800793,-0.023507796
-1.3556811,0.20543216,0.02337199
-0.70107675,-0.3103407,0.00827764
-0.062220264,-0.2864156,-0.004197776
-1.0919365,0.7413216,0.02245485
-0.54153997,-0.77644056,0.001704961
-0.13661724,-0.3992392,-0.003557205
-2.0377555,-0.15890582,0.031624727
-1.1870046,0.21841393,0.02066284
-0.33220217,0.89688,0.010077491
-1.022898,0.8811774,0.02221167
-0.91655165,0.31339398,0.016630352
-0.32424772,0.24774812,0.005141616
0.81106883,-2.412747,-0.039984718
-0.7460497,-0.4824547,0.007879287
-0.48869374,-0.59451205,0.00203529
-0.95013154,1.3712938,0.024145339
0.26058954,1.7048414,0.004676551
-1.4476099,-1.6620483,0.012573183
0.33922377,-1.2927632,-0.020737998
1.2442803,0.50840485,-0.025343746
0.12705068,-1.2713094,-0.016034372
-1.0638248,1.0575699,0.024005238
1.148543,-0.39015698,-0.030630961
-0.07093707,-0.9188159,-0.009016424
0.8371745,1.8538153,-0.005824596
1.9709047,-0.056504812,-0.045066923
0.10075536,-0.3238357,-0.007859409
0.37611243,2.4161856,0.007794835
-0.010186639,0.50436735,0.000881784
0.6693997,-0.3824953,-0.020348266
1.540639,0.54159206,-0.03137303
0.575975,-0.43003866,-0.01874347
0.5092913,1.1825049,-0.004381679
-0.10792427,0.8500856,0.005436458
0.80288506,0.058361754,-0.019599363
-0.4804116,0.17189169,0.007595472
0.7908936,0.43946627,-0.016243607
-1.477445,-0.1326178,0.02322692
0.30408826,0.8290327,-0.002955951
-0.9232444,-1.2703488,0.005500853
-0.28331208,1.1283281,0.010837201
-0.75284016,1.401098,0.02108055
-0.4888952,-1.9310571,-0.008355662
-0.4053108,-0.18572342,0.003476404
0.17828661,0.57913,-0.002344735
0.85004985,-1.2813104,-0.031565495
-0.013767286,0.9744819,0.004532121
1.4064064,-0.2827796,-0.03520959
-0.46785685,-1.0517874,-0.001884803
1.0694418,1.8267634,-0.010897994
0.6194449,-1.0376954,-0.024643116
0.089296825,0.31280336,-0.002610311
-1.4846141,0.47708315,0.027084608
0.0516013,0.32803443,-0.00172548
-0.7380693,-2.1446471,-0.004876167
-2.6612194,1.274611,0.045979485
1.8486999,0.55664766,-0.0377212
-0.86823255,-0.4600612,0.010348268
-1.3120544,1.2149705,0.028840847
0.5867288,0.9164653,-0.008098953
0.62056756,-0.6574389,-0.021551989
0.14793076,-0.39962924,-0.009447061
-0.5288782,0.9554054,0.014130928
-1.2083781,-0.34510815,0.017302498
-0.8344045,1.0955836,0.020449616
-1.6078904,1.669139,0.03555869
-1.7217902,-0.50048727,0.02487364
1.5264078,0.65715545,-0.030134551
-1.0520625,0.8439176,0.022454489
-0.4145232,-0.5488127,0.000906065
0.087712646,-0.56994355,-0.009548128
-0.22282588,-0.9566423,-0.006159857
0.2727285,0.32804045,-0.006257147
-0.48771977,0.30486834,0.008708388
-0.8613848,0.2796602,0.015419614
0.72671133,1.2732333,-0.008165933
-1.0454209,-0.5841249,0.012746438
-0.105242275,-0.20411116,-0.002675973
-0.82278067,-0.51171386,0.00912283
1.5188369,2.0782762,-0.018387318
1.1544095,1.0230501,-0.01922942
-1.0006427,-0.31448603,0.013813391
0.43276682,-0.34877178,-0.015038058
1.7279387,-0.8897808,-0.046661638
-0.6601223,-1.4915745,-0.00138668
-0.13520265,0.06463546,9.81E-06
-0.83242315,1.5827287,0.023575094
-0.1457529,0.35871813,0.002469651
-0.028143756,-0.70135415,-0.008177407
-1.392383,-0.611123,0.018721007
-0.022102207,-0.89975274,-0.009885632
-1.0806935,0.05248005,0.017744336
1.356398,-0.036267847,-0.032159403
0.98917466,0.28770533,-0.02170214
2.609339,-0.3978599,-0.05989501
1.7838244,-1.0496774,-0.049016953
0.7108999,-1.4342197,-0.0298547
-1.148851,-1.3547916,0.009199232
0.181382,-0.55874926,-0.011423156
-1.9591798,0.59644175,0.034617368
-0.98257995,-0.6758251,0.01094019
0.25156835,0.68906134,-0.002979621
0.016089717,1.5815868,0.008490831
1.1824775,0.08522273,-0.027477719
-0.8376185,-0.5215891,0.00933145
-1.7394412,-0.73939806,0.023683868
1.5740132,0.9682826,-0.028618641
1.0022346,0.14065187,-0.023181096
-1.2236488,0.2300887,0.021353126
-0.73983526,-0.8398825,0.00512851
-1.4047911,-1.0960943,0.015692405
-1.0915407,-0.56214774,0.013739485
0.020829922,1.4908855,0.007727787
0.029533584,-0.93881905,-0.011282526
-0.52574676,0.7824144,0.012853533
0.20824462,-0.16107489,-0.008803166
-0.1925436,-0.58558774,-0.003869087
-1.2058734,1.3462398,0.028010618
0.018795962,-0.8163371,-0.010075174
0.8043158,0.6499879,-0.014820606
-0.46993172,0.10292563,0.006886527
-2.713196,-0.41983986,0.03918348
0.07527253,-0.19340943,-0.006297298
-0.1719061,1.3614981,0.010439195
-2.1239886,-0.53429866,0.030774917
-1.9816611,-0.15815234,0.030824032
0.70358413,0.03599359,-0.017666548
-0.3854779,0.28628495,0.006615296
-0.46655047,-0.45088577,0.002683811
1.2930987,-0.23320353,-0.032418504
-0.22343521,0.28940064,0.003479488
0.90322185,1.9606035,-0.006342597
0.81262547,0.234285,-0.018373877
-0.79739064,0.736554,0.01741049
0.032167077,0.9016502,0.003075466
-1.0025696,-0.047074556,0.015693534
-0.8087029,0.61500967,0.016782686
-0.21726781,0.33313495,0.003688343
-1.671598,-0.037268434,0.026890129
-0.8928416,-0.5393355,0.010240857
-1.19852,1.3796504,0.028097972
0.31289494,-1.1015016,-0.018610485
0.7368544,0.027680632,-0.018442415
-0.3536734,1.9685234,0.018026005
0.002048658,0.29698074,-0.00096307
0.5259097,-0.6114579,-0.019155368
0.48114854,0.13165703,-0.012179926
0.24811812,-0.5776664,-0.012981787
-0.47885755,-1.8242232,-0.007714979
0.3348399,1.0745262,-0.001662664
1.1498798,-1.9837703,-0.043547735
-0.36813077,-1.8769379,-0.010453314
1.8058355,0.14281562,-0.0401259
-0.730703,1.0128418,0.018115751
-0.8535026,0.17595261,0.014561247
0.44062126,-0.011012293,-0.012475073
0.16627076,0.85441184,3.65E-05
-1.1113049,1.1690276,0.025461812
-1.1435313,-0.4763246,0.015266657
-0.20900163,2.0793316,0.016232584
-1.2246192,0.45577756,0.02281519
0.022731675,-1.3452469,-0.014418811
0.4312703,0.5053566,-0.008139893
0.58809316,-0.27382493,-0.017729364
1.5411656,0.7115238,-0.03000632
-0.68219614,0.20989655,0.011670444
0.079878695,0.55469984,-0.000540242
-0.60334855,1.040114,0.016059257
-0.9033522,0.715604,0.019109376
0.69611555,-0.6180198,-0.022843994
-0.40424955,0.5898907,0.009204343
-0.30496725,0.8882661,0.009501249
1.8880913,0.27758375,-0.040753998
0.82319784,-0.63655597,-0.025711589
-0.5294899,0.30077302,0.009469144
0.0764001,0.45614427,-0.001233421
0.16791409,-0.54001516,-0.010989688
-0.2867129,-0.82057863,-0.00377778
-0.63675195,1.2287995,0.017939255
0.43469226,0.17398658,-0.010862492
0.3921637,2.0850677,0.00498189
2.763379,1.4148076,-0.049575955
0.5937975,1.1265415,-0.006571263
0.36567017,0.024572423,-0.010612614
1.3640844,-1.2006545,-0.041701585
-0.21712849,1.9663404,0.015589021
0.03173764,1.0643108,0.004317895
0.9149567,0.044739936,-0.022101313
1.1243243,0.48528656,-0.022973612
-0.035163835,-3.023411,-0.02699957
-0.26223868,-1.3155017,-0.008184105
-1.2064692,-0.680826,0.014990263
-0.6450253,0.2055048,0.010948718
0.09336234,-0.30592418,-0.007563479
0.9743945,-1.9704154,-0.039806217
1.4771178,-0.46778134,-0.03817924
0.42204842,0.4006121,-0.008783333
-0.1600086,0.00324394,3.61E-05
0.8322205,1.2274044,-0.010743812
1.2876376,-0.035532597,-0.030696787
1.1154279,-0.99389553,-0.034842983
0.050677348,0.8413065,0.002248287
-0.93069774,-0.8458041,0.008747812
0.2930177,-0.059259925,-0.009761602
0.6644535,-0.6766056,-0.02264671
-1.5056614,0.1702112,0.025555305
-1.1581726,0.64051646,0.022900593
1.3832597,-1.0818174,-0.041148283
0.32734776,1.6999165,0.00332205
0.7478268,1.2870319,-0.00849624
1.7064116,0.21492358,-0.037488326
-0.20735998,-1.1962409,-0.008379333
-0.15903804,1.5857892,0.011822671
1.3459337,-1.2457428,-0.04168719
2.5844936,-0.39712104,-0.05943829
-0.11767617,-0.19961388,-0.002387978
1.6315775,0.6143512,-0.032706037
0.42605883,-0.08462195,-0.012761258
0.42381623,-0.4646581,-0.01578778
1.2953248,0.688513,-0.024963334
0.32271573,-1.5893062,-0.02281943
0.31672466,0.07411938,-0.009191252
0.40477762,-0.8255158,-0.018318221
0.09475903,0.6169173,-0.000359111
-0.65245867,0.42832613,0.012672432
-0.5765041,0.9812736,0.015171565
0.68605465,0.009678071,-0.017507628
-0.38265046,0.003234126,0.004451558
-0.46733692,2.3696923,0.02264117
-0.84377426,-1.8418058,-0.000372879
-0.89756304,-0.6581777,0.009476177
0.9308432,-0.9028944,-0.030187882
0.10561771,0.94288534,0.001932025
-0.24352308,0.089391366,0.002361387
-0.006591971,-1.4841688,-0.014923669
0.8605179,0.19057325,-0.019750297
2.6383708,-0.03156114,-0.05781904
0.970673,1.3878164,-0.012365386
0.3275758,1.0403394,-0.001781888
1.5337745,0.15927742,-0.034319617
-1.2338251,1.7544972,0.030817807
-0.51187325,0.8657001,0.013188913
-1.0620214,-1.0635839,0.009655647
-1.0035499,0.7565842,0.02108217
0.48131484,0.5702154,-0.00866577
-0.89657426,-0.5206822,0.01044409
-0.11289413,-0.011192431,-0.001024351
-0.58678246,0.4047729,0.011291493
0.86481154,1.0420419,-0.012926683
0.35693914,-0.37513775,-0.013646022
-1.099369,1.0093685,0.02427598
0.43120202,-1.9323688,-0.027974531
-0.4918751,1.2004341,0.015176535
0.74036634,-1.0860426,-0.027625717
-0.80102617,0.026949083,0.01256435
2.140252,-0.2571147,-0.049986705
0.79670244,1.4847618,-0.007932708
0.16774592,0.37062398,-0.003760457
0.072202794,0.08397884,-0.004050493
1.7883062,-0.32905975,-0.043494478
1.7387314,0.16554753,-0.038555264
-1.5201603,0.9119946,0.030172724
2.1979787,0.6269487,-0.0443397
0.120995134,-0.41547644,-0.00901074
-0.023550116,0.28075266,-0.000571825
-1.2313132,0.463253,0.022972342
-0.36772797,0.74987197,0.00967874
0.20213042,-0.8960012,-0.014582105
-0.8782078,0.680247,0.018439054
-0.44931206,-0.91790617,-0.001226313
-1.3372045,0.001040485,0.021770254
-0.1266564,-0.35956076,-0.003450953
0.14410475,-1.2479807,-0.01620739
0.037058022,0.29125112,-0.001716234
-0.93487084,-0.93159,0.008205466
-0.6167108,0.7361769,0.014186829
0.33409756,-1.0327119,-0.018501252
-1.3458625,-1.4828444,0.011959203
-1.4000499,2.152366,0.035334583
-0.9028462,-0.12174206,0.013381265
0.547037,0.75134414,-0.008590236
1.6440625,-0.38656873,-0.04099179
0.13570136,0.7439966,-0.000201538
0.7934175,-0.29881907,-0.022312567
0.20802091,-0.6614669,-0.012811177
-1.2784683,0.6036988,0.024618011
-0.19530606,-0.24734858,-0.001184121
0.48167172,0.92708474,-0.005833201
1.1254218,0.73388547,-0.02096901
-0.78034234,-0.16720939,0.010802925
-0.9708531,0.41632858,0.018275566
0.7834805,-0.067916565,-0.020215258
0.33359405,0.03212517,-0.009879835
-0.54811925,1.1144432,0.015587535
0.47069237,-0.50678116,-0.017126262
-0.85551924,-0.3458336,0.010927323
0.016965311,-0.19552973,-0.005110994
-2.6763813,-0.73264146,0.03722026
-1.5300915,1.2157155,0.03203557
0.52738833,-1.5106325,-0.026558876
0.6247748,2.0067234,-0.000262618
0.8522088,-0.59211993,-0.025967516
0.6466423,0.6694537,-0.011334121
-0.61342466,1.0906851,0.016586285
-0.038014628,0.45064095,0.00102628
-1.8151168,0.57998925,0.032546062
0.07196296,1.3557569,0.005728811
-0.20046173,-0.20813791,-0.000777334
0.055137623,-1.3560293,-0.01519423
0.61328894,-0.74051136,-0.02207607
-0.27858725,0.38311392,0.005264215
-0.02656496,1.1014514,0.005737379
-0.51965374,-1.1215293,-0.00137455
0.16753355,1.1317302,0.002145656
0.3309658,0.28199026,-0.00783091
0.4836161,-0.4029026,-0.016556665
-0.4652468,-0.9865362,-0.001433544
0.7859957,-0.9685534,-0.027636856
1.2805314,0.7446533,-0.024190024
-0.018280333,0.89674807,0.004033312
0.95232636,0.64137894,-0.018034294
0.4623691,0.18056543,-0.011391163
0.9029234,0.13248932,-0.021128349
0.13991985,-1.8940614,-0.021407045
-0.7954127,-1.409379,0.001952767
-1.1555884,0.6771893,0.02309141
0.94912714,0.9274112,-0.015640989
0.31775388,-1.52812,-0.022209965
-0.876855,1.5453514,0.024059936
-1.6403441,0.030578895,0.026813313
0.31328508,-0.78578025,-0.016047165
0.5374236,-0.08498062,-0.015119448
-0.8251451,-0.08284173,0.012232382
-1.1939564,0.97220296,0.025555037
1.3317616,0.92309856,-0.023827262
-0.20054732,-1.3526415,-0.00976944
-1.7844279,-0.21626624,0.027558532
-1.0606192,1.3109363,0.025536723
-1.5638663,-0.08226962,0.024929672
-0.60176516,-0.09804428,0.007935576
-1.0248024,-1.5489671,0.005411565
-1.1915753,0.46925655,0.02235753
-2.0296345,-0.9208821,0.027150705
1.0231321,1.4817281,-0.012713164
-1.704476,1.500403,0.035955362
-1.0645621,0.9433974,0.02329474
0.26807436,-0.30048922,-0.011171594
-1.9563915,1.2341331,0.03784655
0.75140065,-1.4368871,-0.03074041
0.1553435,-0.17488673,-0.007811129
1.2333182,-0.7253548,-0.03514847
0.12581588,-0.1143775,-0.006718278
-1.5411998,-1.4453676,0.015746057
0.3232445,-0.64240295,-0.015095189
1.1250479,0.67445374,-0.021445774
-0.6342241,-0.5366447,0.005327694
0.6998367,-1.8168663,-0.032762207
0.12781104,-0.40247887,-0.009049386
-0.34742454,1.2525479,0.012917541
1.0323157,0.1454911,-0.023783602
0.8494561,-1.6431518,-0.03451419
-0.4969424,1.2108166,0.015339877
0.8743571,-0.6802942,-0.027162135
0.97708833,-2.4587257,-0.043799877
-0.5376176,-0.4725965,0.003919855
-0.38791093,-1.92527,-0.010425486
0.06599993,0.20143025,-0.003004581
1.0799224,-0.28696436,-0.028329939
-1.5154718,0.33352217,0.0266992
-1.691771,-0.15439306,0.026500657
-1.1821725,0.97527146,0.02538734
0.45899105,-0.5240956,-0.017018154
0.76868004,0.003311752,-0.019318946
-2.141298,-0.3184027,0.032214534
-0.35512707,-0.040209975,0.003585152
1.0213861,-0.9408313,-0.032421656
0.7169878,1.4124832,-0.006850682
-0.32793537,-0.28843838,0.001164183
0.23699185,1.7544715,0.005514734
-0.121638134,0.4690598,0.002830476
-1.1387801,1.2496887,0.026390553
-0.23066965,-0.89271754,-0.005494334
1.5699116,0.7770922,-0.030083895
0.33023462,1.3804033,0.000806682
0.19100441,-1.1749713,-0.016611308
1.2456678,-0.57315254,-0.034174904
-0.25078782,1.3451898,0.011794962
-0.12724498,-0.562862,-0.005031072
-0.096964635,-0.49722397,-0.005138375
-1.0074553,-1.1355696,0.008105181
1.069431,0.06942693,-0.02519665
-1.5808413,0.40340507,0.028118312
-0.09450302,0.6059534,0.003332831
-0.46784484,-1.0401496,-0.001795061
-0.15208173,0.5584336,0.004106969
-0.2023274,-0.2724335,-0.001236022
0.88270205,-0.5583853,-0.026342578
0.04428027,0.64239913,0.000851616
0.21665439,0.092612736,-0.006960936
-0.5492596,-0.029486096,0.007434405
0.62837404,-0.014740069,-0.016479827
-0.78463554,0.27776697,0.014025413
-1.1687659,-0.7340794,0.013945278
0.9305984,-0.37528774,-0.02586741
0.7261878,1.0860726,-0.009655222
-0.72845405,1.1431053,0.018953338
0.38286138,-0.4601454,-0.014882423
0.44395262,-0.46672332,-0.016232207
-1.4059255,-1.7148062,0.011437506
0.9989599,1.7546424,-0.009997897
-0.14975864,-1.824981,-0.014650956
-0.46145827,1.825669,0.018931847
-1.6890826,-0.3241685,0.025432281
-0.5543402,-0.57465935,0.003482103
-1.9796497,-1.3480905,0.023791235
0.002094507,0.30307588,-0.000916831
-0.4921808,1.1028494,0.014500063
1.3448288,-0.9693685,-0.039451003
-0.0690252,-1.2621846,-0.011807516
-1.0503268,1.920942,0.02907059
-0.03299466,1.3319045,0.007581383
-0.4264092,1.3714297,0.015192058
0.3264035,-1.1218393,-0.019065015
0.24921757,0.72544706,-0.002646945
-0.20042881,0.5644152,0.005098157
0.021493657,-0.3327448,-0.006286122
1.2054824,0.7328687,-0.02268517
-0.5747613,-0.106263496,0.007359058
-0.54161185,-1.1391629,-0.001066715
1.1040381,-1.6689605,-0.040071502
-0.22127336,0.522838,0.005193092
0.54140997,-1.5991226,-0.02758769
-0.20544456,-1.3504883,-0.009649642
-0.8816896,0.002419167,0.013863862
0.5677206,0.41843715,-0.011693969
-0.3985777,-0.99269867,-0.002834767
0.48252705,-1.3307747,-0.024118505
-1.8304334,-0.8944509,0.024188574
-0.056039482,0.2518413,-0.000140511
-1.4823664,-0.86927146,0.018565718
0.4295404,1.0055585,-0.004138425
-0.91047883,-0.6022288,0.010120444
1.3348724,1.3913152,-0.020073429
-1.6346189,1.0894324,0.032811597
-1.5919605,0.42661044,0.028423142
0.6183991,0.47466227,-0.012308441
0.065284915,0.4388512,-0.001142614
-0.7400338,0.19555178,0.012634877
-0.7685288,-1.5136496,0.000625283
1.2333959,1.286044,-0.018768683
-0.6126141,-1.2958957,-0.000839815
-0.54800427,-0.004321892,0.007595092
-1.240765,-0.6582277,0.015755933
-0.24288437,-1.2523401,-0.008085161
0.39475116,0.77829736,-0.005216107
3.3559852,-1.0306225,-0.076221794
0.61170346,-0.44430983,-0.019621678
-0.84409815,0.51731277,0.016741037
-0.14272822,0.75663483,0.005413972
0.7068322,-0.42580345,-0.021501124
0.34380478,-0.2181606,-0.012103051
-0.51029307,0.026749084,0.007100679
-0.5846699,0.576619,0.012476996
-1.0942222,0.09848255,0.018287282
1.4102814,-0.8487602,-0.03984341
-2.2124465,0.3560168,0.036714688
0.11451029,1.5373477,0.006265312
-0.9055118,-0.17943521,0.013025813
0.067050755,0.13422233,-0.003551446
1.000884,1.474378,-0.012302786
-0.48272339,-0.20595858,0.004841313
-0.4496703,-0.43470746,0.002472222
0.4923087,0.515889,-0.009329744
-1.177093,-0.23985118,0.017462865
-0.6491585,0.26859832,0.01147664
-0.5316138,-0.78971773,0.001406595
0.6946445,-0.6560306,-0.023123652
-0.19376144,0.34968382,0.003350392
-1.773446,-0.1384258,0.027850214
0.38600558,1.0319633,-0.00303857
0.3189341,-0.8245424,-0.016482271
-1.1937343,-0.5735549,0.015496865
-1.194876,-0.67530674,0.014820501
-0.2511868,-1.9004455,-0.013111115
-1.0550426,1.3583432,0.025741644
1.1957116,0.8547625,-0.021482378
-0.92507404,0.52341914,0.018199522
0.60636735,0.47526142,-0.012050085
0.6161448,0.12144833,-0.015115567
-0.94255674,-0.7226973,0.009857968
0.14012724,-0.3531663,-0.008913241
-2.2204814,-1.1379656,0.028773796
0.20364681,0.092378184,-0.006693184
1.9330401,0.2289313,-0.042060927
0.23868044,0.010078666,-0.008074187
0.37556928,-1.4016234,-0.022409357
0.895456,-1.1076356,-0.03110972
0.26200897,-1.0318282,-0.016957529
-0.09516783,-1.7175994,-0.014938332
1.0012867,0.77089787,-0.01802218
0.717148,0.3202776,-0.015645564
1.1363044,-0.6172871,-0.032221153
-0.35802072,-0.43237603,0.000665896
0.05177006,-1.007743,-0.012305319
-1.0772296,-1.5793214,0.006202139
-0.47083202,-0.83004105,-0.000117108
0.848839,0.6310291,-0.015918635
-0.24738085,0.21679145,0.00340271
-1.4815254,-0.5717351,0.020494696
0.64296615,0.724334,-0.010815427
1.8180642,0.33993375,-0.038812026
-1.2433031,0.849372,0.025578644
0.3437852,0.38992783,-0.007239066
0.5428961,0.5054072,-0.010473311
1.4133286,0.27446333,-0.030843288
-0.7493074,0.21773972,0.012961287
-0.4536031,-0.07971193,0.005215876
-0.7414165,-0.045966055,0.010944579
-0.28910634,0.28065684,0.004702263
2.0566843,1.0018357,-0.038497552
-0.63910383,-1.8340718,-0.00447695
-0.031663693,-1.8372257,-0.017266907
1.0150571,-0.3010016,-0.027062222
-0.04172743,-1.7540518,-0.016372845
1.1701359,0.2462611,-0.025901183
-0.44971737,-0.63315856,0.000965506
-0.8334707,-0.7481324,0.007608801
-0.8807468,0.03374419,0.014064983
-0.48516175,-0.25622183,0.004513294
0.14554955,-0.18927555,-0.007721804
-0.061799593,-1.1149689,-0.010776639
-0.65511566,-0.46173066,0.006286927
-1.1508383,-0.517759,0.015113246
-0.47740325,-0.23279604,0.004536897
0.90302074,0.5642889,-0.017612405
0.19684383,-0.26214492,-0.009371594
-0.5018509,-0.8265605,0.000531547
-1.5246232,1.5949763,0.034041002
0.0731047,0.21446842,-0.003047742
0.19108674,0.34058455,-0.004475065
-1.2689707,-1.1263016,0.013041914
0.6279981,0.5118299,-0.012211129
1.9461062,0.15216498,-0.04293154
-0.45601952,-0.342097,0.003296837
0.99897176,0.60328907,-0.019337863
-0.11542983,-0.9209943,-0.008105859
0.75852793,0.19289036,-0.017559364
1.5752639,-1.0390446,-0.044744685
-1.8777013,0.44776317,0.032699548
-0.094761275,-1.1734924,-0.010553703
-1.444701,-1.3167001,0.014902093
-1.1426604,-1.0705172,0.011111327
0.62269837,1.3721268,-0.005218297
-0.5762899,1.4444942,0.018346995
-2.1383634,0.45673823,0.03626622
1.4192019,0.6800749,-0.02767092
-1.2109582,0.68558806,0.024044178
-1.0964737,0.2973098,0.019645076
-1.2642869,1.286224,0.02854104
1.3654051,1.1581076,-0.022627853
-0.6391788,-0.679599,0.004359499
-0.45710346,0.13258736,0.006858662
-0.82354856,2.051013,0.026371073
-0.4122831,-1.0990857,-0.003383055
-0.55270195,0.53406423,0.011583284
-0.5288632,-1.6612642,-0.005390309
0.001658689,-0.027907591,-0.003482468
1.0980878,1.0158845,-0.018088132
0.52666384,0.6432638,-0.009028889
-0.35456464,-0.676967,-0.001282625
0.27805504,-1.3158427,-0.019618817
-2.1035788,-1.011905,0.027744327
0.9956211,-0.8944184,-0.031496033
-0.106550194,0.45237803,0.002404705
0.6098817,0.18367837,-0.014478959
-1.5673863,-1.0611818,0.018763635
-0.22553687,-0.9790025,-0.006280243
-0.22153546,0.18107675,0.002621763
0.37088934,1.1742834,-0.001616299
0.2570264,-0.121477365,-0.009506084
0.64611053,1.8214893,-0.002148837
-0.22801152,-0.4224143,-0.001876526
-0.6259575,0.81476337,0.014902383
1.1201404,0.8082333,-0.020250127
1.2912955,0.6024696,-0.025579028
0.6243252,-1.3079683,-0.026967049
0.024492485,0.037575148,-0.003437266
-0.6531484,0.73316383,0.014824029
0.39218876,-1.6954718,-0.025183529
0.20563477,-1.1345059,-0.01659333
-0.4075269,0.5170048,0.008734614
1.2861658,-1.5890335,-0.043196112
-0.5982174,1.3957117,0.0183983
-1.2930917,0.27558634,0.022793442
1.5707357,-0.017819187,-0.03652124
-0.34710082,1.1637462,0.012278076
-1.2425108,0.27530265,0.02195787
-0.52508295,-1.0942553,-0.001054645
-0.7204805,-0.65667814,0.006109789
0.122998096,0.19151627,-0.004248463
1.1046424,0.37637925,-0.023442365
0.73173857,0.04800858,-0.01816801
-0.11866566,-0.3476528,-0.003521286
0.2628251,0.33230263,-0.006018631
-1.6308485,0.8212832,0.031266686
0.19285794,0.92513555,4.82E-05
0.40586913,1.7483776,0.002132766
2.1131709,0.96917135,-0.03992425
1.4316764,0.25647938,-0.03137788
-0.5091057,0.96707714,0.013853673
0.54063874,1.3914075,-0.003377371
-0.004036235,1.3240159,0.0069649
-2.0935862,-0.1420919,0.032505807
0.10236452,-0.98306566,-0.013174519
0.064215936,0.09561725,-0.003795683
1.4982598,1.8508894,-0.019806735
-1.5681998,-0.98066664,0.019304939
-0.29868785,-0.76210916,-0.003077276
-0.36260247,0.93842167,0.010947969
0.57520413,-0.6907474,-0.02085518
-0.9826014,0.8241928,0.021170955
0.39287058,-0.28078622,-0.013643444
1.0936458,1.2037717,-0.016464345
-2.2819443,0.046573564,0.03604812
-1.3248264,-0.05345291,0.02121383
-0.8194697,-0.09148907,0.012066696
1.247072,-0.3455507,-0.032356985
-1.0664676,-1.3036493,0.008008339
-1.348664,-0.2994224,0.020019807
0.011110907,-0.7266121,-0.009197444
2.010229,-1.0545293,-0.053478613
0.40345237,0.5747768,-0.00700897
0.28874442,2.1733806,0.007660642
0.9071936,0.11124491,-0.021392815
-0.48839974,0.8446628,0.012608979
-0.6632228,1.3849034,0.019448996
-1.4319355,-1.0169073,0.01670627
-1.1092745,-0.34413332,0.015560497
-2.292319,0.3858799,0.037878007
-1.5903174,-0.63544554,0.021900956
-0.02553902,-0.9737074,-0.010405526
-2.1001372,-0.593316,0.030096848
0.108728565,-0.11898731,-0.00640101
-0.7502963,0.9082557,0.01775014
-2.3277605,1.5504458,0.043649774
0.25122637,-1.7050787,-0.022239044
-0.23713724,0.01433124,0.001663432
0.51699924,0.72517747,-0.008172751
2.0442548,-0.5102676,-0.05002679
-0.19970602,-0.87519324,-0.005995274
-2.5141947,-1.8377736,0.029150333
-1.3366904,-1.1256127,0.014273308
1.5792676,0.7261762,-0.030695066
0.49924186,0.3884266,-0.010496259
-0.5210671,-0.19472077,0.005670704
-0.6679019,-0.45547977,0.006579503
-0.43898967,-0.36381003,0.002797082
-2.1674042,-0.9248451,0.029204164
0.5773755,-1.3109314,-0.025986612
2.5078282,-0.6172314,-0.059604898
-0.2891056,-1.8817335,-0.012157597
0.47379693,-0.20275646,-0.014724985
-0.64427966,0.56722254,0.01350246
1.5529125,0.55526006,-0.031522
0.103193216,-0.5742944,-0.009906881
1.864505,-0.9699528,-0.049999796
0.921048,0.38143224,-0.01948502
0.884481,-1.3435881,-0.0328068
-0.14017002,0.8297873,0.005911611
0.29417676,-0.5687854,-0.013883531
-0.5675452,-0.62917596,0.003332064
-0.8225561,-0.49192536,0.009261534
1.7787644,1.5396931,-0.028326944
-0.28228062,0.94978505,0.00952103
0.639106,0.16691951,-0.015233837
0.2309408,0.8192715,-0.001543053
-1.007087,0.92118466,0.022207342
-0.16326502,-0.7931126,-0.006100901
-1.2836068,0.72490525,0.02544985
-1.459526,0.31831965,0.025733165
-0.6465925,-1.7230535,-0.003456101
0.64280754,0.2993043,-0.014240235
-0.39455044,-0.19487287,0.003195487
-0.4588707,-1.4459016,-0.005140401
-0.2769011,0.27088594,0.004390158
-0.14964665,-1.4311751,-0.011468723
0.12276726,-0.31709316,-0.008263946
-0.4204651,-1.2411321,-0.004324652
-1.6974511,-1.0290821,0.021171361
0.7762762,0.8645572,-0.012491971
-1.9265457,-0.5794363,0.02758582
-1.4580232,1.4029219,0.032055907
-0.94895077,0.641362,0.019398436
-1.3954966,-3.20825,0.000268504
-0.9117901,0.5203257,0.017947782
-1.2158424,1.249228,0.027582161
-0.42944583,-2.2010753,-0.011770844
-1.8482461,-0.7571098,0.025310699
-0.22341496,0.1736005,0.002602249
-1.1242608,1.7137918,0.028957952
-1.5802407,-1.2480124,0.017752469
-0.029970055,-0.1608346,-0.003875174
0.56107634,1.1046219,-0.00606738
1.7963943,0.013798485,-0.040954158
1.04327,0.8924429,-0.017926343
1.3072305,0.96307766,-0.022977844
0.042694107,-0.7450778,-0.010005765
0.13593861,0.37015462,-0.003113672
0.80253446,2.099983,-0.003153205
0.542033,0.25251737,-0.012489319
-0.9470604,1.8886034,0.027301785
0.8860437,-1.4997646,-0.034116812
0.23928599,0.97526574,-0.000499621
0.1588837,0.49204168,-0.002629325
0.47616008,-1.8935492,-0.028617434
-1.3759172,-0.05063685,0.022080965
-0.84095,0.07713686,0.013645962
1.6795468,-0.124479786,-0.03963986
-0.3061976,-0.86385477,-0.003717043
0.001799915,-0.41017795,-0.00649064
1.2899624,-0.09525346,-0.031231545
2.0744402,-1.4466617,-0.05759497
2.2982147,-0.79430705,-0.057014167
-1.9887487,-0.736442,0.027611017
-0.33888027,-0.498016,-0.000221014
-0.31035066,-0.34251997,0.000399075
-0.85661936,1.6613892,0.024466332
0.25455126,-1.3228236,-0.019173592
-1.0094821,1.4611843,0.02565702
-0.38385335,0.5144415,0.008265406
-0.9357719,-2.0749257,-0.000307515
-1.1075757,0.119382426,0.018657308
0.24840376,-0.6519196,-0.013587236
-1.3080279,-0.9508346,0.014957979
-0.24692418,0.6315694,0.006502062
-0.5930668,-1.3767908,-0.001858763
-0.37516809,0.40325487,0.00728146
0.0797064,0.57393354,-0.000388026
-0.089052305,-0.89854765,-0.008476928
0.6047093,1.6773529,-0.002437241
0.3771159,0.536296,-0.006768256
-0.88416976,2.2357643,0.028432067
0.48704356,1.024283,-0.005174279
-0.5183819,-0.56512356,0.002845272
0.59872204,-1.3452872,-0.026725963
1.7198588,-0.6728646,-0.044802748
0.68557674,-0.11821626,-0.018538304
-1.2140315,-1.7249495,0.007762298
-1.6028138,-0.48258865,0.023071025
0.77856916,-1.0124108,-0.027837843
-0.39794978,1.6904756,0.016897362
0.6101882,-0.10683296,-0.016841441
0.29079187,-0.8471764,-0.016067922
0.2029459,1.578571,0.004850343
0.26681006,-0.2124477,-0.010438912
-0.9531971,-0.7431342,0.00991096
-0.011302574,0.6808405,0.002254829
-0.43056905,-0.3255468,0.002919793
-0.42477974,0.4419489,0.008513786
-0.20321508,-2.783506,-0.021377705
0.6784583,-1.4778686,-0.02952075
0.72723216,1.7093314,-0.004700363
-0.5579118,-2.514046,-0.011584178
1.0501385,-0.92937064,-0.032937616
1.4821781,-0.11604576,-0.035455883
-0.566794,-1.4466946,-0.002934814
-1.0175147,0.231731,0.01784784
1.10556,0.07905146,-0.025888704
-1.6793529,-0.11090665,0.026569031
0.86188304,0.16765364,-0.019966237
1.1005131,-1.8286343,-0.04128474
1.3261983,1.289617,-0.020718269
0.47061828,-0.37768286,-0.016075693
-0.47678816,1.6599396,0.01807462
-0.113833375,-0.5834145,-0.005468868
0.42319357,-0.7194508,-0.017846197
-0.39680648,0.6215503,0.009294167
-1.8273458,0.35743412,0.031488154
-0.25887522,0.5133153,0.005853206
1.2263501,1.3426384,-0.018157214
1.2224485,0.7047396,-0.023276612
1.3423837,-1.4503094,-0.043245107
0.3742331,0.6587564,-0.00573802
0.8904326,-1.3668731,-0.033123508
-1.2249695,-1.0129447,0.013029248
-0.43108127,-0.5610214,0.001143515
0.18238765,-0.5797367,-0.011612959
-1.6096342,0.31650898,0.02804263
-0.03988765,0.5238037,0.001624018
1.4584136,1.0333406,-0.025628924
-0.110191174,0.5867544,0.003496818
-1.3448846,-0.8939984,0.016000781
1.4531064,-0.27437624,-0.03612209
-0.6169758,-0.21871136,0.007342309
0.41599283,2.067573,0.004379809
-1.7924364,0.758195,0.033202402
0.37790838,-1.7476246,-0.025307134
-0.1643611,-1.0154262,-0.007837623
0.44140622,-0.44247168,-0.015981227
-0.53577816,-0.4027193,0.004407108
-1.1715908,1.0994478,0.025984995
1.6139047,-0.28805575,-0.039584093
-2.0283885,-0.49477908,0.029602777
0.90642697,0.5915314,-0.017463252
-1.9332298,0.9281476,0.03600158
-0.7492232,0.9549753,0.018047433
0.16059908,0.8519117,0.000131354
-1.0381484,0.13942273,0.017586872
-0.5410538,-1.0238051,-0.000191651
-0.09704342,0.74202156,0.004411362
0.49133053,1.6686106,-0.000201665
-1.2620516,-1.2227403,0.01224203
-0.57511365,0.64980376,0.012820132
0.20899121,-1.2912014,-0.01794231
0.54147756,-0.21274436,-0.016241692
0.6203698,0.090234175,-0.015458144
0.36213043,0.8085092,-0.004306279
0.1914073,-1.1771244,-0.016637422
1.7384801,0.15846892,-0.03860651
0.22162496,-0.60970974,-0.012680985
1.1962191,1.6549071,-0.014973491
0.4082521,-0.49025685,-0.015665084
-0.71502787,0.5195841,0.014452633
-0.5277073,0.85842985,0.01342703
1.5157479,1.4583507,-0.023385793
-0.9522265,0.1264035,0.015985806
0.61371213,0.34265926,-0.013274632
0.05104969,0.4251045,-0.000961281
1.0312523,0.6081897,-0.019985907
-1.8007276,1.6461211,0.037934747
-1.1631997,-0.22390907,0.017327271
-0.30718452,-0.31401306,0.000553943
-0.68305886,2.2093742,0.025130156
0.040490367,-1.7052602,-0.017728701
-0.23680167,0.4613268,0.005035147
0.16218856,-0.7681251,-0.012703799
0.8421294,0.33589786,-0.018174917
0.24772088,-0.5852131,-0.013034277
0.34789526,-2.009175,-0.026822068
-0.1330456,0.40275264,0.002552562
-0.19289532,-0.45232645,-0.002822563
-0.35515863,0.5945103,0.008305676
0.27191213,-0.5921097,-0.013601132
0.8276692,1.4113959,-0.009168327
-1.332547,0.068272784,0.02212318
-0.03005829,-0.3262153,-0.005170971
-0.2667269,0.8389904,0.008414757
-0.20000929,-1.0633998,-0.00747712
0.10267771,-0.92600846,-0.012720704
0.61669606,-0.049507726,-0.01651407
0.20741206,0.06750135,-0.006968394
0.65522426,1.6029632,-0.004059844
0.22042504,0.9326729,-0.000449151
1.1660022,1.7919569,-0.013219081
-0.5506844,0.4756716,0.011127789
0.5796545,-0.07848451,-0.015962645
-0.45765427,0.58745944,0.010193411
-0.44161186,-0.9593239,-0.001701832
0.2052011,-0.7339936,-0.013336837
-0.9180895,-0.75602025,0.009157963
-1.1908795,0.9627132,0.025447786
0.6243059,0.4778426,-0.012407318
-0.7935849,-0.6908185,0.007264905
0.6137186,0.5802919,-0.011359178
0.20204793,0.08642939,-0.006707192
0.657663,1.9988787,-0.000990957
-0.6819384,-0.07566586,0.009617653
1.8407145,0.20623112,-0.04034272
0.8576518,0.41536912,-0.01785861
0.29968345,-0.2605689,-0.011515453
-0.36334312,-0.5990326,-0.000505149
-1.4528512,0.10962638,0.024342429
1.3518496,0.53230894,-0.027440645
0.12543431,-1.4539406,-0.01748833
0.6719321,-1.0997283,-0.02627509
-2.0593805,-0.7171805,0.028788067
-0.26583833,0.47665522,0.005714938
1.5286099,-1.3511069,-0.04625202
-0.049873337,-1.2724465,-0.012294054
-0.94406825,0.27283722,0.01683959
1.1358467,0.1967169,-0.02557429
-1.9054158,0.8269696,0.035107948
-0.82800716,-0.33400375,0.010499023
-0.5553433,0.82090575,0.013666619
-1.5791987,-0.3230825,0.023685124
1.7207999,0.22263588,-0.037726417
-0.71027166,0.13687733,0.011670414
0.8717549,-0.7506124,-0.02768223
0.6627952,1.582415,-0.004378356
-1.03148,-0.12273873,0.015690103
-1.773743,-0.3345229,0.026691765
-1.9150959,0.08411737,0.031220794
-0.3128035,0.90196586,0.00974901
-0.2095803,0.8620397,0.007491484
2.3986108,-0.07540319,-0.0536317
-1.1992193,-1.4212879,0.00966984
1.7137505,-1.1616296,-0.048488714
-0.12025799,-1.3897849,-0.011754885
1.2581878,0.40729687,-0.026464604
0.18242009,-1.0521783,-0.015430436
1.1460329,0.76237726,-0.021176249
0.055386696,0.386539,-0.001347974
0.23592883,-0.6511468,-0.013317294
-0.7453096,0.400923,0.014172688
-0.44810304,0.67819816,0.010669619
-0.73727465,0.33722767,0.013581317
0.91662014,0.25341216,-0.020434178
-1.2646313,-0.35051978,0.018244509
-1.8553752,1.3402392,0.03709475
-1.9939942,0.3456676,0.033758193
0.23262995,-0.83166647,-0.014707461
0.89358795,0.3034433,-0.019535296
0.61858535,-0.10336975,-0.016991816
0.23380479,0.90111965,-0.000964448
0.585985,0.46392715,-0.011712208
0.87535447,-1.1653359,-0.03115429
0.9136441,0.5817958,-0.017695978
-1.0764534,-1.3682854,0.007729217
-0.1478945,0.25910306,0.001753472
2.4449303,0.65787214,-0.049033925
-0.087503664,0.4064835,0.00167606
-0.72781897,2.0023487,0.024543434
-2.3822365,0.02069875,0.037209738
1.4052697,0.2303373,-0.0310307
-0.81772405,-1.9104124,-0.001426183
0.45419493,-0.30273753,-0.015119359
-1.0488393,0.18881996,0.018104564
-1.0748818,-0.032846957,0.017068181
-1.0011917,1.1707194,0.023704555
-0.33596495,1.2410074,0.012624405
0.35697848,0.22630566,-0.008816741
0.10070518,-0.13960384,-0.00639803
-1.0222785,2.0898035,0.029645711
-1.1225084,-0.81616414,0.012531742
-0.031674422,-0.98835677,-0.010394156
0.43051255,0.06674869,-0.011636242
-0.9349212,2.3321419,0.029767811
-0.17310385,0.38128605,0.003182016
-0.016157698,1.7587396,0.010404561
-1.3479667,0.08409903,0.022478245
-0.2825523,-0.84544593,-0.004057273
-0.64480865,0.10255771,0.010205381
1.1154423,0.9228997,-0.0192153
-0.74238497,-0.18492663,0.009966061
-0.18549211,-0.17192602,-0.000799969
0.47253892,-0.80465704,-0.019593634
0.024873696,0.3921182,-0.000687927
0.34007987,1.3006696,-8.97E-06
-0.04559802,-1.3218343,-0.012782738
0.9308936,0.10905073,-0.021916471
-1.1725736,-1.0437628,0.011853222
-0.3243831,1.3545783,0.013220228
-0.17754145,-0.09235801,-0.000346929
1.5168649,0.18142633,-0.033784777
-0.24226996,-1.0100744,-0.0061794
0.55635476,0.96455526,-0.007083386
0.3459456,0.06112793,-0.009906322
0.5189754,1.6129891,-0.001195826
-0.47739992,-1.8989742,-0.008340068
1.198795,1.494502,-0.01633364
0.014135492,-0.95842195,-0.011116155
-0.37017167,-1.3470715,-0.006193176
-0.895976,-0.38864166,0.011373878
0.13430156,-0.07687942,-0.006597199
0.46526182,0.25804716,-0.010829531
-1.0809236,-1.064214,0.010005601
1.3747472,-1.5703822,-0.044859394
-0.5994714,-1.739588,-0.004551321
-1.6240076,-0.27335185,0.024711959
-0.8866846,-0.42197287,0.010964312
0.26112163,0.4473217,-0.005075105
1.5710529,-0.16638196,-0.037720196
-1.6467407,0.7567612,0.031132225
-1.6173526,-0.2655781,0.024653729
0.016067589,-2.105438,-0.020490147
-0.77478623,-0.4243251,0.00884793
1.1712956,-0.4276595,-0.031419247
-1.4127092,-0.047420375,0.02270697
-0.04194304,0.61810535,0.002384894
0.28118423,-0.24937034,-0.011036694
-0.27815092,-0.57237595,-0.00202141
1.8175879,2.665014,-0.019964471
-0.4595424,0.271696,0.007929191
-1.1474967,0.30191243,0.020540927
-0.6942773,0.98188335,0.017268546
-0.6644422,0.009979516,0.009906724
0.16601019,-0.42461056,-0.010025099
0.035417903,0.060514543,-0.003481224
-1.0592908,0.24913602,0.018688153
-0.59862584,1.4164702,0.01854569
0.8800042,0.4893677,-0.01773218
1.2575971,0.5691862,-0.025132
-0.39167535,1.10281,0.012665376
-0.33416438,0.7045647,0.008712586
1.8369346,0.028145548,-0.041674085
-1.2975692,0.83526164,0.026345033
-0.79349583,-0.6675655,0.007433325
-0.8090987,0.39544436,0.015282966
-1.4843129,1.841186,0.0348136
0.75384027,-0.99653727,-0.02717942
2.499743,-0.028439986,-0.055207774
0.9226098,-0.4053951,-0.02594307
0.16785884,1.9151145,0.008058652
-1.8008181,1.0607113,0.03493593
-1.7707769,-0.14252095,0.027785514
-1.3099248,-0.43864453,0.018441815
0.50797236,-0.23918836,-0.01574491
0.9670504,-0.3651123,-0.02656214
-1.4476272,-0.23740454,0.022075273
-1.9307841,-0.9196514,0.02562552
1.9056089,-0.58865607,-0.047883064
0.002711915,1.5774846,0.008715898
0.55847526,0.077437595,-0.01425045
0.80854166,-0.2244305,-0.022027746
0.84337515,0.544217,-0.016507559
1.5833118,-0.42115057,-0.04001206
-1.3616837,1.7903384,0.032848984
0.54464,0.3500436,-0.011758693
-0.4453673,0.4388473,0.008882154
-0.0272482,0.16144212,-0.001420282
-0.49648276,1.3729849,0.016455323
-0.52810735,-0.94827443,0.000126958
0.2703393,-0.7031181,-0.014465563
-1.4977984,1.2575662,0.031809352
-0.51128435,1.9468348,0.020598032
-1.0206963,-2.0289087,0.00174211
1.2911648,1.0815635,-0.021668434
-0.6850321,-0.76527566,0.00461591
0.49978977,-0.0561054,-0.014088713
0.5429689,-0.34227762,-0.017325997
-1.0251952,-0.33689013,0.014102094
0.26791906,-0.6128452,-0.013684213
0.9394483,1.9620354,-0.007084936
1.1658992,-0.842155,-0.034675106
0.113025196,1.2528229,0.004147723
0.47424948,0.31864145,-0.01053185
0.2683509,-1.7610707,-0.023067355
-0.47770736,-1.1433122,-0.002393559
0.39488345,-0.066201,-0.011955835
-2.5415752,-1.185608,0.033119276
0.32405257,-0.5989163,-0.014759965
-0.5313033,-0.3934921,0.004388616
-0.44450945,-0.93896776,-0.001485929
1.1823069,-0.9202924,-0.035654664
-0.3568868,-1.8214363,-0.010244228
-1.0373778,0.49447393,0.019937225
0.5817415,0.049987394,-0.01496537
0.13762079,1.0167866,0.001860566
-1.4188857,-1.9577051,0.00995956
-0.12986057,0.81904364,0.00563091
1.5039898,0.81523705,-0.028374523
-0.21245725,-1.0881656,-0.007414848
-0.102438845,0.20686232,0.000445358
0.5420737,1.5408293,-0.002231434
-1.0133686,1.2583289,0.024454124
0.2534315,-0.056580506,-0.008912802
-0.027215473,0.46862307,0.000948206
-0.18123305,0.82197547,0.006648526
-1.1694353,1.8095139,0.030191246
1.6959136,0.8447926,-0.032202117
0.26936847,1.3751305,0.001984112
-0.71784127,-0.48493543,0.00732211
-0.422767,-0.028872877,0.004994668
0.70200616,0.056452848,-0.017466567
-0.08572448,-0.3721103,-0.004387245
0.06477989,0.42994654,-0.001201429
0.68500227,0.7724659,-0.011311777
-0.740245,-0.4141811,0.008266345
0.37532568,-0.34716442,-0.013808779
-1.480213,1.1287063,0.030828092
1.8774954,-0.76490575,-0.048682407
-0.523521,-0.4399228,0.003888384
-0.41875088,0.9497152,0.012072764
-0.22661695,0.6608831,0.006327421
-0.7709356,0.36984414,0.014419358
1.6963334,-0.08051161,-0.039637245
-0.795001,-0.38639173,0.009503748
1.7943019,-0.060916692,-0.041502476
0.083063714,2.0302453,0.010521054
-2.5615962,-0.5965699,0.036428098
0.2691899,0.2321951,-0.006943375
0.06898098,-0.39424556,-0.007757992
-0.22088733,1.3072568,0.010963969
-0.8373672,-0.13014182,0.012123007
0.13505419,-0.39601532,-0.009149104
-0.56676304,-1.2174838,-0.001161911
1.3716589,1.3648269,-0.021074355
-0.795859,-1.1687793,0.003771491
-0.955406,-0.7937325,0.009589255
-1.0559008,-0.7020012,0.012110829
1.4471265,-1.1773075,-0.04322295
0.41918114,0.34896484,-0.009136029
1.2677896,0.15457922,-0.028728172
-0.4118164,0.34377575,0.007545978
-0.07942403,-0.5903274,-0.006233662
-0.37793627,0.62712914,0.008977458
-0.30007726,0.37435353,0.005616784
-0.77683836,1.4469541,0.021782715
-0.56172776,0.048922703,0.008246832
0.50400925,0.7162834,-0.007973075
2.8607543,-0.46597883,-0.06480782
0.29016727,0.0957159,-0.008464709
0.3868816,0.046470016,-0.010882132
-1.1737019,0.46972036,0.022065006
-0.008588121,0.76056147,0.002808549
0.91524917,-0.53262943,-0.02682659
-0.637697,1.6807109,0.020978011
0.80580974,0.69780034,-0.014464855
0.5132999,-0.41051957,-0.017249815
-0.29787853,-0.992635,-0.004895553
1.9087431,0.23008363,-0.041553773
0.5235736,-0.5295678,-0.018437825
-0.6732814,-0.16930346,0.008775905
-1.2113162,0.69674647,0.024119921
1.7359124,0.9804699,-0.03195048
0.8137831,-0.16683275,-0.021669209
0.121869184,-2.4527285,-0.025636427
-1.5738591,-0.24592301,0.024078872
1.0917795,-0.782804,-0.032625586
-1.4751114,0.33722487,0.026092835
-0.76147884,-0.39433545,0.008813389
0.52772456,1.1212443,-0.005246066
-0.7651935,1.2009296,0.019969251
-2.1336763,-0.88114506,0.028953284
0.75495833,0.021098936,-0.018881626
-0.17199318,0.39014843,0.003227204
1.6959503,-0.45507592,-0.042600825
-2.351106,1.36952,0.04312261
0.19329345,-0.33868533,-0.009909071
0.99645686,-0.96209854,-0.032066345
-0.417684,0.6511678,0.009903375
-0.5731217,-0.9032877,0.001369976
0.09684171,1.693146,0.007770926
0.03946613,-0.31524685,-0.006519653
0.55734307,0.18142147,-0.013386048
0.24980418,-0.06614355,-0.008913375
-0.28428155,-1.010273,-0.005313925
-0.539243,-1.1829854,-0.001452357
-0.28584757,0.73558396,0.008019358
-0.13253534,-0.21237111,-0.002185099
-0.3747386,0.6179472,0.008849721
0.9657407,-0.28403944,-0.025871523
-1.9103563,0.07075011,0.031077873
0.5353642,-0.61239034,-0.01936464
-1.2230905,2.0393255,0.032278564
-0.1844182,-0.7262043,-0.005137891
0.43956482,-0.42378342,-0.015790462
1.4282094,-0.26081678,-0.03549037
1.279851,-0.7550226,-0.036366716
-0.612817,0.4014732,0.011750873
-0.08347438,1.0389065,0.006374113
-0.20788604,-0.2879112,-0.001243264
2.5673304,0.5348297,-0.05234219
0.058246724,-0.93988067,-0.011895463
0.18730058,0.3461126,-0.004353851
0.9624549,-1.032896,-0.031922624
-1.6822394,0.52216464,0.030317716
2.571313,-0.6187804,-0.06076479
0.7772524,0.2755168,-0.01728575
1.3693243,0.48227757,-0.028219745
0.9507518,-0.65292364,-0.028567702
-0.2205517,0.955071,0.008387607
-0.76355237,0.75346,0.016930774
-1.4159112,0.7331167,0.027560506
0.1379194,-0.9679952,-0.013804734
0.61109656,1.0986183,-0.007152855
0.1486357,1.3510088,0.004191913
1.3444121,-0.027295878,-0.03183295
-1.7824508,-0.89194167,0.02343164
-0.8050728,-0.458931,0.009169962
-1.308824,0.20442545,0.022599678
0.47303787,1.1242679,-0.004096031
-0.39598572,-0.26091605,0.002724946
-0.59211,-0.63677716,0.003757879
-1.6687692,-1.066545,0.020450946
-0.62131983,0.799399,0.014711805
-0.508939,-1.2840914,-0.002850533
0.59855044,-0.77075607,-0.022008538
-1.1354839,-0.85504526,0.012497012
-0.47124818,-1.4061854,-0.004574284
-0.3146201,-0.050646927,0.00270728
0.6471749,0.44567278,-0.013149418
-0.709907,1.1448944,0.018644717
-1.0706869,0.7533313,0.022180699
0.9197565,-0.44362327,-0.026194789
-0.7454957,-0.9371398,0.004515342
0.021596376,-0.73962945,-0.009520583
0.6909388,0.78338075,-0.011348784
1.1097594,-0.002812343,-0.026646443
0.24558151,-0.8401223,-0.015050665
0.34152806,-0.5355532,-0.01461719
-0.57401764,1.8314533,0.020896882
1.690116,-0.6776031,-0.044235848
-0.7447497,-0.9847619,0.004145473
-1.9285066,0.011560221,0.031007938
0.6860288,1.3028952,-0.007081531
1.2372178,-0.039895903,-0.02966185
1.6528562,0.12647867,-0.037079453
0.33716813,-0.96513885,-0.018015414
0.48465827,0.33813742,-0.010593809
2.041839,-0.085786276,-0.04672095
0.031503513,-0.2917076,-0.006168932
0.24039277,0.59681666,-0.003473952
-0.36808205,0.008565639,0.004206307
1.0824131,-1.7735652,-0.040465325
0.06771877,0.03670215,-0.004329376
0.12429618,0.8308024,0.000697702
0.22762774,0.17203446,-0.006558932
-0.059654165,-0.90572006,-0.009147689
-0.8178559,0.48735988,0.016071703
-0.77672714,0.7621182,0.017221525
-0.15028118,0.17844822,0.001184896
0.9180831,-0.6254302,-0.027646229
0.77806336,0.24600233,-0.017542988
-0.1002006,0.51401466,0.002747655
0.5717596,-1.0143723,-0.023431443
1.2336411,0.83410454,-0.022460036
-0.62025,-0.4173614,0.005941212
-1.3019483,0.47021455,0.024162933
-0.48264828,0.21317612,0.007941231
-0.29345348,0.77683264,0.008467641
0.5331119,0.6660713,-0.008981198
0.36196068,-0.09066848,-0.011459835
1.4426419,1.022036,-0.025384918
1.1289797,0.22078343,-0.025231428
2.0389714,-0.7863861,-0.052017495
-0.26451313,1.0666116,0.010036696
-0.58539855,-1.5317779,-0.003216945
0.7317595,-0.9569294,-0.026382715
1.2622646,0.16508968,-0.02852507
0.49068606,2.1125696,0.003246732
0.5741328,-0.38178807,-0.018311061
-0.60746455,-1.101787,0.000543736
0.4256146,-2.1953402,-0.03002756
0.39437082,-0.8253955,-0.018095389
0.45743093,-1.6869771,-0.02651243
-0.32638508,-0.17581905,0.001990892
1.6777687,0.21918829,-0.036856577
-0.9542564,-0.43587846,0.012115866
-1.0760549,0.844323,0.022852067
-0.27580175,-1.1442633,-0.006545
0.29598975,-0.47627467,-0.013174683
-0.5121274,0.5130878,0.010677286
-0.3315682,-1.05655,-0.004704289
0.02651165,-1.9390521,-0.019345716
0.6355738,-2.5538769,-0.03745103
-0.9001739,0.10418023,0.014903653
0.96208876,2.3165264,-0.004719973
-0.58856225,-0.1654197,0.007189028
0.1798125,0.28264442,-0.004699111
1.0570197,0.14257489,-0.02433461
0.52888215,-1.0064806,-0.022449337
-1.5686522,0.40106437,0.027919296
0.9604555,0.88779724,-0.016203254
1.2940942,-0.43317622,-0.034061573
-0.66209596,0.06047703,0.010226466
-0.29643604,0.7933515,0.008645583
-1.6732084,0.3741851,0.029334687
-0.5204509,1.1256158,0.015168931
0.6492779,-0.72785795,-0.02274184
-1.3874682,0.43813512,0.025329769
0.5548038,-2.8261433,-0.037981465
-0.16318603,1.6295832,0.012214899
-0.084353454,-0.099477254,-0.002287038
-1.680969,-1.1055187,0.020405099
1.496107,0.8268485,-0.02811253
0.29014325,-0.7325317,-0.015123688
0.19080445,-0.25720358,-0.00920593
0.2235036,0.20010534,-0.006251372
-0.4444596,-0.35726175,0.002954565
0.61799353,-0.3033315,-0.018606395
0.16405194,-0.102254115,-0.007415235
1.0656495,-0.49205363,-0.029700033
-0.8167445,-0.14550416,0.01163346
-1.4539357,-0.59602785,0.019870907
-0.07422415,-1.0114932,-0.009687543
-2.4666054,-0.35265887,0.03642582
0.39090106,-1.0234323,-0.019638099
-0.5948666,-1.9643793,-0.006415322
-0.28009278,0.2168009,0.004046068
-0.019754376,1.0219262,0.005006991
-1.0364686,-0.660026,0.012048882
0.14439279,-0.9869428,-0.014095098
-0.075220376,-0.59188825,-0.006332904
-0.8479632,-0.6179649,0.008830413
1.3459591,-2.1542563,-0.048869126
-0.99153167,-0.4353938,0.012803201
0.525912,-0.64347446,-0.019416675
-0.48995733,-0.32877547,0.004063807
-0.62908506,-2.113101,-0.006882198
-2.8270452,1.6234637,0.048879266
1.9728004,0.047718123,-0.044292353
0.25661728,-0.3726122,-0.011510022
-0.43426973,1.1121905,0.013513029
-0.24542828,1.2702618,0.011155058
1.3285929,0.78156793,-0.0249139
-0.025935957,-0.13638377,-0.003766418
0.14223251,-1.0265853,-0.014370278
-0.5267626,1.0564954,0.014800485
-0.9513421,1.2522945,0.023410577
-1.8094941,-1.6632032,0.018970903
-1.1517588,-0.445046,0.015627168
0.77219075,0.10314774,-0.018580474
-0.074690305,-1.2196287,-0.011345938
0.23121734,0.88797516,-0.001014233
0.09565055,0.24157143,-0.003296308
-0.8315994,-0.7950111,0.007230409
0.5129881,0.29432327,-0.011541009
-1.343297,0.80284554,0.026860084
-0.108893625,0.5326671,0.003061272
0.107481144,-0.38070378,-0.008451737
1.5555829,-0.16467,-0.037383713
1.5100988,-1.0078905,-0.043169238
-0.11236421,-1.9267681,-0.016276307
1.782752,-0.68920034,-0.046201475
-1.5505549,0.8714197,0.030385766
2.2534819,0.13173006,-0.04925765
1.5481277,0.7271917,-0.030026823
1.4832253,0.7754699,-0.02825649
0.083068065,-0.9012687,-0.01210773
-0.13776344,-0.86729217,-0.00721544
-0.2832697,-1.5525802,-0.009635344
-0.00068709,0.14212842,-0.002108939
-0.36328676,0.877338,0.010519605
-0.97014815,0.5567095,0.019199964
0.24126062,-0.53935134,-0.012528196
-0.97099453,-1.6859344,0.003341109
-1.227147,0.09488568,0.020535223
-1.7691221,0.5574569,0.031770863
-1.2672035,-0.25579697,0.01891673
0.85481435,-0.000260918,-0.021185108
-0.39311185,-0.76368666,-0.001172654
0.2913009,1.3502063,0.001354046
-3.0216794,-0.60832065,0.04192753
1.0888977,-0.5858672,-0.030959472
-0.61024344,-0.7574473,0.003208116
2.0877233,-0.722127,-0.052478403
-0.8772712,-1.6946584,0.001419783
-0.6571653,0.9072774,0.016101338
-1.096512,0.3403545,0.01992907
-0.57334214,-0.8709198,0.001620226
0.29079366,-0.48869172,-0.013165124
0.3097005,0.27719516,-0.007426933
1.0407301,-1.8618162,-0.040310413
-0.77652675,-0.58774847,0.007692263
1.9453381,0.14784008,-0.04294984
0.28912798,0.30120236,-0.006809413
0.37121058,-0.99253106,-0.018965155
0.19628246,-0.53029066,-0.011507921
1.6824845,0.04248793,-0.038368836
-0.012113266,-0.040169366,-0.003296882
0.8670602,-0.22052003,-0.023245402
0.8712332,-0.13015184,-0.02259615
1.3356594,-0.16714746,-0.03278248
0.2560733,0.0986199,-0.00773178
-0.87453884,-2.101137,-0.001746662
-1.5195192,0.6729173,0.028776713
-0.44744992,-2.1232915,-0.010764085
0.21999271,0.46891198,-0.004059851
0.7334191,1.1043719,-0.009659812
0.001143872,2.4364045,0.014960125
-1.1473297,-0.73050654,0.013581835
-0.9886761,-0.15160272,0.014726244
-2.356658,0.1834554,0.037690725
-0.792747,0.18418658,0.013518389
-0.6509021,0.93410426,0.016174678
-0.49078363,-0.9846581,-0.000903159
0.1955527,-0.78655195,-0.013557375
0.39686126,-0.64715266,-0.016697295
0.000231981,-1.0044518,-0.01119341
0.7579341,-1.550559,-0.031812355
0.6780796,1.011855,-0.009243399
0.3978488,-0.83875936,-0.018278494
-0.3092763,2.5991411,0.021505747
0.061142623,-0.58448124,-0.009108804
0.46146193,0.42412522,-0.00941886
1.6688583,2.3944817,-0.019002639
-0.6527849,-0.7974363,0.003744379
0.87826663,0.15564552,-0.02041351
-2.2271967,-0.08160434,0.034661908
1.6324203,-0.30819848,-0.040127963
-0.8143203,1.875625,0.025134291
-0.54171354,-0.25148636,0.005649597
-1.0620755,-1.6645709,0.005280636
0.41614044,0.5434466,-0.007521629
0.54733473,-0.25464702,-0.016706467
1.7411727,0.26999208,-0.03777211
-1.5948112,-0.6132302,0.022116147
-0.4507355,0.3871134,0.008606389
-0.07317293,0.9672902,0.00563845
-0.42038652,1.4671042,0.015750565
0.63064826,-0.21788432,-0.01818002
-1.22382,-0.512499,0.016445033
0.31796438,-0.03603196,-0.010098077
-0.49064246,-1.5571405,-0.005359769
0.16437693,-0.5395289,-0.010911502
1.5708345,-0.07216748,-0.036959805
1.0820804,-0.65666425,-0.03139197
1.1648726,-0.14599589,-0.02898819
0.2127268,0.35292912,-0.004822776
-0.12622441,-0.60470164,-0.005381018
0.1333032,-0.005373805,-0.006011151
0.5502156,0.031626724,-0.014446251
0.26246187,-1.3263539,-0.01937154
-1.6610024,0.3126846,0.028795276
-1.6948098,0.4019288,0.029814385
-1.1025958,0.5499737,0.021399342
1.0978591,-0.47809407,-0.030271024
0.5852154,1.0040238,-0.007368803
-0.1325988,-0.27778324,-0.002692327
2.7819662,-0.9033344,-0.06638761
-0.8298746,-0.6142626,0.008514538
-1.1202867,-0.26261804,0.01631137
1.8898666,-0.3834126,-0.045977235
-0.49306318,-0.06024723,0.006125964
-3.5982816,1.3524011,0.054192584
0.11375438,-1.2780439,-0.015806332
-1.6533968,1.0681214,0.032957315
0.7314497,-0.020824838,-0.018722273
0.059461657,0.67594475,0.00080543
-0.42137623,1.0641072,0.012936156
0.679777,-0.9592408,-0.025290176
0.7706363,-0.967499,-0.02730015
1.1471235,0.6382657,-0.022211902
0.26583183,1.050715,-0.000450261
-0.073058076,1.7382702,0.011322804
-1.7636994,0.934377,0.033758663
-0.45334393,-0.48569608,0.002158865
1.0000528,-0.6856355,-0.029885031
0.8216269,1.0131159,-0.012249
0.449858,-0.5318916,-0.016887292
2.3930907,0.8697466,-0.04638814
1.1457795,0.6264,-0.022280037
-0.52148765,1.1781353,0.015552767
0.92492193,0.17280133,-0.021268785
0.3552682,-0.5951806,-0.01539167
0.28613973,0.024375765,-0.00894963
0.17792682,1.8217319,0.007167958
0.47792873,0.40343454,-0.009929158
1.5682684,-0.452256,-0.03994873
-0.32222748,1.0678475,0.011127573
-0.9452725,0.13680181,0.015933443
0.88332266,-0.06395076,-0.022313543
-1.2782793,0.9893363,0.026979383
-1.1899886,1.2277296,0.027053915
0.9720007,-0.45267963,-0.027383551
-0.3760104,2.5487657,0.022292338
0.5667219,1.4137306,-0.003736407
0.31678984,-0.738895,-0.015740901
-0.43127048,-1.0924941,-0.002944306
0.15843433,-1.9917135,-0.022609144
0.5298413,-0.84994626,-0.021187931
-0.23536658,0.5084819,0.005360201
0.31229937,-0.3687977,-0.012652196
0.16714804,2.2397292,0.010471381
0.6440065,-0.1061619,-0.017555207
-0.08713389,1.0639862,0.006631985
1.1492709,0.5528244,-0.022954807
-0.735993,-0.07090349,0.010665055
0.19824883,0.8227585,-0.000853777
-1.2829639,-1.5586797,0.010257661
-0.7972686,1.1683655,0.020299647
0.59460986,0.18982227,-0.014106028
0.7584553,-0.15543956,-0.020395428
-1.5548785,-1.1835463,0.017739978
-0.15046161,-1.2855786,-0.010282815
-0.20089908,0.59777856,0.005357221
-0.8241677,-0.86392635,0.006582357
-0.5725373,-1.77284,-0.005366914
1.2325563,0.22893667,-0.027372554
-1.3565673,0.5679114,0.02563807
0.89511734,1.72965,-0.008023828
-0.6796188,-0.38719034,0.007306457
0.651528,0.06830114,-0.016297378
0.11016011,-0.09171433,-0.006215006
1.3131297,1.2317559,-0.020911612
-0.80799055,-0.5454481,0.008598756
-1.0097532,-2.0414672,0.00142917
0.11186498,1.333751,0.004783295
0.6680016,0.8737487,-0.010140359
-0.1556068,0.2773167,0.002045713
-0.3056902,-0.17110802,0.001615249
-2.0494561,0.54809093,0.03556959
-0.18101464,-0.2695072,-0.001644708
0.6107281,0.4794295,-0.012108356
0.42979658,0.06972349,-0.011597253
-0.28339475,-0.14200015,0.001392975
-0.8526322,0.91225153,0.019547231
0.19931678,1.2512672,0.002428956
1.8130342,-0.79389244,-0.047622308
0.36455646,-0.8881959,-0.017971873
-0.83157986,-0.1694513,0.011737824
0.8605768,-2.0385854,-0.03797678
0.098312,-1.6620908,-0.018611029
-0.004510465,-1.3640974,-0.013993986
0.91814667,-0.8112691,-0.029167973
-0.3705726,-0.62769043,-0.000579946
-1.1095135,0.68239266,0.02236738
0.45171002,-1.2872335,-0.023100741
0.59890974,-0.08354863,-0.016412646
-0.230676,1.900899,0.01537418
-0.98833376,1.9537838,0.028328184
-0.88896334,0.09785077,0.014658373
-0.17802413,0.55030715,0.004554398
-0.8053832,0.8651466,0.018418275
1.1001441,-0.57407206,-0.03110212
-1.2393951,0.51652944,0.02344133
-0.91295457,-0.008579993,0.014352836
1.924006,-0.2313739,-0.045481995
-0.7339491,1.8815687,0.023875851
1.1865044,0.9468036,-0.02053529
2.5353627,-1.064158,-0.06322493
0.21815178,-0.5302934,-0.011968248
0.84338814,0.005162178,-0.020897068
-0.13834366,1.0845947,0.007770926
-1.5848858,-1.8311745,0.013897684
0.6251835,-0.043576498,-0.016646236
-0.25292587,-0.7697447,-0.004072323
-2.129202,0.9485799,0.03859859
-1.1307013,-0.88940275,0.012168177
0.6300186,-0.68663543,-0.021992788
-0.37794352,-1.5588816,-0.007708408
-0.87412196,-1.2415352,0.004759491
1.2983156,1.7141403,-0.01666116
0.8826205,1.4198563,-0.010252595
-1.1257082,1.2168118,0.025983974
-0.3805995,0.48121175,0.007959418
0.17031978,0.54468066,-0.00245136
0.16358039,-1.7568401,-0.020785652
0.5343614,-0.57469314,-0.019035697
0.04056238,0.29801625,-0.001734763
0.55472165,-0.1098135,-0.015687607
-0.7200641,0.47190705,0.014211159
0.74354786,0.14404684,-0.017637923
-0.5724344,-1.8277042,-0.005800948
1.6027173,-0.14842987,-0.038236044
0.8372531,0.9804242,-0.012842864
0.04607863,-0.19832945,-0.00573305
0.07122832,0.253074,-0.002708107
0.26554102,-0.12583068,-0.009719014
-0.48914877,-0.093595214,0.00580284
-0.70289695,2.5972137,0.027839493
1.1063027,0.08822185,-0.025829695
-0.47612157,-0.59035486,0.001817182
1.2449555,0.2710744,-0.027293146
0.9405912,0.39260134,-0.019810528
0.8951959,-1.1545995,-0.031488433
0.37469026,1.0483977,-0.002678528
1.6528677,-1.1379417,-0.047087267
-2.7710676,0.17504072,0.04255461
-1.0254258,-0.7624679,0.011120372
0.7149623,0.025079735,-0.017997473
-2.2509599,-0.03261546,0.03523397
0.926801,-0.5479075,-0.027198061
1.954191,0.8575817,-0.03751637
0.57802457,0.53447413,-0.01097735
0.3437298,0.068008184,-0.009804867
1.0171901,1.0090582,-0.01642298
-0.4238365,0.8615651,0.011535905
-1.3954842,1.5586503,0.032037046
-0.94520104,1.3147002,0.023707148
0.35537702,-0.0751983,-0.011197157
-0.5811358,-0.5201603,0.004415929
-0.5646736,-0.68039966,0.002889767
0.5531592,-1.8573922,-0.029966995
1.3735359,0.41046858,-0.028893545
0.022371043,0.038369514,-0.003387697
0.22685973,-0.30737504,-0.010361731
0.6250485,1.0764037,-0.00762026
-0.36753953,-3.392611,-0.022898823
0.13907889,0.8219654,0.00033281
0.3285359,-1.3676157,-0.021123022
-0.18446046,-0.7923551,-0.00565733
0.3077023,0.027392393,-0.009376004
1.435567,-1.5385604,-0.045843504
-1.7847455,1.5304164,0.03715126
-0.029227598,0.5180537,0.001367353
0.584001,-0.1884062,-0.016947642
0.009343515,1.7091105,0.00955921
1.8234857,-1.9117162,-0.0563076
1.9099034,0.56262934,-0.03894435
-1.1924089,-0.8318859,0.013695687
-0.5025136,-1.7779094,-0.00685586
0.14120066,-1.126262,-0.015156508
0.1874709,-0.88977593,-0.014221072
0.67325795,0.36867177,-0.014323376
-0.89820266,0.7289617,0.019109812
0.8477604,-0.95511705,-0.028844982
-2.1215596,-0.12843657,0.032970097
0.12954581,0.07863632,-0.005270861
1.3275305,0.07730534,-0.030625686
-0.28796408,0.6139983,0.007162809
1.043573,-2.6361492,-0.046575435
-1.1255062,-0.31000572,0.016081564
-0.5804206,0.47413197,0.011669114
0.6837124,0.762135,-0.011367813
-0.40211198,-1.2521142,-0.004787609
0.75738937,-0.2502414,-0.021146499
-0.79484636,-0.14778614,0.011211351
-0.5293789,0.16547336,0.008482531
2.8288748,0.28241545,-0.059078336
0.9027561,0.4688171,-0.018383667
1.4500852,-0.006873029,-0.033899486
-0.23876153,-0.47159162,-0.002039574
-0.12753107,-0.2676106,-0.002716355
-0.5971441,1.8133273,0.021167733
0.71767855,-0.61679244,-0.023294821
-0.1845883,-0.1501074,-0.000649937
-1.3992559,-0.7471271,0.017938927
0.6088356,1.5662898,-0.003396742
-0.11726288,0.24255946,0.001015961
-0.31911695,-0.8246861,-0.003147736
-0.097039185,-0.32362974,-0.00377585
-0.21068113,0.34330386,0.003635496
-0.58915454,0.33091244,0.010806274
1.4773743,-0.9592062,-0.042111173
0.22184089,-2.2733119,-0.026299685
-1.0301601,1.2276808,0.024531841
0.285553,0.64825094,-0.003995329
-1.596988,-0.07204682,0.02551641
-1.2606919,1.3885306,0.029090341
0.35608038,0.36382332,-0.007702127
-0.13229677,-1.2166592,-0.010111921
0.6348352,0.78274,-0.010175571
2.3657956,-0.003330249,-0.0524655
-0.22399382,0.6466011,0.006170325
-1.2494091,-0.50894827,0.016919088
-1.0511864,0.13831328,0.017806709
0.08305296,1.8284757,0.009037923
-0.77660286,0.006242024,0.01196843
-0.64413524,-0.66581255,0.004559241
-1.4497396,-0.42465147,0.020910718
-0.34540576,-0.26552233,0.001686871
0.45252076,1.7019948,0.000839919
-0.12725033,0.5738127,0.003734931
0.19667795,-0.6159219,-0.012204975
1.8625389,0.3942313,-0.039301664
-2.0345795,-0.83797103,0.027713124
3.167032,0.70387524,-0.062210247
-0.013424447,0.9953068,0.004682526
-2.1084602,0.7168965,0.037194837
-0.44066295,-0.13787423,0.004529066
0.4456697,0.8373551,-0.005800039
0.60777134,1.5820138,-0.00325089
0.013154537,0.7378565,0.002204016
-1.9444053,-1.2995541,0.023522813
0.59119475,-0.33995596,-0.018333793
-1.5094217,-0.7810729,0.0196069
0.16956194,-1.5669959,-0.019355759
0.92790765,-0.39137498,-0.025941513
2.1791415,-1.1975483,-0.05772902
0.5415232,-2.1412015,-0.032058425
-1.1020715,-0.97080183,0.011064906
0.15321365,1.1707141,0.002728574
0.015762504,1.4995177,0.007889159
-0.50913244,-0.38465884,0.004020661
0.6104541,1.8293458,-0.001360573
1.0793854,-0.4980523,-0.030041121
-0.8280831,-1.2511342,0.003787674
0.37256414,0.48442116,-0.00708577
0.091312505,-0.5494365,-0.009459615
-0.70259094,0.004002459,0.010578338
0.5987832,-0.29179415,-0.018103212
2.250693,-0.20444086,-0.051744916
-1.1858907,-0.5476718,0.015533932
-1.783123,-1.1661702,0.021721799
-0.34520444,-1.4650601,-0.00764481
1.2824255,0.8649222,-0.02324938
1.0016142,-0.6565412,-0.029680587
-0.3809431,-1.6442134,-0.008324355
0.14162646,1.158193,0.002862781
1.177649,-1.0335032,-0.036474057
1.5823599,-0.33886188,-0.03933558
-0.24125837,0.26555225,0.00365033
-0.3545132,-0.6965059,-0.001434535
0.6651007,0.12922019,-0.016091093
1.1910331,1.0255805,-0.019989438
0.29072607,-0.8833102,-0.016360201
-0.09774737,0.9914287,0.006296173
1.4632049,0.069012985,-0.03356243
-0.47326034,-0.72738534,0.000716969
0.9792305,-0.16423212,-0.025180325
0.9016224,0.7061327,-0.016429551
0.23702794,-1.0185425,-0.016317785
1.6424335,-0.46121567,-0.041550897
-1.1540922,-0.2696137,0.01685967
-0.89897215,0.19815058,0.015529878
-1.569632,-0.07563763,0.025061939
0.5546983,0.23797859,-0.012873709
-1.0021156,-0.48289618,0.012663685
0.45562991,1.534614,-0.000523731
1.5518023,0.037279654,-0.035681553
0.80983883,0.60119826,-0.015333235
-1.3464259,-0.24155192,0.020358779
0.3021447,0.45090193,-0.005893126
1.6718135,0.5147091,-0.034357265
-0.050293576,1.1063789,0.006235153
0.024723722,0.2553533,-0.001744881
1.331546,-0.5474995,-0.035775036
0.98685163,-0.7035972,-0.029750839
-1.1189805,2.1593149,0.031465907
1.3972744,-0.12681529,-0.033756465
1.1256063,-1.1156601,-0.036046043
1.3654243,0.07255624,-0.031467363
0.9013149,0.30688858,-0.019671917
1.0667655,0.4978578,-0.021643005
-1.1543592,-0.35702196,0.01627253
-0.99047506,-0.47368756,0.012515046
-0.44581574,-1.0219637,-0.002101183
-0.67397565,-0.40538755,0.00706473
-1.8662789,0.1550032,0.030914653
2.1225042,-3.291904,-0.07111713
-1.2716763,-0.30822513,0.018646799
1.0599616,0.09939365,-0.024749942
-0.50506985,-0.764565,0.001068845
2.6069784,0.85162276,-0.050746568
0.30091313,1.2706989,0.000547297
0.43236506,-0.32745588,-0.014856882
0.87108165,-1.5740516,-0.034407124
-0.4618953,1.8212188,0.018909354
0.4226963,-0.6552885,-0.017313153
1.2363328,-1.0068676,-0.03748922
0.6181836,-0.06775488,-0.01669389
1.5667081,0.949828,-0.028613389
0.081749566,-0.13796513,-0.005993202
0.14567529,1.4232595,0.004797511
0.48537558,0.543159,-0.008966751
-0.8209193,-0.3926285,0.009945944
0.037536852,-1.233669,-0.013828769
0.055567943,-0.59035945,-0.00903926
-0.50129884,-1.6033479,-0.005503401
-0.3064275,1.1390686,0.011346296
0.47858337,1.3821194,-0.002181858
-0.2310396,0.9580338,0.008609239
-0.14849673,0.9625927,0.007061929
-0.62855935,-0.1905539,0.007770225
-0.48331478,-1.2554324,-0.00315021
-0.7636831,-0.5512913,0.007713258
1.0870377,0.6881605,-0.020523317
-0.7635371,1.2265328,0.020110726
-2.478257,-1.4444324,0.030824728
-2.8338826,0.6839542,0.04535844
1.4298748,0.87737745,-0.026291594
0.49152,-1.4176147,-0.02502513
1.3111824,0.96195626,-0.023071304
0.499089,-0.44891122,-0.01725974
0.66230273,-1.681157,-0.03084711
0.7203721,0.45570597,-0.014616296
0.08822663,0.6539778,5.87E-05
0.30249786,0.000400891,-0.00948289
-1.0344214,1.1450584,0.024081096
-0.95485175,0.905378,0.021234281
-1.5994434,-1.2581114,0.018018272
-1.694283,-0.36050594,0.02529303
-0.33233643,-0.92704946,-0.00367564
1.164706,-0.64055973,-0.033011876
0.44958422,2.308458,0.005554147
1.5240108,-1.91628,-0.05055718
0.58459395,-0.18891916,-0.016964413
1.3990897,-0.032223053,-0.03302893
0.060011998,-0.11581794,-0.005370066
0.022830885,-0.1843217,-0.005143553
0.40188912,-0.26912633,-0.013739921
0.8012324,-0.45930934,-0.023791708
-1.0279455,1.1335193,0.02390346
2.8613567,-0.6150399,-0.065816134
-1.0503603,0.24212061,0.0184872
-0.3276369,1.049931,0.01109932
0.6449253,1.1525624,-0.00742615
-0.4865721,-1.1437372,-0.002216719
0.14578971,0.20113233,-0.004640907
-1.0741291,0.84260386,0.02280946
0.27826092,-0.9461794,-0.016606346
-1.2370849,1.6698992,0.030378792
0.33226573,-1.0839181,-0.01888033
-0.03657875,-0.12436369,-0.003454775
-1.1046774,1.6573887,0.02832684
-1.1637148,-0.3050721,0.016789265
-0.5622343,1.080132,0.015602183
0.100020975,0.34887922,-0.002547368
-0.58466,-0.88624793,0.001728945
0.7129901,0.81189644,-0.011583112
1.9294438,0.5136025,-0.039737754
2.0829375,-1.6718318,-0.059384033
0.7557081,0.78565294,-0.012695119
-0.048273034,0.7068242,0.003185138
-0.58208215,0.90131444,0.014714956
0.5362432,-0.1098622,-0.015296042
0.94830966,0.37715346,-0.020101003
1.33807,-0.011488899,-0.031570368
0.10360387,-0.7035757,-0.01095105
0.25160772,0.16899064,-0.007080108
0.2687927,-1.1596242,-0.01814399
0.46489978,-1.1783853,-0.022489727
1.924222,1.2591857,-0.033672765
-0.105551526,1.0508871,0.006890148
-0.059800927,-1.0653174,-0.010420561
0.57027036,-2.1247091,-0.032535598
0.051244188,-0.071539365,-0.004841149
2.0071115,-1.1645459,-0.054241568
-0.031942993,0.9284393,0.004540995
-0.5585602,0.8017093,0.013590075
-0.4055243,1.4951195,0.015679348
0.21297368,-0.56177384,-0.012112483
0.2818473,-1.0871073,-0.017830715
-1.0417929,1.0542134,0.023626633
-1.098721,1.5229825,0.027428951
0.030311167,0.9598275,0.00355427
0.13492411,-0.7579739,-0.012047097
-2.0616782,0.4856635,0.035407964
0.47063762,0.608876,-0.008134566
0.35892564,0.110944614,-0.009779371
0.98394084,1.278735,-0.013528958
-0.944916,0.049105775,0.01532536
-1.0416455,0.86974066,0.022448182
-0.27990305,-1.4553834,-0.008929484
2.0238762,-0.6888293,-0.050985053
0.046307735,-1.2295765,-0.013981432
0.202005,1.0744781,0.001017273
-0.37873602,-0.9989336,-0.003287941
-1.6463695,1.2681892,0.033946965
0.63535434,-0.6535818,-0.0218364
-0.9565595,0.46571225,0.018358637
-0.31572935,-0.51373726,-0.000808112
0.8270285,-1.1467072,-0.029972628
0.08457569,-0.53165835,-0.009176895
-1.1584479,0.69588125,0.02325672
-0.6106247,0.66136366,0.013551176
0.72910845,0.68392336,-0.012955248
-0.4275115,-1.6900499,-0.007718273
-1.1227708,-0.49299225,0.014780667
1.1597924,-0.90754056,-0.03507711
0.5950173,0.048476603,-0.015259005
0.58196616,-0.25762388,-0.017467164
0.14907476,2.256704,0.010935947
-0.8885086,-0.11940388,0.013136286
1.0402707,0.5645375,-0.02053406
-0.7552216,0.29082966,0.013582677
-0.33052474,0.36913863,0.006168321
0.366295,1.1512233,-0.001703031
0.68393415,-1.221257,-0.027529508
-0.9244116,-1.6069692,0.003015779
-0.58982813,1.1984532,0.01690831
0.6346734,0.62994695,-0.011400335
-1.0284238,2.0526571,0.029519137
-0.15642983,-0.30207333,-0.002396308
0.5091134,-2.227867,-0.03208171
-0.77038157,-0.27224955,0.009863157
0.81562275,0.8011836,-0.013835475
-0.97657096,-0.8572254,0.009530954
-0.62682587,0.3839398,0.011885144
1.5432334,0.663134,-0.030442737
-0.34772146,0.0642426,0.004225396
-0.057174,0.35424554,0.000670016
0.6554808,0.95824575,-0.009200305
0.11421214,-2.8755496,-0.028986268
-2.3483813,-0.39026943,0.03467723
-0.007354775,0.778828,0.002923124
0.39413127,1.3230182,-0.000927568
-0.25313807,2.1106722,0.017233893
0.44733182,-0.7844809,-0.018890992
-1.3408643,-0.7193273,0.017107546
-0.84296745,1.3697984,0.022381973
0.46396744,1.5314642,-0.000717044
-0.6160678,-0.7016566,0.003741644
-0.3943226,-1.5760337,-0.007503778
0.35755077,0.11588748,-0.00971105
1.0208094,-0.97187024,-0.032662615
1.5143421,0.44378322,-0.031609043
1.0899688,-0.7082825,-0.031980082
0.4416422,-0.12082001,-0.013382286
1.2819945,0.87457603,-0.023161441
-1.4149733,0.28956613,0.02485115
1.0452229,1.4100316,-0.013761491
0.46459788,0.08761192,-0.012185946
-0.6682477,-0.71977687,0.004627504
-0.56051165,-0.95483583,0.000725806
-0.63756925,1.0187727,0.016520176
-0.7899459,0.08497111,0.012770209
0.15152203,0.64403677,-0.001295909
0.14169848,0.23255219,-0.004309975
0.29950663,-0.8330621,-0.01613848
0.26078,-2.0920992,-0.025636889
0.71128106,-1.435522,-0.029873528
0.85561866,0.061669502,-0.020696953
-1.068424,0.98816466,0.023641508
-0.006705616,0.1537009,-0.001896791
0.3359682,0.6303115,-0.005173281
1.9479353,0.40137225,-0.04100681
-1.1077781,-0.9785084,0.011116147
-0.8918446,-0.5513517,0.010136124
-1.3891723,0.23405455,0.024093285
0.25521842,-1.691041,-0.022209138
-0.663801,-0.65613496,0.005014733
0.6530725,2.718273,0.004682653
-1.1691624,0.4067076,0.02158413
1.0429159,2.430498,-0.005483665
0.21299888,-1.1349543,-0.016753748
1.0992466,-2.699383,-0.048200846
-0.7314954,-1.0830762,0.003148645
1.6622219,-0.077318445,-0.0389046
1.7659353,-0.5009503,-0.044389375
-1.0905063,-1.203915,0.009183981
-0.54157645,0.6959391,0.012530971
1.3794417,-1.9585907,-0.04800979
0.55438447,-1.7183856,-0.028847747
0.48180544,-0.69695526,-0.018912174
-0.111561604,0.062742196,-0.000480443
0.96618336,1.5590733,-0.010886796
0.8015287,-1.3230481,-0.0308747
1.404514,1.3347389,-0.02202098
0.34850404,0.25647092,-0.008399382
1.9591424,1.2508743,-0.034473345
-0.3151487,-1.2011565,-0.006179959
0.07065594,1.0516319,0.003455311
0.3242474,-0.5703379,-0.0145327
-1.3026202,-0.05896981,0.020806141
0.9760632,-1.3478366,-0.034781165
0.4372163,0.9121384,-0.005033739
-0.95766973,-0.7530736,0.009923566
0.57304394,-0.98101026,-0.023185365
0.22105546,-0.74068016,-0.013726085
0.31523916,1.8940785,0.005040333
1.7648739,1.0083772,-0.032336585
-1.6548015,-1.1610157,0.019603688
0.35806987,-0.2530962,-0.01268512
-0.7278515,0.023612505,0.011189245
-0.27844974,0.14528662,0.003474779
0.76744473,0.16476391,-0.017977908
-0.6281803,-0.010496884,0.009075135
0.19510432,-0.5184541,-0.011388049
-0.00088358,-0.40715763,-0.00641124
0.6147445,-0.32262793,-0.018694371
-0.009854673,-0.2519392,-0.005002692
0.17646143,-0.5354102,-0.011132307
1.0359242,-0.045684114,-0.025421746
-0.3586056,-2.1937563,-0.013211347
-0.9457265,-1.2284662,0.006244376
-0.3700103,1.532635,0.015303589
0.82326096,-1.1924653,-0.030267328
-0.24813324,2.1361208,0.017321035
0.59687394,-0.9946541,-0.023807108
-0.7176921,-0.18985192,0.009466231
-0.8235167,1.141274,0.020566098
0.86559504,2.0021718,-0.005230345
1.253595,1.7638582,-0.015305214
-0.83554566,-2.0512974,-0.002153128
-1.2906117,-0.10719956,0.020290483
-0.52450496,0.82348645,0.013121579
0.8295898,0.04734834,-0.020258576
2.7763445,0.21023113,-0.058630332
-0.037474502,0.0463532,-0.002106153
-0.23113236,-0.8474482,-0.005128913
-0.30042157,-1.4301409,-0.008300059
-0.781555,0.8019734,0.017576735
0.5627228,0.7090022,-0.009256616
0.24803299,-0.7446852,-0.014329515
0.5615736,-0.6276809,-0.020048805
-0.73683625,0.5611369,0.015133865
-1.100741,2.2114668,0.031499803
-0.36204422,-0.64864165,-0.000913143
-0.113101505,-1.6082652,-0.01367043
1.9870753,-0.71059257,-0.05042965
1.0522997,-0.55648494,-0.029941946
0.3749683,-0.36380854,-0.013935737
-0.6701366,-0.06162766,0.009496823
-0.090259045,-2.0794363,-0.017997794
0.35326916,-0.5276901,-0.014802307
1.1314667,0.093796246,-0.026320778
-1.5481962,-1.6172452,0.01470295
-1.1767765,0.15616412,0.020083558
0.78589016,0.53515595,-0.015360944
-0.67060274,2.316711,0.02560474
0.29098415,0.6058044,-0.00444074
-0.31141338,2.273911,0.019366715
0.07720464,-0.090846874,-0.005527705
-1.8400831,0.36268356,0.031699322
1.6217983,0.5313935,-0.033169836
-0.9667507,0.094406985,0.016024861
0.14598961,0.3199856,-0.003711961
1.3056421,-0.6537066,-0.036089286
1.2005148,-0.886539,-0.035764173
-0.95231247,-1.2501943,0.006211616
2.1962507,-0.24689694,-0.05100552
-0.5825026,1.1703769,0.016586047
-1.5667214,-0.62185746,0.021596648
-1.0442458,0.71417904,0.021488208
0.05301951,-0.5008597,-0.008273236
-0.93199587,1.0609674,0.02186298
0.9600443,3.3312886,0.003325366
0.04573284,-0.7859262,-0.010396451
-0.7839932,0.27809745,0.014016077
-0.18476397,0.21018232,0.002113774
0.9383693,-0.8790401,-0.030152999
-1.6817216,0.48913687,0.03012155
1.4083679,-2.649581,-0.053915292
0.8950393,-0.5479547,-0.02652061
0.9258046,-1.1262087,-0.031906784
0.7793779,1.4834621,-0.007581905
1.0921783,0.70547163,-0.020491779
-0.65350807,-0.83411455,0.003483489
0.50829,-1.774112,-0.02832038
-0.54764414,1.1636529,0.015919939
-2.8223596,-0.66501445,0.039348617
0.54653394,0.2587948,-0.012533605
-0.3481579,0.8936206,0.010353692
0.8181431,1.1700069,-0.010910258
0.5047872,-0.19354904,-0.01530727
0.5424277,-0.7543175,-0.02067472
1.0152353,-1.2340549,-0.034681685
1.0095427,-0.9711228,-0.03241761
0.5708882,0.6815158,-0.009647608
-0.511651,-0.37940866,0.004109383
0.9407665,0.72148114,-0.01713673
0.62318504,-1.2480644,-0.026450418
0.382366,0.44201857,-0.007626534
0.027416136,0.59411156,0.000818238
-0.45135567,-0.18251494,0.004403934
1.9783634,-0.07395101,-0.045353316
0.18578582,-0.3759767,-0.010050185
-0.43961683,1.9333073,0.01928066
-0.379722,0.52122414,0.008236386
-0.69753563,0.5267973,0.014186651
-0.0499678,-1.1145349,-0.011021808
-0.12211619,-0.6295128,-0.005661011
0.34003663,-0.7474844,-0.016304597
-0.5318142,-0.25507256,0.005430825
-1.4866687,0.095132045,0.024793375
-0.23948006,0.97277987,0.008877985
1.73524,1.0046878,-0.031740524
-0.152158,0.13134849,0.000861853
0.510758,0.95076394,-0.006247252
-0.78015214,-2.0026748,-0.002904132
-1.5968509,-1.0538338,0.01931569
-0.8121964,-1.3824104,0.002488978
-0.42994967,1.1080017,0.013404448
0.7325763,-1.3401921,-0.029545203
-0.057763997,0.30243078,0.000283629
-1.8029484,-0.005869207,0.029067788
-0.51281434,-0.12015012,0.00606405
-0.74028337,-0.2859788,0.009197388
0.6160243,0.69772434,-0.010463618
0.81951725,1.3999772,-0.009089366
-0.3481388,0.92393696,0.010572765
1.3622729,-1.6002702,-0.044841886
-1.1324137,0.7413373,0.023119848
0.2177812,0.8430113,-0.001091674
0.53772,0.8617978,-0.007514618
1.3870118,0.39138857,-0.029335015
0.31188187,-1.9951673,-0.025933228
-0.03171832,-0.75168663,-0.008503348
1.1878861,-0.93606687,-0.035899863
-0.03273416,-0.22774786,-0.004342698
0.21477614,-0.09055563,-0.008377425
-0.2742246,0.6114359,0.006879389
1.8475975,-0.95064175,-0.04951804
-0.93621904,-0.50466615,0.011295859
-1.2749075,-0.756605,0.015692841
1.2315272,-0.82385296,-0.035908557
-1.9588077,0.12321075,0.032060742
1.213496,-0.25726166,-0.030927524
1.2532272,0.21657237,-0.027913392
0.4978642,-1.2647356,-0.023904406
-1.1260208,0.5606305,0.021858498
-0.23838383,-0.3369831,-0.001006037
-1.4337994,-0.34464744,0.021159224
-0.08877316,-1.6962788,-0.01490093
-0.6999529,-0.69186294,0.005452044
-1.228149,1.0130544,0.026343346
-0.1150126,-0.18981357,-0.002365962
-1.3693668,0.6287846,0.02621086
-2.932392,0.28361568,0.044745766
-1.6358663,-0.15332596,0.02563363
-1.0819373,0.5044128,0.02075664
-0.8759328,1.2968255,0.022456683
0.57099485,1.002054,-0.007088915
-0.70675963,2.1523292,0.025150772
-1.3481008,0.3142609,0.02393207
-0.023180729,-0.08765952,-0.003441781
0.6436892,0.85315925,-0.009796016
-0.27177536,-0.49157697,-0.001525164
-1.5989832,0.6559625,0.029861256
-0.6362263,-1.2964104,-0.000368148
0.77573174,-1.5865278,-0.032486036
0.76903176,0.85639846,-0.01240503
0.50573105,0.9631322,-0.006045006
-1.4948123,1.3139436,0.032082118
0.05573864,0.6566842,0.000731893
0.90722543,-0.6125025,-0.027308807
1.8276587,0.014479502,-0.041591614
0.31847462,1.369538,0.000958718
0.5146555,0.629603,-0.008887276
-0.8772213,-0.112624705,0.012977697
-1.2643734,0.09785855,0.021179724
0.14812028,0.20005956,-0.004697256
-0.650157,-1.2213987,0.000485346
0.6391132,0.4998007,-0.012542442
-0.50662637,-1.0441288,-0.001041278
-0.12744014,0.26124433,0.00136219
1.4874107,0.8194176,-0.027988039
-0.022773039,0.3057488,-0.000394486
1.4134922,1.566193,-0.020323187
-1.6918733,-1.0472531,0.02096209
-0.25836492,-0.04045145,0.001668505
0.65678144,0.01433485,-0.016847298
0.3966765,0.05690569,-0.011004061
0.27279568,0.15204243,-0.007654749
1.549767,1.4459596,-0.02421271
0.7255341,0.99612707,-0.010364115
1.4485954,-0.95443755,-0.04148045
0.26277518,-0.8291264,-0.015326336
-0.7125863,-0.4478399,0.007493191
0.48982602,1.8875172,0.001528256
1.1043118,-0.5096396,-0.030665353
-0.85288906,-0.46132493,0.01005204
0.9466191,1.2547177,-0.012934364
-0.20154703,-1.3420911,-0.009664133
-0.7125894,1.3508447,0.020066872
-0.033946026,-0.70279914,-0.0080681
-1.9289699,0.11962211,0.03161706
0.23011851,-0.7059843,-0.013637386
-1.0984836,0.37103975,0.020164005
2.5565124,0.00156914,-0.056056947
-1.1013174,0.2838072,0.019638702
0.09666153,0.75513595,0.000669159
0.3782575,0.5753642,-0.006481931
-1.0797437,0.35438552,0.019735962
-2.3491962,0.1563419,0.037462868
-1.7582071,-0.9339252,0.022775583
-0.4619671,0.20478852,0.007484116
-1.6011078,-1.8485802,0.014070809
0.56257886,1.6939142,-0.001448423
-0.4133993,0.3780141,0.007828049
1.0910504,0.37905845,-0.023130476
-0.8413553,1.1269995,0.02077384
-1.6322545,1.037772,0.032493863
0.55099607,0.2537352,-0.012668513
-0.44928107,0.52014506,0.009547956
-0.41449535,0.20186286,0.006549917
1.5885044,-0.63413775,-0.041813895
-0.96001786,0.24048902,0.016900703
1.6637273,-0.8864119,-0.045339867
0.18850216,-0.56575793,-0.011629269
-1.9276175,0.7151328,0.034818098
1.1471559,-0.8926836,-0.03469006
-1.472659,0.5515566,0.027346488
1.7241728,-1.6260223,-0.052257456
-0.1398287,0.5097539,0.003498189
0.3172818,1.3346864,0.000713289
1.2257699,1.0890062,-0.020212866
-1.0858161,-0.45026296,0.014410988
-0.06995222,1.081587,0.006430857
-1.483426,-2.0177362,0.010737862
-1.3613247,-0.8551341,0.01655351
0.23004948,2.808432,0.013435058
0.13662207,1.8626858,0.008267924
0.32215986,0.6892894,-0.004424006
0.34774038,-0.26879656,-0.012593806
0.34550437,-0.009843749,-0.010465533
1.6518768,0.036129616,-0.03778266
-0.77859765,0.45524052,0.015149798
-0.32706103,-0.7851342,-0.002678223
-1.0454885,1.7812777,0.028166156
-0.76571006,-2.3798032,-0.006157562
-1.0425049,-1.1605978,0.008589186
0.26794988,-0.31023556,-0.011247233
0.24843642,0.45163414,-0.004780002
1.5621283,0.8547533,-0.029288433
-1.2441591,0.00161548,0.02021455
0.022955671,1.3374553,0.006543361
-0.8842222,1.3820931,0.023140788
-0.35743424,-0.32159287,0.001499504
0.8229361,0.841682,-0.013662405
0.58932745,0.41021848,-0.012215175
0.005081042,-0.8854441,-0.010340869
-1.193431,-1.5547518,0.008602038
1.2444553,-1.7241485,-0.04341703
1.4933913,-2.3209882,-0.05306086
0.03363539,0.7462277,0.001860455
1.9146918,-0.26377764,-0.045546427
0.3345242,-1.0706798,-0.018820383
0.24572769,1.333311,0.002134204
1.2064869,0.42488247,-0.02521915
0.12568639,-0.45353025,-0.009412438
-0.35493502,-0.42358765,0.000671349
-1.2074127,-0.1243813,0.018758625
-0.82704496,0.28122127,0.014814884
1.1001278,1.2987846,-0.015829347
0.8350793,2.0341778,-0.004345015
-0.7844102,-0.08214069,0.011485137
-0.6953256,-0.14434534,0.009373531
-1.5409276,0.12286541,0.025821503
0.811653,-0.6550656,-0.025616512
1.1036301,0.6069492,-0.021539517
2.4148002,-1.391288,-0.06336366
-0.15238822,0.34290236,0.002480939
0.0358586,1.0864092,0.00440409
0.79656965,0.15085454,-0.018711247
0.8709828,-0.28546986,-0.023860052
-0.14809816,-0.036456738,-0.000509165
1.3936418,-0.99878615,-0.040699244
0.2540246,-0.33640993,-0.011164732
-0.475389,0.9318548,0.01298888
-0.810167,-0.14904162,0.01148656
1.3039556,0.26281956,-0.028615922
0.57201463,0.106895976,-0.01429867
-0.15825357,-0.19379672,-0.001519509
-1.1434661,-1.1958295,0.010235854
-1.2218103,-1.4422369,0.009943713
1.6696088,0.19599833,-0.03687203
-0.81489784,-0.68362635,0.007724918
-0.20816375,1.086692,0.009118099
1.2106233,-0.32901177,-0.031450406
1.0878049,0.3057984,-0.023659118
-1.8873649,1.8299631,0.03989482
0.2577694,-1.0341477,-0.016886145
0.21924284,2.1206086,0.008602005
-0.053923827,0.6479728,0.002849765
0.50909626,0.015346873,-0.013707995
-0.19362837,1.5595549,0.012275551
0.77154154,-1.1232718,-0.028596908
-1.1684102,1.8632694,0.030487228
-1.3548867,-0.4045688,0.019437857
-2.5173721,-0.22891209,0.03768651
1.081119,-0.44838578,-0.029672757
0.187233,0.63992834,-0.002052568
-0.74466115,1.394184,0.020897228
0.07773985,-0.06019232,-0.005297199
-0.29776627,-1.6078565,-0.009773754
0.88966393,-0.8663362,-0.02901154
1.0286857,0.35447055,-0.022000395
1.6753622,0.70614976,-0.03288827
1.5507411,0.3530535,-0.03311214
0.78643656,-0.37139437,-0.022756666
0.883703,0.6484607,-0.01651743
0.15731741,0.7540603,-0.000559554
1.0921822,1.9126676,-0.010682233
1.0586169,0.71879494,-0.019667692
0.3121936,0.7265559,-0.003926151
-1.4523618,0.008928146,0.02370717
-0.87991875,0.21855913,0.015329994
0.20314841,-1.0172069,-0.015586771
-1.3436388,0.17985055,0.023014337
-0.6616014,-0.9471419,0.00279294
-1.1030675,0.30914572,0.019835368
0.6165598,-0.02023823,-0.016273513
0.959771,-1.6821177,-0.037159838
-2.6536071,1.0279624,0.0449048
-0.7738022,0.022437895,0.012031563
1.3894402,-0.028208397,-0.032792598
0.06965833,-1.3249936,-0.015250623
0.07678294,-0.8063877,-0.011212572
-0.55540067,0.28213805,0.009822357
0.43841198,0.18446057,-0.010856517
-2.568875,0.504803,0.04174023
0.49911398,0.033854518,-0.013347574
0.3663232,-0.017898608,-0.010967068
0.008515465,0.99847466,0.004276104
0.6305288,0.47130635,-0.012591243
1.3738358,1.3513366,-0.021230906
1.4506943,-0.07906319,-0.03449569
0.52371067,-0.30731365,-0.016632237
-2.4303849,0.7709574,0.04135541
0.47005627,-1.2997069,-0.023596108
0.10986268,0.82335323,0.000929624
0.2733538,1.563844,0.003350988
1.3365533,-0.30553746,-0.033922948
0.22611141,-0.28171036,-0.010140531
0.99566126,-0.6378846,-0.029401436
-0.6967149,0.6302293,0.014892411
0.821169,1.6902531,-0.00679829
0.01998877,-0.45058915,-0.007187404
-0.009408853,-1.482727,-0.014852144
0.45544818,1.311658,-0.002262563
0.40272495,-1.8079747,-0.026337199
1.0470508,-2.2244573,-0.04336013
-0.4076685,-1.1310337,-0.003726505
0.15057668,-1.4660236,-0.018123634
0.35688776,-1.2693168,-0.020923749
-0.87749594,-0.60075736,0.00951191
1.1828953,2.4720466,-0.008068308
2.6371768,1.4018446,-0.047183923
1.024113,0.22733705,-0.022940382
1.5047625,-0.4831652,-0.03887804
-0.91182363,-0.055891916,0.014003631
0.21790732,-0.08557806,-0.008403033
-0.29582947,-0.25611955,0.000769697
0.09648773,0.31514072,-0.00273861
-1.4320464,0.16702136,0.024365105
-0.05505391,-1.2677428,-0.012146853
-0.2221439,-1.7624085,-0.012609199
-0.4320404,2.2839675,0.021489847
0.22633262,-0.2146013,-0.009608373
1.746469,0.6367351,-0.034943357
0.32951325,0.28596106,-0.007769093
-0.62194556,0.08554863,0.009653173
0.5119909,-1.8986061,-0.029426254
0.10682966,-0.79170465,-0.011726745
0.0611388,-1.5363742,-0.01678992
-0.45856676,0.52134866,0.009731781
1.6707731,0.89798653,-0.031240515
0.8703856,1.1284858,-0.012345612
1.0349796,-0.17249376,-0.026437312
-0.5964681,0.86024314,0.0146879
-1.4602871,-2.0068083,0.010384321
-0.17711303,-1.9637513,-0.015198305
-1.0458624,-2.006177,0.002413109
0.59947735,0.46981183,-0.011948869
-0.60497594,-0.47373503,0.005226769
1.4385262,-0.5469856,-0.03801045
-0.3992052,-0.4155744,0.001615793
-0.33817154,-0.4180189,0.000378311
0.015446332,0.8466224,0.002987631
-3.054433,0.8265297,0.048056703
0.8838654,-0.28005815,-0.024090946
0.3791429,-0.3963281,-0.014287055
-1.3567277,1.5675248,0.031532418
-1.9791411,1.6725574,0.04024577
0.5554499,-2.0793595,-0.031845704
-1.5512305,0.21493681,0.026539885
1.0029502,-1.7987171,-0.03901182
0.81125885,-1.6191056,-0.033507705
-0.7522597,0.008268577,0.011532746
-0.055958953,1.742452,0.011033315
0.9793297,-1.9363642,-0.03963343
0.38058996,0.94881326,-0.003580883
0.41875342,-0.7097982,-0.017672986
0.7215211,-1.4534415,-0.03023918
0.07057741,1.6869467,0.008228801
0.56787336,-2.0128827,-0.03156291
-0.6043701,1.262236,0.017599914
2.2696304,-0.74105704,-0.056089893
0.8261355,0.90320975,-0.013232313
0.8045499,0.03440158,-0.019830182
-1.0897095,-0.69648844,0.012769558
-0.15600838,0.48360655,0.003619179
0.58468103,1.3476398,-0.004628107
-0.53563195,1.1942745,0.015917495
1.2312641,-0.41694105,-0.03260249
-0.67923546,2.6464026,0.027774174
1.3654348,0.8717972,-0.024963737
0.06200637,-1.6711495,-0.017909288
-1.8307577,0.33188897,0.031394448
1.2890481,-1.3044235,-0.040980965
-0.08098063,0.5331922,0.002512656
-0.22872503,1.0262903,0.00906584
1.2936091,0.64018124,-0.025320865
0.031307675,-0.24176288,-0.005770735
-1.2513725,-0.52033085,0.016876876
1.4319806,-0.37088084,-0.036456868
-1.0065867,-0.1931361,0.014761291
0.2707474,0.88930666,-0.001805529
-0.2234945,1.5973871,0.013097107
-0.30189008,2.4144018,0.020149123
-0.21735655,-0.110379346,0.000314489
-0.39617306,0.6997075,0.009850495
-0.07479832,-0.44927073,-0.005217657
-0.77459943,-0.01476143,0.011782415
0.26407272,-2.577673,-0.029731005
0.5413867,-0.5771179,-0.019205332
-1.3158851,0.03602999,0.021640554
-1.0852234,-1.8611207,0.004273921
1.372333,-1.3102674,-0.042745307
-0.013665828,-0.7946347,-0.00922244
0.04824075,-0.1435492,-0.005345941
-1.36188,0.14715461,0.02310564
0.30278704,-0.19148864,-0.011025906
-0.70444214,-1.4063789,0.00016024
-0.5273886,-1.3691056,-0.003135271
-1.3143414,0.39782685,0.023909986
-0.9112411,-0.048644673,0.01404351
0.56422615,1.359252,-0.004115291
-1.0451652,1.2703265,0.02503873
0.31308666,-0.2701397,-0.011874437
-1.3106278,0.082309775,0.021850098
-0.2908876,-0.30056512,0.000330433
0.56481105,0.3037962,-0.012556203
-0.15749486,0.20411882,0.001525
-0.14273754,-0.44695762,-0.003804863
0.4275631,0.9845988,-0.004263036
-0.061024584,1.2565132,0.007560484
-0.45310897,-0.38536298,0.00291317
-1.5021226,0.7080194,0.028720934
2.1572669,1.3279885,-0.03799417
1.3400408,-1.389745,-0.042714737
0.9378244,0.21807137,-0.021174721
-0.76981336,0.49715734,0.015282251
0.39506066,0.27830863,-0.009196714
0.07979567,0.17810872,-0.003468677
0.8507952,0.78876245,-0.014680676
1.0185808,0.7818473,-0.018301181
0.74584484,1.8299075,-0.004127458
0.86459184,-0.20891394,-0.023097835
-0.009960458,-0.5220624,-0.007132366
-0.5129965,0.31242666,0.009242259
1.5762644,-0.7799078,-0.042718507
0.8201564,-0.025297936,-0.020649947
-0.70761,2.040396,0.024458162
-1.6544863,1.2585119,0.03400604
0.3725079,-0.3555734,-0.013817146
-0.53392524,0.1966036,0.008795861
0.47852847,2.0317945,0.002867214
0.8256392,1.1528766,-0.011205971
0.7652812,1.7839701,-0.004892997
1.0748234,-1.8854513,-0.041209437
-0.46677855,1.6615696,0.01791069
0.24178995,1.4451861,0.003069431
0.024999944,-0.9030779,-0.010900319
1.1518669,0.26617905,-0.025349125
-1.5489981,0.12451401,0.025958091
0.75559205,-0.5371267,-0.023453161
-0.18572722,-0.11355957,-0.000345416
0.29523438,0.586812,-0.004677698
0.41088256,0.68341,-0.006300651
1.9071054,-0.21618254,-0.04502225
0.3601697,0.33914536,-0.007983655
1.2482018,-1.713575,-0.04340961
-0.60560524,-0.6282856,0.004086122
1.5407033,-0.24678743,-0.037732013
-0.7321385,0.049607363,0.011454158
1.7020085,-0.54001373,-0.04339496
2.3848164,-2.1450222,-0.0679439
-1.0385053,0.73331666,0.02151635
1.7417442,-0.19035724,-0.041446574
-0.21094532,-0.003701099,0.001003385
-0.2019375,0.45922428,0.004337601
-1.0642529,-1.1013697,0.00942646
-1.1905836,1.5213474,0.028819256
-0.811828,0.3473769,0.014999602
-0.88289416,0.37381354,0.016447604
-0.31382835,-0.9192487,-0.003993519
-0.49111202,0.8255352,0.012522936
0.52644074,-0.23020622,-0.016064093
-0.03055353,0.8117166,0.003631085
-1.3893821,-2.6750717,0.004171155
-1.3445082,-0.18783204,0.02067513
0.94294286,0.6587859,-0.017692976
0.02522635,0.46992317,-9.41E-05
0.22845061,0.10322063,-0.007121481
-0.88676417,0.50305927,0.017394207
-0.45880988,2.1404018,0.020992413
0.040422413,0.15223876,-0.002866894
0.17584163,-2.580403,-0.027857617
-0.29053447,-0.035011686,0.002348885
-0.099805415,-0.83215314,-0.007725328
1.2550765,-1.3704642,-0.04080689
-0.5309115,0.8287035,0.01327569
1.399949,0.07497413,-0.032178402
-1.870991,0.094466835,0.030642021
-0.63981175,0.48743924,0.012858354
0.35460293,0.60408205,-0.005765125
-0.68755794,0.12927365,0.0111949
-1.2256273,-2.9408126,-0.001107931
0.2455839,-1.0799903,-0.016999975
0.6173185,-0.2695132,-0.018316552
0.9612372,0.23568188,-0.021530546
-1.007569,0.05696474,0.016492158
1.130169,-0.32832342,-0.029736578
0.18607269,-0.09041982,-0.007778868
0.46064574,-0.88866776,-0.020026125
0.9211942,-0.8878814,-0.02985964
1.0794678,0.7488032,-0.019867532
1.0949738,-0.3220021,-0.028936327
0.54870886,-0.46661845,-0.018460482
-0.25488082,1.2718234,0.011342663
0.9069828,-0.11035684,-0.023197733
-0.6791874,0.18474124,0.011435412
1.0732836,-1.520514,-0.03822966
0.404312,1.1289788,-0.00265149
0.43457568,0.929292,-0.004843786
0.13340323,-1.6281849,-0.019083709
-2.2937157,1.3206064,0.042270496
-1.4667027,1.1360482,0.03067334
0.48541915,1.70111,0.000170641
-0.4543437,-0.21381614,0.004227914
1.1002716,-0.35751098,-0.02933877
-0.30782253,-0.35995352,0.000214778
-0.42599058,0.09082194,0.00594873
0.18645437,-2.4372509,-0.026897639
-0.1400958,0.9732513,0.006979197
-0.46278772,-0.8813371,-0.000672825
0.8182886,0.6172294,-0.015382409
1.2258399,-0.63487536,-0.034257278
0.35471332,0.85013115,-0.003826425
-0.21326312,0.005483051,0.001119904
-0.21065482,-0.69142973,-0.004326031
0.12076761,2.7326932,0.014891908
0.94628716,-1.7748361,-0.037630543
1.3090769,-1.358528,-0.04182791
-0.17777789,1.2525454,0.009755861
-0.66229534,-1.0500557,0.002029538
0.6936647,-0.2824229,-0.020049304
-0.56921077,-0.70361453,0.002804294
-0.080816105,-0.06340943,-0.002078675
-0.2080735,-0.7436283,-0.004788145
-0.5413269,0.80004346,0.013263684
-0.5356881,-1.7955078,-0.006307207
1.1155714,0.3947966,-0.023525268
0.79842997,0.87863976,-0.012845755
-0.42738914,0.16055126,0.006492838
1.4559512,1.5529696,-0.021337211
1.1533911,-0.7321865,-0.03351757
-0.6914361,1.7685498,0.022451252
-0.025148125,-1.1898988,-0.012150496
0.1383974,0.69384193,-0.000644103
0.672214,-0.5437509,-0.021725774
-1.044116,-0.8105334,0.01112612
-0.20012453,-1.1044171,-0.007800177
-1.5437387,0.72359514,0.029433973
0.86205935,-0.5559271,-0.025881678
-1.3293754,-0.35005805,0.019360282
1.3466889,0.8677018,-0.024597414
-0.207049,0.030030644,0.001183465
0.73439837,0.7068729,-0.012881577
-0.79012126,-1.9890566,-0.002595127
-0.23241583,-0.7515468,-0.004350387
-0.58826786,0.56107026,0.012432881
0.73695856,-0.53766835,-0.023059398
0.014787761,-0.8357473,-0.010146514
0.39602473,2.3905993,0.007217996
-0.33989903,0.1702319,0.004867002
0.22271273,-1.6018637,-0.020779483
-0.2386484,-0.5077678,-0.002322502
0.42718446,-0.14796247,-0.013295993
-0.23970018,0.40684834,0.004683197
0.8679669,0.5485657,-0.016994804
0.76165247,1.3087963,-0.008610681
-0.08113115,0.83133703,0.004772529
0.8307239,1.4075389,-0.00926327
0.049073458,-0.59802556,-0.008964777
1.9509547,-0.22102474,-0.04594446
-0.5793359,-1.1449461,-0.000350893
0.62904,1.1645179,-0.007000521
1.5556257,-0.3928098,-0.039211825
-0.865528,-1.5274544,0.002450839
0.3208808,-0.21007057,-0.011555471
0.40998068,-0.6360772,-0.016886272
0.20676397,0.7134345,-0.001876608
-0.88591063,-0.9996341,0.00677336
-0.46809667,-0.8680325,-0.000463657
-1.2340201,-0.032434467,0.019819833
0.75626767,0.8554862,-0.012143269
-1.1000112,-0.41340965,0.014919996
0.79568076,-0.7448157,-0.026010282
-0.37712517,-0.10872461,0.003501773
0.3757131,1.4008241,4.98E-05
0.15135911,1.6840807,0.006651104
1.3292874,-1.0862318,-0.04006587
0.16439292,-0.11688914,-0.007538512
0.45859873,-0.8112273,-0.019349739
-1.036492,-0.5499205,0.012822766
-1.7602314,1.3456684,0.035886485
-0.26587018,-0.52480346,-0.001901962
-0.16591279,0.54988813,0.004313946
-0.23469442,-0.12003834,0.000587881
0.12360229,-0.56798434,-0.010283992
-0.30518657,0.6494539,0.007755004
0.7961827,-1.3339977,-0.030850597
-2.4670358,-0.65582854,0.034885872
0.8926007,-0.36297736,-0.024955466
-0.64025265,0.30283546,0.011555754
1.7438257,-0.66058123,-0.045192093
-0.55790466,0.56185555,0.011878084
-1.8794128,-0.13415055,0.02946461
0.3033343,2.029501,0.00629729
-0.6137277,-0.47704518,0.005372241
-1.4982358,0.19300891,0.025577527
0.6716859,0.05791896,-0.016809955
-1.0352306,-0.28280514,0.014657117
-0.25196847,-0.19467625,0.000361949
0.60735226,-0.16167131,-0.017226882
-0.03074657,-0.056998204,-0.003047884
-1.1784295,-2.329722,0.002601385
-0.3248884,1.2357632,0.01238263
-1.3089595,1.0771137,0.02797747
-0.39113596,0.52900636,0.008510809
-0.18210307,0.13115068,0.00145831
0.4326427,0.17699349,-0.010795318
0.09722117,2.2591395,0.01192379
-1.2793623,-0.5066494,0.017458502
-0.32872036,0.51081926,0.007183462
0.45156443,1.7655337,0.001351215
0.8516148,-0.62018573,-0.026184544
1.4035348,0.9314654,-0.02528955
0.20160595,0.3122249,-0.004914507
1.0647464,-0.54997325,-0.030153483
-0.8371726,-0.9944325,0.005872071
-0.396454,0.5503063,0.008767691
-0.16489361,-0.24444425,-0.001777262
-0.5277023,1.613771,0.018647958
0.8121166,-0.9605661,-0.028129093
0.38821995,-0.13324916,-0.012355223
0.52159274,0.090338916,-0.013366342
0.8263456,0.69978815,-0.014883779
0.1935225,0.5121922,-0.003178597
0.6841041,-0.9332455,-0.025169536
1.5378784,0.47071624,-0.031888686
1.1045545,-1.540637,-0.039046213
1.2900198,0.27910733,-0.028186902
-0.9960467,0.4521082,0.018949643
-0.37402692,0.031837806,0.004497267
1.8245362,-0.7372141,-0.047413155
0.5118866,0.9151858,-0.006553263
-0.079969384,-0.10849776,-0.002446339
-0.5812861,1.2007157,0.016772874
0.0952046,0.92928755,0.00203529
1.6045519,0.09852293,-0.036294132
2.1479788,2.088249,-0.031709313
1.3743678,1.7166641,-0.018260367
-1.2689795,-1.5338539,0.010173082
-0.019670555,-0.7091498,-0.008415937
-0.41713828,-0.27413213,0.003042862
0.37423372,0.7102748,-0.005330578
-0.20556267,-0.72579706,-0.004699871
0.92556787,-0.48798928,-0.026681691
0.10239594,2.049804,0.010299869
-0.16851407,-0.5768074,-0.004292741
0.18640119,1.2154897,0.002411805
-0.94494534,-0.17692798,0.013761088
0.88923573,0.54924774,-0.017441511
0.25665337,-1.6200839,-0.02165638
0.96897954,0.5676118,-0.01898951
0.34137297,-0.72410583,-0.016143054
0.16981919,-1.0268877,-0.014957726
-0.73580885,1.0026623,0.018135902
2.1860828,0.35177472,-0.046231598
-0.48317227,0.39711383,0.009294026
1.1965798,0.005383996,-0.028428853
-3.3586023,1.4953063,0.05285795
-0.11320582,0.90749645,0.005968973
0.013034922,0.9630298,0.003918998
0.45803753,0.5998984,-0.007943712
0.7025857,-0.9328039,-0.025561132
1.562505,-2.0060742,-0.052002713
-0.27606323,-0.2637041,0.000315793
1.1676378,0.94114923,-0.020179093
0.41819093,0.35257897,-0.009086467
2.0188446,-0.52694654,-0.04965383
0.011526437,2.3324144,0.014032275
-1.6933835,1.324911,0.034888186
-0.27078813,0.62134075,0.006886587
-1.8492568,1.7024788,0.038816907
-0.59895205,-0.089618415,0.007943541
0.27779287,0.06790272,-0.008428425
-1.2994584,-0.4606645,0.018114671
-0.1426265,-1.0060883,-0.008215904
-0.62180626,0.8172051,0.014844637
0.8245424,0.07820885,-0.019899309
0.7219463,-1.27378,-0.028773025
0.28956833,0.54604137,-0.004882447
1.7034129,1.0176291,-0.030962706
-1.586488,0.65813273,0.029689182
-0.099974535,0.9321587,0.005896471
-0.6452282,-0.1630128,0.008289091
0.8005322,0.1784612,-0.018570833
0.25881746,0.8563659,-0.001820013
0.85529387,-0.9588775,-0.029036447
0.122768246,0.893832,0.001213282
1.6640494,-1.8175455,-0.052544206
-0.8263894,-0.8119291,0.007006653
0.3157619,-1.1785066,-0.019300982
-0.12845987,0.103333294,0.000171945
-0.38323754,1.1239197,0.012660395
0.10588605,0.74028665,0.000369608
0.06217952,0.065633476,-0.003988884
-0.47704515,0.44087163,0.009496208
0.2463332,1.6941419,0.004875213
-0.8388881,-1.0840863,0.005242251
0.24934006,0.6371078,-0.003341094
-2.073393,-1.4173255,0.024864148
-0.08531413,-2.4133945,-0.020852469
0.4454559,1.7200056,0.001121372
-0.12762038,-0.23136449,-0.002432585
1.8130219,0.5465699,-0.03705848
-1.6678525,-1.9548601,0.014543828
0.11386775,0.02140506,-0.005398788
-1.1685207,0.8716507,0.02452575
-1.164896,1.0241255,0.025415346
0.6342271,0.8425449,-0.009682968
-0.5981822,-0.4847688,0.00501249
-0.48236668,-0.6895515,0.001187295
-0.89064693,0.32822576,0.016273491
-0.32434785,-0.032232862,0.003038824
-0.6766674,1.4401343,0.020047233
-0.22668584,-0.8469804,-0.005216777
-0.85623735,0.12795857,0.014277246
-0.28197956,-0.5085113,-0.001449563
0.3731084,0.1554366,-0.009720191
0.6704297,0.18708883,-0.015734673
1.4711709,-1.0643402,-0.042819165
-0.339603,0.10846293,0.004398339
0.5585569,-1.011666,-0.023126766
-0.13992748,0.60546345,0.004223019
0.27773747,-2.078402,-0.025887907
-0.32064813,2.171832,0.01883509
-0.16944647,0.6836625,0.005387716
-0.7746625,0.31599993,0.014111552
-2.757777,0.5241238,0.043905433
0.53741753,-0.53921646,-0.018811569
0.2025881,0.24047747,-0.005500361
-1.1038363,-1.4498583,0.007658601
-0.3903277,0.046868566,0.00492812
0.08007569,-1.7360992,-0.01882732
-1.2771536,0.8194446,0.025928512
1.8034707,-0.5535238,-0.04556097
1.3592994,0.4599634,-0.028188147
0.45979375,0.34010947,-0.010056652
0.055310406,0.6855774,0.0009626
-0.2165657,-1.3358482,-0.009299867
1.4001448,0.47243518,-0.028954998
1.3540943,0.11932602,-0.030847512
-0.1290427,0.7090597,0.004789792
2.1244247,1.1234238,-0.038936235
0.5754683,-1.1089513,-0.024286747
-0.20686358,0.16789934,0.002230838
0.36344808,0.77925986,-0.004563868
-1.5976614,-0.8296521,0.02078176
-1.8429234,0.49950212,0.032495078
-1.9474691,0.2849763,0.03278706
-0.85376203,-0.11668397,0.012519471
-0.12093157,-0.14008397,-0.001859628
-0.9525764,0.18673897,0.016403954
0.18911913,0.35732934,-0.004303031
1.374637,-0.2917687,-0.034613967
0.98074394,0.61601716,-0.018845834
-0.8423782,-0.4829437,0.009699456
-0.25732848,0.9217279,0.008842967
-1.1643692,-0.19838785,0.017519135
-0.23585296,-1.7166985,-0.011950597
-0.07902228,-1.3370945,-0.012200065
0.086823694,-0.6488633,-0.010160558
-0.10309956,0.33824188,0.00146538
1.1698711,-0.24877067,-0.02993206
0.5009646,-1.051371,-0.022219986
-0.35624644,-1.4810317,-0.007541895
-0.05531534,-0.41815126,-0.005374119
-0.007250509,0.23274362,-0.001272492
-0.9081276,0.80909026,0.019811753
0.033398144,-0.17523772,-0.005289659
0.2908609,0.14813028,-0.008061685
0.49025464,1.3614,-0.002582558
0.6785903,1.6809286,-0.003923491
-0.30867663,1.05337,0.010769796
-0.057427842,-0.5010271,-0.005983517
-0.052712798,-0.08303848,-0.00280305
0.44937825,-2.0660005,-0.029467613
-0.24743709,-0.13689835,0.000713848
0.25786284,1.3086244,0.001702428
-1.4743321,-0.09438916,0.023416255
0.4012116,-0.5695438,-0.016159147
1.1674325,1.9115555,-0.012278713
-1.3826827,-1.6156937,0.01170513
-1.2043993,0.53412133,0.022981614
1.1263382,-1.1771863,-0.03656041
-1.2276508,-0.86503524,0.014103584
0.950699,0.87143713,-0.016128965
0.117625624,-0.32858026,-0.008248255
0.6550325,1.021216,-0.008686617
-2.0418625,-0.57248354,0.02935816
-0.62195003,-0.76875746,0.003353573
-0.9030258,0.7319044,0.019212283
0.3497667,0.55957633,-0.006017432
0.4574751,-0.07599642,-0.013354868
1.3483019,-1.0283473,-0.03999631
-0.96576816,0.7048928,0.020105317
-0.030909806,0.5037739,0.001291558
1.0418882,-0.56045735,-0.029752903
-1.0047573,0.74690294,0.021039363
0.1603534,-1.5878243,-0.019329444
-2.2739875,0.8216351,0.039752707
-0.41432428,0.064062305,0.005523451
0.34916276,-1.0692037,-0.01912085
-0.5458875,0.21587032,0.009162549
0.84504634,-0.10712824,-0.021849051
0.8360578,-0.40577304,-0.024097785
-0.6851927,1.2206442,0.018726338
-0.8010477,0.1372285,0.013340447
1.2493769,0.09177647,-0.028848082
-0.79449254,-1.9240143,-0.002002306
-0.2847222,-0.59851444,-0.002090626
0.22495936,-1.238268,-0.017850846
0.28301203,0.25490037,-0.007049933
0.97622716,0.3356028,-0.02103518
-0.43414503,-0.45406783,0.002017774
-0.13869944,1.1448666,0.008222967
0.29264966,-0.16616406,-0.010609955
1.9116836,1.4993277,-0.031472027
1.111515,-0.65312845,-0.031987593
1.4275781,1.5524334,-0.020736076
0.38519412,-0.44181675,-0.01478342
-0.9645438,-0.037544537,0.015080024
-0.019984497,-0.124639206,-0.003796324
-1.0070133,1.1022418,0.02336473
1.1928794,1.5420417,-0.015820906
0.56420606,-0.2927917,-0.01737535
-0.471131,0.10033274,0.006890461
0.02335916,0.5206549,0.000334509
-1.4767672,-0.4112362,0.021448176
0.5250985,-1.2623683,-0.024468184
1.1589435,-1.3763213,-0.03885448
-0.14925344,0.64489126,0.004702605
-1.5047425,-0.24206205,0.022983495
0.08988989,0.99679375,0.002656899
-0.68810177,1.7686676,0.022396721
1.1048582,0.41051593,-0.023168385
-0.88379157,0.95976716,0.020392284
0.22917701,0.89673346,-0.000904903
-0.346096,-0.36052543,0.000976503
-0.8115885,-0.659399,0.00783848
1.1604022,0.1459532,-0.02651202
-0.92361283,1.7236681,0.025924128
-0.14216714,0.4887242,0.003385134
-0.010397083,-0.024267549,-0.003207728
2.2706847,-0.8770779,-0.05710286
0.12981056,0.2512793,-0.003919229
0.36053395,-1.3479483,-0.021646686
-0.015014236,-0.84398365,-0.009588249
0.14035472,1.9824075,0.009083867
-0.6943402,1.0001552,0.017394051
2.4565375,1.5031334,-0.042769402
-1.4043072,-0.69118875,0.018397268
-1.2446737,0.04036457,0.020475876
2.0557885,-0.19068344,-0.047808252
-0.30913204,-0.2379777,0.001174048
-1.1698647,-0.15389575,0.017912887
0.36835933,0.9120298,-0.003619447
-0.99737376,0.6469521,0.020260643
-0.5910123,0.4860617,0.011950202
-0.78052217,-1.3071625,0.002429679
0.6544788,-0.42156675,-0.020348795
-0.62598926,1.1274272,0.017060053
-0.6381336,-1.6482792,-0.003046833
1.5528742,1.4967369,-0.023864739
-1.4136596,1.9887651,0.03464659
0.33655185,0.103426024,-0.009371474
-2.1651356,-0.5049057,0.031528417
0.45384154,-1.8247422,-0.027571522
-0.5140621,-2.6866882,-0.013916343
-0.3274923,0.910736,0.010089472
1.1409525,-0.11971307,-0.028264806
1.0499979,-0.2511144,-0.02739966
1.7569717,0.92908573,-0.032809883
-0.14791319,0.01966218,-8.07E-05
0.1880715,2.4787078,0.011825316
0.8402998,-0.68187135,-0.026447907
-1.1976521,0.5655605,0.023070756
-0.5324036,-0.52308154,0.003438331
0.09843468,0.14776513,-0.004088
1.7410488,-1.1986587,-0.049316965
1.174551,0.7284587,-0.022061251
-0.4073356,0.31926677,0.007279515
-0.15687692,-1.2169741,-0.009599417
-0.2179425,-0.50510895,-0.002723053
0.14848295,-0.63188756,-0.011318818
-0.13963696,0.62619513,0.004373565
-0.025543226,0.96674347,0.00470449
-0.63478595,-1.5145398,-0.002077557
-0.11655915,0.02503411,-0.000670597
-0.21702586,0.3210326,0.003592208
2.6382048,0.56654096,-0.0534669
0.9610427,0.30484796,-0.020962134
-0.96923065,-1.118531,0.007500477
-0.4604695,0.7779181,0.011616647
-1.659025,-0.3834185,0.024593111
0.002332976,-0.91811085,-0.010544911
0.1038024,0.1573493,-0.004122868
0.26226157,-0.5145566,-0.012771405
-0.5800341,-1.1383337,-0.00028614
-0.88233924,0.37476185,0.016444258
-0.5331134,0.056498256,0.007756472
0.20732652,0.9883509,0.00024578
-2.4396615,1.5052792,0.044648986
-0.24743989,-0.79277027,-0.004364967
-0.77501166,-0.57537574,0.007753663
0.112417795,1.0098279,0.002309047
0.45221287,0.62664986,-0.007609382
-0.97080845,0.4899061,0.018766649
0.50020105,-0.10533258,-0.014495648
-0.7961795,-0.059173454,0.011865966
-0.8319831,0.8537915,0.01880239
0.14100713,-0.68478924,-0.011586577
0.764863,0.32576904,-0.016614042
0.10010083,-0.5153667,-0.009371311
1.7215071,-1.8733422,-0.054077595
1.8256494,0.23015764,-0.039841853
0.8533815,-0.27112007,-0.023366831
1.9077047,0.9472402,-0.035830125
1.0254583,-0.23212326,-0.026721328
-1.1403323,0.31898066,0.020531397
0.4340074,-0.2559687,-0.014313042
-0.49339598,-0.17477226,0.005281694
-0.27589604,0.8217748,0.008463066
-0.8518858,0.85660034,0.01916407
0.06250149,-1.5557783,-0.016977288
0.5812606,0.14815663,-0.014160574
0.578809,-1.530425,-0.027822673
-0.582337,1.2083769,0.016844012
-1.8958006,-1.621154,0.02070231
2.0002983,0.19550383,-0.043695427
0.6861394,3.45325,0.009611968
-0.101247355,1.2761173,0.00847574
-0.27979565,-1.1758149,-0.006711632
0.96433175,-1.2553045,-0.033778362
0.70468146,-0.72693586,-0.023918778
-1.6512177,-0.532927,0.023542061
-2.0822732,-0.08788869,0.032642305
-0.5903997,0.34129956,0.010904051
-0.05904315,-0.4428839,-0.005491987
0.44950894,-1.06508,-0.021231614
0.40037024,1.5658246,0.000832818
0.8439456,1.3523549,-0.009984113
1.6044052,-0.2203192,-0.038846105
-0.017413896,0.49653426,0.000966281
-0.24049363,-0.5990054,-0.002994195
1.0745634,-0.27016997,-0.028078713
-0.82400936,-0.3616494,0.010226231
-0.008778952,-0.000118533,-0.00305225
1.894375,0.738213,-0.037223138
-0.2608396,0.66307443,0.007004201
-0.8757535,0.00606038,0.013781589
0.64367974,1.3643192,-0.005714014
0.94975907,0.59091264,-0.018390432
0.5485826,-0.19809583,-0.016273685
0.61622447,-0.32491446,-0.01874455
-0.023207737,0.78750104,0.003302485
0.5778062,-1.328014,-0.026136264
1.3120263,1.1374003,-0.021657936
1.2119621,0.6140965,-0.023792371
3.0961313,-1.979268,-0.0779057
-1.761715,1.2759551,0.035543367
-1.4883655,0.89680994,0.029615935
1.2689962,0.82737416,-0.023269199
1.2946974,0.10324563,-0.029717878
-1.282742,-0.39639312,0.018252764
-1.225337,-1.9243821,0.006525494
-0.39033902,0.5378761,0.008560568
-1.2944584,-0.67631346,0.016582549
-1.1976913,-1.3937657,0.009837955
-0.9658612,-1.1234127,0.007400475
-0.8477798,0.28317562,0.015200466
0.42682648,-1.4585986,-0.02397596
-0.78300095,-0.98311037,0.004904583
2.1191714,-0.2906887,-0.049827754
0.2611857,-0.70728683,-0.01430542
1.2307378,0.39326718,-0.025994018
-0.06671813,0.51814044,0.002114818
0.34917456,-1.4823706,-0.022507295
0.91178554,-0.2830047,-0.024711244
2.220324,0.35482684,-0.04689323
1.198792,-1.6786655,-0.042113595
0.9184399,0.25060108,-0.020495914
0.45741183,0.43175018,-0.009273186
-0.85698843,-0.2651464,0.011528716
-0.15122934,1.1294202,0.00834842
-0.5052547,-1.3474306,-0.003418498
-1.7047952,-1.3534137,0.019202393
2.101997,-1.3421799,-0.05734618
0.20094931,1.0461394,0.000820003
1.9223388,-0.99986345,-0.0513625
1.7832967,0.21128897,-0.039115362
-1.9364108,-1.876128,0.019749407
-1.5173516,1.3004695,0.03232673
1.552861,1.5886716,-0.023114152
0.49041867,0.3991271,-0.010225393
-0.55548155,0.11712426,0.008625753
1.2347759,1.794103,-0.014659442
-1.8456951,0.83830065,0.034363836
1.7822198,-1.7783829,-0.054528937
-0.22718197,0.3802631,0.004238278
1.4649581,-0.7390175,-0.040098995
-0.26475418,-0.7199844,-0.003441721
-0.5474182,-0.23921615,0.005851194
-0.63470685,-1.4525164,-0.001599841
-0.1856249,0.3390923,0.003109649
-0.6411452,0.7742414,0.014893767
-0.15514152,0.35406154,0.00262031
-0.8259452,0.63792455,0.017242014
-0.18784939,-1.409796,-0.010493539
3.1182923,-0.41470698,-0.06879084
0.044042837,-0.18191865,-0.005561672
0.3578822,-0.24703607,-0.012632325
-0.38334215,0.095255405,0.005153462
0.36635938,0.43979254,-0.007311598
-0.21468239,-0.14487982,-4.08E-06
1.4523418,1.1697387,-0.02438756
1.0735068,-0.54518414,-0.030300647
-0.8180372,0.8360457,0.018442117
-1.9040772,-0.36636183,0.028491423
0.50626713,-0.014719692,-0.013891161
-0.9885096,-1.1585245,0.007577293
-0.9711972,-0.03179137,0.015238714
0.94912785,1.225591,-0.013223179
-0.4592642,-1.0500972,-0.002046034
2.1464248,0.091531135,-0.04744348
0.31118768,-0.23845853,-0.01157973
1.6222699,-1.302908,-0.047758542
-1.7471942,-0.0685627,0.027862512
0.52203345,-0.91684484,-0.021568581
-2.284673,-0.018811515,0.035750035
-2.375524,1.1978081,0.04264133
-0.30859944,1.9637326,0.017200518
-0.72589785,-0.15654667,0.009860866
0.40509456,-0.17615657,-0.013057046
0.19775447,-1.7983335,-0.021859683
-1.3162912,0.47936228,0.024450481
-0.6291657,-0.73135936,0.003776051
-0.5623888,0.512879,0.01161157
-2.5212572,1.9666774,0.04730968
1.3296204,-0.33041263,-0.033978216
0.107154645,0.32068688,-0.002912819
0.8211086,0.5781347,-0.015759401
0.57265,-0.22030245,-0.016965538
-0.48136726,-1.0806268,-0.001833916
-0.050270017,0.58752507,0.002317123
0.48350763,-0.25607264,-0.015362754
-0.07911598,0.8384739,0.004786827
1.1953318,1.389112,-0.017118223
-0.9987337,-1.1092746,0.008130118
0.19155678,0.19819802,-0.00560648
-0.3416814,0.7858133,0.009448491
-1.2962865,-1.0850039,0.01382418
0.31167606,-1.5441755,-0.02221167
-2.0267363,-0.029081184,0.032183472
0.33555758,0.58657604,-0.005510323
0.124015614,-1.5965677,-0.018624038
-2.2056267,1.9280636,0.04395131
-0.16515401,-0.91898656,-0.007056519
-0.16547506,0.48202023,0.003793508
0.20281444,0.45714897,-0.003800079
1.0401274,0.84391433,-0.01825454
0.67168444,0.41641882,-0.013903819
-0.3147982,0.2661654,0.005095184
2.0643601,0.13169417,-0.04548891
1.315146,0.10537667,-0.0301347
-1.2409428,0.5303652,0.023553744
-0.98476213,-0.8329875,0.00985875
1.0453975,0.1655316,-0.023899168
0.6234606,0.6674161,-0.010863267
1.1222574,1.2258034,-0.016893402
-1.2990689,-0.8724741,0.015333369
0.9561069,-2.6164694,-0.04463391
0.011695629,1.5433329,0.008291818
-1.6059108,-1.228838,0.018323176
-0.8515996,1.1659807,0.021201726
-1.3945109,-0.7740697,0.01767724
-0.9928491,0.6605975,0.020273581
-1.7796502,-0.8162454,0.023855757
-0.2844821,0.7631113,0.008195773
-0.5751518,-1.9510897,-0.006719105
0.7182565,-1.456828,-0.03019736
0.10643761,-0.20481022,-0.007032953
1.44203,0.26739654,-0.03150852
-0.4485203,1.4019284,0.015800979
1.2567425,1.4149823,-0.018214859
0.83163595,-0.29997858,-0.023138285
0.6804062,-0.87239194,-0.024591528
0.28335103,-0.5649497,-0.013623558
-0.46513167,-0.37711164,0.003212549
0.4762318,0.17957671,-0.011690706
-0.4086201,0.4422361,0.008208148
-0.40089422,0.47433814,0.008296192
0.07980603,-0.9552325,-0.012473613
-0.63541037,0.6471181,0.013902105
-0.12849863,0.39464134,0.002400719
0.025699664,-0.9715146,-0.011464551
-0.08638281,-2.0277343,-0.017656915
1.647415,-0.6992737,-0.043536425
-0.9169887,-0.8603898,0.008382347
0.050121605,-0.84013057,-0.01092308
1.24917,-2.7499988,-0.051579922
-1.7970667,0.05343744,0.029322706
1.0213991,0.5644505,-0.020132408
0.73414266,-0.071686834,-0.019194044
-0.35315272,-2.4945364,-0.015778176
-0.027070975,-0.59260434,-0.007336319
-0.29748124,-1.0489386,-0.005345933
-0.11824076,-0.47781885,-0.004548632
-1.1666056,-1.8931937,0.005620547
-0.7034085,1.823713,0.023005415
0.6375687,-0.42653704,-0.020028487
1.2833967,0.32933968,-0.027636796
0.23301311,0.16887575,-0.006695509
-1.0186845,-0.7062326,0.011394147
-0.6245384,0.95910805,0.015877686
0.12152366,-0.44847754,-0.009285077
-0.69050187,-1.0785748,0.002372973
-0.41569322,0.4031714,0.008056581
0.041367635,0.30686375,-0.001682371
1.8782122,-2.3515046,-0.060531586
0.39804354,1.9693036,0.003983483
-0.5182067,1.8523685,0.020087127
-0.25430977,-0.80994225,-0.004358485
0.40734148,-0.32061854,-0.014271557
0.48881444,-0.07874887,-0.014039613
-1.520847,0.44699565,0.027461894
0.2706145,-0.44947797,-0.012423158
1.0160165,0.092630066,-0.023867361
0.56061035,-0.36647958,-0.017898418
-0.5410638,-1.964747,-0.007535949
1.8629961,0.64499736,-0.037313655
0.5956829,0.88096803,-0.008569382
1.1597672,-1.1710783,-0.037212625
-0.21911211,0.028912611,0.001415581
-0.15626004,0.31255695,0.002326958
0.07560965,0.53050154,-0.000641339
-1.5420376,-1.6548839,0.014335074
-0.9346719,1.1347622,0.022384
0.57788783,0.9453484,-0.007684246
0.17369872,-0.25801778,-0.008855253
-0.26324803,-1.111254,-0.006544143
0.13673215,-0.41076818,-0.009301901
-0.36823824,1.1758318,0.012754086
-2.2946477,0.24353746,0.037203506
-0.2605727,-0.6869789,-0.003269792
0.9508011,0.90420336,-0.015864983
0.2395692,-1.7891968,-0.02268149
-1.0461186,-1.267768,0.007881388
-0.3874142,-0.2739062,0.00245703
0.15530574,1.9122277,0.008277968
1.0380297,0.6935709,-0.019434497
-1.2788906,0.287848,0.022638284
-0.12122469,1.3774242,0.009599675
-1.0058676,-1.215873,0.007491045
0.04729451,0.23992977,-0.0023233
0.8226205,1.9364115,-0.004865296
-0.1797062,-1.4763428,-0.011199012
-1.0205886,-1.4186678,0.006289966
0.5629875,-1.1499829,-0.024356417
-0.81745106,0.21954714,0.014213517
1.3741901,0.623685,-0.027172059
-0.03703112,1.4756196,0.008722056
1.7382687,0.2765972,-0.03765884
0.71160895,1.3006043,-0.007632166
0.37615952,0.10203607,-0.010211647
0.29462138,0.31487876,-0.006814823
0.042043615,-0.5447434,-0.008393735
-0.66667336,0.41022268,0.012805268
-1.3517243,1.619896,0.03175614
-1.6203467,0.76591307,0.030801993
-0.75304264,-0.9049374,0.004902199
0.6371954,-1.8191934,-0.03144698
0.17415163,-0.9792107,-0.0146631
0.19368978,-0.24258728,-0.009149537
-2.1281006,0.6126226,0.036922712
1.215554,1.2301396,-0.018844284
-0.5649561,-0.36981204,0.005221553
0.9740171,0.31261575,-0.021175534
0.67924714,-2.106845,-0.03470633
0.13585322,-0.46879888,-0.009747095
-1.5731055,-0.12460023,0.024816353
-2.610557,-0.67367816,0.036672857
-0.36855012,0.008107639,0.004212052
-0.89262384,1.8668165,0.026320051
0.5486331,-0.92550653,-0.022208333
-0.5486576,1.0023861,0.014817525
2.1131845,0.66001517,-0.042357862
-0.8860793,-0.7684021,0.008462794
1.094363,1.2610499,-0.016013727
-0.37907445,0.74182826,0.009834193
1.4092587,0.05713185,-0.03251984
-1.4921173,1.1812625,0.03129845
0.11062016,-0.04568246,-0.00586094
0.04337853,-0.95818377,-0.011729538
-0.31801075,0.34790826,0.005767837
-0.2043899,0.8816724,0.007537045
1.8634892,-1.9527764,-0.0573626
1.3679456,0.24000223,-0.030160822
-0.22117186,-0.32783493,-0.001283176
-1.4826329,-1.3620851,0.015269987
0.89653516,-0.21949229,-0.023866437
-0.038303763,-0.63848394,-0.00746686
-0.81820273,0.7916967,0.018146642
1.6617132,1.2397763,-0.02827616
2.0480947,0.005939066,-0.04613675
0.07203782,-1.100519,-0.013482131
0.44732317,0.46717444,-0.00877931
-0.486319,0.03241564,0.006681375
1.4651533,-2.0819955,-0.050674416
1.0667411,0.5829194,-0.02094867
0.43163496,0.21936968,-0.010434233
0.1614645,-1.1001171,-0.015374586
-0.14733271,0.23066382,0.001525194
-0.1112373,1.4199277,0.009721808
1.8732467,-0.24954736,-0.044597447
-0.24247131,-0.2496187,-0.000250638
0.75243205,-0.6939644,-0.024669506
-0.73995984,-1.7262458,-0.001580484
0.7032821,1.3740554,-0.006872445
1.1842042,-0.13557185,-0.029314362
0.8095418,-0.84343314,-0.02711428
-1.1002284,-1.2569809,0.008985549
-0.36085182,0.42268112,0.00714986
-0.20078856,-0.83811563,-0.0056808
-0.124637164,0.7528913,0.005033083
-0.2346714,1.1089222,0.009782199
0.15112184,0.25347617,-0.004339047
-1.062004,-1.2970446,0.007971309
0.62072426,2.906849,0.006755561
0.836763,2.0774276,-0.004036076
0.80208576,-0.048306804,-0.020452157
-1.0006629,-0.297013,0.013935216
-2.3888547,0.44868758,0.039370157
0.84976715,0.6515891,-0.015771441
-1.1388988,0.7581405,0.023332372
-0.38640225,-1.5916725,-0.007792749
-0.13392179,-1.0758111,-0.00895264
-0.39443088,-0.96588755,-0.002710909
0.04008827,-0.6291924,-0.009025686
0.2535779,-1.328563,-0.019199744
-1.2590244,1.1481056,0.027638115
-0.18262541,0.40378612,0.003540009
0.21504928,2.2745042,0.009821288
-0.18439852,-0.6078237,-0.004209884
1.9294518,-0.6787064,-0.049049877
0.36113,-1.7539101,-0.02499903
1.3240064,1.4581087,-0.01929669
0.57586414,-0.6088351,-0.020199947
0.1978897,0.98018426,0.000372417
-1.3877968,-1.6318136,0.011686217
-0.58898616,1.4402884,0.018539228
-1.272316,-0.11309153,0.019942164
-0.9260298,-1.4527048,0.004201621
1.1807655,0.7781819,-0.021788217
-0.80655515,-0.3478474,0.009998314
0.3165502,-0.26937732,-0.011941224
-0.52303356,-0.5152096,0.003313132
-0.480987,-1.5830534,-0.00576295
0.927172,0.6027465,-0.01781337
1.3205079,-0.3829794,-0.034211844
0.61857617,-0.2579621,-0.018249258
-0.03345432,0.8411116,0.003910825
-0.41469768,0.947703,0.011983372
0.54137933,-1.6804895,-0.028257221
-0.5096772,0.9939754,0.014053237
1.6068875,0.14795882,-0.03594576
1.118726,0.40061143,-0.023545116
-1.3648703,1.769298,0.03277726
0.46662575,1.420989,-0.001633957
-0.76059777,1.761893,0.023546427
-1.0623832,-1.0015641,0.01010634
0.31935245,-0.825136,-0.016495988
-2.168597,-0.4860647,0.03168149
-0.19687621,1.1974782,0.009714574
-1.1727425,-1.9331527,0.00544484
-0.4413822,0.4975101,0.009234142
-0.46980825,1.0857877,0.013974439
0.5734894,-0.8147173,-0.02183263
-0.18726435,-0.34781557,-0.002124965
2.611144,-0.1269952,-0.05800064
-0.26527527,-0.41538146,-0.001067996
0.2589392,-0.19254649,-0.010114551
1.11938,-1.0944016,-0.0357425
0.37550533,1.5339776,0.00108555
-1.4487871,-0.1971885,0.022350099
-0.9003741,0.87659967,0.02012571
-0.30566186,1.7543302,0.01569612
-1.7357051,-0.91856945,0.02250395
-0.84081465,0.10055222,0.01380707
1.6692524,0.56863374,-0.033868924
-1.3061095,1.7554358,0.031866744
-1.707612,-1.0520831,0.021193802
0.94804525,0.035954334,-0.022879325
-0.6948817,0.24216136,0.012134153
0.9581194,0.14357124,-0.022215731
0.8000127,-0.07634416,-0.020636678
1.1910268,0.5636505,-0.023757324
-0.38823617,1.5994681,0.016095415
-0.335781,-0.3089659,0.001164109
-0.29065192,-1.1434013,-0.006230883
1.273078,-0.64302206,-0.035318486
-0.66049165,-0.84017974,0.003575236
-0.43850312,-2.0279613,-0.010186315
-0.46168315,0.001759097,0.005978651
1.6860648,-1.8023093,-0.05285605
-0.19854487,0.5009481,0.004584961
-0.2259728,-0.17029178,2.75E-05
-1.3594474,-0.4600977,0.019151062
0.015203669,-0.15578109,-0.00476227
-0.3418202,0.6219246,0.008252531
-0.21689065,-0.048539814,0.000779115
-1.2356954,0.26449296,0.021775387
-0.4541279,-1.585485,-0.006337553
-1.3541641,1.2032859,0.029402856
-1.4812639,0.4436453,0.02683198
1.9791683,-0.2628716,-0.046835244
-0.17084259,-1.6411695,-0.012714356
-0.53422946,0.047120348,0.007709034
2.682924,0.23474473,-0.05673015
0.31847677,0.050044652,-0.009420224
-1.5449922,0.040035516,0.025380336
-1.0548673,0.23490211,0.018516935
-0.1411154,-1.6250308,-0.013212808
2.1576345,-0.2121254,-0.049986213
-2.1310165,-0.4763196,0.03119893
0.838051,1.5761511,-0.008063354
-0.21278842,-0.2557044,-0.000895552
1.5261779,-0.90603656,-0.04269129
-0.52941215,-0.61108327,0.002716288
2.6908739,0.7919862,-0.052811086
0.4069814,-0.27442285,-0.013890408
-0.26639652,-1.4747366,-0.009366445
0.29304287,-0.9468739,-0.01692658
0.68514144,1.2017299,-0.007870957
0.19958864,0.37963405,-0.00434266
3.098612,2.9767754,-0.044374496
-0.9431594,0.5516579,0.018701706
-0.27677035,-1.245373,-0.007325009
-0.45050454,0.5486827,0.009778138
0.80593187,-0.920131,-0.02766569
-0.10075769,0.68670005,0.00406687
0.08975871,-0.14496611,-0.006214023
-0.5523765,-0.19589087,0.00626792
-0.65540665,0.21816032,0.011232451
-2.2525277,0.66746944,0.038755704
-0.28856584,-0.68964756,-0.002719872
0.92662174,-0.6425197,-0.027968146
-1.80943,0.10100489,0.02977882
-0.60733426,-0.87740487,0.002245911
-0.6208702,0.09291346,0.009686172
-0.182546,1.1651418,0.00920682
-0.8243533,0.5355614,0.016516816
0.56296796,-0.019817619,-0.015132964
-0.9322593,0.16631071,0.015904218
1.6121259,-1.617324,-0.049992345
0.5744239,0.70129126,-0.009563163
-0.32253453,-0.17964233,0.001885325
-0.3072794,-0.5408416,-0.00118769
-0.49072638,-0.6771159,0.001448527
0.41026428,-2.1354008,-0.029203191
1.0060294,1.0054038,-0.01621557
-1.3397442,1.8133726,0.032668132
-2.0244873,0.45897263,0.03477247
1.0177716,-0.034349862,-0.024941817
-0.062808886,1.5965353,0.010098666
0.09530192,1.2340955,0.004354253
-0.20074819,-0.057197683,0.000389487
-1.2250855,2.0147178,0.032168847
-1.5215633,-1.0756799,0.017877702
0.5241196,-0.33110243,-0.01683423
1.9485354,0.3846168,-0.041151434
0.6992738,0.97289807,-0.009999886
-1.1526954,0.5055306,0.021946803
0.73531735,0.88311183,-0.011479281
0.5979077,0.9968674,-0.007689983
0.89419806,0.71759635,-0.016178727
0.7163048,0.33379596,-0.015518047
0.011321096,-0.081549644,-0.004100114
0.8626442,1.7476344,-0.007202447
-0.2610587,-0.42902717,-0.001258552
-1.0874192,0.027471354,0.017693616
0.3411414,0.10229605,-0.009476468
-0.17737918,-1.8291986,-0.014098577
-0.112037495,-1.0641164,-0.009316713
0.35780883,1.423761,0.000588141
0.55010164,-0.36804962,-0.01768747
-0.44954216,-1.1673522,-0.003153957
0.5603467,0.6024519,-0.010060631
-0.454025,-1.8369943,-0.008334324
-0.5395909,-1.1696465,-0.001342438
0.09274244,0.65923166,8.45E-06
0.8938464,0.35878894,-0.019089885
-0.85069,0.32576317,0.01554605
1.803657,0.1101009,-0.040340498
-1.0699873,-0.29268798,0.015212063
-0.8655788,-0.22579277,0.011966355
-0.02403479,0.74698615,0.003011048
-0.3220739,-0.9592232,-0.004137091
-0.106359206,-0.53662205,-0.005254723
-0.10782116,-0.4560794,-0.004592083
0.24463859,1.0013583,-0.000405297
-1.0205295,0.89133215,0.0222378
-0.28755698,0.40823102,0.005626284
1.1907697,0.6289089,-0.023219429
1.1615579,1.0168853,-0.019432008
0.5653795,-0.1667336,-0.016375832
-0.6502634,0.4625337,0.01287397
1.7177173,-0.81442857,-0.04586778
0.108664684,0.07049327,-0.004905112
1.0887334,0.18048482,-0.024701804
-1.9519905,-1.70685,0.021094516
-1.4649671,-1.4355389,0.014452603
1.4360064,0.8350572,-0.026766874
-1.6413506,-0.14169204,0.025790427
1.497613,0.44548613,-0.031241216
1.5407739,-0.58588225,-0.040445626
-0.93011206,-0.47424573,0.011398613
-1.2551779,-0.51247007,0.016996551
-0.19606037,0.27222022,0.00280904
-0.8338122,0.6532419,0.0174838
0.42027658,-1.493282,-0.024120867
0.03851477,0.7960225,0.002144106
0.70946777,0.50772625,-0.013964444
0.10008428,-0.17511696,-0.006666116
-0.3921393,-1.5050138,-0.006986275
0.740629,0.2844252,-0.016434997
-1.0086591,1.0790362,0.023243967
0.36807626,0.935564,-0.003428705
0.28801975,1.0311681,-0.001050822
2.3880422,1.4249678,-0.04198301
-0.8288101,-0.030047012,0.012672231
-1.2477088,1.4902419,0.02949239
-1.470698,0.2646758,0.025581416
1.0876706,1.1265234,-0.016965806
2.0347524,0.041286226,-0.045594342
1.5379794,1.7897673,-0.021154068
0.27833486,1.1330777,-6.38E-05
-1.401923,-0.71105397,0.01822453
0.13138828,-0.57917136,-0.010536887
-1.478656,-0.13736968,0.023216777
-0.005901854,-0.2226333,-0.004853651
0.11761629,0.34812808,-0.002911881
0.6821449,0.5897176,-0.012724668
-0.5058392,-1.6480356,-0.005761452
1.0190486,0.7630946,-0.018463835
-0.20058168,0.27758944,0.00293915
1.5646949,0.05727457,-0.035790935
1.6663221,-1.350226,-0.04900413
-0.6403975,-0.90344757,0.002703466
0.8219006,0.9531295,-0.012739331
-0.032680877,-0.8451194,-0.009227879
-1.4026563,-1.8703426,0.010277353
-1.3195593,-1.1466085,0.013819452
0.01988178,-1.356897,-0.014452808
-1.6433524,-1.1262901,0.01963494
2.1949737,0.35578704,-0.046378806
-0.25206307,1.0184371,0.009450618
-0.87343544,0.35561445,0.016155675
-1.3674569,0.8517035,0.027526353
0.7866197,1.3707526,-0.008635774
1.3169397,-1.8629591,-0.045997508
-1.1303655,0.4161683,0.0209965
0.25529546,1.4457457,0.002805799
-0.6923684,-1.245605,0.001144454
-0.19836132,1.8106835,0.014153395
-0.003748314,0.96142745,0.004236884
-0.11424744,0.46772057,0.002673984
-0.13750404,-0.02621978,-0.00064373
-0.7407143,1.4729499,0.021347638
1.5519497,-0.5187883,-0.0401417
1.8808808,-0.22197184,-0.044536546
0.6050331,-0.29134595,-0.01823268
-0.5439748,1.0125237,0.014803857
-1.483935,0.9422179,0.029813055
-0.6959219,-2.9339337,-0.012062892
0.13120604,1.9271476,0.008849487
-0.42000115,0.030895198,0.00538668
-0.3303802,0.72493064,0.008789748
0.87287045,0.61913764,-0.01652553
0.60804254,-0.31292006,-0.018472493
-0.4704439,-0.39520982,0.003180847
-0.14319946,-2.3325477,-0.01894296
-0.020826302,-0.43098292,-0.006187037
-0.74441016,-1.1408029,0.002969265
-1.3789524,-1.4579092,0.012739979
-0.7674307,0.48946136,0.015186343
-1.9464523,1.11305,0.037114795
1.5839983,-0.14224055,-0.037796594
-1.6903492,-1.7097514,0.016599067
0.15311687,-0.29724297,-0.008738488
2.2253911,0.34191394,-0.047093637
-0.520523,2.2986677,0.023059439
-1.2674924,-1.757995,0.008539215
1.5418228,0.45202363,-0.03212338
0.12822984,0.3390823,-0.003199242
-0.08142993,-2.3323195,-0.020266838
0.9260107,1.5557095,-0.010069415
-0.72554356,1.8145086,0.0233098
2.530184,0.94885993,-0.04850825
0.33679453,-0.113867685,-0.011117205
-0.7032469,0.30969152,0.012765925
0.14177437,-0.3992932,-0.00931567
-1.638207,0.66416055,0.03048363
-0.7924962,-0.6049787,0.007871203
-0.005912068,-1.1010225,-0.011840403
-0.43078017,2.1484742,0.020570599
0.15558513,-0.04469222,-0.006783195
0.2575591,1.2336044,0.001130767
-0.913996,0.072867714,0.014935415
-0.14175248,0.9770639,0.007039458
1.4844456,-1.9784437,-0.050255597
-0.2588033,0.21957287,0.003648616
0.5424957,-1.4407643,-0.026307464
-0.95383376,1.8394436,0.027107697
0.29026252,-1.0803759,-0.017955221
1.2801023,2.0823393,-0.013275728
-1.3887601,-1.174985,0.014869411
-1.2165936,-0.5836041,0.0158347
-1.2357315,0.6879136,0.02445751
0.64103824,-0.48426142,-0.020573847
-0.48627585,0.11151531,0.007263824
0.014668513,1.385736,0.007063985
0.5184219,0.97861004,-0.006184869
0.27991128,-1.2100407,-0.018793091
-0.50235724,0.12039335,0.00763718
0.42038465,0.17825137,-0.010528006
-0.77599305,-0.84924597,0.005760707
0.71226484,-0.7462153,-0.024238825
0.37045228,-0.057776984,-0.011374071
-0.20119232,0.29039973,0.003048286
-0.82702434,0.97347784,0.019515604
-0.52444166,0.39671174,0.010068692
0.6232787,-0.966747,-0.024143174
0.2043361,-1.8101686,-0.022098288
0.09491651,0.501879,-0.001253404
-1.1628009,0.6630228,0.023119405
0.015313555,-0.19063653,-0.0050385
0.44153044,0.07295628,-0.011818163
-0.09704627,0.37753978,0.001645044
-1.2811921,0.66112006,0.025017757
-0.43032956,-0.44077006,0.002042919
-0.46020254,-1.3112575,-0.00405819
1.5087217,1.1551237,-0.02570866
-0.40596873,2.7992032,0.024406202
0.5397301,0.17249577,-0.013086155
0.5209892,-0.1727606,-0.015482388
0.4267169,0.30778208,-0.009622961
0.52776843,0.22229135,-0.01243221
2.8602343,0.2847679,-0.059631586
0.41708177,-0.04718094,-0.012270287
-0.21022762,1.4578747,0.011852395
0.65773964,1.8145523,-0.002441004
0.93400097,0.37760672,-0.019792274
-0.81768674,0.14668815,0.013709463
0.43667257,-0.2290478,-0.0141517
-0.005876301,-0.44732577,-0.006625459
-0.68567204,0.10056828,0.010954578
0.67004085,-0.5762905,-0.02194541
-0.5811435,0.95410913,0.015065968
-0.07993352,1.7151226,0.011283442
-0.35279754,0.8857209,0.010383561
-0.59987056,0.7640087,0.014076453
-0.27105594,-0.8533286,-0.004354633
-0.06635771,-0.74970675,-0.007766366
-0.35263196,-0.667824,-0.001251131
-0.6607574,-0.338579,0.007301621
-0.81938237,1.1814388,0.02076035
0.19126461,-1.1854907,-0.016702496
0.061310876,1.2475774,0.005122282
-0.6100432,-2.3490198,-0.009158723
0.14564206,0.53313166,-0.002039366
0.31270018,0.040553216,-0.009375311
-2.2475092,-1.3499229,0.027957503
-0.72275627,-0.34033486,0.008471303
0.47794473,1.2396752,-0.003287576
-0.51990926,-0.04014654,0.006792449
1.6325624,-0.038060173,-0.037974127
0.40798944,2.1324728,0.005031779
-0.45420387,1.3282946,0.015390709
-1.0773003,0.028309597,0.017522745
-0.3910955,0.0902536,0.005267069
0.69051594,0.48300782,-0.013763562
0.8056338,0.91355175,-0.012715742
-1.079887,1.2417876,0.025413994
-1.270548,-0.60244083,0.016660262
0.3364122,-2.2920334,-0.02891554
1.5271662,0.4890842,-0.03151335
0.001854944,-1.4599602,-0.014906496
-1.212162,-2.2830017,0.003616937
-1.5246309,-0.92205226,0.018944085
0.93420404,2.0487282,-0.006281532
-0.96691686,-0.097273365,0.01471049
1.6455079,-0.23090874,-0.03978304
1.0899204,0.71685296,-0.020350836
-1.1833918,-1.1725328,0.011144452
0.24963984,-0.89740014,-0.015601508
1.3655233,-0.071337014,-0.03263679
-0.22288375,-1.5081093,-0.010546111
1.1856887,0.43766525,-0.024671316
0.13022782,-0.5160534,-0.01000721
0.620691,1.5204127,-0.004002556
1.2324156,0.23253667,-0.027340204
-0.20214297,-0.5029343,-0.003028087
0.10998211,0.36476848,-0.002626315
0.33881274,0.07727265,-0.009627849
0.22655839,0.43495503,-0.004461542
0.86091715,0.084735446,-0.020621821
0.77530354,-0.17466018,-0.020911798
0.1375882,-0.18862708,-0.007551193
-0.37648842,1.0138879,0.011749204
1.6058465,0.5166713,-0.032952353
0.7042628,-0.3406759,-0.020750917
-2.0243843,0.74488497,0.03625263
0.3195132,-0.624798,-0.0148734
-2.209177,-2.107446,0.022815108
0.14553514,0.37222728,-0.003293514
0.28522,-0.85387176,-0.016003907
-0.4620329,-1.8356622,-0.008156605
1.2066127,-0.7023691,-0.03439927
0.9256554,-1.1235511,-0.031881884
-0.0989615,1.1899906,0.007795699
-0.56288636,0.6844042,0.012840763
-0.831727,-0.9234752,0.006289974
-0.9104244,1.1646209,0.022174899
-0.5601872,-0.16243833,0.00666564
1.3292034,0.87172455,-0.024191707
-0.84533906,-1.1794337,0.004659958
-0.6055649,-1.2359419,-0.000521272
1.0987302,-0.5402134,-0.030796058
-1.4525119,1.1189088,0.030367903
-0.6542313,-0.2657216,0.007710517
-0.2014692,0.038767412,0.001138844
-0.9996818,-0.29789126,0.013911352
0.64695626,-0.94935447,-0.024507068
-0.25307342,-1.6478345,-0.011033237
-1.300991,-0.00652058,0.021118112
-2.007797,-0.5086288,0.029218987
-0.11331977,0.72651565,0.004613452
0.4221641,-1.921593,-0.027691811
-0.41850108,-0.17508037,0.003815785
-1.1854748,-0.044852722,0.01890824
-1.5504963,-0.7474401,0.020519659
-0.090130664,-0.79252005,-0.007611923
-0.20892155,1.0274816,0.008698206
-0.5456048,1.099763,0.015440606
-1.4318815,-0.79849726,0.018162817
-0.23265271,-0.7834353,-0.004595347
1.546124,-0.48924506,-0.03978523
-0.08025983,-0.75634325,-0.007530049
0.8033714,-0.91167074,-0.027541667
0.50831,0.44613424,-0.010223515
0.49019468,-0.26535928,-0.015579917
1.7640691,0.062306527,-0.039902374
0.08156745,2.184313,0.01167246
0.573597,-0.36712292,-0.018180206
-0.46102583,0.32834038,0.008372422
0.54897267,1.9397486,0.00074549
-0.23769279,0.332952,0.004088327
0.27782658,1.0147216,-0.000972368
1.8917652,0.5903406,-0.03834775
-0.5209604,-0.14823948,0.006013468
-0.46454096,0.16795701,0.007262394
2.174731,-0.72916186,-0.05420354
-0.58051854,-0.48298785,0.004681453
-0.32346457,-2.2749867,-0.014618434
-0.20305198,0.16807789,0.002156533
-0.62077063,0.09738158,0.009716593
0.9908114,-0.12650685,-0.02511926
0.04429422,-0.18005419,-0.005552173
0.27971655,0.6803579,-0.003623501
0.2543257,0.8387798,-0.001865879
1.9151663,0.13646607,-0.042422965
-1.0027299,0.003461807,0.016041946
-0.49205765,-2.3589144,-0.011722639
0.77317154,0.793324,-0.0130018
0.27206337,-0.3000771,-0.011252113
-0.53111905,1.0299336,0.014693514
-0.9046345,0.68959993,0.018958107
-0.7137698,-1.2252698,0.001724914
0.2356754,-0.2531146,-0.01011201
-0.6787052,0.4966455,0.013633672
-0.16726713,-3.0779152,-0.02460187
-0.8597979,0.32184935,0.015681587
1.4031698,1.6815888,-0.019160807
1.5333393,0.6925624,-0.029994212
0.4547076,-0.6270485,-0.017764814
0.800765,0.71769947,-0.014196895
0.4540854,-0.17685668,-0.014098115
0.5553595,-1.5865418,-0.027782723
-0.20769387,-0.022722028,0.000792816
-0.87226605,2.171803,0.027865171
-0.34207606,1.0101987,0.011082303
1.3242346,0.04276695,-0.03083647
-0.47640955,1.715336,0.018444426
0.9835895,0.93053836,-0.016347341
0.6402749,2.343013,0.002043061
-0.07701133,0.8095112,0.004527457
-0.45245087,-0.19382066,0.004340679
-0.5947326,0.51367766,0.01221538
0.19051892,-0.8268949,-0.013776958
-1.0948452,-0.5487056,0.013892613
0.038929883,1.9018614,0.010413107
-0.7142544,-0.49190855,0.007202283
0.49774387,-0.68843013,-0.019182608
-0.92543215,0.3807494,0.017243892
-1.1897377,-1.2397907,0.01078574
1.4414146,-0.14414124,-0.03482607
0.7730662,-1.2247648,-0.02946195
2.34492,0.01905366,-0.051894695
-0.46116918,0.9416243,0.012797151
0.14434534,1.6046128,0.006190829
0.9822036,-1.7314596,-0.038031854
0.81928664,-1.1189041,-0.029579759
-0.50503016,-0.16720858,0.005563989
-0.20952623,1.8827385,0.014864933
0.5285008,1.4531733,-0.0026429
1.3837333,1.7573868,-0.018127598
1.1311854,-1.1536484,-0.036471434
0.06555158,0.6550685,0.000522681
-0.41776037,1.1887833,0.013752949
0.9972846,0.5610049,-0.01964645
-1.2101123,-0.1710051,0.018495768
-1.0574809,-1.3691975,0.00736028
0.6248111,-0.3188012,-0.018877737
-0.56389475,1.2590135,0.016865466
-0.93170935,-1.2117653,0.006096788
-0.55102736,0.7816045,0.01331082
0.71220237,-0.30386636,-0.020619847
0.4209465,-1.377542,-0.023183614
0.36726376,-0.4960346,-0.014842525
0.008518864,1.5476358,0.008384414
-0.62184286,0.03954683,0.009318277
-1.6357338,0.78546524,0.031135276
0.98831177,0.74930155,-0.017921798
-0.11936085,-0.8521445,-0.0074775
0.5222054,1.0075268,-0.006033637
-0.11057352,0.9281284,0.006072074
0.058823757,1.5771321,0.007638678
-0.5719095,-0.71395695,0.002779573
0.7643808,0.040044397,-0.018928044
0.9474573,-0.47882894,-0.027073838
0.33988017,0.08577017,-0.009582229
0.8798186,1.6476545,-0.008362241
-0.06393854,-1.0267645,-0.010025121
1.0655937,0.25780627,-0.023576885
-0.10288728,-2.0020664,-0.017094031
0.46868795,0.70530397,-0.007325724
0.19109513,-1.6619947,-0.020595998
0.5696641,-0.4672937,-0.018912628
-0.5794354,1.3904703,0.018035572
2.3057714,-1.4918865,-0.062134385
-1.3445176,0.52444845,0.025180198
-2.1540282,1.2858509,0.040504236
-0.75353265,-1.0915639,0.003518589
0.43013373,0.09876333,-0.011370897
0.8755232,-1.6155349,-0.034840137
-0.20447604,-0.5033801,-0.002983987
0.27546555,0.66608846,-0.00364846
-0.14850384,-0.26570117,-0.002274849
-1.171417,-0.8697332,0.013051074
-0.6702089,1.6505486,0.02132732
0.36715323,0.81048214,-0.00439395
-0.1352682,-0.6134186,-0.005263284
0.15176848,-0.78139406,-0.012590878
0.4333042,-1.1848664,-0.021866634
0.051859163,0.81621796,0.002033003
-2.1693964,-1.11471,0.028141879
-1.4626728,-1.133478,0.016462877
0.73849535,-1.2406509,-0.028854452
0.111109115,-0.1721042,-0.006870687
-0.1261898,-0.77593637,-0.006732352
0.05485753,0.9662077,0.00311783
-1.059939,2.4336975,0.032174394
0.6731109,0.19994354,-0.015687294
-1.3751197,-0.4490164,0.019491445
-0.030999556,-0.12603848,-0.003581911
-1.1540012,-1.3632965,0.009235181
-0.42578617,-0.6886848,6.19E-05
0.23456047,1.2946658,0.002060093
-0.36666983,0.40945244,0.007163979
-1.367818,1.3883779,0.030673958
-0.70640385,0.510703,0.014234781
0.14876586,0.07193035,-0.005720057
-0.40995204,0.09358986,0.005658366
0.812703,-1.221768,-0.03028252
-0.8604642,-0.5772936,0.009360261
0.13854037,-1.0355833,-0.014364898
-0.032703817,0.34455273,0.000104509
-1.3300936,1.8866769,0.03293873
2.3525293,-0.48099557,-0.055745125
-0.06515895,-0.29863688,-0.004233286
-0.4553572,0.8876248,0.012305897
2.7383122,1.6789386,-0.047084287
-0.1911895,-0.488545,-0.003139399
-0.14725895,-0.099255115,-0.001010694
-0.12703428,1.5708804,0.011118218
1.3614912,0.47224182,-0.028134823
0.5995755,-0.49742576,-0.019796401
1.0126904,0.45882666,-0.020807907
1.2711413,-1.022033,-0.03833931
1.6466572,-0.97770846,-0.04571005
-0.08008118,-0.5668549,-0.006034851
0.63237953,-1.827909,-0.031415984
0.056550752,0.33507776,-0.001771152
-0.52911717,0.33850586,0.009735588
0.37901264,1.4099948,5.45E-05
-2.5517993,0.18975872,0.04010509
-1.067441,-1.4608434,0.006882064
-0.6306721,1.2315311,0.017851569
1.3734715,1.7854812,-0.017679602
0.013753927,-0.5964313,-0.008215599
1.0716684,0.7370324,-0.019797236
-1.755595,-0.3490456,0.026323292
-1.861902,-0.16467749,0.029028751
0.31224993,-0.061285093,-0.010180563
0.031305585,0.9002075,0.003081538
-1.3691307,-0.77506745,0.017228216
0.13147913,-0.10924904,-0.006795004
-0.1734712,-0.6552241,-0.004805699
2.291923,-0.75245076,-0.056591555
1.3173478,-1.1104451,-0.0400123
-0.31280294,-0.51535064,-0.000879578
-2.2888846,-0.4834081,0.033378072
-0.3606654,-0.9779217,-0.003493302
-0.68622506,-0.8827816,0.003761232
-1.175308,-0.21583875,0.017592832
-1.7079021,1.9492339,0.0382755
1.7218647,1.1852689,-0.029995501
0.6330026,0.465919,-0.012686878
0.8965277,-0.9193973,-0.029592104
0.36202696,-0.40332314,-0.013981402
-0.30060393,-0.9253934,-0.004312642
0.0945569,-0.16529438,-0.006473988
1.0028949,-1.495075,-0.036545753
-1.0062861,0.27267462,0.017927412
-1.8941613,0.43295437,0.032848798
1.2509353,0.09756931,-0.028834045
-1.1356344,-1.3987489,0.008633088
-0.51297337,-0.44569084,0.003637984
0.38011944,-0.6840608,-0.016641319
-0.54357785,0.49465078,0.01113157
0.5158342,0.8450779,-0.00719282
0.67247766,0.57698786,-0.012623459
-0.2899277,-2.0563354,-0.013553388
-1.1957936,0.03851642,0.019634921
0.7322268,-0.21800463,-0.020346358
-0.8129639,1.5463737,0.023023888
1.4927298,-0.1432846,-0.035896756
-0.17847313,0.30780572,0.00273104
-1.3830049,-0.49254122,0.019340582
0.99183947,0.9761007,-0.016152307
0.32248554,0.69787824,-0.00436306
-0.02505274,0.97585166,0.004763551
-0.54239047,-1.988058,-0.007693514
-1.28962,1.7049156,0.031344146
1.3448052,0.95201904,-0.023869604
0.4165407,0.2935295,-0.0095241
0.9742322,1.6059792,-0.010677546
0.09428154,-0.47284684,-0.008910522
-0.24593757,1.2515646,0.011029448
-2.1580827,1.4658214,0.04138157
-1.423392,-0.89694965,0.01736034
-0.57154924,-1.0284181,0.000384919
0.066013195,-0.0896094,-0.005287297
-0.5460649,-0.081118815,0.006993391
-0.28302926,1.7655252,0.015367903
0.9593872,0.44791573,-0.019760363
-0.15621725,0.606749,0.004552014
-1.1386768,-0.088922754,0.017805517
0.9347445,0.037458725,-0.022583127
1.6334935,1.016786,-0.02948773
1.000971,-0.4466866,-0.027952239
1.3544298,-0.773896,-0.038079955
0.07725678,-0.81678677,-0.011306047
-0.5213165,-2.5309885,-0.012496166
-2.2247174,-1.4825219,0.026835635
1.2611629,1.0290143,-0.021457106
1.2833833,-0.050007038,-0.030724227
-0.8002801,0.36538205,0.014916886
-0.30469275,-1.8630499,-0.011677764
-0.49932036,0.046734247,0.00703714
-0.5401523,0.5360253,0.011364315
-1.1902863,1.2287354,0.027064607
-1.1620618,-0.0730328,0.018317372
-0.13079391,0.7393262,0.005051434
-0.5002014,-0.99649084,-0.00080426
2.1111383,0.98498124,-0.03975738
0.5422641,-2.0452523,-0.03128299
0.2994454,-0.3269864,-0.012044542
0.40893656,-0.5338689,-0.016033575
0.7037199,-0.8113159,-0.024589486
0.16039102,0.17737278,-0.005128302
0.7471364,-0.06832708,-0.019443624
-2.222443,-0.104152344,0.03447985
0.88040185,0.18906912,-0.020186491
0.60992664,-0.011569424,-0.016062304
-0.68188924,0.90134406,0.016499415
0.9906271,0.03426954,-0.023802042
0.040634416,1.172152,0.004957944
1.6321974,-1.1395977,-0.04668472
0.10630874,-0.4353613,-0.008862712
0.3422335,0.5643497,-0.00582394
0.89326364,-0.4833139,-0.02595386
0.35319328,-0.31595394,-0.013089098
-0.35596025,-0.5633957,-0.000379793
1.3307077,0.48108214,-0.027407818
0.32020515,0.4622706,-0.006176531
0.09696183,-0.9952865,-0.013159014
-2.8758483,-0.856345,0.03909633
-1.3969195,0.7576492,0.027415775
-0.52559406,-1.466427,-0.003930584
-1.2416303,-0.12900469,0.019315016
0.721417,0.84872115,-0.011463814
0.6530755,-0.060761552,-0.017378911
-0.63648784,-0.9419597,0.002335422
0.28281572,0.19575591,-0.00751555
0.10474645,-0.37986574,-0.00838808
0.14532098,1.7656871,0.007378355
-0.8917579,1.0938318,0.021404512
0.23733322,1.535422,0.003846131
-0.56941694,-0.67393106,0.003032096
-2.0158546,-0.98276234,0.026572347
0.5932028,-1.7849398,-0.03022591
0.7876053,0.49299031,-0.015739366
0.5409964,0.6172521,-0.00953678
0.8282444,-1.1773031,-0.03024926
-0.5075564,0.35947883,0.009481195
-0.49501798,-0.16213578,0.005407289
-0.96761173,-1.8650798,0.001926146
0.7546443,0.83905375,-0.012241632
2.1885297,-0.679295,-0.05409661
0.08410632,0.045475073,-0.004596956
0.13300328,-1.4303664,-0.017457329
-0.016005179,-1.6965069,-0.016451716
-0.22122777,-1.9981713,-0.014539979
1.1724608,1.1237156,-0.01879359
-0.7960482,-1.8166902,-0.001142621
1.3174971,-0.34848046,-0.033868887
-1.323164,1.4175797,0.030187547
-0.3292375,-1.4078405,-0.007522851
1.174168,1.4663318,-0.016039431
-2.1517043,-1.3113992,0.02672138
0.8946518,0.31303996,-0.019479774
-0.31081408,-0.3432901,0.000402458
1.4449728,1.1791971,-0.024153262
-0.16852754,-0.843339,-0.006388493
-2.2235684,-0.9974405,0.02962058
-0.73775077,0.73020566,0.016315605
0.1312057,0.2059105,-0.004303865
0.058758687,1.3147913,0.005678065
0.52360517,0.6321162,-0.009054132
0.007741347,-0.009451723,-0.003462523
-1.0808725,-0.31329942,0.01526513
0.31833202,1.2699115,0.000190765
0.28148058,1.361112,0.001634464
0.45588169,-0.19214135,-0.014259733
0.781334,-1.0978136,-0.028597161
0.59650755,0.2819871,-0.013401225
0.9618542,-0.6090034,-0.028445214
0.30507976,-0.7693281,-0.015739255
-1.8563081,-2.0196652,0.017437316
-0.25265166,0.14219767,0.002942525
2.0883353,0.6078946,-0.042259015
-0.07546857,0.057792515,-0.001247287
-0.57514155,-1.8674914,-0.006058693
-1.2137319,-0.13317238,0.018809091
0.93841875,-1.1238642,-0.032155506
0.870076,0.8951161,-0.014227212
-0.64885366,0.6314643,0.014036443
0.27288324,-1.8817655,-0.024159595
2.0796611,-0.47157156,-0.05042752
-0.32506287,0.57127047,0.007559478
-1.0434153,-0.8068859,0.011138998
-0.2553534,1.1285969,0.010314871
-0.80288535,0.98951465,0.019208148
1.4067198,0.10018679,-0.032117173
-0.8125707,-2.0980756,-0.002984174
-0.29926798,0.14889878,0.003911421
0.82037294,-1.8304023,-0.035430014
-0.58763003,-0.82516134,0.002250604
-0.48617536,0.8445373,0.012567159
-0.158057,0.033930663,0.000232741
1.3279912,-1.0981714,-0.040134743
-0.8953413,0.72105104,0.019007847
0.8280108,0.90817857,-0.013231747
-0.03967028,-2.168727,-0.01981534
-0.67934835,-0.20871325,0.008604515
1.7275883,0.9282604,-0.03219655
0.22323814,1.6072385,0.004669458
-0.14466958,0.65995127,0.004726179
-2.0180676,0.8736203,0.036825348
1.0591159,-0.58711404,-0.030336857
0.73489344,1.4000719,-0.007322177
-0.016929554,-0.64796257,-0.007986479
1.5184081,1.128274,-0.026133798
0.87516,-1.2839165,-0.03212066
0.08543806,0.4560783,-0.001416944
1.0543953,-0.26141986,-0.02757755
-0.7535618,0.10226526,0.012223989
1.0865775,0.18259954,-0.024638548
1.7869393,-0.10151422,-0.041672267
-0.23728405,1.5550632,0.013048656
0.04777982,0.36796054,-0.001338072
2.06128,0.55803704,-0.042097263
1.0968065,-0.039786756,-0.026672103
1.1726956,-0.85704434,-0.034939244
0.24012603,0.35212392,-0.005393416
0.4741024,0.1656918,-0.011757605
0.42389968,-0.84604377,-0.018893518
1.5014949,1.5620832,-0.022234865
0.7389603,-0.02886386,-0.01894778
-0.046537794,0.4582795,0.001255155
0.768735,1.420418,-0.007864513
0.528683,-0.679654,-0.019771166
-1.0413214,0.05620941,0.017081149
-0.53900725,0.001259989,0.007463858
-0.15625751,0.5294217,0.003970124
0.22808973,-0.43019417,-0.011372693
1.4971718,0.74446833,-0.02880492
-0.9277118,0.60209405,0.01877192
-0.47025415,-0.28315336,0.004019722
0.6954191,2.681256,0.003559351
-0.09779364,0.5286344,0.002811104
-0.51160955,-0.3919262,0.004014738
-0.62391824,-1.0939274,0.000932589
-0.35558057,-0.78253174,-0.002078332
0.9327467,-0.77951473,-0.0292193
0.92397064,0.34732005,-0.019825317
-1.3011038,-1.2687098,0.012636088
-1.6025231,-0.36455694,0.023803465
-1.7869861,0.7357643,0.03300455
2.215882,0.3651358,-0.04672514
-0.061290156,-0.13574186,-0.003039032
0.21279454,-0.108433105,-0.008478515
-0.5863927,1.5476874,0.019217722
-1.4545736,-1.6308231,0.012917489
-2.206039,1.1237392,0.040362153
-1.477231,0.04855366,0.024354424
0.13324648,-0.49675,-0.009916022
1.5569022,-1.044805,-0.04441663
-1.186733,-1.3771895,0.009750959
2.2901971,-0.76566786,-0.056655675
0.5711801,0.37770486,-0.012094788
-0.016370004,0.8638022,0.003746286
-0.23667529,-0.15964249,0.000323996
0.48008198,-0.78973436,-0.01963275
0.01705182,0.40539324,-0.000427574
-1.8234304,0.12873103,0.030142754
0.77911955,0.7533936,-0.01345025
-2.5675597,0.77280766,0.04290717
-0.34228423,-1.3752704,-0.006993763
1.3759707,0.06719585,-0.03173416
-0.94479257,1.1981163,0.022957534
-0.06958794,0.15147232,-0.000641838
1.5212911,-1.1151872,-0.044246666
-0.32143787,-0.61702305,-0.001489714
-0.14443523,-0.67003,-0.005519755
-0.047888,1.2551192,0.007297456
-0.044086415,-1.2402537,-0.01215671
-0.4447296,1.6940042,0.017745763
-0.96234435,-0.2279313,0.01372141
1.0758305,0.031126572,-0.02564586
-0.38277516,1.1540866,0.012866639
-0.98184806,1.7855742,0.027214177
-0.48203772,1.3105073,0.015765682
2.4212108,0.48019624,-0.04991235
0.9923524,0.11086872,-0.02321335
-0.07455686,0.26053625,0.000298508
-0.7696007,1.08903,0.019300174
0.68876624,-0.060066927,-0.01813279
0.24866492,0.9166153,-0.001144841
-0.27464148,0.44526473,0.005651705
0.23388973,1.4821669,0.003508225
0.92131186,-0.30147165,-0.025065623
-0.78777176,-0.5189662,0.008407373
0.059565686,-0.97811824,-0.012231082
-0.63881505,1.6801896,0.020993453
0.31849217,0.75629187,-0.003821567
-0.6558093,-1.924186,-0.004839793
-1.2278582,-0.9670153,0.013401248
0.6847165,-2.5154793,-0.038172245
-0.12235905,0.9663641,0.006585561
-0.66077256,-0.47711888,0.006282501
-0.75003344,-1.2706333,0.002101526
-1.0419585,0.19101484,0.017999768
2.2240992,-1.3936191,-0.05996847
0.004267552,0.7757186,0.002669208
-0.046685234,-0.37863976,-0.005240992
-1.0621387,-0.824552,0.011360806
0.01787988,0.1858712,-0.002146006
-0.18112352,1.9377798,0.014738712
1.7678806,0.12026165,-0.039520405
0.2739591,0.3317437,-0.006253287
0.009203736,0.43650848,-2.94E-05
0.7080748,1.0011575,-0.009957448
-1.3187121,-1.8571472,0.008794546
1.3558898,-1.1722084,-0.041305162
-0.9047222,1.0741465,0.021493353
0.2509123,1.5501702,0.003690407
-1.0869635,0.59112823,0.021404654
-0.076272056,-1.575614,-0.014186673
-0.007052618,1.3965651,0.007562943
1.5952517,0.16436735,-0.035569936
1.4093908,-0.6858142,-0.038518086
-0.7778373,-0.4325144,0.008846335
1.0256425,0.06671275,-0.024284437
0.95666885,-1.944881,-0.039229043
-0.029355105,-0.5108017,-0.006641269
-0.640047,-0.5916494,0.005032055
1.7757419,-0.60936666,-0.045437016
-0.7051696,0.1674476,0.011793464
-0.6801323,-0.5364054,0.00621853
0.73561317,-0.6809108,-0.0242031
-0.44620353,1.1212105,0.013794422
1.5051734,1.089318,-0.02616918
-0.27645075,1.187046,0.01113325
0.18695916,1.4428653,0.004135028
0.5798818,0.094378516,-0.014566526
-0.65749305,1.4774208,0.019967884
0.55724293,0.46245298,-0.011119582
-1.2873789,-2.686863,0.002069771
0.4750164,0.04586116,-0.012741998
0.785238,1.288547,-0.009266451
-0.9075597,-0.53453916,0.010550115
1.9762155,-2.009161,-0.059858233
0.3560698,1.1971846,-0.001136899
-0.8854101,0.48952827,0.017278846
-0.7324081,0.68053496,0.01587928
1.6162964,0.45588836,-0.033663332
-0.1125649,2.198732,0.015338082
0.4299796,0.19427343,-0.010600783
1.8519583,1.4273095,-0.030790992
0.0694535,-0.25667965,-0.006677225
-0.5994196,1.620388,0.01992777
0.39030567,1.7429187,0.002401091
-0.40442067,0.7302759,0.010227189
0.1389038,0.071263574,-0.005521864
-1.0391896,0.32786867,0.01886573
0.4359132,1.793866,0.001883462
-1.5968792,1.4080353,0.03402246
2.8747494,0.09813487,-0.06119661
-0.6897875,-0.28337786,0.008259364
-1.9947895,-0.8685813,0.026924744
0.5852551,-2.0479243,-0.032222435
1.3345536,-0.17685196,-0.032837823
1.5600779,-0.8868646,-0.04323381
-1.7897865,0.47126707,0.031585757
-1.5403363,-3.0375595,0.004432119
1.6382192,1.6415458,-0.02450405
0.32142052,1.394373,0.001091465
1.0066724,-0.692198,-0.030079491
0.34223416,0.31509325,-0.00780189
0.008907408,0.91923034,0.003668331
-0.05159425,-0.43892643,-0.005614407
-1.581761,0.6589312,0.029623829
-0.17252879,-0.18661344,-0.00117515
-0.019014275,0.1736775,-0.001492173
-0.98482424,-2.0580635,0.000805467
-1.7149556,-2.427598,0.012139212
1.0065514,0.2328111,-0.022520915
1.2438339,-0.85855937,-0.036447875
0.7419746,0.36288577,-0.015826695
0.16253586,0.48495477,-0.002759114
0.10930759,-0.4081028,-0.008708037
-0.85005283,0.78494054,0.018653546
-0.08089706,1.303738,0.008290902
-0.87296283,-0.025431711,0.013510935
0.6721571,-1.4024048,-0.028765954
-0.8019774,1.067726,0.019713297
-0.42339417,-0.47402838,0.001652546
1.1689643,2.1050267,-0.010742895
0.3315433,-0.46120358,-0.013804413
0.16152582,1.0762492,0.001839995
1.0348313,1.0175734,-0.01672867
-1.9169316,1.1487513,0.036916405
0.057811484,-0.40657714,-0.007623725
-0.6165365,-1.9198983,-0.005615987
-1.1328279,1.6731169,0.02884641
0.6565183,1.1962187,-0.007318988
-0.31286284,-0.3023021,0.00075718
0.19405071,0.35523808,-0.004420728
-0.43518743,0.1239552,0.006372355
-0.26669458,1.1349423,0.010573808
1.5969833,-2.054194,-0.053040966
0.7592782,-1.3288876,-0.0300221
1.2022036,0.5522224,-0.024088986
-0.6899555,-0.821014,0.00429628
-0.72306967,0.9605919,0.01762876
0.84599066,0.7867462,-0.014595225
-1.1759555,-0.7583075,0.013907563
0.74975705,0.574013,-0.014280543
2.3725734,-1.3844779,-0.06257141
-0.2760899,0.23821935,0.004128687
-0.5368479,-2.2982361,-0.010288887
-0.7913629,0.9415741,0.018688679
-0.8659164,1.6007463,0.024233442
0.55596584,0.9123603,-0.007491149
-0.20478731,0.18462235,0.002316788
-0.77888566,-0.9432498,0.005120531
0.36266753,1.1494037,-0.001643516
0.32764417,-0.3629889,-0.012929142
0.03563591,1.2550131,0.00567922
-0.1928028,0.059346676,0.001123123
-0.7748214,-1.1509507,0.003491849
2.8075728,1.1673219,-0.052277997
-0.026962923,1.6177026,0.00957603
-1.6270859,-0.68624955,0.0221854
0.6648035,0.13841145,-0.016010202
-0.83086956,-1.1746044,0.004413463
-0.56861794,0.1988738,0.009468518
-0.8243197,0.087387376,0.013415139
-1.3976076,0.391798,0.025205437
1.1698707,-0.5774135,-0.03260763
0.50673556,0.43093866,-0.010312378
-1.4310106,-0.20648926,0.021997664
-0.97956413,0.16340522,0.016721569
1.1785799,1.4002856,-0.016670875
0.07010996,-0.48649913,-0.008515075
-0.09692453,-0.8562751,-0.007976808
-0.84525514,3.1410973,0.033107337
1.8241029,1.1420753,-0.03250722
-0.9632442,0.4848167,0.018602096
0.23821184,-1.9328642,-0.023836777
-0.69005525,0.50716454,0.013913725
0.30276215,-0.7249287,-0.015329778
0.34266236,0.12004111,-0.00936643
1.576492,-0.6285183,-0.04152208
-1.291939,0.5608315,0.024567101
0.5288654,0.12474999,-0.013242126
0.5247825,0.53180814,-0.009881869
0.2708634,1.3295473,0.001603678
-1.5921104,0.29564428,0.02765233
-0.49373806,1.0271916,0.013997167
0.51330435,0.149057,-0.012717582
-0.55426145,0.13372979,0.008723594
0.07261689,1.8569895,0.009446636
-0.21163088,-0.4053104,-0.002076291
-0.5839822,2.3290813,0.024292015
1.0358676,2.464921,-0.005062021
0.007969215,-0.14375885,-0.004519247
-0.8784611,-0.04761717,0.013455819
1.138466,0.24413829,-0.025243163
-0.59158975,-1.6441939,-0.003966823
0.6403683,-0.3984325,-0.019858867
0.40618238,0.31215873,-0.009158589
-0.6626997,-0.7935701,0.003967807
0.8973184,-0.22123368,-0.023897395
-1.9671522,1.4783462,0.039175346
1.2644628,0.030469883,-0.02966787
-0.22331983,-0.388545,-0.001709305
-0.5479612,1.8268976,0.020424731
1.2451588,-0.6101826,-0.03446444
-2.0508378,-0.7216537,0.028634511
0.067714274,-0.6523114,-0.00978788
-0.46708053,-2.2673585,-0.011510976
-0.22680974,0.5064204,0.005178072
1.2619598,-0.21071008,-0.031576492
-0.13786279,-1.1666561,-0.009595357
1.4373609,0.24278843,-0.031609237
0.26511157,1.6000491,0.003790259
1.8860528,1.8501297,-0.028084941
0.21008895,-0.29513738,-0.009912394
1.1812743,-0.1320857,-0.02922365
-0.023646096,2.9810643,0.01918814
0.5695765,0.5819576,-0.010418609
0.027590796,-0.05113877,-0.004195295
0.65746146,0.2989216,-0.014553539
0.94567764,0.19412944,-0.021537617
1.3698207,0.3384536,-0.029400319
0.24577855,-0.5034251,-0.012334071
-0.5041616,0.5358843,0.0106925
0.42367598,0.3022108,-0.009603918
-0.8877958,-0.09207972,0.01331469
-0.32991955,-0.6999838,-0.001959644
1.6116085,-0.5146711,-0.04134073
0.12629066,0.82619405,0.000622198
1.1061882,-0.8715276,-0.033652842
-0.040452298,0.66478014,0.002710812
-0.92088586,-1.5413597,0.003438376
0.14313701,0.19994989,-0.004595704
-0.7314004,1.5668771,0.021805286
-1.6186684,-0.56861776,0.022789422
0.1439701,0.7985075,5.33E-05
1.1541382,1.9079387,-0.012027152
0.6314431,0.8405675,-0.009640515
-0.6759768,-1.364316,-8.94E-05
0.46834072,-1.1395608,-0.022244945
-0.7750825,-0.60485744,0.007539675
-1.0929013,0.4130369,0.02034463
-0.04357644,-0.40881893,-0.005542599
0.68653035,-0.02012618,-0.017760172
-0.5154498,1.0004915,0.014203772
0.2621151,0.34499657,-0.005903579
0.005584662,-0.50678194,-0.007333867
-0.7470385,0.032056488,0.011605289
-2.0124855,-2.2030253,0.018927746
-2.2960012,-1.1278903,0.02994638
-0.16293319,0.44554266,0.003467761
0.21319306,0.21532342,-0.005917907
1.6081527,1.3893639,-0.02591896
-0.28300682,-0.3701963,-0.000362448
1.1513352,0.70650184,-0.021745116
-2.1154408,1.0676265,0.03900598
0.5448571,1.1079928,-0.005705036
0.9142056,-1.2661458,-0.03280443
0.35320055,-0.54391056,-0.014932253
1.212378,1.7594174,-0.014466338
-0.70899564,-1.21,0.001745723
0.38025293,1.2329307,-0.001348667
-0.6419318,0.94570076,0.016095012
-0.6579917,0.64333534,0.014285043
1.6503611,-0.42610213,-0.041435428
-2.4174225,0.2362601,0.038703088
0.25399682,-0.028569736,-0.00870119
-0.23459305,-0.52768975,-0.002559692
-1.4677954,0.40957123,0.026417218
-0.14632343,0.19584085,0.001238905
-0.3800305,1.7337308,0.01687831
-1.1163113,-0.34909156,0.015651852
-0.13787824,-0.4228775,-0.003716074
-0.095293626,-0.21155393,-0.002936639
0.02685454,0.29087773,-0.001512289
1.134324,0.82814395,-0.020390198
0.3830556,0.21387626,-0.009460844
-0.11110319,-0.618179,-0.005798951
-0.46960866,-0.90486056,-0.000716232
1.1215342,0.18612497,-0.025355488
2.4831111,-0.004058824,-0.054714322
0.9854497,1.2595063,-0.01371672
-0.38474035,-0.07403386,0.003912509
1.2068357,2.0412796,-0.012058906
-1.0333092,-0.16615479,0.015425265
-0.8570634,0.36352894,0.015919115
-0.38353777,1.7048308,0.016741067
-0.04794141,0.58155704,0.002225384
0.9013722,0.2082146,-0.02047757
0.3180919,0.75221366,-0.003845409
0.1941636,-1.6469474,-0.020538166
-0.34605443,0.14627163,0.004807808
-1.2011501,-1.8889312,0.006319389
0.5433939,0.49716702,-0.01054991
-1.4180434,0.7924589,0.027946565
0.1261363,1.1232361,0.002903044
-0.045876723,0.27461806,-0.000169434
-1.5786711,0.2652103,0.027265348
1.1458389,-1.1299772,-0.03658744
0.06990708,0.24820207,-0.002719186
0.58468825,-0.5312857,-0.019755095
-0.7761447,-1.6456871,-0.000230834
-0.8810747,-0.09605036,0.013164327
0.6600823,0.6254477,-0.011971392
-1.6415348,-0.7178012,0.022223644
0.64038914,-0.026295103,-0.016828999
0.13528995,-1.0891538,-0.014730066
-0.15795146,0.8510695,0.006415024
-0.79010934,0.597841,0.016336598
1.0013398,-0.9961702,-0.032448016
-0.24679002,-0.92013514,-0.005377732
-0.35212412,-0.8056079,-0.002327405
2.3167331,-1.3625176,-0.06142208
1.740598,-1.9644501,-0.055127084
0.039262652,0.47652492,-0.00032571
0.78966576,-2.077833,-0.036804378
-0.003254056,-1.4968235,-0.015097402
1.1637357,0.4567088,-0.024047643
0.8320613,-1.1886089,-0.030423217
0.7693328,-0.45198578,-0.023050264
0.1681353,-0.35353562,-0.009501345
2.0875854,1.2020108,-0.037547983
-1.444466,0.9450682,0.02924338
0.5312211,0.6418036,-0.009135805
0.6478135,-1.2251852,-0.026789352
-1.2005893,0.97319275,0.025665969
0.053713597,-2.1296122,-0.021497563
-0.81666684,-1.0754178,0.004874334
-0.22565763,-0.1372262,0.000274993
-1.2556964,0.6023762,0.024244256
1.1907481,-0.20910089,-0.030052468
-0.44005525,1.4116784,0.015717283
-0.0229526,0.10534146,-0.001942694
3.200751,0.64772457,-0.06318276
1.2858162,0.30929318,-0.027851596
0.4068065,-1.5839196,-0.02457808
-1.8268203,-0.20417684,0.028273039
-1.0348816,1.0511249,0.023494557
1.0149952,-0.95478845,-0.03239999
0.42579082,0.6615842,-0.006782785
-0.2887424,1.3017507,0.012186736
0.5469224,-0.26762366,-0.016803138
-0.7256656,0.051747613,0.011349358
-1.4517248,-0.2536512,0.022039495
-0.03479739,0.6384558,0.002398178
-0.17746654,-1.3346106,-0.010109
0.51145273,2.1836507,0.003380746
0.81276697,0.753403,-0.01416184
-0.5103571,0.3351985,0.00935781
0.73055905,-0.7900092,-0.024988718
-0.022032931,-1.5836313,-0.015403912
0.42317924,-0.036921527,-0.012316152
0.1463064,-2.5225585,-0.026741818
-0.16535766,-0.5560887,-0.004195243
0.796255,0.3722455,-0.01690352
1.29987,-0.31471607,-0.033223078
-1.4743048,-0.75690126,0.01916632
-1.0797296,0.66176134,0.021740835
-0.516871,0.021684386,0.007189669
-1.2970666,-0.05623362,0.020730551
-0.85482293,0.9242845,0.0196646
0.97655755,0.81478184,-0.017139018
0.23318322,-0.76158047,-0.014151759
0.9548778,-0.79699546,-0.029833578
0.6433866,0.31348202,-0.01413779
0.8366425,-1.6877979,-0.034608
0.91501963,-0.777248,-0.02882298
-1.0463474,-0.25686693,0.015035287
-1.6061188,-1.3674306,0.017409325
0.9680451,-0.8437121,-0.030495659
1.4554049,-1.1723353,-0.043353043
-0.934749,-0.6843111,0.009986829
-0.80122954,0.30861965,0.014540184
-0.43445945,-0.1111931,0.004607491
0.37506253,-0.5537113,-0.0154754
0.9735567,-0.19719417,-0.025328584
0.34273434,-1.8814191,-0.025656164
-0.49479157,0.59468216,0.010940522
0.23844627,-1.1314516,-0.017267205
0.6967631,0.5481181,-0.013369285
-0.09803723,-2.077439,-0.017815009
-1.1489496,-0.2992637,0.016568664
1.0572923,-0.6680352,-0.03095834
0.40194288,-0.2299513,-0.013424635
-1.4505848,-2.2156687,0.008710846
-0.6769947,-1.2615021,0.000716426
-0.5672041,-0.57544327,0.003729001
0.32538506,-0.16943164,-0.011323646
-0.5814474,-1.0152979,0.000683196
-0.74989015,-0.44714493,0.008209802
2.1384807,-1.0711888,-0.056044385
-0.15301654,0.2748512,0.00197544
-0.3367968,1.6811951,0.015744105
-0.8579297,-0.44812515,0.010241084
-0.8756958,1.9291322,0.026438214
2.2313995,-0.13946655,-0.05088
-0.10251265,1.7322543,0.011828303
0.6626475,0.15915762,-0.01579611
-1.6383568,1.5366454,0.035268426
-0.022404894,-0.07859103,-0.003386773
-1.4227691,-0.52430665,0.019809667
-0.70670253,1.1488595,0.01861589
0.46005657,1.2524459,-0.002821229
1.3799224,1.1807694,-0.022752687
-0.15072095,0.86006814,0.006342165
-0.7560153,1.88707,0.024268836
-2.1056588,0.08706132,0.033905927
-0.38932666,1.3839957,0.014610987
-0.76293904,0.66152406,0.016291305
0.6169141,-0.28400683,-0.018425979
-0.06309868,-1.474858,-0.013649531
-1.6966232,0.13707371,0.028304607
1.0816603,0.49519265,-0.021982513
-3.0758479,-1.1419464,0.040161025
-0.052192934,-0.15197085,-0.003351383
1.549533,0.8903205,-0.028732039
-1.5758687,0.01847254,0.025735278
-0.47511676,-0.8298618,-2.97E-05
0.19834785,1.0409541,0.0008322
0.27340773,-0.7075711,-0.014566623
-0.55679154,-0.9131599,0.000969186
-1.7970569,0.7712907,0.033337507
0.24206112,1.5118737,0.003573269
-0.94915223,-0.015162752,0.014958464
0.9707786,0.5187273,-0.019426085
0.9528183,0.41015297,-0.019928113
-0.6384856,0.36528954,0.011967927
0.6702599,-1.3832155,-0.028567716
-1.644462,0.9157236,0.03199005
1.757814,-0.09064725,-0.040987305
-0.13121174,1.6362826,0.01166936
-0.572578,-2.1372724,-0.008251391
-0.023093885,1.538714,0.008921664
-0.30593315,0.17900652,0.004268587
0.20000812,-0.24210279,-0.009277679
0.32012463,-1.1139319,-0.018866338
0.545321,1.7925042,-0.000327498
-0.4113169,0.23097482,0.006704077
-0.06019547,0.5699807,0.002380461
0.56272745,0.4698375,-0.011175483
-1.1174272,1.7399237,0.029009558
-1.5618148,0.04039362,0.02564774
1.6613095,-0.033784546,-0.038537994
0.5330352,0.5947491,-0.009550415
0.48079392,-0.099591985,-0.014038451
2.0396776,0.51325285,-0.042007193
0.901195,0.7512173,-0.016054265
0.2810687,-0.91000634,-0.016371876
-0.16820668,-1.5016894,-0.011645116
-0.23606117,-1.9502174,-0.013835289
0.014370706,0.74992144,0.002271965
-0.48000833,0.16489147,0.007536314
-1.5932559,-0.92069656,0.020120203
-0.72277033,0.42472535,0.013930511
-1.0834355,-0.01840588,0.017315466
1.0988547,0.5999732,-0.02149456
0.042650852,-1.4988357,-0.01609014
0.22919494,-1.2082498,-0.017696239
0.7488797,-0.71139526,-0.02473633
0.22656572,-0.043621052,-0.008249335
0.9667348,-1.8983791,-0.039062396
-0.4345373,-0.21229006,0.003851011
0.22942284,0.3190338,-0.005433857
-0.6757698,0.07107758,0.010558505
0.71773744,0.57845926,-0.013567284
1.5649853,-0.38917708,-0.03937705
0.17924063,0.56336147,-0.002487235
-0.7882079,-0.25010812,0.010356259
0.9155239,-0.8761125,-0.029642597
-0.6466204,-0.8569408,0.003176443
0.66889775,-1.3611261,-0.028357081
-0.36418816,0.041171882,0.004374735
-1.2607856,-0.48709556,0.01726523
-1.6225052,0.62938863,0.030054968
0.26406687,1.7997295,0.005327657
1.0782847,-0.013267466,-0.026060663
-0.055997096,0.042891473,-0.001757108
1.0410014,-1.1253852,-0.034341127
0.6079836,0.4353348,-0.012405932
0.77832925,0.12393652,-0.018541932
0.80710876,1.4520855,-0.008411787
1.2144072,0.41649282,-0.025456443
-1.126012,-0.17363864,0.017014612
-1.0629627,0.02817598,0.017271172
0.7453288,0.37532488,-0.015796944
0.09914748,0.6516674,-0.000178918
0.8847607,-0.82956654,-0.02860602
0.43400985,-1.3974923,-0.02362746
0.91964567,1.2695628,-0.012244776
-0.007170441,-1.8142962,-0.017602518
-1.0746899,-1.0151615,0.010239378
1.4843676,0.45039612,-0.0309209
0.21075618,0.059367817,-0.007102266
-0.30502003,0.33382982,0.005410433
0.13113214,0.6776501,-0.000622846
1.5051259,0.3518979,-0.032158375
0.39463636,0.13280235,-0.010352418
-1.8062681,-0.46270567,0.026428808
-1.2162415,-0.4877049,0.016479176
-1.1827532,0.53020984,0.022601482
-1.830068,-0.35649005,0.027427368
0.9723562,0.54594153,-0.01923798
-2.2150028,-0.23459408,0.03368964
-0.10051282,-0.48887923,-0.004999772
0.63265604,1.7583745,-0.002370678
0.7469703,1.2315173,-0.008923285
0.2553245,-0.5174085,-0.012648031
-0.6692694,-1.334002,7.95E-06
1.6158124,0.33472803,-0.034630023
-0.84683615,1.9618658,0.026186723
-1.4555898,0.3614715,0.025934417
0.5939693,2.0970237,0.001062669
1.406831,-1.9350874,-0.048374727
-1.1172844,-0.035286505,0.017792694
0.7327556,0.20135649,-0.016942501
0.71348226,-0.060874,-0.018665724
-0.6926732,-0.42652056,0.007268176
0.27103606,0.8088414,-0.002439685
0.13157004,-0.6243566,-0.010902956
0.39499542,0.22637202,-0.009610638
0.3351196,0.44601753,-0.006614097
0.6693211,-0.6794285,-0.022773854
-1.2327,-0.7331097,0.015101183
-1.6768913,0.066508174,0.027588986
1.0473309,-1.5418377,-0.03785877
0.058121346,-1.2977557,-0.014784507
-1.4756033,-0.21306081,0.022689939
-0.12350157,-0.23657863,-0.00255692
0.62243766,0.48204386,-0.012334064
-0.71218216,0.7120628,0.015735988
0.7104065,0.6987005,-0.012441345
1.072268,-0.40965804,-0.029168397
0.27174625,0.2173213,-0.007114418
1.908085,1.4290704,-0.031963475
0.5561425,-0.118536,-0.015788518
-0.45106316,1.4699054,0.016317349
-0.23761933,-0.9760623,-0.006007284
-0.67441463,0.806051,0.015710633
0.5008899,-1.913852,-0.029314443
-0.8917148,0.44571,0.017092377
0.39279604,-0.06925427,-0.011936449
-0.386451,-0.539421,0.000416242
0.4820987,1.326896,-0.002686925
-0.17698058,0.08585177,0.001009792
0.16794008,-2.6240137,-0.028049946
-0.2987007,-0.06379832,0.00229229
-0.5283265,-1.6637737,-0.005421117
0.73942083,-0.74536484,-0.024812393
0.84177405,2.2796495,-0.002536014
-0.54294485,0.5510533,0.01152372
1.2399398,0.99229306,-0.021303937
-0.31982714,0.26447874,0.005180545
-0.26818162,-0.5392118,-0.0019667
0.40955773,0.50816774,-0.007665552
0.2530236,-0.93098825,-0.01594618
-0.26761776,-2.5168228,-0.017791197
1.4344885,-0.51068455,-0.03763447
-0.38017017,-0.72428036,-0.001130223
-0.28714776,-0.9824216,-0.005036116
-0.5537526,-1.0631361,-0.000237934
3.1734502,-0.88233,-0.07259661
-0.6950559,-0.961272,0.003346123
0.061727475,0.8309943,0.001949593
-1.5765384,0.94310397,0.031170692
-0.25845137,-0.057275314,0.001542009
0.49196628,1.2914361,-0.00316745
1.0364776,-0.4614146,-0.028829038
-0.3543608,-0.36953664,0.00107275
2.0964003,1.3586972,-0.036482915
1.1940781,2.4870343,-0.008181587
-0.6031053,2.0633276,0.022898939
0.82556784,-1.0861765,-0.02944547
-0.4772675,0.9357383,0.013050858
1.2978866,-1.5805635,-0.04336918
0.8949642,-1.233908,-0.032132298
-0.31681526,0.48077688,0.006731987
-0.011742227,-1.0037705,-0.010936238
0.13499063,-0.6124629,-0.01087939
1.2677642,0.07324213,-0.029389858
2.9768753,1.4733716,-0.05326829
-0.03934429,1.0989612,0.005967155
0.5398478,-2.1674266,-0.032238953
-1.1824203,-1.9283799,0.005667605
0.88338935,1.1574249,-0.012386128
-0.19909813,0.83200705,0.007067531
0.4183527,0.30192718,-0.009494826
0.17166957,0.76205933,-0.000787437
-2.1857738,-1.352284,0.027004056
1.2193283,-0.7805113,-0.03530088
-1.1784621,0.30082467,0.021054715
1.9734459,0.84197646,-0.03804099
-1.2194916,-0.93222684,0.013490822
0.5777239,0.049550354,-0.014883772
0.8791724,-0.6009373,-0.026615426
0.29953513,0.30885443,-0.006964512
1.4179546,0.47112915,-0.029343918
0.48273993,0.47913444,-0.009423718
-0.6691342,-0.49696645,0.006297365
-1.3238695,-0.39774626,0.018952169
0.20647338,1.87314,0.007001042
-0.4188179,0.7116372,0.010362532
0.4707829,-0.44511566,-0.01662688
0.32533878,1.1507304,-0.000876144
0.9169375,0.68456775,-0.016930252
-0.5144677,1.0954126,0.014850568
0.44551846,-0.6331863,-0.017619103
-1.2646343,0.987756,0.026758183
1.5795927,0.25893235,-0.034479514
-1.8940022,0.30088803,0.032122906
-0.49746907,1.0592304,0.014289975
-0.34286368,0.6960548,0.008815598
0.8280211,1.1089778,-0.011610091
-0.7529475,0.69652253,0.016354084
-0.08248999,-1.4462779,-0.013007954
0.909663,1.9222344,-0.00678356
-0.7800412,-0.053100623,0.011610724
0.47578597,-0.07748074,-0.013753839
1.1506951,1.5117817,-0.015171163
-1.1984469,1.1045878,0.02643738
0.82271737,1.4642738,-0.00864023
-0.11896484,-0.12250878,-0.001763225
0.8932592,-0.61006504,-0.026990823
-0.99226683,-0.6550386,0.011267651
0.30712658,1.3424703,0.000977278
0.46767157,-0.01677772,-0.01309225
0.5839277,1.3273666,-0.004773073
-0.04271325,1.177501,0.006619543
1.759248,0.37865582,-0.037279956
-0.2055162,0.005848012,0.000967927
1.6134136,-1.4745896,-0.0489147
-0.13303779,-0.6992096,-0.00598482
0.47403556,1.292868,-0.00278943
1.1143062,1.2389853,-0.016617045
-0.05397175,-1.0798962,-0.010659769
-1.2619827,-0.16163895,0.019447941
0.4338831,-0.19130415,-0.013787583
-0.42525798,1.4304215,0.015582632
-0.55735934,0.4171172,0.010831989
0.00938301,-0.23560518,-0.005270205
-0.5845806,0.02694635,0.008521061
-0.003492514,-0.26858556,-0.005264588
0.33466998,0.8250535,-0.003612749
-1.0744671,-1.198811,0.008918051
-0.000354481,3.3000255,0.020947292
-0.4990275,0.88396305,0.013082907
0.19234888,-1.3393728,-0.017980538
1.0571412,-0.572744,-0.030177608
-0.27615288,0.32289296,0.004765831
-0.7536833,0.25410694,0.01329701
-0.19918625,-1.6754557,-0.012392156
-0.21201174,-0.3600748,-0.001718
0.20791681,1.0269979,0.000532471
-2.5601346,-0.27450806,0.037999127
-0.3342656,0.2754094,0.005543068
-0.17202689,-2.6587307,-0.021015719
1.615314,-1.3085485,-0.047663167
-0.30028662,1.5610634,0.014242746
-0.9467911,-2.6833675,-0.004805908
0.5795757,0.58637786,-0.010592923
1.1314931,0.61047953,-0.022105113
-0.3509856,-0.7323607,-0.001783118
1.9781777,0.105930045,-0.043946534
-0.56566834,0.8138498,0.01380495
-0.7140347,-0.5735375,0.006598361
-0.6986851,-0.6796944,0.005517647
-0.21426314,0.6348616,0.005894154
1.4394614,-1.5205156,-0.04578031
0.063502334,1.0167228,0.003331207
0.9632263,0.3406018,-0.020717107
-0.92504185,0.7226666,0.019528344
-0.3674822,-0.66434145,-0.000924386
-0.15497725,-1.0172471,-0.008047402
1.1808122,-0.41589558,-0.0315253
0.57666594,-0.7123145,-0.02106274
0.73717165,-0.88051397,-0.025871865
-1.5775625,-0.23151764,0.024227642
0.8925248,0.106343314,-0.021119833
-0.27309245,-1.1519564,-0.006661914
-1.3078678,1.5546815,0.030751958
0.54526734,-0.92729014,-0.022150949
-0.633719,0.9227379,0.015790243
1.410966,0.8809875,-0.025859326
0.25098348,-0.31297877,-0.010912813
-0.93800133,1.0967499,0.02219408
-1.1571884,-0.49848533,0.01535866
1.3512422,0.7594411,-0.025577128
-0.5312146,-1.2863727,-0.0024148
0.125768,0.27026677,-0.003687613
-0.17825033,1.9562774,0.014817141
0.29890123,0.620427,-0.004488304
0.13653383,1.351549,0.004433945
2.1161594,0.15140854,-0.046377145
-0.25294417,-0.7774178,-0.004131943
0.5742653,0.20619917,-0.013543472
0.06956475,0.21588469,-0.002964452
0.22423981,1.1264231,0.000972062
0.4275047,-1.4130179,-0.02361571
-1.6684518,-0.4160813,0.02454254
-0.8241531,-0.456302,0.009548537
-0.11712911,-1.1498498,-0.009895206
0.17019206,-0.9674271,-0.014483698
-0.8843887,-1.0080689,0.00668224
0.25235152,-0.2704532,-0.010600507
0.12636673,0.10279472,-0.005015142
-1.651629,0.53607124,0.02994812
1.0342448,0.061171904,-0.024513267
-0.45309055,-1.2565583,-0.003776662
1.8267162,-2.0252106,-0.05720681
0.17130315,0.9224807,0.000461094
-0.42801172,-0.3416328,0.002747729
-0.1639551,0.017310813,0.000223435
0.38544872,0.7926489,-0.004911035
0.8959908,1.045402,-0.013558462
-1.82576,1.1905698,0.03594519
0.6954745,-1.2859036,-0.02830708
1.481843,1.9764352,-0.018430531
0.32905814,1.9318566,0.005056053
-0.81044686,0.36055169,0.015065976
-0.17204249,1.2011206,0.009271216
0.56645155,1.272099,-0.004850373
-0.30479246,-1.1334262,-0.005860016
0.8415058,-0.73810196,-0.026934087
-0.83653337,-0.872487,0.006757312
-0.12701623,0.17037548,0.000657819
-0.9353099,-0.004375683,0.014784463
-0.42520988,0.72995925,0.010614641
-0.7080424,-0.350954,0.008114226
-1.2242713,-0.8444353,0.014184803
0.007493468,1.0361152,0.00458055
-0.507332,0.024178024,0.007024854
1.4490517,0.19655176,-0.032231294
0.4374747,0.2908511,-0.009983733
-1.7020249,-1.3482814,0.019188587
1.2611054,1.0376652,-0.021385312
-1.6880893,0.30630323,0.029163126
0.18977605,-0.09405541,-0.007884793
1.3213149,-0.86321634,-0.038107574
0.4026617,1.4741714,7.60E-05
-0.5263613,0.3696875,0.009909388
1.0494816,1.0566466,-0.016722314
-2.089847,-0.03446879,0.033037137
-0.20680206,1.1024196,0.009207446
1.0115585,0.33889413,-0.021762066
-0.027584026,-0.98359954,-0.010441862
0.6934564,-0.5242774,-0.022020347
-0.8832143,0.66888607,0.018449593
0.56984496,-1.2183241,-0.025064439
-2.0440454,-1.5128518,0.023812987
0.87948006,-1.4389268,-0.033480376
-0.3675796,-1.4464821,-0.007032603
-0.0838148,-1.4313465,-0.012859307
-0.36643234,0.7133844,0.009388715
0.07265384,-2.8110578,-0.027554363
-0.1705758,1.3140134,0.010068439
-0.048679985,0.32365456,0.00026454
0.1492495,-0.38789114,-0.009380877
-1.0088246,-0.5196693,0.012528438
-0.20880902,-1.9872273,-0.014715031
1.0395371,1.404486,-0.013686113
-0.6783251,0.25447288,0.011915986
-0.5479851,-1.798105,-0.006073162
1.6542692,0.14162192,-0.03698758
-0.19005519,-0.13539426,-0.000426404
0.49530378,-0.52216464,-0.017775305
-0.12735961,-0.26829115,-0.002725139
0.017482083,0.8115225,0.002680033
0.978573,0.73198795,-0.017855465
0.5316799,0.3849813,-0.011205077
-0.4473969,-0.80125946,-0.000367396
0.44833815,0.89358705,-0.005409882
0.22372633,0.8863871,-0.000875011
-1.5410018,0.47781056,0.027952742
-0.56119335,1.597177,0.019115683
-0.5498365,-0.23177418,0.00595317
-0.08444222,-0.21641617,-0.003195912
-1.0855681,0.569917,0.021243777
-0.26293644,2.723874,0.021551043
-0.86803144,2.0518978,0.027071323
0.2516382,0.15570389,-0.007186189
-0.07242742,1.0658684,0.006361447
-0.4835201,0.11114956,0.007208265
-1.4960241,-0.5028411,0.021181677
0.2272295,0.5277253,-0.003746435
0.81275475,0.5346392,-0.015935116
0.9375144,0.58528787,-0.01817555
-0.80925846,2.1381004,0.02668354
2.1644664,0.005627897,-0.04846073
1.1335849,-1.6094818,-0.04020667
0.059333388,0.27107093,-0.002325654
-0.26087728,1.2702708,0.011443201
-0.275129,-1.8194036,-0.0119498
-0.6891183,0.55621004,0.014239728
-0.23679644,-0.68901163,-0.003771573
-1.551351,-1.2557778,0.017198026
1.3648919,0.28435513,-0.029735498
1.0934116,0.17900467,-0.02481369
-0.02171528,-0.7694961,-0.008853853
0.2201303,0.6647301,-0.002528608
1.1404933,0.7079034,-0.021502405
-0.09876365,0.718084,0.004264601
-0.77787346,-1.0483946,0.004318513
1.1265274,0.76691324,-0.020723253
-3.0890374,-0.6360833,0.042558007
1.8106514,-0.456413,-0.04494729
-0.19700743,-0.22632648,-0.000987381
0.6575147,0.8002438,-0.01051081
0.14435758,-0.9133281,-0.013499044
0.11511557,0.72456187,6.27E-05
-0.3525096,0.38407525,0.006703772
-1.2982365,-0.83535796,0.015571475
2.0872004,0.7098829,-0.04143448
0.17561291,-0.7553006,-0.01288376
-1.7272323,-1.4048421,0.019249938
-1.042648,-0.20359862,0.015335087
0.002229327,0.33919644,-0.000640191
-0.030232195,0.8555082,0.003956363
-0.32788512,0.9344441,0.010268867
-0.12936422,-0.87997556,-0.007490382
0.3306262,1.953069,0.00518629
-0.68591285,-0.3464856,0.007724881
0.5383744,0.62261766,-0.009438954
0.44756758,0.03324362,-0.012264974
-0.038502585,-0.20613025,-0.004055023
-0.7267854,-0.73696405,0.005638242
0.9071725,-1.1581773,-0.031772286
1.4938406,-0.7677939,-0.04092624
1.1912252,-1.3716289,-0.039489754
1.8768923,1.6319193,-0.02966196
0.27165592,1.9440831,0.006269708
-1.6297054,-1.7334971,0.015367396
-0.7780697,0.60287195,0.016157527
1.0855373,-0.7352059,-0.032105505
-2.0734787,-0.90367615,0.027919345
0.42525873,-1.4080929,-0.023527086
0.2799496,-0.09322521,-0.009759776
0.2769094,-1.1899213,-0.018564604
-0.28639162,0.574902,0.006843098
-1.2031687,1.5907763,0.029416557
-1.1390576,1.0595124,0.025224153
0.09081004,-2.385721,-0.024412476
0.7410954,-1.0813334,-0.027602643
-0.93564737,-0.008867698,0.014759481
-0.4022686,0.7898626,0.010617651
-0.06613641,-1.0319933,-0.010020882
0.61343694,-0.64457554,-0.021294445
-1.257864,0.6460929,0.024551813
-0.3623074,1.4175777,0.01435753
0.39332864,0.0918531,-0.010653332
-1.3453836,-0.7143721,0.017219797
0.46578738,1.5431796,-0.000662535
-0.20461378,0.496987,0.004673921
-1.673609,-0.16586998,0.026148893
-0.3786511,-1.2988476,-0.005637988
0.6375249,-1.1695862,-0.026112616
-0.73845357,0.5609255,0.015161406
-1.2891692,0.3240924,0.02303667
1.3986195,0.7619241,-0.026566334
-1.6717796,0.03832611,0.027343549
-0.861525,-1.0420707,0.005991422
0.7237744,1.660875,-0.005013764
-0.40430072,-0.74413574,-0.000796206
0.71880287,-0.87430596,-0.025428265
-0.060276043,-0.32802483,-0.004563883
-0.6575777,0.13954414,0.010710008
0.44212905,-2.179904,-0.03025353
0.99845886,1.1650769,-0.01475811
1.0103478,-0.54809195,-0.028980553
1.3937137,-1.5498077,-0.045082696
0.07568277,-0.21429539,-0.006470896
0.4345392,-2.493008,-0.0326799
1.9845623,-0.34699723,-0.047592856
1.6594474,0.4139808,-0.034908406
0.41677913,1.7627405,0.002025664
-0.8214422,0.40640253,0.015579175
-1.7051088,0.6811713,0.031546637
-1.1063483,0.22343585,0.019326188
-1.7598358,-1.6892813,0.017946027
-0.19866234,-0.36782286,-0.002048783
-0.44598997,-0.8174038,-0.000519715
0.22116685,0.22459097,-0.006009407
-2.5815825,-1.1936591,0.033625655
-0.8396172,0.11195315,0.01386492
-0.3554371,0.26491326,0.005875796
-0.90652686,-0.42426935,0.011316381
-0.24666624,1.5640706,0.013285086
0.9597041,1.0038117,-0.015245147
-0.17633235,0.24973193,0.002247326
-0.8607664,-2.0419712,-0.001569107
-0.13644686,2.377948,0.01701722
0.9461116,0.9328644,-0.01553271
-0.9930896,-0.97068703,0.009025514
0.7320048,-0.1735972,-0.019979328
-0.8507158,-0.43495223,0.010200501
-2.550832,-0.975851,0.034348793
1.065714,0.27460545,-0.023442335
0.45580927,-1.6213697,-0.02593705
1.0558007,0.99813235,-0.017332748
-1.099699,0.59106475,0.021616805
1.5160488,-0.7128982,-0.04094725
-0.008753334,-0.05432622,-0.00347615
-0.4315578,0.33204103,0.007837459
-0.5374047,-0.7073996,0.002146259
2.0415015,-0.14226015,-0.04715029
0.509603,1.5313479,-0.001644269
-0.16691005,-0.040196005,-0.000159308
-0.43405074,0.41829455,0.008517116
-0.42394575,0.76365983,0.010834046
0.3125103,0.063095495,-0.009191252
0.6074548,-2.0599885,-0.032794885
0.1714953,-0.0177486,-0.006899461
-0.92496073,0.04142848,0.01491506
-0.18550132,0.39568025,0.003535397
0.85313296,-0.71334845,-0.026979662
-0.25385666,1.5690701,0.013452429
-0.22898272,-0.3541272,-0.001328416
1.6544619,-0.16437887,-0.039438203
0.75173086,-1.2916226,-0.029555306
-1.0432432,1.2828707,0.025086213
-0.47279808,-1.3178473,-0.003851645
1.6098255,-0.70894516,-0.042844325
-0.33742008,-0.02735369,0.003333479
0.5235385,-0.9054745,-0.02150768
-0.83644634,0.68484354,0.017743647
-1.8265634,-0.4349399,0.026908431
0.77648234,-0.2474269,-0.021531098
-0.31745145,0.5834477,0.007503361
2.625555,0.05253257,-0.05697696
-1.1855584,1.1988543,0.026810165
0.058333043,-1.2373581,-0.014299303
0.519392,0.71904373,-0.00827159
0.5596002,-1.2932725,-0.025460929
0.86317027,1.3753607,-0.010202475
0.0832302,0.044907298,-0.004583418
0.8990693,-1.2642847,-0.032467917
-1.1256804,-0.18343383,0.016942665
0.64910054,1.7692461,-0.002621248
1.9889597,0.9101975,-0.037820294
-0.4149787,0.35423774,0.007683501
0.3203572,-0.12462163,-0.01085829
0.116033,0.90557593,0.001438133
-0.98249835,-0.40945926,0.012819834
-1.0309484,-0.0726864,0.016022697
0.38662812,-0.35367116,-0.014100485
0.16265449,-0.32239458,-0.009138159
0.97635263,-0.38983464,-0.026962668
0.80427337,-0.4090837,-0.023445874
-1.1293863,0.04575943,0.018543772
1.1229548,-1.3704679,-0.03805489
-1.025296,-1.8538198,0.003152028
1.5559359,-1.8016554,-0.050303474
0.3627667,1.8776516,0.003980018
1.363372,0.7680232,-0.025765687
0.91204214,1.9734,-0.006423563
-0.3582445,0.18965799,0.005369604
0.78900963,-0.974833,-0.027752697
-0.5035262,0.6190765,0.011278395
-0.22516121,-1.321316,-0.009004183
-1.2212346,-1.1441166,0.012043521
-0.93765813,-0.80157924,0.009198602
0.5107182,-1.3192538,-0.024627663
0.30166334,0.22352529,-0.007686555
-0.1244132,-1.0666461,-0.00907819
1.4350972,1.0726947,-0.024811111
-0.10820535,1.5127298,0.010342311
-0.40554678,-0.41180548,0.001770578
0.28783017,-0.12816395,-0.010204427
0.351237,-0.30731806,-0.012978129
-2.3073616,-0.6050143,0.03298251
-1.127649,1.3096064,0.026582517
0.9051155,0.7492835,-0.016153209
-1.3676239,-0.023481585,0.022117168
-1.0790576,-0.09887041,0.016694903
1.1423991,-1.4701326,-0.039266482
-1.0286183,0.7736312,0.02161248
-1.3978918,0.32679498,0.024808954
-1.2314584,1.0098828,0.026375733
-0.30754167,0.846741,0.009246986
0.1870422,0.3483668,-0.004330836
-1.7871085,1.1770962,0.03536401
-1.6391058,0.19475801,0.027771648
1.0312514,0.58840936,-0.020147137
1.0872823,1.6713142,-0.012532778
0.13053884,0.29750833,-0.003571831
0.14762473,-0.021286514,-0.006433085
-1.7503335,-0.5197817,0.025207989
-2.4237802,0.7877713,0.041355677
0.29348144,1.636454,0.003507361
0.310656,0.06916677,-0.009104028
0.36099285,0.47049707,-0.006956257
-0.00180318,0.8855377,0.003623977
-1.0019361,-0.98913574,0.009059526
0.22060099,0.45665294,-0.004168645
-0.02676422,0.332293,-0.000109382
-0.5540057,-1.1818026,-0.001144797
1.208603,-0.53991866,-0.0331223
-0.097200654,0.43489558,0.002085865
0.671954,-0.8568258,-0.024283163
-0.025792588,-0.63875866,-0.007729039
-0.42273182,-0.68844396,2.43E-06
0.89385027,-1.0591038,-0.030678406
-1.3966302,0.1527381,0.023705445
-0.7546985,0.45771432,0.014737543
-0.3219155,0.31946108,0.005631618
-1.0712743,0.0152114,0.01732923
0.97534096,-0.44723272,-0.027410276
0.14626369,0.2089118,-0.004589491
-0.3224458,-0.3246835,0.000777692
-2.2166023,-0.2228407,0.03377399
1.2847657,-0.78423935,-0.03670588
-1.2998289,1.3815824,0.029633775
-0.23977359,0.30912042,0.003949672
1.6773121,-0.2945235,-0.04094611
0.23641534,0.8135756,-0.001698531
-0.109996475,-0.08689778,-0.001668945
-1.4060895,0.7814876,0.027698774
0.44936115,-0.07918675,-0.013209254
1.6019888,-0.10700382,-0.037889227
0.39126286,2.0671303,0.004863113
-1.08504,-0.02778481,0.017280336
1.1379102,1.4579285,-0.015337639
-0.3930425,1.138399,0.012943719
-1.4183362,0.23063864,0.024540178
2.0503201,0.56921756,-0.04178509
-1.0849448,0.56917995,0.021228552
1.823594,-1.2736351,-0.051515438
-2.0199766,0.18690506,0.033263355
-0.8737392,0.1087075,0.014459405
0.495313,1.708587,2.92E-05
0.8296112,-0.60884184,-0.025621705
-0.38679713,0.12825845,0.005466878
0.45142034,0.23345661,-0.010736339
-1.9997987,0.67265785,0.035558224
0.62437487,0.22425108,-0.014457412
-2.3901687,-2.6982687,0.022105094
-0.7854599,0.46085632,0.015311562
0.53171414,0.27796963,-0.012066789
-0.78255266,-0.29394668,0.009935521
1.9310668,-0.2250538,-0.0455752
-0.63177943,2.3779514,0.025370028
0.06025823,-0.29059386,-0.006755158
0.48079902,0.42971304,-0.00977876
-0.39829955,-0.08333771,0.0041086
-0.40087628,-0.16592672,0.003538236
1.1002263,0.47035787,-0.022581257
0.89595264,-2.2255526,-0.04023715
-0.2109761,0.6212068,0.005728401
0.32015046,-1.3866218,-0.021099426
0.9095556,1.1766688,-0.012782924
0.50128436,-1.5310125,-0.026167452
-1.0857263,-0.75932133,0.012255896
0.42562822,-1.1595689,-0.021494985
0.23271972,0.4908005,-0.004148953
-0.72400975,-0.8485321,0.004756078
-0.69008803,-0.9243895,0.003525205
0.4376524,-2.170957,-0.03008376
0.11276522,-0.24135186,-0.007454053
1.8014175,1.5836742,-0.028451063
-1.3040265,0.039916564,0.021468155
-0.44712877,0.20193754,0.00717853
0.88995713,-1.7858467,-0.03653509
0.24464464,0.6346566,-0.003264301
-0.33887142,-0.5901099,-0.000929728
-1.8783981,0.743252,0.034302175
-0.97853273,1.5634936,0.025800671
-0.53397554,-0.83838874,0.001083329
-0.46505916,-0.5710101,0.001744196
-0.3569205,-0.30067462,0.001648508
1.4137485,1.0691348,-0.0243849
-0.7499543,1.1287175,0.01922746
-0.4402975,1.6544122,0.017396975
1.0184176,-0.110958435,-0.025581367
-1.8175595,-0.21583606,0.028064802
-0.9252056,-0.5272172,0.010931026
-0.23394611,-0.53808063,-0.002653629
0.62604433,-0.31355333,-0.018861242
-2.1194324,1.8408146,0.04262989
-0.47375056,0.844176,0.012335639
1.9564018,0.2934427,-0.04203143
-0.4672619,-0.46411827,0.002597861
0.28708032,0.14020525,-0.008046076
-0.5494202,0.8834215,0.013998438
1.0123379,1.1517204,-0.015160851
-1.047726,-1.4148662,0.006839901
-0.79897463,0.95325124,0.018898413
0.46174273,1.7248764,0.000831969
0.26719502,-0.46603516,-0.012484439
1.5968063,-0.9716072,-0.044651628
-1.8555832,0.81937855,0.034397338
0.9051016,0.95947516,-0.014447384
-0.18971296,1.7999117,0.013919368
-1.0073197,1.3773127,0.025101624
-0.59130913,1.1127726,0.016345967
-0.1718013,-2.5320024,-0.019972913
1.3543118,-0.5993573,-0.036671318
-1.793064,1.1576366,0.035341427
-0.67936593,2.3387408,0.025881402
-0.80535203,-0.21826985,0.010903932
-1.0532534,0.032981828,0.017133482
-0.5911164,0.7840918,0.014058407
-0.9305315,-1.5977677,0.003205441
-1.2926434,-1.5666231,0.010381855
0.005895149,1.9091723,0.011087067
0.97298074,-1.1067979,-0.032749526
0.61767304,1.9722563,-0.000388227
0.84974605,0.44809005,-0.017424263
-0.23444161,-1.2315389,-0.008095667
-1.3295785,-0.13963692,0.020736437
0.975917,-0.04573982,-0.024141528
-1.9409719,1.1277882,0.037118915
0.08771122,1.1087545,0.003552772
0.45121932,-1.471109,-0.024601623
2.196278,-0.17052364,-0.05042837
-1.4267433,-0.562457,0.019628108
0.78142273,-0.8866779,-0.026868053
0.17314854,0.93495727,0.000520319
-0.9062443,-1.0016371,0.00714884
0.99730957,0.6727723,-0.018736444
-1.0702701,0.34355885,0.019502852
-0.809739,1.1702381,0.02052353
2.1780052,-1.0450939,-0.05659589
-0.87812346,1.3047973,0.022544261
-0.8774852,0.86335737,0.0196479
1.5996603,-1.5492612,-0.049219504
1.0756947,3.6349168,0.003380932
2.191343,-0.1531194,-0.050199755
0.3905835,1.4044302,-0.000222184
0.17310594,-2.2207417,-0.024816647
-0.6671281,0.3684816,0.012518417
-0.56198275,0.89919174,0.014336873
0.6273681,0.5339828,-0.012019321
-0.029739298,0.9388287,0.004576184
0.22461462,1.8261327,0.006296292
-0.8520323,-0.91241246,0.006762177
-0.10786627,0.459859,0.002487741
1.6174362,-0.4216386,-0.040721327
-1.5105416,-0.18905112,0.02341073
-0.5463607,-0.5202191,0.003734164
0.20161286,-0.20986198,-0.009053879
-1.2335677,-1.8678226,0.007096686
0.6791794,0.6556053,-0.012130648
-0.38353822,0.30252376,0.006698117
1.3915968,2.3943112,-0.013099104
0.7047562,-1.2433407,-0.028155893
0.014656538,0.22344075,-0.001788527
-0.3932423,-2.4555104,-0.014604181
0.09585967,-0.767124,-0.011298381
0.6890439,0.617222,-0.012648255
-0.14657545,0.5988261,0.004303411
0.54520506,2.5149794,0.005251169
-0.44660163,-1.1151538,-0.00280802
0.36866736,1.0253162,-0.002736487
-0.613231,-0.41691086,0.005808689
0.6505276,0.7005728,-0.011165425
1.0640541,0.061899573,-0.025143377
0.47121966,0.39192247,-0.009880871
1.6611495,0.95678,-0.03056065
-0.5796922,0.44851348,0.011472616
1.9461884,0.32795054,-0.041550256
0.6821674,-0.38909295,-0.020674631
-0.18852925,0.57744414,0.004963629
0.4600118,-0.053548906,-0.013227254
0.40483782,0.59094226,-0.006909289
-0.070404544,-0.6508468,-0.006898731
-0.05695772,0.44690323,0.001376092
1.2034178,-0.001383163,-0.028629504
-1.6431112,-1.089402,0.0198703
-1.2866985,-0.7142477,0.01618927
0.5851627,-0.67052656,-0.020902604
-0.050228078,0.33964458,0.000418581
1.3278542,-0.39900523,-0.034496404
-2.4071972,1.418588,0.043940984
-0.005639772,0.58904237,0.001440249
-1.3182211,0.23715955,0.022961356
0.9292569,1.1294998,-0.01358109
1.0827562,-0.40316644,-0.029338613
-0.15202771,-0.4828552,-0.003895357
-0.99958026,-1.8975425,0.002315171
1.5798054,0.056269556,-0.036115617
0.43100232,-1.6670966,-0.025782019
1.0594668,0.1704186,-0.024159506
-0.70644194,0.2936716,0.012711398
0.26749593,0.048604842,-0.008367583
0.20298544,-1.4044639,-0.018739656
-1.7008846,-0.21666041,0.026267957
2.0596108,-1.4424433,-0.057287574
-0.7839232,0.12775289,0.012961164
-0.23157063,0.080998376,0.002060384
-0.43900844,0.6417159,0.010235757
-0.9993111,-1.2159973,0.00736481
-0.27403873,-0.68798584,-0.003002927
0.6123538,0.7910828,-0.009637557
-0.21066023,0.1159279,0.001910746
-0.30424836,0.4739344,0.006438687
-0.42155904,-0.2102704,0.003611215
0.8831187,0.6168186,-0.016762123
0.35529685,-1.9737583,-0.026688308
1.0720795,0.63880867,-0.020606756
-0.74494904,-0.48196203,0.007861897
-1.0134541,-0.5689765,0.012266748
0.67679757,0.30757362,-0.014893048
-0.010879633,-0.6373625,-0.008028142
0.8074297,0.42098892,-0.016744949
-1.0013994,0.8867267,0.02189067
-0.90190715,-1.1342338,0.00609228
-0.49769014,-0.57972986,0.002325639
-0.9550572,1.3562658,0.024130117
0.24098396,1.1788311,0.001040563
-0.7618037,-0.10672802,0.01088991
1.1271293,1.6016873,-0.013940811
-0.46719348,-0.33773103,0.003549635
0.8293038,-0.4591821,-0.024390385
0.14756174,-1.7829738,-0.02065713
0.82940984,0.83345485,-0.013865918
0.8723241,-1.5797981,-0.034480393
-0.036487952,0.9714397,0.00495404
1.6007318,0.511716,-0.03288451
0.54821426,-0.7188178,-0.020508133
-0.17824875,0.36725014,0.003177285
2.2663534,-0.37995926,-0.053360157
0.46171492,-0.33371755,-0.015529983
0.30915332,-1.4329562,-0.021244153
0.11260492,1.1060469,0.003040016
-0.08582834,0.35236993,0.001228787
0.6517638,0.49698713,-0.012832031
0.7565766,-0.1651945,-0.020434938
0.45887044,0.59243757,-0.008020528
-0.21203041,0.22577006,0.002772689
-0.1639832,-1.1438689,-0.008867338
0.48174283,1.8491074,0.001392968
0.12889513,-0.1516704,-0.007077538
0.9573952,-0.061722144,-0.023876697
-1.0891463,0.38760427,0.020114284
0.4762428,-1.0719852,-0.02186004
-0.9517205,1.1714535,0.02290069
1.2869679,-0.28330252,-0.032695502
1.0747373,0.31709683,-0.023288064
0.55982023,-0.56630826,-0.019510344
0.85448956,-1.0199975,-0.029519893
0.70282257,1.1477079,-0.008672155
-0.51859117,-0.3779491,0.004256226
-0.9439236,-1.9887823,0.000514582
0.40908334,-0.62162006,-0.016749643
0.2219301,-1.5444349,-0.020291403
-0.45472077,0.8814323,0.012250003
1.1428976,1.4089181,-0.01584214
-0.15052201,0.8199672,0.006039143
1.1082458,0.8149018,-0.01994218
1.3372415,0.17164776,-0.030064836
1.0493858,2.184694,-0.007590778
0.3825844,1.1906177,-0.001726389
-1.4051365,-0.33573437,0.020736627
0.13317034,-0.8107674,-0.012435243
-1.8241588,-0.7123178,0.025202643
1.7709302,-0.72751004,-0.046262033
0.37808028,-2.5654356,-0.03207268
-0.41165546,-0.9473173,-0.002216563
0.5488393,0.030962506,-0.014422491
0.32776433,0.20884636,-0.008346729
-0.339399,-0.81132734,-0.002630577
0.5552835,-1.7321912,-0.02898071
0.4240758,1.3871055,-0.001034714
0.18190698,-1.8705392,-0.022114217
1.0102041,0.50975394,-0.020339616
0.62100077,1.283091,-0.005890116
-1.4748956,-0.24254544,0.022491768
-2.118126,0.49699742,0.03620799
0.70519096,1.9358976,-0.002454996
1.3768942,0.2519373,-0.030253693
0.100461885,-1.3295083,-0.015942201
-0.64475167,0.039442644,0.009749211
-0.36149937,-1.6327996,-0.008639306
-1.3192047,-0.23062693,0.019969434
0.3050252,-0.23443662,-0.011417821
-0.442965,-0.70972353,0.00024537
-0.14108767,0.6144002,0.004313141
0.80876476,-1.3087571,-0.030911662
0.92228436,-1.3994867,-0.034065045
-1.6138688,1.9291104,0.03698099
-0.23952855,-0.35739338,-0.001140475
0.15718283,-2.1686294,-0.02404327
0.5079159,0.4266752,-0.010371335
-0.35342163,-0.35704356,0.001149342
-1.1587812,-1.260479,0.010061063
-0.4603938,0.7058615,0.011098255
-0.82487804,-0.4534432,0.009582769
-0.87812483,-2.018237,-0.001034923
0.32253167,-0.4234589,-0.013309076
0.8857434,-0.25314236,-0.023911014
1.3512259,-0.38981777,-0.034914136
-0.31354228,0.82556915,0.009206038
-0.5671011,2.0723217,0.022361092
0.9523084,-0.6698935,-0.028739639
0.98834705,-1.4750469,-0.0360765
0.117666304,1.100059,0.002894081
-0.50943905,0.31914628,0.009223841
1.142911,1.4163398,-0.015782066
-0.6022438,0.6222012,0.013122115
1.1401417,-1.3215652,-0.03801903
0.28255188,0.42513114,-0.005692199
-2.1399393,-1.1087205,0.027731214
0.37373012,1.2962556,-0.000722952
-1.5038111,0.5363519,0.027733065
-1.240735,-0.396906,0.017519917
1.6630566,0.19026811,-0.036781102
0.23220837,0.6439644,-0.002937332
-0.4698018,-0.95405173,-0.001090981
-1.1372292,-1.3127879,0.009281978
1.6851878,-0.47819364,-0.042563066
0.17668425,1.2948867,0.003211372
-0.000151926,-0.2549581,-0.005226135
-0.3430531,1.0846704,0.011636402
-0.57221746,0.347145,0.010606572
0.03684865,2.100233,0.01189613
1.120837,-0.49793026,-0.030920848
-0.77519125,0.14025131,0.012889348
1.0054733,0.51357585,-0.020207599
-0.7516415,0.000819587,0.011468265
-0.04752435,0.5000438,0.001594521
-1.1038474,-0.839838,0.012022834
0.8030545,-0.10697204,-0.02095154
-0.99239963,1.2788631,0.024245325
1.7320917,0.15810154,-0.038476743
0.7981789,-0.92137563,-0.027510338
1.1262237,-0.023270626,-0.027164295
-1.6211568,-0.87861544,0.020860665
0.7181119,0.3953703,-0.015057199
-1.9627793,-0.9613013,0.025875743
-0.7959838,-0.08220082,0.011698939
0.09110926,1.5814058,0.007048354
-1.789203,0.23731638,0.030259732
0.16685428,-0.27819616,-0.008873299
-0.12534721,1.4772549,0.010406334
0.4361945,1.0338129,-0.004052408
0.83151394,0.88275605,-0.013511434
-1.1835508,-0.32301295,0.017016485
-0.75525725,-0.7943608,0.005765058
0.6454642,1.2755927,-0.006456703
1.4152945,-0.05430255,-0.033549674
-1.1023492,0.21918839,0.01922961
-0.5664511,-1.312846,-0.001904182
-0.7557038,-0.69282955,0.006522648
0.57933956,-1.4826616,-0.02744098
-0.8010704,-0.52340835,0.008627433
0.18651816,0.5464345,-0.002767786
0.3989487,-1.3811278,-0.022741824
0.33396283,-0.2551706,-0.012193635
1.1284906,-0.4432918,-0.030638091
2.1010864,2.5104823,-0.027287848
-0.20714934,0.68899333,0.006159887
-0.43419296,0.3925143,0.008331176
0.85440695,-1.448022,-0.03302286
0.10110378,0.5093618,-0.001320601
2.3772345,-1.9691261,-0.066646606
1.3523045,0.8577982,-0.024797916
0.39978316,-0.84909683,-0.018404052
-0.06732823,-2.2707155,-0.020061776
-0.18674761,-0.08757949,-0.000124969
0.003496522,-1.3941222,-0.014407076
0.31523302,-1.2823724,-0.020139702
0.510451,-0.10963005,-0.0147475
-1.7401024,-0.34531474,0.026104383
-2.1096106,0.3531346,0.035356227
-0.9884714,0.31601867,0.017908573
-1.6244051,-0.6306192,0.02249284
0.19357973,0.40522477,-0.004018344
0.82752323,-1.1313734,-0.029857531
0.35150784,0.6261866,-0.005526379
0.06872388,0.02920154,-0.004408881
0.05504136,-1.6239756,-0.01737497
1.4028337,1.0604862,-0.02422265
1.2760725,0.027176987,-0.02994126
1.8228291,0.47207886,-0.03785774
0.15900108,-0.8568848,-0.0133527
1.3012245,2.720274,-0.00854297
-1.01978,-0.4911384,0.012928978
0.72156084,1.1940334,-0.00869257
0.91395473,-0.7434149,-0.02852346
-0.3587949,0.61242765,0.008506287
-1.626713,0.9966825,0.032188103
2.1549637,-0.06727005,-0.048829928
0.7500037,-0.4480452,-0.022605091
0.86306626,1.1544534,-0.01198151
2.0823107,-0.58783776,-0.051360637
1.5233271,1.0705054,-0.026709005
0.09347648,-1.2016954,-0.014755577
-0.6034406,-1.0773611,0.000649616
-1.4981565,0.9331007,0.029970363
-1.0509483,0.18847057,0.018138826
1.3689423,-0.8336729,-0.038863085
0.7500161,0.62562674,-0.013868332
-0.2140836,-1.7635478,-0.012788884
0.63590515,0.5923244,-0.011729144
-0.21211006,-1.2369773,-0.008604534
0.7410088,1.323703,-0.008060277
-1.1250511,-0.9346667,0.011745557
-1.0772026,0.027344378,0.017514545
-0.27352265,-1.4844877,-0.00929521
-2.2968228,0.14972833,0.03676232
-0.6035666,0.008074796,0.008743975
-0.48459238,-0.4125494,0.003328964
-2.0460372,-0.62673944,0.029109284
0.4205522,-0.62448645,-0.017016903
-0.112521015,-0.95431125,-0.008431435
-0.8548661,0.7043705,0.01819612
-0.51604545,1.9014076,0.020377029
-0.48946974,-0.99165404,-0.000983536
-1.8051858,0.6027678,0.032531586
-0.03874222,-1.6485438,-0.015576646
-0.22017962,0.9232381,0.008146189
-2.854175,1.4133149,0.048362702
-0.5187374,0.21530065,0.008643921
0.94993705,-0.11840189,-0.024180539
-0.17231776,-1.0092752,-0.007623337
-1.1144769,-0.6375586,0.013631519
1.3051116,0.23864624,-0.028837293
0.7170244,-0.03408724,-0.01852303
0.2601178,-0.6300474,-0.013658233
1.6680348,-2.108035,-0.0548169
-0.033410713,2.4131382,0.015420452
-1.4067414,0.025307743,0.02306889
-0.90683883,-0.40113083,0.011486422
1.3921452,-1.7366217,-0.046523906
-0.23265274,-1.0560718,-0.006741732
-0.24615298,-0.43386233,-0.001597531
1.8183283,0.45905653,-0.037868015
-0.6044968,-1.8145307,-0.005035736
1.2669822,0.08825139,-0.029251069
-1.4618766,1.9259577,0.0349626
0.56804365,1.5543991,-0.002655141
-0.1995324,-0.5637902,-0.003555864
-1.4902867,0.3393673,0.026342876
0.91632354,0.20624074,-0.020812564
-0.33900008,-0.62228113,-0.001175195
0.12504987,1.5901471,0.006456852
1.0596825,-0.51213384,-0.029737003
-0.54448736,0.040930543,0.007859647
1.2851307,0.034648567,-0.0300728
0.41108233,-0.051775552,-0.012180887
0.10086454,-2.0046139,-0.02147948
-1.2067797,0.7435722,0.024339981
-0.22175565,0.28520063,0.003414661
-1.3915002,0.8144032,0.027671896
-1.060231,1.5762761,0.027156964
1.6524122,-0.7986728,-0.044421263
-1.3284279,2.32357,0.035283636
2.4344985,-0.12567873,-0.054686457
0.42756376,1.3375894,-0.001492105
0.32006887,-2.5948982,-0.031074926
-0.80647594,0.023272933,0.012638431
0.037433393,-1.8027484,-0.018461391
1.4593292,0.111443184,-0.033137456
0.77701014,-0.51725256,-0.023748212
0.4878948,-1.0705563,-0.022097625
0.5486339,-0.11008002,-0.01556062
-0.6704748,-0.52028346,0.006151095
-0.6675597,0.4159883,0.012862247
1.228724,-0.30273718,-0.031620376
0.17485328,-0.14784431,-0.008002006
0.4061128,-0.16042483,-0.012951642
-0.06431565,2.9748487,0.0198491
0.3474611,1.8780857,0.004285246
-0.89747256,-0.12006612,0.013295107
1.3324183,-0.64213985,-0.036557637
-0.2949245,0.7357586,0.008194
-1.0757803,0.3566716,0.019683454
0.6605899,0.45752203,-0.013337061
0.067096196,0.85548997,0.002030119
0.25277716,-1.7582356,-0.022709876
-0.09557028,0.323471,0.001202099
0.24076389,-0.10910388,-0.009067409
-0.06745789,-0.6543696,-0.006987706
-0.07198728,0.5496464,0.002459556
1.375159,0.45866126,-0.028535977
-0.7747204,-0.13073264,0.010958862
1.0702888,-0.71046233,-0.031580344
-0.0383176,-1.6439282,-0.015548103
0.7106244,0.010891696,-0.018020608
2.1906598,1.0303009,-0.0410365
0.34223586,1.1129951,-0.001512691
0.37751752,-0.76808393,-0.017269492
0.3757915,-0.20464563,-0.012668423
1.7861612,1.2179717,-0.03109239
0.23013717,-0.66325426,-0.013292663
0.18518116,0.87517136,-0.000183761
1.348761,0.8229564,-0.02500645
-0.4025732,0.747476,0.010316975
-1.8438209,-0.7052143,0.025555432
-0.20458113,0.39311785,0.003891461
0.38115707,0.22448166,-0.009336352
-2.0310981,-0.5056248,0.029580895
-1.7008224,-0.6740406,0.023465954
-0.6444435,-0.8186177,0.003421575
0.37795052,0.37097096,-0.008100361
-0.47139195,-0.5003946,0.002405204
-0.29955685,1.2048246,0.01169163
0.014538169,0.7286951,0.002106525
0.124494575,-0.14814444,-0.006958358
-0.90409595,-1.3932171,0.004215926
-1.4334881,-0.527311,0.019971851
0.52436805,0.8788327,-0.007101402
1.5601686,-0.23330119,-0.03802967
0.5519466,-1.228137,-0.024761856
0.8742091,0.74571544,-0.015526183
1.3004168,-0.8912255,-0.03789667
-0.5344837,0.14804192,0.008452334
-1.1222534,-0.060353283,0.017711125
-0.81666243,-0.090643615,0.012020927
0.05065424,-0.6393577,-0.009327531
1.6230648,-0.1728765,-0.038854614
1.3315033,-0.5534125,-0.03582193
0.41120467,-1.6405373,-0.025138684
0.94533867,1.3368982,-0.012242511
1.1573433,2.0166812,-0.011213489
0.13957831,0.06029723,-0.005622275
0.17362319,0.68328655,-0.001438722
0.2969711,0.40314847,-0.006164044
1.9143981,1.2106892,-0.033856235
-0.7118722,-1.3744538,0.000552893
-0.4248737,-1.2794735,-0.004534319
-0.16646238,0.90688556,0.006994478
1.9479773,-0.64348173,-0.049146272
-0.5776264,0.1799181,0.009501055
-1.508601,-0.001185244,0.02454859
1.36586,0.22071858,-0.030273274
-0.027495049,0.79686785,0.00345818
1.4175392,1.1064295,-0.024161607
-0.42174345,0.29149714,0.007351309
0.5559724,0.607867,-0.009925552
-1.7704484,-1.0645146,0.022155281
0.023534695,0.07192792,-0.003149271
-0.9737098,-0.5506598,0.011663709
-0.4042249,0.5621074,0.009001292
0.4379958,1.2118238,-0.002689406
0.77374405,0.17747103,-0.018008575
0.8863066,-1.2901769,-0.032408677
1.1133571,-0.14561833,-0.027888514
-1.202404,1.1709121,0.026902214
-0.22101797,0.17856334,0.002592452
0.64021724,-0.85790586,-0.023613274
-0.21913397,-1.0044006,-0.006613329
1.2708745,-0.8256365,-0.03674902
1.034265,-2.0650637,-0.041815244
-0.76236767,-1.3011914,0.002115145
0.4166238,0.86440176,-0.004986577
-2.6889136,-0.09677395,0.04039897
-0.44373423,1.1416072,0.013893273
-0.09503281,0.19232652,0.000185035
1.3516192,-0.87567496,-0.038839772
-0.4738188,0.15695979,0.007359393
0.3744135,0.033218533,-0.010726742
0.02221129,0.30041778,-0.001344249
0.2421054,0.8008211,-0.001913548
-1.1280137,-0.5795335,0.014278282
-0.01985227,-1.377166,-0.013774745
0.46883878,-0.39347774,-0.016166128
-1.944378,-1.2294182,0.023954816
-1.6103302,0.52871406,0.029294346
-0.31094065,-0.7925441,-0.00306429
-1.1256167,0.7397776,0.022998687
0.28954896,-1.9156153,-0.024796732
1.9670041,-0.9319403,-0.051718377
-1.8513862,2.4952493,0.042547412
0.5084044,1.7511692,9.64E-05
0.58155876,1.6569687,-0.002124846
-1.0493106,-0.780466,0.011435412
0.89685154,-0.5518342,-0.026591033
-1.6210294,0.045076948,0.026601199
0.67807037,-0.8418691,-0.024291389
1.2461662,-1.5327301,-0.04192292
0.13803197,-0.28738868,-0.008345529
0.49369416,-0.30123824,-0.015945263
1.0460935,0.9435604,-0.017570324
0.6577311,1.1572485,-0.007655315
-0.112954766,1.5364007,0.010603968
1.6188062,-0.8694872,-0.044295013
-0.80691534,0.021911979,0.012636889
1.2235615,-1.2937695,-0.039535977
-0.58593863,-0.73457766,0.002901092
1.0196484,1.3629876,-0.013601638
-0.48074389,1.261223,0.015400004
0.44162717,1.1180313,-0.00350067
-1.5903009,1.4885876,0.034365486
-0.5492939,0.014865359,0.007760458
1.372865,-1.1770235,-0.04169406
0.73186797,-0.79063606,-0.025021859
-0.11637237,0.45360118,0.002608746
-0.120057106,-0.6982781,-0.006245717
-0.8978722,-0.2596518,0.012321722
0.9550027,0.035281364,-0.023033336
0.20273568,-2.3640523,-0.026640788
1.4473039,-0.42260915,-0.037193976
0.8939497,1.0508357,-0.01347132
1.4123024,-0.71765196,-0.03883431
0.35442656,-2.6094327,-0.031931132
-0.5215561,0.33926818,0.00959865
0.39812836,0.75343686,-0.005482353
-0.5543777,0.4030084,0.010674901
-0.3788966,0.63373697,0.009043902
0.8955796,2.601124,-0.001095876
-0.9693059,-0.22017819,0.013901569
0.5897431,-1.550443,-0.028221369
0.50829905,1.729394,-7.11E-05
-0.50733304,-0.6704906,0.001829147
1.5246854,-2.6582785,-0.05620888
0.9578192,0.89087975,-0.016122214
0.8090594,-1.8793344,-0.03559099
-0.6116157,-0.06256458,0.008382291
0.01122189,-2.0086973,-0.019590296
-0.7676311,0.6282261,0.01614615
-1.4344579,0.61656016,0.027147856
-0.7577576,-0.25112647,0.009778108
-0.021810312,0.7103603,0.002688348
-1.2134336,-0.9279178,0.013410747
0.8680512,1.7265943,-0.007483602
-1.9994996,-0.051806994,0.031672303
-1.6839427,0.2738009,0.028912477
2.3471515,-0.75894636,-0.05766809
1.4327604,0.34058022,-0.030718446
0.45932963,-0.014675209,-0.012899213
-0.24897861,0.95168597,0.008903854
-0.43939903,-0.064239696,0.005054735
0.89417964,0.13257147,-0.020941138
-0.3514354,-0.9949865,-0.003815211
1.643093,-0.2678099,-0.040027037
2.9976907,0.45183602,-0.060939178
-0.1866522,-0.96087617,-0.006942235
-0.8087474,-0.33293328,0.010146499
0.5638274,-0.21972804,-0.016773313
-0.663128,-0.6225014,0.005251631
1.0767657,-0.08415726,-0.02660703
0.0492089,-0.41203788,-0.007488333
2.2584827,-0.020441677,-0.05050978
0.4180096,-1.4805957,-0.023967922
0.8258825,1.4070228,-0.009166032
-0.2316788,1.4553858,0.012232225
-0.5570702,0.30531007,0.010021221
-1.8944331,-1.550432,0.021130241
0.33423188,-0.8329462,-0.016876057
-0.7670097,-0.4585869,0.008451898
0.76316404,-0.13049974,-0.020292409
-0.006922286,1.3647866,0.007324174
0.86239874,-1.0823355,-0.030198954
0.2650774,-0.09277113,-0.009445041
-0.22752494,-1.1766756,-0.007803813
1.3433738,0.19852509,-0.029976487
0.3758736,0.1825432,-0.009561203
-0.24582927,0.62191486,0.006409131
0.5742491,2.1278954,0.001698107
-0.49056336,-1.0744821,-0.001600109
0.33698547,-1.1228862,-0.019299567
0.7811919,0.27753574,-0.017353103
-0.5972818,0.09091915,0.009226888
-0.93340355,1.276211,0.023269821
0.41754314,-0.9486778,-0.019596078
-1.4378344,-1.0660936,0.016479194
0.90957904,1.4237134,-0.010788091
-0.6011661,0.77758735,0.014195081
0.09588044,-0.56400895,-0.009671584
1.3092593,-0.33029878,-0.0335477
-0.11881837,0.99713,0.006746233
0.19396555,0.049976252,-0.006828539
-0.17593704,-1.4573035,-0.011125319
0.3886019,-0.14896795,-0.012489907
1.0671259,-1.1015587,-0.034699008
0.54224974,-1.5275367,-0.02701629
0.46563405,-1.0547677,-0.021492034
-0.6355986,1.3122126,0.018483613
-2.12827,-0.17030159,0.03283716
0.52381384,0.18685472,-0.012634486
0.53198445,1.4166439,-0.003001414
0.37005147,-0.19232795,-0.012448132
-1.277663,0.92488116,0.026579391
0.23857807,1.865706,0.006322682
-0.47465843,-1.4357653,-0.004735991
-1.5095197,0.63127935,0.028381445
0.8385187,1.2902858,-0.01036974
-0.24818109,0.82964784,0.007991955
0.5887939,-0.99627,-0.023647472
-0.9133619,-0.23135622,0.012804933
-0.16539778,2.2322347,0.016519487
-1.0819058,0.0828928,0.017969377
-0.99868965,0.77552086,0.021123935
-0.08529099,-2.0572553,-0.017922223
0.104166925,-0.77448815,-0.011532292
0.6546495,0.114276245,-0.015990488
0.13990054,0.23572499,-0.004248157
1.0213364,0.21125957,-0.02301237
1.9357454,-0.004489473,-0.04394851
-1.0995384,1.8048022,0.029123832
-1.5052576,-0.6790736,0.020199642
-0.49116105,1.1929214,0.01511132
1.4115665,-0.39267212,-0.03620466
0.49341685,-0.6205083,-0.018536314
-0.836917,0.6959469,0.017826855
-0.30478588,0.5019954,0.006657288
-0.8700835,2.2107627,0.028066836
-0.49500424,0.088979736,0.007265404
0.4697284,0.17562847,-0.011585645
-0.61402315,-1.7071737,-0.003999025
0.7080889,-0.3575649,-0.020970508
0.6367448,-0.80801666,-0.023130268
1.1648954,-0.95659524,-0.035582572
-0.35507426,0.08846453,0.004551038
0.97141844,0.52247137,-0.019409217
0.04669235,-0.46378472,-0.007846832
-2.0083084,0.12969002,0.03279164
-0.39240733,-0.45741808,0.001161702
-1.7099758,0.96843576,0.033200927
-1.0111856,0.8476449,0.02180089
1.0094193,0.79913956,-0.017965376
-0.1535582,-0.94616866,-0.007512644
-0.3731518,0.095222026,0.004954636
-0.4142842,-0.837395,-0.001313329
0.10579893,-2.2337809,-0.023477234
0.7765655,0.2869488,-0.0171782
1.5373749,-0.9963083,-0.043635428
-0.6241695,0.17716172,0.010355715
-1.156683,-0.7833868,0.013384152
0.5563762,0.66572267,-0.009470403
0.744393,0.7983852,-0.012353651
0.6396697,0.30399045,-0.014135927
-0.38844815,-0.17052606,0.003258869
0.95023596,1.0560989,-0.01462017
0.25046164,-1.8469177,-0.023390882
-0.8010193,-0.38017282,0.009661801
0.35285348,0.23495005,-0.008661695
-0.73742133,-0.34133875,0.00874215
-0.44315532,2.155164,0.020825196
-1.4237368,1.9713951,0.034690104
-0.069115244,0.2948105,0.000452802
-0.2976683,0.84059995,0.009014957
-0.59700936,-0.32302743,0.006189778
-0.85948366,-0.44963253,0.010259353
-2.2750568,0.27147615,0.037093148
1.0409611,0.89969033,-0.017818198
-0.037332073,-0.75822777,-0.008438371
-0.32074407,-0.9088675,-0.003770858
0.97027296,-0.39248505,-0.02685465
-0.0144857,-2.4604638,-0.022765338
-1.8627592,0.47051695,0.032614667
-0.8719667,-1.9993709,-0.001014218
0.9045712,-0.2328544,-0.024147242
-1.4293375,1.6088217,0.03279496
-0.19077846,0.061082773,0.001095973
0.42569658,-1.055548,-0.020644397
0.5466286,1.8344657,-2.67E-05
-0.57964265,-0.5724899,0.00399518
1.3706598,1.139619,-0.022890821
0.49555823,-0.3027056,-0.015996747
-0.035106644,0.3377677,0.000100546
-0.8960779,0.49381635,0.017494723
0.77907294,0.14390099,-0.018395245
-0.62653166,0.85174125,0.015169792
0.4521581,0.18122828,-0.011171207
-1.1434923,-1.4486758,0.008421481
-0.24006858,2.3804226,0.018853363
-0.8487865,-3.0799537,-0.01001069
-0.81982636,-0.7460036,0.007363498
-0.7429522,-0.69106805,0.006289862
1.1810393,1.4620105,-0.016220666
-0.40623003,-1.3662398,-0.005599298
-0.6865048,-1.0272956,0.002680786
0.40345272,1.0509181,-0.003246598
1.7989551,-0.5813078,-0.045686685
0.47073168,1.6241354,-0.000131816
0.9240429,-1.7852844,-0.037248075
0.85141826,0.49574658,-0.01707238
0.010840704,-0.29754728,-0.005788244
0.19594522,-0.8520388,-0.014095157
-0.94422024,0.088997275,0.015587062
-0.16012514,0.7989408,0.006068431
-0.49766824,0.5240528,0.010485776
-0.43673086,0.40478006,0.008469254
-0.434498,0.20294629,0.006943233
-0.618631,-0.34874633,0.006417088
-0.022616912,1.2828059,0.007016413
0.8940272,1.1246018,-0.012876086
-0.61686325,0.9290046,0.015532382
0.01415494,-0.5138909,-0.007568255
-1.1002076,-0.29355082,0.01574482
-1.1149881,0.12440051,0.018818364
0.52209467,-0.20225345,-0.015745021
-1.0705945,2.0518413,0.030140586
-0.11458554,-1.2394927,-0.010666586
1.1227845,0.5337916,-0.02254498
0.3919855,-2.0064104,-0.027745202
0.77893806,-0.9425772,-0.02727317
-1.8596861,-0.9615703,0.024244145
0.72895145,-1.1023451,-0.02751556
0.3385917,-0.51282847,-0.014371045
0.24217147,-0.24052611,-0.010147333
-0.29703465,-0.60219574,-0.001869358
-0.11859473,0.44627687,0.002597094
-0.49201253,0.42799905,0.009685073
1.0959599,-0.5582743,-0.030884475
-1.0403794,2.197101,0.030538961
-0.8237281,0.89792544,0.018955208
-1.1800818,1.1678464,0.02653629
0.88443494,-1.661562,-0.03540445
-0.08059786,0.35596874,0.001151875
-0.6501414,0.15633309,0.010691632
-0.7673349,-0.17617989,0.010496032
1.9756994,0.14950274,-0.043555245
0.16068754,-0.6040742,-0.011352055
0.40252027,1.0267079,-0.003417768
0.5035604,1.7863901,0.000467986
2.4178207,-2.0807319,-0.06806935
0.4800637,-0.5623299,-0.017777808
1.4865316,-0.7918858,-0.040967382
0.37926534,0.009831975,-0.011016279
0.77456826,-0.5097303,-0.0236345
-0.7056853,-1.2927102,0.001051888
-0.28893286,-0.8144839,-0.003684782
0.533527,-0.26834434,-0.016524278
0.15112078,-1.7200658,-0.020216584
-0.16311903,0.3731842,0.00292334
0.19531992,0.5647155,-0.002804421
-1.8227473,0.12568809,0.030115426
0.71804416,-0.37076437,-0.021290854
-0.3007845,1.107704,0.01101483
-2.026511,0.22505441,0.033558555
0.51560426,1.2149631,-0.004255198
-0.21300247,-1.0309322,-0.006950215
-0.63509107,0.5284939,0.013061803
-2.2467484,0.69796604,0.03883192
-1.3075064,0.73640007,0.025897406
0.662766,-0.88353115,-0.024305552
-0.42052364,-1.6342275,-0.007420585
0.24186406,0.052222587,-0.007805198
-1.3581315,-0.6937866,0.017579831
-0.2804532,-0.22464049,0.000702925
-0.36434895,-0.044819407,0.003731765
-0.32489002,-0.41525322,0.000133157
-1.2961546,0.88849133,0.026646383
1.1535197,0.2293853,-0.025684588
0.25203905,-1.321888,-0.019112252
2.517559,1.3375924,-0.045285366
0.26132336,0.68427914,-0.003216401
-0.50301975,-1.031124,-0.001013942
-0.6853315,0.12919079,0.011152919
0.6396041,0.45760414,-0.012893274
-1.2871166,-0.8389605,0.015348986
-0.8783609,-1.7634532,0.000919007
-0.17458513,-1.6166846,-0.012437522
-1.2585195,1.6278286,0.030450683
1.8347795,-0.24556883,-0.04378508
0.4601643,-0.8172034,-0.019431949
-1.0119964,-0.3535646,0.013747375
-1.9526646,-1.2879374,0.02372766
-1.2921734,0.45302495,0.023897674
-0.25490236,0.03830314,0.002198964
1.55804,1.0231551,-0.02783303
0.564864,-1.4122639,-0.02655197
-0.21818498,0.65636253,0.006130517
1.2250936,-1.5007294,-0.041230917
0.56912845,0.027598001,-0.014879428
0.24596539,-0.24687582,-0.010277689
-0.7533868,0.34858522,0.013953544
0.97433424,0.9134388,-0.016289704
-0.3647027,1.0355808,0.011686061
0.21644627,-0.44333747,-0.011233486
0.8608205,0.6472825,-0.016041018
-0.7208896,-0.20827053,0.009393398
-0.20483285,1.6437064,0.01308462
1.7859403,-2.3027008,-0.05848244
0.84164774,0.63477415,-0.015735604
0.05042121,-0.25860548,-0.006298572
-0.6766059,0.17478149,0.011316419
1.380548,-0.64402676,-0.037580267
0.4535346,1.1654038,-0.003371932
0.187377,0.52570313,-0.00294739
-1.3373017,-0.94726837,0.01550452
1.3165741,-1.2570413,-0.04117106
0.92374456,0.85721844,-0.015672207
-1.3109984,0.2942131,0.02320411
-0.18581244,-1.0977458,-0.008045062
-0.7515732,-0.37257966,0.008783575
-0.90865636,-0.07369824,0.013822254
-1.1719023,0.8573243,0.024490524
0.37895176,-1.4176716,-0.022613667
0.6657154,0.5661414,-0.012568332
0.22610654,-2.2436051,-0.026145376
-1.7002164,0.8469462,0.032398228
-0.30953282,0.04084689,0.003298715
-1.2020704,-1.2986732,0.010597255
1.5974829,-1.7773093,-0.050934874
-0.6581174,0.5611586,0.01371184
1.7859749,1.6937758,-0.02722741
-1.7101439,0.4840507,0.03050819
0.63552165,1.3806893,-0.005415276
-0.8129107,0.3046364,0.014722951
-0.7671825,-0.5753632,0.007604256
-1.9748831,-0.17372578,0.030638453
1.6143064,-0.80804545,-0.04371894
-1.3480738,1.1311713,0.028889429
1.4268824,0.806391,-0.026806027
-0.61759835,0.3571877,0.011523549
-1.6447973,0.73123115,0.030959994
-0.35708067,0.22159788,0.005585149
-0.25017297,-0.5260401,-0.002230145
-0.002854309,-1.0639726,-0.011606775
-0.71979016,-0.15058827,0.009789046
-1.1688542,0.00986181,0.018985018
0.25435272,-0.9076498,-0.015784845
0.260572,-0.2891548,-0.010923035
1.6136332,1.6624591,-0.023808815
0.98536074,3.2630785,0.002286501
-0.14072879,1.393053,0.01008223
-0.8512204,-1.161761,0.004905894
0.5341249,-0.94753045,-0.022078454
-0.42986447,-0.471779,0.001798302
0.12171742,0.1858556,-0.00426662
2.4388099,0.42378515,-0.050681487
0.35941747,1.9217477,0.004382454
-0.46911567,0.76219445,0.011664491
1.1546746,0.3245449,-0.024932757
-1.4413116,0.87234,0.028770559
0.14091486,0.040131714,-0.005809009
-0.031023216,0.48974857,0.001186356
1.2534959,0.034189977,-0.029404566
0.014281911,-1.2547092,-0.013506658
-1.4255614,0.005977126,0.023253832
-0.4521053,-0.29513144,0.003573373
0.38119704,-0.001690627,-0.011149377
-0.3921525,0.25155565,0.006486841
-0.32050255,0.9731101,0.010410503
-0.7225071,-1.4097526,0.000496499
-0.46779737,1.7096586,0.018255845
1.4240324,0.55210316,-0.028814726
1.1328212,-2.2585642,-0.045389667
0.16502215,1.9156828,0.008117326
-0.94988674,1.2410194,0.023314979
-0.69177717,-0.28444892,0.008289397
1.0539538,0.6893912,-0.01980795
0.12858011,-0.07305774,-0.006448515
0.11516688,-0.7271948,-0.011383712
-0.45583165,0.4375312,0.009070873
-0.3725622,0.3303279,0.006692357
-0.2326633,-0.08787161,0.000793554
1.0107058,1.5643556,-0.011782102
0.1942501,0.8054491,-0.000907272
-0.88745385,-0.29826155,0.01185707
-0.24577954,0.4844209,0.005382963
1.068171,-0.16776142,-0.027106404
0.057241723,0.61187583,0.000356801
-0.9631138,-0.37518257,0.01270562
1.0033269,-0.700114,-0.030072965
-0.9715077,0.08441288,0.016040977
-0.030451681,0.69017524,0.002705932
1.7725761,-1.0789666,-0.04901956
0.53444004,2.3432949,0.004150614
-2.3173409,-0.1857767,0.03532313
1.7768749,1.7965431,-0.02619677
0.2658513,0.42775968,-0.005326897
0.34656402,-0.5962514,-0.01521571
1.0453354,-0.74146193,-0.031303428
-0.076345876,0.9472201,0.005549751
-0.4545781,0.8471313,0.012002543
-0.73826313,-1.3223501,0.001476027
-0.10011458,-0.53955746,-0.005406462
1.1307894,-0.42903304,-0.0305707
0.1691336,0.4660359,-0.003041633
0.0869162,0.3781519,-0.002052702
1.0978663,0.03901455,-0.026051447
0.26255628,-0.58432287,-0.013340488
0.4350608,0.25018653,-0.010258995
1.3468009,-1.0172786,-0.039876394
-0.59612525,-0.019088782,0.008404817
1.1982281,-0.18154277,-0.029986925
0.81498396,1.2373426,-0.010301694
0.91983426,-0.31122696,-0.025113821
-0.6946887,0.2098631,0.011901252
0.7829818,1.8358468,-0.004846223
0.21199563,-0.73421586,-0.01348225
-1.0601851,-0.12749918,0.01616716
-0.4835674,-0.30033404,0.004151806
1.0339173,1.3720621,-0.013830096
-0.48885554,0.9305339,0.013226256
0.90640646,0.33305413,-0.019567199
1.0744778,1.3159562,-0.01514525
0.91209567,1.4496341,-0.010632001
-1.0661641,-0.51418537,0.013612635
1.0197302,-0.356002,-0.027611189
-1.6452682,1.0799975,0.032908827
0.6087654,1.2498565,-0.005900927
-0.14310265,0.21152622,0.001294568
1.3581669,-0.16199698,-0.033216193
-0.68855196,-0.11371611,0.009467296
-2.513246,1.4513932,0.04519043
2.0405376,-0.020633334,-0.0461908
-1.9996763,-0.8999389,0.026814237
-0.92863804,0.4551739,0.017802585
-0.41117647,0.71395534,0.010235902
-1.1022595,-0.76387435,0.01252725
-0.9660449,-0.1503581,0.014327396
-0.17514814,-0.3629071,-0.002488405
1.5262096,0.10311435,-0.034613624
-0.99049497,2.1813881,0.029709913
-1.3515925,-0.2591997,0.02033126
-0.8282104,0.56036997,0.016754247
-0.13194571,0.16217892,0.000693664
-0.004005647,1.407005,0.007581927
-0.07945155,0.70549303,0.003789917
-1.127676,-0.7742259,0.012919642
-0.36693174,0.504614,0.007870205
1.1577854,-0.1402318,-0.0287904
-0.067285866,-0.43761262,-0.005280659
0.31415695,-0.5820527,-0.014413789
0.96759623,-0.18075226,-0.025066994
1.3381681,-1.2996511,-0.04195755
0.6732722,2.1316452,-0.000267729
-0.007020372,-0.70414495,-0.008639842
1.2439613,-2.30E-05,-0.029480502
-1.2580715,0.011533216,0.02051419
0.026942214,1.6145937,0.008527596
-0.49036574,-0.5529527,0.002383217
-3.0789967,-1.0763866,0.040496185
-0.7322113,0.8800556,0.017241754
-0.5077843,0.6992247,0.011930797
-0.35744402,2.3351145,0.020566814
0.9763524,-0.89491385,-0.031090677
1.5089236,0.6588494,-0.02974993
-1.6075257,-0.071464226,0.025685798
0.101247154,1.3696853,0.005262405
1.0329413,0.33567607,-0.022244565
-1.2802022,-0.8409589,0.015212022
0.51849234,0.3664308,-0.011077039
0.4612256,1.5831422,-0.000258885
0.7190693,-0.3843765,-0.021423943
0.22234386,-0.37839037,-0.010836184
0.040590502,-0.65961665,-0.009278894
-0.8134889,0.74349153,0.017739162
-0.5703373,2.8212748,0.027157322
-2.5412347,0.16711645,0.03987391
-0.37504825,-0.86870295,-0.002350867
1.0345813,0.1261734,-0.023989685
-0.5860061,-1.7835121,-0.00517308
0.10235083,-2.3765192,-0.024584591
-1.2782468,-0.07716432,0.02027721
0.08472599,-0.31728628,-0.007474236
1.6888721,0.40361953,-0.035608888
0.76840866,-0.36389458,-0.022310287
-0.24392444,1.1071911,0.009944107
-1.5326123,1.0413011,0.03109143
0.10413654,-0.6999126,-0.010932848
0.46991044,-0.55402005,-0.017493978
0.73086965,-0.48228866,-0.022476315
-0.11297942,1.1925426,0.008083098
-0.20979673,-0.81563944,-0.005318254
0.46490037,-3.0165198,-0.03764861
0.43737218,-1.0288349,-0.020675331
-0.005273833,-1.0227423,-0.011224531
-0.6924703,0.10073281,0.011082292
-0.55283797,-0.35557792,0.005091727
1.8517603,-0.44347182,-0.045677014
-0.8315458,0.5278957,0.016591605
1.3052742,-1.0028377,-0.038896672
-0.040400337,-0.49585712,-0.006294608
-1.5005685,-0.000465616,0.024424534
-0.2717666,-0.7670474,-0.003665581
-1.2281789,1.705489,0.030453417
0.25308737,-1.664223,-0.021942854
-0.7557088,-0.41962972,0.008520458
0.21673061,0.80127263,-0.001394935
0.72713506,-1.172008,-0.028048448
-0.07229396,-0.911776,-0.008931957
-0.8300644,-0.17810923,0.011648379
-0.09328764,0.5581377,0.002946049
-0.41875008,-0.274701,0.003070369
-0.6109906,0.8250124,0.014704116
-0.43213284,-0.5981771,0.000881143
-0.66751724,0.30043718,0.012043033
-0.6297563,0.5750795,0.01329276
-0.97803974,-0.5232168,0.011937574
-1.6753917,-1.6239352,0.01691018
-1.8770989,0.71174693,0.034116667
0.7610695,1.3174409,-0.008529216
-0.26796368,1.0788456,0.010190576
2.0899725,-2.20915,-0.063319385
-0.23825474,-0.04673906,0.001219772
1.3288784,1.2833102,-0.020826899
-0.4005845,0.9122303,0.011467338
-0.46318135,-0.8786522,-0.000644244
1.361853,1.6325879,-0.01867979
-0.88219017,1.287486,0.022499952
-1.4801478,1.3825617,0.03225649
0.24638894,2.2537358,0.009071566
-0.04617874,-0.7707803,-0.008353889
-1.4508024,-0.63618314,0.01955567
0.48209623,-0.6707972,-0.018705003
-1.5615062,0.538537,0.028620753
-0.60586303,-0.7079117,0.003494218
-0.45356187,1.0323644,0.013301007
-0.46141335,-1.004441,-0.001649387
1.0825151,1.6067307,-0.012955517
0.93046737,0.7821454,-0.016424708
-1.5113022,0.24484253,0.026098263
-0.22093832,-0.602295,-0.003418908
2.2854884,0.6157145,-0.04618852
-0.7790252,-0.16383995,0.010802481
-0.57609975,1.0724798,0.015797023
-1.6455288,-0.29785702,0.02490383
0.5432454,0.18668506,-0.013045855
-1.1775465,-0.32935768,0.016868323
-0.7967678,0.023375656,0.012460932
0.40558243,-0.87336564,-0.01872573
0.9638403,1.9926889,-0.007347554
-0.98471016,0.747604,0.020706423
0.6519795,1.2745408,-0.006600276
0.4506081,-0.43241712,-0.016095042
-0.09516769,0.09196014,-0.000585437
0.6290741,0.7363054,-0.010427587
0.030749097,-0.6990983,-0.009388328
-0.029471971,0.30890602,-0.000235215
0.23042046,2.0259984,0.007682502
-1.838258,0.90202034,0.034601364
0.43502584,0.27086517,-0.010092549
0.44254842,-0.36095533,-0.015344217
-0.005159361,0.41115126,6.39E-05
0.80996025,0.42756236,-0.016745314
1.0836976,0.02141564,-0.02589295
1.8318009,0.52826864,-0.037595972
-0.16769251,-1.2908521,-0.009963647
-1.1737298,1.4080298,0.027889196
0.30625692,2.6110718,0.010575719
1.2417806,1.4130354,-0.017912053
0.6423998,-0.063600585,-0.017174937
-1.9934741,1.2732337,0.038502537
-0.82543284,-0.1405419,0.011829253
0.72745657,0.11449589,-0.01753594
-1.048969,-1.2075274,0.008372333
-0.6505261,1.6622276,0.021072723
-0.38893643,-1.7982174,-0.009385943
0.32974806,-0.8764655,-0.017134815
0.66261286,-0.002373819,-0.017107062
-1.0069879,-1.0498424,0.008716963
-1.189498,-0.3653423,0.016835403
-0.73908484,0.049198225,0.011579961
1.0116178,-0.26169986,-0.026667766
-0.18749155,0.58544284,0.00500337
0.13028672,0.11853737,-0.004971892
0.15113991,0.8372448,0.000208311
1.1882713,-0.15182203,-0.029533222
-1.7516414,-0.36627692,0.026158094
0.72885597,-0.40883157,-0.021832794
0.38052505,-1.1253611,-0.020250171
0.28271252,-0.84041715,-0.01584135
1.025189,0.6274144,-0.019699976
-1.6379704,-1.0945567,0.019749742
0.4061007,-0.16433951,-0.012982957
-1.4463358,0.5861314,0.027148407
1.8284669,1.154634,-0.032497965
1.357495,1.7854012,-0.017339915
-0.25623736,0.7504022,0.007561691
-0.4296409,-0.81407434,-0.000823543
-1.6034076,0.57743746,0.029473662
-2.439751,-0.919772,0.03312974
0.3752031,-0.11454844,-0.011930473
-0.20612624,0.14189671,0.002018347
-0.09076385,1.8390136,0.012379713
0.7902385,-0.6727443,-0.025303707
0.45671207,-0.6998856,-0.018401012
0.63507825,-0.17582287,-0.017931968
-0.063631274,-2.7044103,-0.023729712
0.27872923,0.56884253,-0.0044799
0.16652514,-0.6973647,-0.012225151
0.15674607,-0.54147476,-0.010766879
0.4139819,-0.5970873,-0.016654357
0.40777165,-0.17970467,-0.013142198
-1.7904797,0.7644674,0.03320932
0.9600951,-0.16077474,-0.024743631
1.0411806,0.8569171,-0.018171094
-1.2426969,0.5098356,0.0234528
0.52221525,2.305516,0.004102737
0.12992163,0.21298859,-0.004221939
0.45033035,-0.1811718,-0.014053553
0.8729414,-1.1838567,-0.031254575
-0.4296258,-0.80095685,-0.000722915
0.9789614,-0.7463235,-0.029932037
-1.4668617,0.38637984,0.026262186
0.21857116,-0.8662581,-0.014689676
-1.0204717,0.42400667,0.019182645
0.17257318,-0.50721765,-0.010824457
-0.23821858,0.6735593,0.006645881
1.0178264,-0.36757067,-0.027665116
0.8276484,0.26175347,-0.01847013
-0.29774025,1.4021546,0.01306976
0.31082162,1.2074785,-0.000141934
1.4809107,0.45348215,-0.030822657
-0.49617195,-0.022548173,0.006465085
0.10787464,0.71889925,0.00016465
0.6123766,-0.66914916,-0.021472737
-1.0182227,-0.58824784,0.012218744
1.3832458,-0.35891485,-0.03533773
-1.6942631,-1.0407978,0.021043312
1.1472113,0.39081997,-0.02423276
1.3223132,1.4126484,-0.019631498
0.6687567,0.87285686,-0.010163367
0.17693083,-0.7170928,-0.012603514
0.9894168,0.5107259,-0.019888528
-0.68208826,-1.095121,0.002081208
1.0257232,0.24139088,-0.02286002
-0.8731576,-0.46752548,0.010386884
-1.5920753,0.003307495,0.025897488
0.15552053,0.47722992,-0.002676442
0.088227846,-0.9551133,-0.012650393
-0.37270233,-0.6819559,-0.000954762
0.5187594,0.32765934,-0.011394307
-0.1656497,-0.3438922,-0.002533831
0.29043177,-0.65727866,-0.014520131
-0.90115154,0.5297035,0.017825596
-0.811026,0.14257886,0.013559639
-2.3564167,-0.5881036,0.033747405
-0.037054636,-0.88500416,-0.009454802
-0.4817386,1.2014269,0.015001055
0.37050843,-1.2118983,-0.020744614
-0.68602294,-1.7217693,-0.002641425
1.1414654,-1.4073558,-0.038740136
-0.30958983,-1.2621379,-0.006776713
0.557417,0.03426477,-0.014577381
-1.0348853,-0.3702692,0.014045734
1.6588422,-1.6173362,-0.05091329
1.5586766,0.54735535,-0.031707942
-0.45266476,-1.1542978,-0.002988711
-0.76573783,-0.43393788,0.008606788
-1.0179598,-0.27207607,0.014420453
-1.1394264,1.0642272,0.025259241
0.2604361,-0.9256178,-0.016060084
0.11226735,0.471372,-0.001842193
-3.4600782,0.3510834,0.04999598
0.6736392,0.1355867,-0.016220711
-0.024591396,0.4587274,0.000819728
0.14518894,1.4176177,0.004764363
0.7016038,-0.43449956,-0.021460526
-0.77534854,-0.82019883,0.005962834
-0.52773756,0.67784065,0.01214714
-0.25405544,-0.1283755,0.000911415
1.305371,0.63675094,-0.025599562
0.523112,-0.37609053,-0.01717855
1.6933991,1.2524107,-0.028846726
-0.79334056,-1.1958067,0.003519669
-0.09607718,0.106711745,-0.000453308
-2.1901968,-2.5124154,0.019950218
0.57233155,-1.4784389,-0.027256228
1.087755,0.31054318,-0.023619339
0.48340136,0.7969029,-0.006902628
-0.51999485,0.116437055,0.007945202
0.34551978,0.3557903,-0.00754647
0.8364721,-0.9168408,-0.028290614
-0.33153135,0.1108823,0.004258424
0.7798237,0.8222834,-0.01290828
0.42546862,0.5906979,-0.007339567
0.55621165,-0.7265871,-0.020742476
-1.0583111,-0.6952352,0.012202758
1.2488469,-0.5408069,-0.033979625
0.34420398,0.036355346,-0.010068163
0.2670626,-0.40533364,-0.011992946
-0.9109983,0.6365521,0.018713646
1.0976562,-0.008407595,-0.026434064
-0.6183336,-0.5315113,0.005056873
1.2699102,-0.40535828,-0.03332551
-0.5121773,-0.30031243,0.00471139
0.29544857,-1.8104448,-0.024055734
0.38508725,0.4335825,-0.007750288
1.0497142,-1.4380518,-0.037066832
-1.9241757,0.09736481,0.031424854
-0.4418996,1.1808637,0.01413637
-2.3266308,-1.4712447,0.028447721
0.9231537,-0.8338515,-0.029459402
2.2808838,-2.145036,-0.06619181
0.12086831,1.4339727,0.005363844
-1.4073259,1.1933866,0.030132715
1.054471,0.748635,-0.019336164
0.626342,1.4633336,-0.004570529
0.016217137,1.1238931,0.005071729
0.24929152,0.73673815,-0.002560169
0.18325204,0.2475507,-0.005046152
0.78241843,1.0380629,-0.011221916
2.2866566,0.30301437,-0.04860822
-1.70886,0.8379897,0.032470625
1.1791772,0.5906286,-0.023284405
-0.7651167,-1.2467686,0.002580315
2.2553344,0.6880016,-0.04502423
1.1042057,-0.8940638,-0.033794276
1.0198,0.30731735,-0.02219557
0.406835,0.05592058,-0.011225402
0.70171314,-0.02298312,-0.018106587
-0.0884136,-0.38423723,-0.004427135
0.9728212,-0.73205227,-0.029684715
-0.31810412,-1.135002,-0.005597688
-0.14868675,0.54354465,0.003927924
0.15911084,0.025063908,-0.006304078
-1.3196676,-0.12732491,0.02064959
0.2654372,0.003129733,-0.008687079
1.4642866,-0.046826627,-0.034521334
0.84848934,-1.8849913,-0.036469772
1.4880968,0.8275262,-0.027936675
-1.9321699,-0.897665,0.02577965
-1.2148952,0.51693016,0.023044258
0.50454825,-0.15002236,-0.014949523
-0.5155655,-1.2472284,-0.00242953
0.16219662,-1.3799306,-0.017668366
0.43530095,0.48630372,-0.008375838
0.6902581,-0.51181513,-0.021850131
1.808541,-0.36060485,-0.044154048
-2.3770354,-1.5030173,0.029017542
0.7064746,-1.6000963,-0.031122886
-1.2240483,-0.011381111,0.019788317
1.0139213,-0.45199245,-0.028271586
-1.0968882,1.3730748,0.026489753
1.788038,1.2013546,-0.03126651
0.74673843,1.338385,-0.008062296
0.8978475,-1.2021233,-0.03193357
-0.5474471,-0.6730485,0.002604894
0.765881,-0.822185,-0.026007406
-0.6708179,-0.25099197,0.008134462
-0.47130424,-0.57420367,0.001844056
0.9749605,-0.7166234,-0.029604152
-1.4676003,1.3015302,0.03162412
0.19203815,2.1045103,0.009002302
0.048868585,-0.82486784,-0.010774344
0.30017042,-0.89848125,-0.016684473
0.31438428,-1.3124641,-0.020368055
0.6545886,0.23945695,-0.014974251
-0.643376,0.46880272,0.012791988
-0.074363805,0.8798426,0.005005159
1.2381115,0.91025484,-0.021934174
0.059024945,-0.077630945,-0.005049132
-0.7039477,0.3973642,0.013396289
-0.9696327,1.0096163,0.022156458
1.3956319,0.5218642,-0.028457023
-0.818145,0.68045586,0.017393775
-0.21150686,1.0778902,0.009117052
-0.37844655,1.5469909,0.015555296
-0.5213082,0.037108745,0.007388219
0.09245995,0.13144664,-0.004093513
-0.13522144,-1.3086431,-0.01078777
-1.2864499,0.27307278,0.02266851
-1.6276058,-0.047521584,0.026145514
0.6925152,-0.8063211,-0.024308972
-0.46924186,0.77279556,0.011742696
-1.1717285,0.04077925,0.019238722
-0.5119341,0.801423,0.012734659
-0.23101372,-1.1338724,-0.007391706
0.46167204,0.4089667,-0.009544551
0.65121305,-0.55882055,-0.021400347
-0.08508783,1.3993407,0.009075146
-1.1175405,1.4257096,0.027131245
0.62487435,1.715803,-0.00254675
-0.010422534,0.5737977,0.001418941
0.8846095,0.28790694,-0.019470565
0.1434006,-0.49126276,-0.0100848
1.7301154,0.47988594,-0.03586033
0.32969943,-0.13240813,-0.011116996
0.6421413,-1.4960074,-0.028893992
0.29096696,1.2042173,0.000232853
0.06614934,0.66707706,0.000603139
0.21445416,-1.8928871,-0.022996947
1.0736701,-0.5169807,-0.03007403
-1.0326276,0.44713894,0.019543983
0.31281066,0.18180512,-0.008250624
0.007864067,-0.3423147,-0.006079964
-2.1978946,0.004888017,0.03472082
0.6404288,-1.0094692,-0.024860509
-1.0614438,-1.23734,0.00839328
1.0985854,0.96508443,-0.018512487
-0.076362625,0.32538682,0.000832759
-0.26124856,0.4076625,0.005110025
2.0157073,-0.31333512,-0.047954053
1.0789748,-0.26185733,-0.02810482
0.11018458,0.2083793,-0.003853507
0.33144102,-0.12642498,-0.011105552
0.26243335,-1.5512973,-0.021215089
1.7429054,0.21978167,-0.038209185
0.42353454,0.22245339,-0.010239676
-0.026083099,0.9307548,0.004443571
1.6254331,-0.29569086,-0.039883733
1.6811986,0.002659145,-0.038660213
0.96693456,0.04248317,-0.023229219
0.86938274,0.15912168,-0.020195708
-1.0230471,0.32552958,0.018571768
-0.74643594,-0.9992104,0.00407055
2.0836935,0.13712914,-0.045835838
-0.09824317,-1.7717311,-0.015313283
0.5867129,0.34935585,-0.012650713
0.08086728,-0.1344183,-0.005946979
0.9290183,-1.641377,-0.036180697
-0.1573823,0.43775553,0.00329937
0.06887868,-0.55761814,-0.009056114
0.27018437,-0.7968202,-0.015221529
-0.5017282,0.52777296,0.010588579
1.0802445,-0.38473257,-0.029134735
0.38927257,-0.21658269,-0.013049163
-0.6589386,-1.7600814,-0.003492191
0.14004223,-0.8311049,-0.012744173
-0.0208578,-1.2754893,-0.012931384
0.8021487,1.1237203,-0.010946818
-2.00564,-0.17897028,0.03105338
-0.71194744,0.4726592,0.014069416
-0.80703694,0.92290646,0.018834405
-0.20687068,0.2365254,0.002752177
0.20817901,0.4152449,-0.004239127
-1.8693391,-1.3850546,0.0217623
-0.4119939,0.55344373,0.009085316
1.3860527,1.2276723,-0.022500783
-0.3757698,1.3962287,0.01445144
-0.268548,-0.7449031,-0.003558576
-1.5903254,0.50554717,0.028860718
1.7458452,-0.074978985,-0.04061638
-0.4909827,-0.75014174,0.000897519
-0.14546846,1.3960365,0.010193288
0.06301142,0.39572173,-0.001431152
0.3080609,-0.7155872,-0.01536645
1.327237,-0.13490504,-0.032342836
0.089631796,-0.07888233,-0.005689681
-1.8932655,1.97288,0.040639408
0.50193,0.7926606,-0.007321201
-0.783856,2.1913652,0.026613843
1.6143636,-0.5255216,-0.041483633
-1.55347,0.45394865,0.028001193
0.66777843,0.51583445,-0.013017908
-0.42508027,0.82215315,0.011276115
-0.16355476,0.11398286,0.000956759
0.113927566,-0.12920661,-0.006589457
-0.12285262,1.8950562,0.013372909
-1.358726,0.24615651,0.02367729
-1.3146762,0.46950933,0.024363194
1.0649215,0.9960415,-0.017543785
1.4737831,-0.23217295,-0.036215506
-0.7643554,-0.13499725,0.010735307
-0.000759274,0.4451339,0.000237286
0.038375285,0.34198776,-0.001349114
-0.3900639,0.70358276,0.009763528
-0.58990246,0.3352207,0.010851152
-0.052127514,-0.17755958,-0.003552631
-0.3149655,-1.2286876,-0.00640104
0.014109428,-0.043118134,-0.00385619
1.4295182,-2.2105827,-0.050964214
1.7346615,-1.0752511,-0.048236765
1.3855584,-0.84936315,-0.03933476
-0.49392444,1.1049752,0.014546495
0.49104968,0.13512506,-0.012360625
-0.16549492,-0.79846644,-0.006097056
0.824639,-0.5384921,-0.024939686
-0.21567295,-0.46113595,-0.002427466
-1.1559374,-0.9785314,0.012005791
1.6404384,-0.22008821,-0.03959179
1.1875885,1.3891166,-0.016953424
1.6356841,-1.340758,-0.04832074
-0.23405364,-0.99081504,-0.006197326
-0.024286719,-0.627016,-0.007667117
0.43520758,-1.27548,-0.022650838
-1.5668452,-0.14062327,0.0246179
2.7181842,0.104720496,-0.058314577
-0.28723463,0.32745057,0.005016297
-0.70637655,-0.83497894,0.004512981
0.17106062,-0.13781777,-0.007843383
0.010311515,0.25293466,-0.001471512
1.5040714,0.44085914,-0.031415433
0.12290986,2.3963075,0.012439989
-0.8024276,-0.7519236,0.006986752
0.28623444,0.5349068,-0.004901603
-0.05578665,0.392642,0.000936918
0.9836321,-0.98176366,-0.031954654
0.19834094,-0.5323105,-0.011567459
0.3110336,-1.6187152,-0.022810906
0.49695933,2.0383894,0.002550982
-0.15855385,-1.4708028,-0.011599936
-0.7410496,0.7563911,0.016553465
-1.0612864,0.43079972,0.01992483
0.6236688,-0.9842399,-0.024294987
-0.27824852,-0.07797772,0.001778334
-0.23430711,-0.24508156,-0.000379995
0.91098607,-0.5119497,-0.026566453
-0.41771683,-0.71014345,-0.000264786
0.006550962,0.51358956,0.000617355
-0.9213976,-0.16456397,0.013419546
0.16192953,0.09421672,-0.005815864
0.84858894,-0.8540193,-0.028034605
-0.4576886,0.97890985,0.012997884
-1.7294229,2.2473025,0.039988182
-1.8685393,0.70499057,0.03396376
-1.9314146,0.17633134,0.031965647
1.5455852,0.0764081,-0.035236
-0.047697805,0.85989237,0.004332662
1.3875499,-0.36074442,-0.035442956
1.5126109,-0.6644355,-0.040489785
-0.40173674,-1.8230993,-0.009316765
-0.10982925,-0.50495636,-0.004934445
-1.1899645,-0.024943504,0.019117005
0.70786667,0.31835774,-0.015464261
-1.4152013,0.17525995,0.024145782
-0.040029272,0.356791,0.000345804
0.03267557,2.6391454,0.015822086
-0.6447185,-0.055175826,0.009063713
1.6545149,0.81488955,-0.031569123
-0.56879044,0.10087296,0.008759908
0.37701246,-1.1118684,-0.02006466
2.2190986,1.3586293,-0.039032362
-0.70412165,-2.3703296,-0.007362388
-1.4454893,1.202092,0.03074126
-0.25046378,0.53600234,0.005859166
1.1569871,0.84577143,-0.020729735
-1.1096767,0.59024704,0.021777667
-0.6952909,-0.3869171,0.007608339
-0.6289691,-1.6298819,-0.003090777
0.97379,2.1281264,-0.006468967
0.40555966,0.58471364,-0.006973743
1.043263,0.1820088,-0.023719087
-0.5233217,-0.74233943,0.001601577
2.3198788,0.5506813,-0.0473748
0.22028968,-0.06517403,-0.008290194
-1.4194137,0.51594895,0.02630731
1.0202048,-1.2132839,-0.0346175
-0.5627066,-0.28027278,0.005842872
0.91588724,-1.7637197,-0.036900885
0.7354591,0.19572462,-0.017045729
-0.2964443,0.35035357,0.005366989
1.936796,-1.6653787,-0.056622505
0.23728026,0.09730926,-0.007351689
-0.39732176,-0.7636977,-0.001087718
-0.9840394,-0.007497981,0.015634734
-0.41347727,-0.2333025,0.00327868
0.40226886,-0.3856466,-0.014690384
0.011170305,0.098444834,-0.002690241
0.21006282,0.6348103,-0.002557211
-1.4561658,2.48433,0.037780218
0.89905214,0.22746117,-0.020271152
1.3418342,0.8289529,-0.02480986
2.308847,1.747087,-0.037813887
1.340942,-0.18309645,-0.03302341
0.4763848,2.4399557,0.006028287
-0.14215131,0.4494023,0.00308691
-0.834914,-1.2885025,0.003642164
-1.2720625,-2.3651128,0.004179791
0.4243018,0.7974214,-0.005674765
0.49720123,-0.13910456,-0.014705457
0.065830074,0.88673204,0.002294175
0.8510875,0.04982291,-0.02069693
0.042987175,1.4079373,0.0066825
-0.7802548,-1.2409526,0.002923094
-0.08241564,-0.022486787,-0.001728609
-0.204449,0.7605376,0.006640106
-0.9971568,2.0075564,0.028782807
0.71969706,-1.5242727,-0.030781977
-0.3083853,-0.5276087,-0.001063258
-1.5966074,-0.117328495,0.025233902
-0.43149868,-0.11213186,0.004542612
1.6455773,-0.16734831,-0.039277688
-0.519948,-1.1527942,-0.001609884
-0.728285,-0.73181605,0.005705394
0.24927443,0.44517496,-0.00484813
1.3296026,-1.0457281,-0.03974747
2.4263844,1.4277258,-0.04274319
-1.4021127,1.6692041,0.032746483
-0.091622174,-0.114738725,-0.002257928
2.0459464,-0.89032614,-0.052934952
-0.000513279,-1.9096122,-0.01852554
-0.7970321,1.3465596,0.021465886
-1.0704694,0.20428462,0.0185823
0.5661016,-0.12995188,-0.016092554
-0.8918711,-0.13651562,0.013077691
-1.6236438,-1.4182577,0.017376564
0.7753035,-0.16888776,-0.020864673
0.12990952,1.0714093,0.002432294
0.8432742,0.8136414,-0.014319785
-0.5844869,-0.66454667,0.003399558
1.5615653,-0.7707109,-0.042344093
0.004737814,1.1599939,0.005567297
0.7880968,-0.5255733,-0.024053194
-1.1356539,0.4763207,0.021474883
0.7496323,1.3165728,-0.008297324
-0.16081987,0.33838364,0.002613694
0.50488555,1.4214216,-0.002410024
1.1768782,-1.2235731,-0.03799557
-1.6877496,0.46485272,0.030071128
1.0820242,-0.25741652,-0.028133526
1.2329485,0.4141816,-0.025870591
-1.4374596,-0.45717525,0.020494346
-0.46162385,0.49586195,0.00960448
-1.3421688,1.0787295,0.028491322
0.30547825,1.4476023,0.00182081
-1.2051721,-1.0530839,0.012386948
-0.14784324,2.2962744,0.016652428
-0.34139732,0.50294894,0.007368803
-0.8433388,-0.8670626,0.006927803
-1.6696686,0.079095304,0.027553204
-2.2955382,1.2536908,0.041992284
-2.2629383,0.5166044,0.038151413
0.79308075,-1.8115821,-0.034698427
-2.250061,0.37007698,0.037266344
-0.89016384,0.6968028,0.018756688
-0.524838,-1.2689492,-0.002409384
-1.6127132,-0.11427062,0.025506873
0.2730781,-1.1122209,-0.017848574
0.30203187,0.67279303,-0.004140467
0.24857754,-0.06445677,-0.008874312
0.24477969,-0.96792674,-0.016071126
-1.2676854,1.4124476,0.029335264
0.2818844,-0.81569314,-0.015623033
-0.49248648,0.7709902,0.012159929
0.16549978,-1.4240102,-0.018098898
0.5840126,-0.7684641,-0.021679029
-0.26255497,-0.21084915,0.000450157
0.33054635,-2.1189044,-0.027356863
1.1069275,-0.20667893,-0.028249815
-0.033619847,-0.64158875,-0.007588804
-2.2925465,0.32792744,0.037595384
0.98570883,1.4655966,-0.012053557
0.934863,0.5915589,-0.018068075
-0.21992093,1.2994617,0.010889437
-0.09024324,0.75500506,0.00437592
-1.6073065,-1.7489986,0.014862634
1.1913942,-1.2566594,-0.038566172
-1.3849906,0.46912184,0.025480885
-0.1906383,0.06567584,0.001128294
-0.658011,-1.3935764,-0.000675216
2.0130465,0.16447999,-0.044196658
0.044269253,-0.31535056,-0.006619901
0.46582574,-0.025068024,-0.013120167
-0.5140802,0.22828759,0.008650221
0.117836215,-0.34879863,-0.008413546
-1.7848337,-0.44049194,0.026228867
-1.1316822,1.0286357,0.024914805
0.42556354,-0.9773983,-0.020002156
-0.5290114,-0.06458178,0.006787352
1.2082233,-0.2685307,-0.030907363
1.9331919,-2.0782666,-0.059568524
-1.4690046,2.1787817,0.036384422
-0.09275657,1.4968202,0.009934969
0.63319963,-2.1917026,-0.034426183
-2.3058853,1.1212692,0.041513503
1.74836,0.5402558,-0.035757847
-0.04662164,-2.2627983,-0.020441093
2.3763764,1.1880507,-0.043592207
0.717531,-0.048568442,-0.018651739
0.99113023,-0.69067,-0.02973628
0.031628847,-0.09073164,-0.004588828
0.4808043,-1.8499644,-0.028357305
0.9583438,0.054584112,-0.022947036
1.9711087,-0.34688154,-0.047323436
0.40558273,-0.67275655,-0.017091058
0.7629105,-0.19559442,-0.020818204
-0.9417766,0.005867587,0.014971279
1.2579851,1.9231554,-0.014101833
-0.24206285,-0.8960484,-0.005285747
1.2078927,3.0677774,-0.003798008
1.5769212,1.1162987,-0.02747704
-1.0821829,0.20874035,0.018813908
1.144831,1.2047487,-0.017545052
0.603169,1.049213,-0.007381901
1.9423237,0.89829147,-0.03694445
0.56982726,-1.3466324,-0.026118517
1.4061022,-0.7571678,-0.039022356
-0.6508336,-1.3318926,-0.000346363
-0.79951024,-0.9778253,0.005264908
1.1016068,0.20375448,-0.02478651
0.43972948,-0.5674109,-0.016960688
-1.9200057,-0.20808616,0.029640976
-1.8197727,0.11559846,0.030014306
0.34664688,1.5597128,0.001861788
0.25911874,-0.09624493,-0.009348229
-1.6683438,0.08437023,0.02756422
0.9683576,0.75070626,-0.017485812
-1.1926601,0.5366282,0.022805154
0.16584305,0.65144306,-0.001528591
0.28972802,0.11399314,-0.008309938
1.499991,-1.2079356,-0.044545054
0.115074106,2.3557913,0.01229221
-0.95366836,-1.0160266,0.007949777
1.358249,-0.9396562,-0.03949152
-1.0029608,-1.8635597,0.002638035
0.83246225,-0.23987551,-0.022664733
0.96656984,0.0897273,-0.022835664
-0.23987085,0.6975272,0.006855644
1.0577945,-0.41823694,-0.028930351
0.8447519,0.5835457,-0.016217388
-0.2315308,0.7948248,0.007415831
0.6605006,-0.21905074,-0.018825457
1.5754867,-0.37168393,-0.039455146
0.4239076,0.41922176,-0.008673556
0.54364794,-0.17889662,-0.016013026
1.1788979,0.8973548,-0.020776339
-0.31963852,-0.088666275,0.00251855
1.3608192,-0.83390206,-0.038695738
0.71976686,0.5096876,-0.014166482
0.9510383,1.2865938,-0.012769759
0.32288915,-1.3546332,-0.020895682
1.6477864,-1.218478,-0.047612518
0.6384015,0.24825136,-0.014560133
-1.1444927,0.9099855,0.024379425
-0.1423164,0.6099546,0.004303746
-1.5197283,0.7620374,0.029299892
-1.1118087,-1.0945284,0.010366675
-1.0168304,1.5103556,0.026076615
1.630499,-1.3351431,-0.04817365
0.28984752,0.95277417,-0.001698561
-0.83470863,-0.53581434,0.009173885
0.2959694,0.2903527,-0.007037371
-0.049869765,0.391481,0.000809595
-2.0248888,1.032587,0.037709095
-0.45821425,-0.65272343,0.000985973
-2.47051,-1.5869461,0.02991987
-0.1764088,-1.4930652,-0.011402905
-0.24984157,0.1395008,0.002866551
-0.6839281,-2.18567,-0.006318353
-0.521013,1.2699585,0.016180262
0.25818846,0.24988331,-0.006575145
0.6656323,-1.1723802,-0.026736818
0.6090494,0.67444146,-0.010504238
-0.15147805,0.25455758,0.001790106
1.8323113,0.7168001,-0.036098965
-0.8419466,-0.22409156,0.011541791
-0.56050175,-0.82447904,0.001717366
0.71558154,0.7473472,-0.012158021
1.5815513,1.1528437,-0.027278215
2.777225,-0.41312587,-0.06299731
-0.48614904,-0.34475222,0.00386925
1.3404756,-0.11884411,-0.032492526
-0.6484211,0.096092835,0.010226544
0.007219792,1.4742161,0.00786534
-1.4624717,0.024001699,0.023964506
-0.000528066,-0.2872583,-0.005472675
-1.6942743,-0.50930846,0.024380974
0.28487015,-0.7230559,-0.014935032
2.6996334,-0.28642082,-0.060741022
-0.20376013,0.23089954,0.002647929
0.9190485,-1.599093,-0.035625666
-1.048489,0.40563774,0.01954076
0.8258211,-0.024206059,-0.020761877
-1.2224275,-1.0303832,0.01286133
0.5703168,-0.8396827,-0.021969177
-1.0629064,-0.24045776,0.015443862
-0.77979434,0.95747066,0.018595196
-1.1727364,0.31500867,0.021050695
-0.86509156,0.91715485,0.019792765
-0.45527333,0.7359144,0.011218783
-1.3488084,0.37899545,0.024347477
0.44243068,1.3156807,-0.001965821
-0.24842238,1.9410188,0.015973177
0.975677,-0.80659825,-0.030354716
0.023881692,-0.56854653,-0.008204751
0.85923,1.0489883,-0.012752667
1.8209261,-1.0669241,-0.04988362
-0.97501236,-0.69347334,0.010673702
0.78444225,-0.16316478,-0.021012984
1.0849802,-0.030374339,-0.026343107
0.5755238,-1.0572367,-0.023863584
-0.19958858,-1.2313783,-0.008821301
0.95875555,-0.78071153,-0.02978301
-0.031617317,-0.9183348,-0.009834953
-0.7414759,-0.45399937,0.007999681
0.2521525,1.7020812,0.004821241
1.6316595,0.16380726,-0.036337018
-0.19276248,1.9207556,0.014829434
-2.0319173,-1.3429939,0.024657812
-1.8151968,1.2704135,0.03621865
0.59591115,-0.22572729,-0.017504431
-0.2348701,1.0448911,0.009318456
1.3253385,-0.8513357,-0.03809592
0.3643065,-0.7759502,-0.017052308
1.4325856,-0.16088319,-0.034775577
-0.5764207,0.5917943,0.012432858
-0.91680497,1.7411814,0.02592501
1.1645614,0.46877885,-0.023966774
-0.08713381,-0.35765764,-0.004245088
0.45574751,0.41872558,-0.009342566
0.67883193,0.22602966,-0.015597098
-0.63679576,0.21686034,0.010876719
1.1967463,-0.14526121,-0.029659927
1.331441,1.0275882,-0.022968076
0.52986956,0.6817713,-0.008787937
-0.46028236,-0.4824035,0.002321348
-0.04872566,0.5464039,0.00197272
-0.9251767,0.4588972,0.017767314
1.4905696,-0.25944692,-0.036786467
-0.7380073,-0.54710686,0.007252835
-0.73308766,0.054009665,0.011503115
0.9484435,0.26173234,-0.021045066
0.38163725,-0.53510976,-0.01546406
0.22976491,0.1707147,-0.006613657
-0.95885265,-1.2576455,0.006282955
0.16510813,0.3990802,-0.003483445
-1.1495135,0.74474376,0.023420524
0.82888407,1.0605266,-0.012019262
-0.119788714,-1.9783827,-0.016539492
1.3770896,-1.9292992,-0.047733225
0.2610158,-0.23280768,-0.010480538
-0.7005696,0.74939775,0.01578635
-0.06855232,-0.04125154,-0.002155624
0.009214166,-0.16347684,-0.004699633
-0.13512792,0.054011203,-7.34E-05
-1.5744176,0.18887438,0.026742745
0.6330129,-0.58728975,-0.021244295
-0.12385936,-1.8853581,-0.0156935
-0.45345107,-0.93456316,-0.001271106
0.42063686,1.2090211,-0.002357155
1.2681862,1.4026532,-0.018559203
-0.8784016,-0.34996846,0.011322878
-0.68981737,2.098186,0.024537008
-0.99441046,-0.6432727,0.011390783
0.000810963,0.18818381,-0.001781479
0.060347285,0.5283189,-0.000350408
0.93537235,0.0947562,-0.022128738
-0.5223104,-1.944481,-0.007765509
-0.9685017,0.21214123,0.016857632
-1.3696581,0.4765686,0.025284026
0.029064067,-1.6191307,-0.01678127
1.7974817,0.4885893,-0.037198007
-0.2921618,0.8699273,0.009124968
-0.28244892,-0.82628006,-0.003909588
0.000419014,0.58182573,0.001263969
-1.5676854,1.5703437,0.034495834
0.6580125,0.34963474,-0.014154784
-0.03769145,2.5638068,0.01655418
-0.046950348,0.9078414,0.004679695
0.73354155,-0.737111,-0.02461911
0.49357286,-0.28281525,-0.015793204
-0.5649587,1.99111,0.021794979
-0.5432742,0.527762,0.011363175
-0.38436395,1.7586275,0.017126434
1.4596868,0.8557538,-0.0271025
0.19897227,-0.46885657,-0.011071138
-1.5958242,-0.43617308,0.023248147
-0.21415284,0.4493696,0.004502766
-0.44064137,-0.05460122,0.00515084
2.4630847,0.62873816,-0.049611285
-0.6902437,0.51603603,0.013979245
-0.37957403,1.203302,0.013157617
1.3761425,0.55367595,-0.027783632
0.15202944,1.7202997,0.006909452
0.17009975,-0.31967553,-0.009272009
1.0429068,0.1719972,-0.023793228
-0.12916575,0.9561353,0.006640934
-0.7612521,0.13817777,0.012619242
-0.85678846,-1.2438272,0.00440421
1.1653006,-0.5689459,-0.032441996
0.054450717,-0.85357386,-0.011121936
-1.0295866,0.056697715,0.016878314
-0.3241645,-0.4986532,-0.000522003
0.8896994,-0.18229435,-0.023416452
-1.5273733,-2.2082918,0.010207236
-0.49660823,3.265383,0.028728552
1.2024381,0.8145785,-0.021953657
0.7179149,0.11573139,-0.017322935
-0.25561652,-0.6123619,-0.002789952
-0.31455165,-1.0455071,-0.004967541
0.38284355,1.7086135,0.002285861
-0.23936501,-1.8197163,-0.012708172
1.4031206,1.4918519,-0.020708807
0.35589695,-1.4101447,-0.022057958
-0.1758562,0.2895884,0.002540886
-0.4768507,-0.79640746,0.000261284
0.025868561,-1.1360419,-0.012793049
-0.27768123,-1.4908526,-0.00925903
-0.23426318,-0.32053623,-0.00096231
-0.25008324,0.04720418,0.00217098
0.022571152,0.63744485,0.001247853
-0.687728,0.61782247,0.014644261
0.47777528,0.15483965,-0.01192224
0.4637521,0.10144519,-0.012056753
0.6626461,-0.59378725,-0.021930516
-0.74883974,-0.6583281,0.006644353
-0.004675708,-0.84194875,-0.009788379
-0.782484,2.2806585,0.027140476
-1.5667211,0.76809263,0.03003069
0.92406166,-1.3853223,-0.03398703
-0.8222714,0.33772695,0.015120201
-1.4271924,-1.7919949,0.011287488
-1.4360001,-1.8040543,0.011365518
0.16492213,-0.39287433,-0.009748504
-0.73629344,-0.974975,0.004053026
1.271534,0.34332597,-0.02727028
1.4302444,-1.1203661,-0.04242403
1.3720989,0.8303462,-0.02544371
0.96579224,-0.7590547,-0.029755779
1.4306859,-0.5289825,-0.037702158
-0.4093768,2.0088003,0.01926779
0.3365079,-0.1573389,-0.011460349
0.20802157,2.0581377,0.008352462
0.56429005,1.0463939,-0.006596796
1.0322591,-1.2075139,-0.03482511
-0.19818747,0.89270866,0.00749962
0.73440534,-0.75759715,-0.024805382
-0.14707516,0.32909665,0.00227055
1.880296,1.9972584,-0.026765153
0.42149678,2.0200355,0.003907941
0.67690384,-0.6648826,-0.022816889
0.21344449,1.3541641,0.002935685
0.2916801,-0.38714185,-0.012365192
1.3806833,-0.57028717,-0.036989257
0.28346106,-1.7397194,-0.023215659
-0.8221209,1.1149932,0.020369258
0.93612194,0.38894704,-0.019745052
-1.0330683,0.24621844,0.01821522
0.7022363,-1.7676983,-0.0324094
0.8290933,0.4371495,-0.017074063
0.105719365,-1.6593959,-0.018747345
-0.2705196,-0.43664944,-0.001126215
0.783151,-0.9216662,-0.02719175
-0.7094525,-0.5703554,0.006533563
0.8167027,0.55588293,-0.015846483
1.7027123,-0.6197086,-0.044036806
-1.1209698,-0.05889615,0.017698534
0.8995846,-0.5019099,-0.026240952
0.22435445,-1.2876848,-0.01824142
-0.4756225,2.5845695,0.024164278
-0.1101254,1.0068964,0.006651022
0.15591714,-0.2625681,-0.008520633
0.26116326,-0.43247914,-0.012087122
-0.30369964,-0.8144143,-0.00338243
-0.6691729,0.5891352,0.014108621
0.83000076,0.03902741,-0.020335212
1.466305,-0.4229235,-0.037593484
-0.58923256,0.098416016,0.009129155
0.16261423,-0.84058577,-0.013297446
-1.3203565,-0.04138876,0.021216929
0.9533875,1.0603895,-0.014652148
-0.029291453,-1.432131,-0.014019884
0.64601713,0.49696693,-0.012710936
-0.19404803,0.9075756,0.007530138
-0.80383325,-0.29497626,0.010326795
0.39418128,-1.4748317,-0.023409829
-2.1792817,-0.6618238,0.030861247
1.8191918,0.8202736,-0.034994364
1.5129293,1.550678,-0.02257204
0.48679826,0.6037351,-0.00851249
-1.7235178,1.6269819,0.03685438
-0.07028983,0.3931685,0.001230851
-0.7051974,0.4942106,0.014097724
-0.12741372,1.3008765,0.009155937
-1.4758335,0.34408206,0.026145775
1.1403815,1.5578516,-0.014577836
0.73596346,-0.6773978,-0.024181828
0.4429286,0.49999258,-0.008425646
-0.005735625,0.012494973,-0.003015913
-0.087173335,0.8786762,0.005246468
-1.4891638,-0.52484447,0.020925522
0.946545,-0.8009708,-0.029688679
0.08395105,0.56400883,-0.000550382
0.056402992,-0.03345313,-0.004647896
1.1194605,-1.9970897,-0.04302872
0.59142363,-1.2318957,-0.02563785
-0.60144484,0.8472817,0.014687259
-0.12884663,0.001573136,-0.00060387
0.71335185,-0.1718134,-0.019567005
-1.7394757,-1.7549691,0.017157413
0.708566,0.3627746,-0.015119024
-0.71492493,-2.4204292,-0.007535577
-0.6823072,0.38048908,0.012881875
-0.18337804,0.49230164,0.004222728
-1.5714138,-2.0112884,0.01240686
0.92438316,-0.724216,-0.02858872
0.10387449,0.25170904,-0.003385067
-1.6379378,-1.1407231,0.01944901
0.446869,-0.85379046,-0.019446954
1.4886601,-0.36952147,-0.0376312
1.9296926,-0.7149568,-0.049332716
-0.5464513,1.2465887,0.016471177
-1.5849147,-0.100276954,0.025153168
-0.9249851,-0.9879218,0.007607423
0.9001478,-0.47273803,-0.02601432
-0.42795882,0.71819836,0.010581225
-1.5220226,1.1159164,0.031360283
-0.009667525,-1.1721401,-0.012333959
-0.14888261,1.0618854,0.007805005
0.675656,-0.2976203,-0.01978913
2.3483598,-0.26309702,-0.05406169
-0.15845664,-0.18092868,-0.001415789
-1.6051371,-0.82909936,0.02091048
-0.4431507,-0.6554863,0.000663839
-0.78123146,-0.41446164,0.009041246
1.3074281,-1.6408826,-0.044044487
-1.1305805,-1.8717636,0.005079523
-0.30446216,-0.3684418,8.22E-05
-1.2739388,1.1360378,0.027794302
-0.03165234,-1.8011096,-0.016971946
-1.062903,-2.1182475,0.001905426
-0.7411329,-1.0081491,0.00389982
1.233812,-0.688842,-0.034862965
1.4040055,-1.6195316,-0.045841932
-0.17803921,0.8235425,0.00659848
-0.12540486,-0.11788591,-0.001596883
-0.23227741,-0.7409839,-0.004270524
0.1557412,0.22081338,-0.004690677
-0.65764135,-0.583837,0.005432099
0.5744051,0.012797739,-0.015111141
0.4825334,-2.2099922,-0.031366363
0.28139386,-1.2546353,-0.01918935
0.82220715,0.37177578,-0.017459124
2.1325262,0.035202373,-0.047599524
-0.6181674,-1.6019439,-0.003093921
0.19464426,0.22784638,-0.005436204
-0.49821374,-1.2430881,-0.002750516
-0.7147796,-0.8265678,0.00473962
0.63773465,1.5853255,-0.003839731
-1.1164552,0.35373947,0.02035506
0.6827987,-0.17219836,-0.018918872
-0.9444637,0.31852618,0.0171564
-0.9303603,-0.3188206,0.012501497
-0.31575367,-0.22982106,0.001368329
0.15226977,0.6238268,-0.001468122
-1.9279771,0.014114466,0.03101461
-0.026816087,-0.7545097,-0.008628048
-0.71078086,0.47705716,0.014079019
-1.8363869,-0.93025476,0.024063572
-0.93070155,0.19111708,0.016046323
0.15017556,-0.2065674,-0.007955439
0.12877464,0.7118475,-0.000310585
-0.3005494,1.7181023,0.015351154
0.341087,-0.56884944,-0.014877491
-0.2794968,-1.0850422,-0.006001212
0.21900442,-1.8327293,-0.022598818
-0.6569668,1.5784459,0.020628933
-2.3888838,0.71114,0.04059965
0.3344331,-0.14007638,-0.011278041
0.5070353,0.81388694,-0.007258304
-0.33840367,-0.7924636,-0.002504349
0.49252057,-1.4273422,-0.025126569
-0.032110266,0.9574024,0.00476265
-0.5252796,-1.5261974,-0.004404366
0.30066606,-1.9493722,-0.025314137
-0.72161394,-0.8431044,0.004749768
-1.2208468,-0.023119345,0.019656777
0.6773166,0.9509997,-0.009715498
-2.1419196,0.3935276,0.035989873
1.4891293,-0.7471867,-0.04066451
0.29002234,-1.1057376,-0.018157028
1.0498062,-0.5168838,-0.029565647
-0.80890113,-0.47984263,0.009091094
0.7212476,0.65059793,-0.013058469
-0.4423838,-0.6010481,0.001063943
-0.60965663,0.2660195,0.010723054
2.2895753,0.94615173,-0.043712847
-0.18745269,0.29905483,0.002842307
1.2746475,1.1888655,-0.020440705
-0.14197138,0.8200925,0.005874142
0.6455537,0.19976473,-0.015104353
0.6203735,-0.28707573,-0.018524662
1.7622725,0.21091187,-0.03868229
-1.2556095,-0.38746098,0.017841965
-1.0848441,0.6040722,0.021453079
0.65822375,2.5217228,0.003067605
1.8198671,-1.042499,-0.04967527
0.32518157,-0.65750164,-0.015258685
2.1334283,0.7211748,-0.042291865
1.3163613,-1.4465443,-0.04268065
0.7052268,-0.790939,-0.02445475
-2.1881027,0.5650597,0.03744985
-0.7457655,-0.027255468,0.011159107
-0.7347318,-2.028474,-0.004034594
2.3906248,0.3912097,-0.049985245
0.089419805,-0.39281055,-0.008171849
-0.07406383,-2.3589094,-0.020644426
0.97425026,-0.6604992,-0.029130302
-0.059907716,-0.053245556,-0.002424605
-1.1581202,-0.0911621,0.018128209
0.81950575,0.9828179,-0.012448937
0.14658873,-1.8826537,-0.021456197
0.9401643,-0.038261246,-0.023317195
-0.44859725,-1.1962084,-0.003397934
-0.46517885,-0.5584003,0.001842313
0.9723735,-0.6417754,-0.028937265
-0.11472743,-0.8013816,-0.00717137
0.2663922,0.9758076,-0.001043499
0.2346833,0.77439666,-0.001968756
0.07500849,-2.2326388,-0.022805773
-1.4758966,-1.7993667,0.012133554
-0.038775805,0.8966021,0.004434727
0.7968008,1.0437609,-0.01147867
0.23653713,0.5977697,-0.0033876
0.788031,-0.7516467,-0.025902785
1.118806,1.8100481,-0.012074411
0.25700945,0.31805038,-0.006011151
0.3141303,-1.0899361,-0.018542394
0.25597116,0.25422305,-0.00649485
2.0814426,1.5467505,-0.0346656
0.06127302,-0.6362915,-0.009525076
-0.19504069,-0.94949466,-0.006678365
0.05873773,0.23005685,-0.002633154
0.08213131,-0.13672449,-0.005991302
2.4567986,1.720288,-0.041078232
1.5583049,-1.302071,-0.046466917
0.5782379,-0.12336435,-0.016296826
-0.81260175,-1.4973851,0.001628079
-0.1462442,-0.097025424,-0.001013964
1.3230593,1.2659307,-0.020844579
-0.3057027,1.6752293,0.015143707
-1.3497847,-0.9278379,0.015858185
0.20883943,0.8929485,-0.000523254
0.22513632,-0.30093277,-0.010274001
0.81461877,-1.1772195,-0.029958203
-1.1573492,-0.7173966,0.013854306
0.61112946,-0.2683828,-0.018175527
-0.5984685,-1.1919377,-0.00032647
-2.2092006,0.17574935,0.035755936
0.19046378,1.0944358,0.001401879
0.34630507,1.0421036,-0.00214912
-1.0346699,1.5125617,0.02637025
0.46931237,0.2773458,-0.010759652
2.0098124,-0.2399426,-0.04727097
-0.8553339,-0.46559292,0.010067239
0.7100701,-0.46111354,-0.021858856
-0.2512229,-0.5197922,-0.002160363
0.57165307,-1.379237,-0.02642569
0.001615049,2.6186173,0.016235203
-0.550179,0.992659,0.014777061
-0.19767755,0.19480072,0.002253115
-1.9283503,0.7775913,0.035155613
0.23387453,-1.0552039,-0.016548932
0.8633686,-0.3481605,-0.024209999
0.57506734,1.6461825,-0.00207717
0.24081703,-1.6924844,-0.021912217
0.12722889,0.024754994,-0.005647898
-0.6121995,-0.22161442,0.007229462
0.52931535,0.7965944,-0.007859543
1.3957471,-0.47301236,-0.036520764
-1.2725971,-0.3092289,0.018656008
0.5613688,-1.1178685,-0.024058163
0.50747865,-0.11797311,-0.01475209
0.84346,-1.9396,-0.036809497
0.325793,0.76356715,-0.003914066
-1.2166133,1.5878682,0.029599883
1.6397032,0.14708011,-0.036639497
-1.0956756,0.6579068,0.021981008
0.68617195,-0.76158637,-0.023806848
-0.8607312,-0.10913092,0.012700483
0.4427128,-0.71271014,-0.018207178
-0.9727238,-0.2437772,0.01379931
-0.28427345,0.30558738,0.004794739
-0.43995363,0.09247406,0.006231152
-0.04124296,-0.9422268,-0.00982441
-0.34228522,0.3333569,0.006129995
-0.6759479,0.27275357,0.012001995
-0.8245873,-0.5698867,0.008736067
-1.6682808,-0.7844225,0.022242587
-0.51518553,0.441761,0.010220338
0.84144574,1.2426814,-0.010814667
0.28112516,0.58881235,-0.004371934
1.1462963,0.372049,-0.024366394
2.2460804,-0.3115366,-0.052458942
0.42401162,-0.6056519,-0.016937315
0.5361941,-0.14171204,-0.015553199
0.050798263,-1.1137849,-0.013140157
-1.2843362,1.6515385,0.030963548
-0.24699125,-0.16646339,0.000478469
-0.19591516,-0.35137784,-0.001977004
0.3097507,-1.4011971,-0.020996355
-0.5971737,-1.2004137,-0.000417531
-1.0755978,0.2722571,0.019122299
0.23994045,-1.1106056,-0.017129153
-0.26481032,1.303168,0.011753202
0.53327197,-0.51936036,-0.01856134
-0.85176444,-0.49671963,0.009776711
0.87398344,2.3654485,-0.002517
0.16608582,-1.1680114,-0.01602447
1.2499105,0.5316451,-0.025274262
-1.2175479,0.7175587,0.024350509
-0.4088343,0.20973182,0.006498978
-1.3367635,0.6105231,0.02558694
0.8195436,-0.25674695,-0.022526719
0.37416035,-1.3469396,-0.021930188
-0.17483044,1.0660143,0.008331806
0.26353893,0.76093006,-0.002661496
-1.2704723,0.9381145,0.026547745
0.0426231,-0.45138815,-0.007663794
0.15866055,0.8614411,0.000243947
-0.104967125,-1.0670748,-0.009488218
1.2838867,-0.52184933,-0.034564838
-0.38571852,-1.905305,-0.010311313
1.7774425,-1.0458231,-0.04886058
-0.7481993,1.5777013,0.022155598
0.47069097,0.2559346,-0.01096049
0.037336722,1.1661218,0.004976995
-0.1344036,0.07581207,7.97E-05
-1.5258061,0.24071331,0.026299775
-1.7929287,3.044962,0.04430998
0.16088341,1.6921121,0.006526701
-0.43711814,-0.46863756,0.001966253
1.5339751,0.14271879,-0.034457438
-0.20416312,1.2862593,0.010498308
1.3321855,0.15907629,-0.03005974
-1.0287229,-0.8327855,0.010681827
-0.95534426,0.8808002,0.021082312
-0.39447623,0.15990241,0.005851492
3.6301808,-0.40032178,-0.07658592
-1.8615857,-1.9926692,0.017707266
1.6215097,-0.05085166,-0.03784629
-0.90283847,-1.2801532,0.005031966
-0.73032737,-0.45932382,0.007748209
0.5129188,-0.9267584,-0.021454863
-0.82056934,1.9914958,0.025955964
1.127967,0.36095625,-0.02406589
0.42021,1.160318,-0.002730303
0.5218022,-0.9629613,-0.021941304
-0.3086589,-1.1521271,-0.005927511
0.29955068,-0.9029084,-0.016707309
-2.1525917,0.246955,0.03537599
-0.92284083,0.76263815,0.019755475
-1.6229529,-0.026514664,0.026199814
-0.4395918,1.1680772,0.014004421
0.1415952,1.2873577,0.003847212
0.000841911,-0.56486994,-0.007696182
0.2950989,0.5878798,-0.0046665
-0.5575202,0.84809285,0.01389746
0.32894984,0.9799955,-0.00228136
-0.49401277,0.013917706,0.006692946
0.92790854,0.23945439,-0.020788766
-0.045951035,0.7992158,0.003839679
-0.65663046,1.2831595,0.018652502
-1.6757144,-1.245045,0.019412737
0.37887233,0.47499198,-0.007291675
0.028760096,-0.2309151,-0.005632661
2.2177467,-1.7003151,-0.062026307
2.444724,-0.1355534,-0.0549528
0.18335132,0.1581051,-0.005753644
1.3153418,-0.6498936,-0.036262065
0.6901892,0.826934,-0.010982476
1.7295326,-0.32165793,-0.042234592
-0.15054363,1.1226671,0.008285537
0.45181438,-2.9013593,-0.036421806
-0.4024817,-0.21044107,0.003234394
0.6481351,0.061084572,-0.016283907
1.0846578,-0.9907524,-0.034167796
-0.7875446,1.1130879,0.019767854
-0.31994134,0.29443234,0.005406529
-0.5693811,0.042704225,0.008347072
0.9961375,-1.7889999,-0.03879057
-0.34990412,-1.181534,-0.005308047
-0.71973854,-1.6014096,-0.001027584
-0.32904622,-0.15315923,0.00221581
-0.020753466,-0.1912633,-0.004302427
-1.3456258,1.4274728,0.03057393
0.33398,0.6510887,-0.004968315
0.74691373,-0.8957257,-0.026204787
-2.0315416,0.7455224,0.03634903
0.49848437,1.2727098,-0.003448352
0.85879475,1.1982573,-0.011537924
-1.0517616,0.031229785,0.017095484
1.7518635,0.6366114,-0.035057522
-1.5841537,0.11479517,0.026448067
-1.0812018,-0.9698061,0.010684017
0.4017617,-0.19921936,-0.013172753
0.6069248,0.27581817,-0.013671204
-1.3993357,0.21471928,0.024136353
-1.7978861,-0.0871353,0.028520156
-0.9197613,-0.7453433,0.009266466
-0.47757426,2.3124228,0.022437919
-0.97743183,-0.19051468,0.014254481
-0.7326865,-1.802332,-0.002316408
-0.23690946,1.2847351,0.011100553
-0.79226434,1.0647601,0.01952732
-0.40222687,-0.31857437,0.002412044
0.52895683,0.28575423,-0.011946045
0.6383931,0.14861953,-0.015367061
0.7257861,-0.6491723,-0.023733169
-0.11614708,-0.6696103,-0.006100304
0.44420335,-0.8735733,-0.01955165
-1.7808038,-0.10579737,0.028153427
-0.5854714,-1.691049,-0.004458815
1.504293,0.4159091,-0.03162229
-0.050660636,-0.09674203,-0.002951697
-1.7489479,-0.27619928,0.026656851
-1.0866958,1.2101347,0.025325883
-0.5360764,0.55670637,0.011436645
-0.7989143,0.55066425,0.016169481
1.9232062,1.1947037,-0.034169875
-1.0487356,1.303353,0.025301073
2.899089,1.0244298,-0.055065945
-1.1569344,-0.5385387,0.015079763
1.2143844,-0.6414562,-0.03406895
1.7150639,-0.43307725,-0.042818308
-1.391917,-0.4932247,0.0194881
0.33652097,0.17181751,-0.008824647
-0.9398799,-0.7990425,0.009258773
0.17778581,-0.27957568,-0.009112529
0.16237932,0.09354968,-0.005830415
0.4678941,0.08607289,-0.012267798
-0.545473,1.2609636,0.016552784
-0.17108376,-1.0367367,-0.007866994
1.0357774,-0.2660207,-0.02721826
-1.7863737,-2.8199894,0.010708459
-1.8508408,0.41624415,0.03214862
1.3257446,-0.5166638,-0.035403892
0.27763563,-1.3021024,-0.019497395
-2.878389,0.1800714,0.043746088
-0.55208975,-1.0571134,-0.000225186
0.32113823,-0.6940351,-0.015469179
-1.2880893,-1.2519815,0.012514759
-0.62297183,-0.24813679,0.007241219
0.7681631,-0.77961236,-0.025707312
1.2868335,-0.31454694,-0.032946244
2.412477,-0.4401649,-0.05657226
-0.24143595,0.17455152,0.002965905
-1.4933838,-0.26951048,0.022624545
-1.9080762,0.45141718,0.033142753
0.064744644,0.29117313,-0.002279155
1.140852,0.16281366,-0.025957681
-0.75866205,1.1133623,0.019274626
-1.2646757,-0.10042869,0.019895311
0.20623899,-1.1576786,-0.016794868
0.20013852,-1.3911631,-0.01857008
1.0585601,0.41961378,-0.022106275
1.056302,0.54346615,-0.021047786
-0.2716838,0.26173913,0.004219182
1.0999455,0.8126621,-0.019783512
-0.34427115,-0.102432124,0.002901495
-0.019762652,0.54705,0.001400501
-0.1460044,-0.9555447,-0.007744059
-0.17094347,0.19349626,0.001711808
1.4562718,1.2131679,-0.024117187
-0.2006128,-0.24399643,-0.001051001
0.46873745,-0.5852526,-0.017723255
2.333884,-0.5975972,-0.056247503
-1.1147099,-0.7246591,0.013029177
-0.4383107,0.3782579,0.008305222
-1.3515903,-1.9062793,0.009062491
-0.55436,-0.74477226,0.002199486
-0.40140396,1.214769,0.013638187
0.47069055,-0.78595364,-0.019401424
-1.1996485,0.2635719,0.021168303
0.3929382,0.106126875,-0.010530658
-0.89667946,1.5901226,0.024662301
0.24558417,-2.4722512,-0.02845914
0.19207466,0.16238755,-0.005899958
1.152944,-0.5426306,-0.031966038
0.1497333,0.56189406,-0.001898482
1.0017128,0.5015948,-0.0202251
0.554915,1.2621626,-0.004691258
1.1230196,-0.52645814,-0.031199649
-1.5069077,0.60553414,0.02819005
0.54712987,0.7194945,-0.00884679
-1.6804003,-1.1472923,0.020126034
-1.9980098,0.7606327,0.03598875
0.99434406,-0.6268385,-0.029283144
0.044740364,-0.5733552,-0.008677751
0.24866763,0.5695516,-0.003857359
-2.0448306,1.0373099,0.037983354
0.20203856,0.470912,-0.003676228
-1.5036813,-0.60035896,0.020682227
0.3517979,0.44294623,-0.006984256
-0.2014172,0.007044414,0.000895143
-0.854946,-0.7523259,0.007987805
-0.4448723,-0.9809267,-0.001802765
-0.30163324,-0.555597,-0.001415789
1.1091367,0.30174157,-0.024147391
0.90088606,0.6969547,-0.01648847
-0.49916136,1.5420389,0.017662656
0.73203397,0.023411822,-0.018374503
0.25950962,1.2819557,0.001464278
-2.3163233,-0.5418603,0.033443768
-0.25429204,-0.80967754,-0.004356779
0.11518158,-0.8648742,-0.012491755
-0.873346,-0.66721874,0.008954197
1.112945,0.9331306,-0.019078717
-0.40412256,0.18084818,0.006193832
0.85737324,-0.4987875,-0.025314033
-0.006021325,1.3029549,0.00684619
-0.7163274,0.25125018,0.012593143
-0.41017878,-1.3851701,-0.005666807
1.8669373,-0.5627853,-0.046909884
0.13969278,1.1442875,0.002794959
-0.5553104,-2.084792,-0.008193791
-0.06465005,1.1320435,0.006704666
1.2334126,-1.3229805,-0.03997591
0.094513744,-1.6674396,-0.018573627
-0.37788856,0.58743674,0.008686472
0.37188458,0.70915276,-0.005290993
0.8374541,-0.65522486,-0.026168965
2.0705295,0.019636339,-0.046480864
-1.0602804,-0.49002486,0.013673913
1.0777365,-1.5093321,-0.038232327
0.0971201,-1.6338665,-0.018354505
-0.7551617,-0.19361806,0.010143142
-1.6603761,0.65899146,0.030776903
0.38958782,-0.08358244,-0.011984207
1.0768639,1.619671,-0.012731127
0.25379667,-1.0827997,-0.01719778
-0.12581447,0.008947052,-0.000608109
0.7119176,-1.2363753,-0.028251708
0.20438579,-0.10972603,-0.008313604
0.44936815,-0.516479,-0.016751572
2.2786913,1.3961753,-0.039965846
-0.36247823,2.2169511,0.019861802
0.30824977,-0.57634413,-0.0142425
0.79238844,-1.1364189,-0.029149644
1.3207833,1.0104632,-0.022880405
0.08414289,-0.4267153,-0.008331664
0.17021039,0.3408363,-0.004044652
-0.33793706,0.29876265,0.005788386
-0.92401767,0.48792428,0.017942593
-0.04617691,-0.12553969,-0.003267869
0.6214729,-0.94516844,-0.023927607
-3.8416302,0.33075112,0.05299529
-1.5155873,1.128159,0.03133671
-0.9426834,0.12086818,0.015778285
0.84249026,0.20207867,-0.019272305
1.162369,0.20915581,-0.026038311
-0.5574451,-0.45553496,0.004435822
1.5089706,0.3342704,-0.032382317
0.17772105,-1.3036498,-0.017376952
0.2361145,0.80002296,-0.001798034
0.64148295,-0.6108528,-0.021617882
1.2848649,0.28906664,-0.027996108
0.39008966,-0.27599674,-0.013545983
-0.12732519,1.995222,0.014167614
1.3778068,-0.33641723,-0.0350416
-0.1746445,-2.3409853,-0.018338174
1.104701,0.79672235,-0.020014808
1.1022459,1.2271925,-0.016456626
1.4507349,0.820908,-0.027195625
0.23486802,0.99525803,-0.000255458
0.71963227,-1.6710299,-0.031985797
0.80433637,0.6231227,-0.015038788
-0.878702,0.20702079,0.015228689
1.4349928,0.25590944,-0.0314527
0.6268391,1.2862363,-0.005986005
1.6114928,-0.60519266,-0.04205676
1.9981666,-1.7669976,-0.05851096
-0.002388496,1.0258247,0.004696541
1.7509305,0.8658348,-0.03319274
-0.045985974,-0.39292392,-0.005367793
2.2573192,0.37074465,-0.047508523
-0.48328984,0.82736284,0.012391817
0.17996992,-1.1728469,-0.016359165
-0.9441454,1.5641708,0.025259271
-0.8442504,-0.23549454,0.011503458
0.4399188,-0.21795641,-0.014130704
0.7460481,1.162852,-0.009454876
0.8505939,-0.49346983,-0.025125712
-0.16945815,1.3888075,0.010591719
1.3731672,-0.42448166,-0.03565553
1.3723428,-0.648575,-0.037445374
-0.32555127,-1.375683,-0.007344469
0.63322407,0.5420539,-0.012077645
1.0224757,-0.6358916,-0.029955834
0.58490187,-0.6793111,-0.020968854
1.0290177,-1.5039463,-0.03716705
0.6697341,0.77934057,-0.010935478
-0.080726705,1.0981679,0.006762855
1.9101577,-1.3120431,-0.05348511
0.8370972,-3.2060711,-0.04691948
1.4428438,1.1513624,-0.024334855
-1.9547595,0.18837547,0.032361586
-0.7075373,0.38215482,0.013354868
2.2429159,0.55248696,-0.04582233
-0.2391114,-0.3896023,-0.001397751
-1.4028385,0.41617048,0.025438048
-0.5375901,-0.44738457,0.004108265
0.43847892,0.016658964,-0.012207039
2.4886022,-0.43759742,-0.05796857
1.9451934,-0.21681969,-0.045795806
0.224039,0.35254493,-0.005058631
-2.728011,1.9203606,0.049055718
0.64971817,1.8873271,-0.001704812
-1.1385268,-1.3391083,0.009117316
0.39196014,0.64337677,-0.006226376
-0.7814952,-0.5631829,0.00796622
0.46120173,-0.5129334,-0.016974427
1.5980368,0.028685737,-0.036718696
1.4461447,0.004749917,-0.03372246
0.31557238,-0.80448425,-0.016247764
-0.61378103,-1.729485,-0.00417839
0.5288295,-0.50151116,-0.018321201
0.30551052,0.18382958,-0.008082464
0.398795,-0.90675825,-0.018853478
-1.3296397,-1.4625795,0.01180274
0.15537716,1.1342069,0.002406463
-0.017016184,0.66781604,0.00226897
0.91243464,0.21545596,-0.020654455
-0.000206173,0.4025808,-0.00010176
2.223613,-0.8472525,-0.056002647
0.2944021,0.4105753,-0.006052136
-1.2545456,1.8483657,0.031652313
-0.8419673,0.14956443,0.014169641
-0.8788076,0.1641283,0.014934443
0.6777727,0.959513,-0.00965675
1.7967696,-0.5605218,-0.045480274
-0.91435194,-1.7257543,0.001921736
0.39095366,-0.14593169,-0.012515016
-0.52919346,-0.62809354,0.002583504
-1.3074217,-0.17928436,0.020104893
0.4805576,-0.9570327,-0.021010838
0.61983085,-2.623559,-0.03769041
0.5374271,-0.68947375,-0.020038031
-0.11180321,0.6997845,0.004382387
-0.359183,0.8135248,0.009980157
0.0934278,0.72521657,0.000503577
0.80137056,-0.6253688,-0.025153667
-0.41760236,1.5864447,0.016528007
-0.8991641,0.2881369,0.01615037
-0.9924282,0.1603196,0.01692706
-0.8540527,-0.19141313,0.011997081
-1.5191482,-0.743827,0.020014267
2.8075635,-0.18015683,-0.061928764
-0.08571411,1.2463793,0.007959098
-0.22923629,-0.27673006,-0.00072591
-1.0489348,-0.022919405,0.01667922
1.7795507,-0.004045973,-0.04074862
1.0649247,-0.6391924,-0.030885182
0.26683947,-0.07338451,-0.009326987
-2.5914633,-1.1834984,0.033813693
-0.21344024,-0.105904005,0.000270285
-1.2632018,1.9315345,0.03224429
-1.7929528,-0.083993465,0.02846425
1.0528569,-0.075913236,-0.026029855
-0.922371,1.8703595,0.026807182
0.69930196,-0.58051306,-0.02260521
0.5425511,-0.9894079,-0.022601835
1.0278699,-0.005351509,-0.024920478
1.0993593,-1.7472203,-0.040605165
0.40908784,-1.2884609,-0.022198103
-0.9591499,0.78764576,0.020537052
-0.16261493,-3.4346995,-0.027685553
0.06123934,-1.4658146,-0.016216964
-1.870337,1.7689679,0.03939716
0.5763194,-0.31337738,-0.017800622
2.0459504,-0.8481583,-0.05261814
0.5627755,-0.89561355,-0.02226594
0.36384317,0.9368368,-0.003332056
-1.8159872,0.34413022,0.031250894
-1.593306,-0.82816344,0.020718321
0.6985831,0.14005351,-0.016714312
1.3466177,0.7954108,-0.025185324
0.9293712,1.05841,-0.014159471
-2.055084,0.3870116,0.03480555
1.5626901,-0.75089455,-0.042209953
1.2753575,-0.5245436,-0.034406923
0.33857235,-0.8525162,-0.017127708
-0.7878495,0.6091346,0.016373899
1.5574824,-0.055227075,-0.036544554
-0.4385353,1.0193672,0.012933493
-1.4399863,-0.16409944,0.022415325
-0.45162526,0.7133878,0.010988861
0.924899,2.0836911,-0.005808726
-0.44487393,0.19845356,0.007109538
0.33215228,1.2576826,-0.000182658
-0.9313024,0.059767153,0.015155245
1.0645609,-1.618949,-0.038844056
-0.19293387,0.8275166,0.006915458
-0.63403445,-0.721919,0.003942289
-0.17874476,-0.79722387,-0.005813606
-0.7164203,-0.19274434,0.009421356
0.2914755,-0.41454813,-0.012581646
0.1568986,-0.26671833,-0.008574143
-0.5596811,1.5256032,0.01860699
0.31820825,0.4950896,-0.005875498
-1.7278063,-0.48120236,0.02508692
1.039018,0.7136306,-0.019292109
1.2946992,1.5176955,-0.018185958
-1.6457325,0.43501076,0.029278133
0.58816075,0.3786407,-0.012445107
0.3205685,0.9980605,-0.001969561
0.046076957,-1.0675426,-0.012667209
-0.84743667,-0.36331445,0.010651987
0.98231375,-1.0390505,-0.03239441
0.90116346,0.92928874,-0.014608666
-0.9863041,-0.74562174,0.010512363
0.7514589,-1.330673,-0.029869959
-0.23454191,0.19690908,0.002999015
-1.9359796,1.5971117,0.039367862
0.383191,0.48158672,-0.007328957
-0.77546346,1.6706692,0.023205694
1.3562567,-1.5462061,-0.044290826
-1.3770437,-0.065843575,0.02200253
-0.04007464,-1.1467428,-0.011488661
-0.66267085,-0.5730278,0.005609825
-0.7362685,-0.28959554,0.009095389
-2.0933263,0.2517901,0.034609653
0.32062083,0.01105052,-0.009776875
1.1274863,2.306628,-0.008242331
0.21507813,0.9835715,5.28E-05
0.42707768,-0.5013284,-0.016154706
-0.25817513,-0.024612825,0.001785383
0.635031,0.13356258,-0.015417814
0.77738,-0.4939321,-0.023565322
0.31948212,-0.40209913,-0.013072297
-0.09113106,1.1425315,0.007293411
1.4371587,0.26113665,-0.031456165
-1.7865767,-0.22699668,0.02752795
-0.3752449,-0.6066158,-0.000323914
-0.90323335,-0.5125518,0.010626439
0.9009368,-1.180115,-0.031819195
0.13287064,0.49230808,-0.002097778
0.54168534,0.6336864,-0.00941959
0.6674873,-1.4122242,-0.028746873
1.1279632,0.6469644,-0.021732189
0.73800987,0.8250887,-0.012003683
-0.27899036,-1.3781079,-0.008332916
-1.0536892,-1.2171773,0.008392058
1.7451764,0.581356,-0.035361193
1.6511732,-1.0631614,-0.046469674
-0.056576006,0.11573177,-0.001180902
-0.9118409,0.94015956,0.020737924
0.72740287,0.059248682,-0.017984219
1.0681682,-0.4715019,-0.029585905
-1.3962516,0.69600624,0.027035534
-0.07487059,-1.0054787,-0.009625949
-2.5240014,-0.6406798,0.035716586
-2.1219409,-1.5948294,0.024556987
-0.17453982,0.5483646,0.004471548
-0.6612347,-0.30618623,0.007548168
-0.66644377,-0.77216923,0.004201189
-0.94429517,2.565398,0.031260405
-0.104757994,0.41101724,0.002054028
0.63859063,-0.15692352,-0.017852925
0.16901883,-1.2371643,-0.016649649
-0.4187774,0.266063,0.007106848
-0.08344274,-1.57942,-0.014065445
-1.0958151,0.37358525,0.020135447
-2.2412527,1.409946,0.042078093
1.6696453,1.5869479,-0.02561944
-1.2334785,2.3901193,0.034356035
1.3119248,-1.6728446,-0.044390254
0.010218369,0.383947,-0.000455514
0.29231632,1.7447218,0.004355773
0.4896866,0.41227046,-0.010104686
2.071196,0.22849463,-0.04487472
0.4192174,-1.5397613,-0.024480626
-0.15423124,-0.3196855,-0.002577953
0.2935759,0.6175029,-0.0044019
0.4695266,1.045515,-0.004645415
-0.31008086,-0.001883398,0.00298661
-0.7597647,0.3720213,0.014232658
0.18188989,-1.2293215,-0.01685986
-0.7060659,-0.114781566,0.009789236
0.86276877,0.31724864,-0.01876621
1.4231565,1.5577164,-0.020598598
1.1280406,-1.0183387,-0.035307437
-0.12776099,0.23653395,0.001179583
-0.21894114,-0.17623241,-0.000159502
1.978204,2.2194963,-0.027040608
0.053321388,0.77499264,0.001688339
-1.4453709,-1.3710905,0.014542185
0.71634763,0.09942457,-0.0174222
-2.2798855,-2.4429584,0.021884684
-2.5913692,-0.19468415,0.038769677
-0.8571192,-0.99017084,0.006288685
1.4708729,-0.26031366,-0.036381118
-0.103066355,0.6653973,0.003951334
-0.5076272,1.9766047,0.020733535
-1.7166617,1.109016,0.03405311
-1.5241776,-1.1064423,0.017718893
-1.4754933,-2.4935293,0.007175863
0.4191686,0.9384595,-0.004454337
0.5316026,1.3369765,-0.003621079
-0.7263125,-0.63091516,0.00641232
1.1114565,-0.2977861,-0.029089525
0.73532057,1.7245195,-0.00474669
-0.27188244,0.9525569,0.009344559
-0.72662824,1.4709593,0.021097716
-0.1477195,-0.32829294,-0.002777495
0.5059241,-1.4650081,-0.025723614
-0.7150329,-1.3871251,0.000519507
0.06903772,-0.46422586,-0.008315459
-0.3665959,0.5571843,0.008249901
-0.03746275,0.5539525,0.0018062
-2.0430932,1.600902,0.04066609
0.2889462,0.2525713,-0.007191554
-0.6229528,0.3278394,0.011413321
-0.4557119,1.0173944,0.013234384
-0.74785465,-2.2726076,-0.005681001
0.2797934,-1.6232287,-0.022178248
-0.58982563,-0.9325427,0.001480304
2.2522955,0.060326993,-0.04977677
-0.40582207,-0.78524166,-0.001082115
-1.5482615,0.016710248,0.025289308
-1.2936037,-0.35116985,0.018739916
-0.7204155,-0.3203277,0.008572325
-0.23802897,0.27729934,0.003675431
-0.12396537,-0.005597487,-0.000757627
1.1284171,-0.3241532,-0.029665329
0.63338697,-0.61828196,-0.021505669
-0.35460413,-1.7411984,-0.009649292
2.2901216,-0.76366174,-0.05663961
1.0298332,-0.19984944,-0.026551008
-0.26490378,0.38907003,0.005042099
0.6572959,0.12962376,-0.015922144
-0.18113168,0.5897037,0.004911162
-0.66190964,2.2453089,0.025017552
0.7538639,1.1616417,-0.009628311
-0.70046216,0.41871515,0.013482746
2.3102312,-1.3832631,-0.06145151
1.550454,0.6858149,-0.030411817
0.059551906,-1.2260127,-0.014233224
-0.32852083,-2.7561436,-0.018455416
0.37792456,-2.1927474,-0.028984189
-0.30516788,-0.7955877,-0.003205761
-0.5572008,-0.006758815,0.007753059
-1.0397797,0.64553344,0.020967282
1.1330682,-1.3702416,-0.038264677
0.23584677,-0.61559325,-0.013028629
0.8161663,0.77169037,-0.01408571
-0.2437976,-0.95118284,-0.005683705
-0.5857601,-1.1634853,-0.000363857
0.08823124,0.67773294,0.000241928
-0.23619835,0.70414317,0.006833926
-0.18591498,-0.72818273,-0.005122617
1.1405572,0.09694838,-0.026488848
-0.83478177,-0.26170963,0.011141382
-0.53106004,-0.47549918,0.00376939
-1.1009711,-2.3096218,0.001213856
0.71966195,0.60584277,-0.0133866
-1.1366239,0.7525475,0.023259789
0.085096434,-1.4094021,-0.016265474
0.13787135,0.47801772,-0.00231085
0.37973222,1.2842126,-0.000938252
-0.7027333,-0.006863282,0.010503039
-1.047787,0.034815386,0.017049983
1.9926437,0.6142776,-0.040244706
-0.85974157,0.7336336,0.018477265
1.3407356,0.38091427,-0.028436743
0.24726897,-0.01389556,-0.008443967
0.13481796,-0.18631962,-0.007475331
1.4497981,0.9437659,-0.026175186
-0.33708793,0.078064084,0.00412079
-1.0787098,-1.3456522,0.007936582
0.5099069,-0.17895304,-0.015297532
-0.624027,-0.38271827,0.006270357
0.6737209,-2.170612,-0.035112716
-0.89415765,-0.9912999,0.006992757
1.0373933,0.691706,-0.01943615
-0.9970768,-0.7362729,0.010779716
-0.6578751,0.2714563,0.011658575
0.30224872,1.3150666,0.000863455
1.5669596,0.46922472,-0.032515205
-1.4170235,1.7350786,0.033317883
-1.616226,-0.42502642,0.023648359
0.07305143,-0.76223695,-0.01077991
-1.2112375,-0.83193046,0.014035963
1.8470997,0.5230274,-0.03795609
-0.7735071,-0.2534448,0.010057047
0.65152544,-0.4925949,-0.020865813
0.5274046,-0.36678395,-0.017194197
0.19794473,0.21230537,-0.005626932
0.64880395,1.082704,-0.008064836
-0.20148729,1.564255,0.012454625
-2.384805,-0.4765802,0.034716204
0.84975296,-0.20987174,-0.022788793
-0.68196744,0.3165,0.01242324
0.37387684,0.28852442,-0.008672826
1.8905149,0.9612232,-0.03535825
0.37175414,-1.1589258,-0.020337425
-0.23533826,0.11833947,0.002418973
1.3447803,0.9476664,-0.023904592
1.2251594,0.5633125,-0.024488159
-0.07338751,0.19178635,-0.000254273
-0.5071163,-0.7462099,0.001249425
0.48563617,-0.6714274,-0.018785626
-0.91237766,-0.51786673,0.010758922
-0.7041367,0.6233355,0.01497798
1.4476413,0.12849666,-0.03275267
-0.9255214,-0.6082721,0.010358539
-0.7557754,1.1727195,0.019620843
-0.669287,-0.37851185,0.007172108
-2.2083788,0.8248568,0.038973235
0.21504036,-0.7834331,-0.013944447
-0.2950468,-0.08651009,0.002047263
-0.46896777,0.6231035,0.010662723
2.0160422,-1.0653512,-0.05367139
-1.2643476,3.2078533,0.038988207
0.98490906,-0.94626606,-0.0316919
-0.02271032,0.32055783,-0.000281468
0.5140184,-1.8709269,-0.029241346
-0.5864647,-0.26353225,0.006425865
-0.35685334,-0.4250293,0.000698708
-0.5525464,1.4364979,0.017878518
-0.87732697,0.3102106,0.015913747
-0.4567529,0.8601288,0.012135558
-0.44083717,0.6285459,0.010174818
1.5659138,0.13677594,-0.035176486
-1.4616884,1.105803,0.030427132
-2.2957532,-1.7825643,0.026160102
0.30522782,-1.9997973,-0.025828615
-2.3396423,-0.041053362,0.03635381
2.2900698,-0.10582273,-0.051768117
0.12972581,0.18411687,-0.004444659
1.5995365,0.7820608,-0.03067144
-0.21379326,0.411739,0.004212633
0.90535885,0.34791708,-0.019423768
0.31357437,1.3957417,0.001259252
-0.56476915,-0.65501493,0.003082924
1.079378,1.0615628,-0.017318077
1.8365198,-0.36037916,-0.04472004
0.09254258,-0.12832838,-0.00614012
0.9374922,-0.45767233,-0.026688203
1.3818763,0.2292318,-0.03054382
-0.5978272,-0.079662964,0.00799489
-1.7826111,-0.3570476,0.026694331
-1.3400172,1.730443,0.032209754
0.83236843,0.148511,-0.019493088
-0.18880071,1.2850201,0.010200486
-0.15642796,0.3195744,0.002383664
0.33417958,-0.4725966,-0.013952263
-1.7152739,-0.18983044,0.026652515
0.029525481,1.6572644,0.008793626
0.21779454,0.013076419,-0.007615909
-1.2773311,-0.45628318,0.017759934
0.122526735,0.7675127,0.000245251
-0.62376267,-1.536718,-0.002473384
0.1239943,0.97733593,0.001829781
0.4494777,-0.5080781,-0.01668562
0.36028573,0.78559047,-0.004448943
0.03164629,-0.7302937,-0.009656258
0.41262436,0.70039487,-0.006202035
1.8787225,2.083573,-0.026028141
1.7829148,-1.379087,-0.05152362
0.66973734,-0.8012052,-0.02377998
1.0173653,-0.43183112,-0.028180271
0.39979428,1.3366822,-0.000935808
0.6066271,-0.84323746,-0.022774704
-0.57148147,-0.25530076,0.006197505
-0.53595716,-0.26058635,0.005470291
-1.0825415,1.9378145,0.02965187
-0.9792777,-0.07465448,0.015088297
0.352516,-0.5955178,-0.015336029
0.206428,-0.957547,-0.015172184
0.22479472,-0.16441679,-0.009175368
0.8837725,-0.43878245,-0.02538693
0.47406337,1.3144904,-0.002620198
0.75212497,1.4323534,-0.007422939
-0.51271516,0.49497485,0.010557838
-0.9510613,0.5578822,0.018879525
-0.91999185,-0.04166985,0.014250189
0.59200495,0.3234872,-0.012971073
-0.5889754,-0.1820937,0.007074356
-1.6593269,0.24481995,0.02837323
-1.1797326,-0.9851329,0.012396537
1.5032895,-0.31858915,-0.037527584
-0.5925176,0.58099747,0.01265236
0.11319008,0.4049641,-0.002378143
-0.11210583,1.1367608,0.007653728
1.3423699,0.03844673,-0.031255953
-1.0781883,0.9685319,0.023675993
-0.23361675,-0.112776324,0.000621937
-1.9523245,-1.0338876,0.025274135
0.98938483,1.4319676,-0.012403198
0.83166564,1.8432338,-0.005794786
-0.6808803,-0.8740669,0.00372161
-2.2062492,1.4579588,0.04189704
-0.25414807,-0.81870115,-0.004430391
0.19749257,0.26373035,-0.005211934
1.0559589,0.23613067,-0.023548208
-0.23832789,-0.6314079,-0.003290787
-1.4833666,-0.005290477,0.024118554
1.1210376,0.009875671,-0.026783295
-1.4308337,-1.66599,0.012238402
1.3667153,-0.8250403,-0.038747355
1.6984552,-0.81124276,-0.045453668
-0.44770646,-2.6384978,-0.014937207
1.3154582,-1.356128,-0.041940354
-0.71653223,-1.0567675,0.003051542
-0.10944174,-0.7656821,-0.00699833
-0.7216019,1.3897258,0.020477634
-1.051243,-0.2430622,0.015217744
1.266645,1.1158901,-0.020865336
1.0297129,1.0258693,-0.016552411
1.1075224,-0.9677689,-0.034463793
-0.61586934,-0.8977157,0.002261445
-0.5882989,-2.2582877,-0.008888535
1.1599874,-1.672889,-0.041264854
-0.5985621,-1.3332926,-0.001411624
0.26966044,-0.5236945,-0.013001263
-0.7780628,-0.75187624,0.006518744
-1.9562348,0.78331935,0.0355559
0.062201735,0.04115909,-0.004181244
0.44314665,-1.9842023,-0.028658524
0.054928675,-1.1949359,-0.013883635
-0.21184881,-0.74163026,-0.004694901
0.8440584,-1.1592648,-0.030438364
1.6655489,0.11478529,-0.037437968
-0.7122316,0.6567767,0.01535495
-1.4589359,2.2834246,0.0367933
2.661494,1.2687048,-0.048675686
-0.53932655,-1.1136864,-0.000916727
0.42679065,1.6208819,0.000728391
-1.7955372,0.48495778,0.03174407
0.74557143,-1.3795621,-0.030145638
1.4145011,-0.25057256,-0.035119653
0.2162359,-0.87145853,-0.014682293
1.7754021,1.4186531,-0.029238328
-1.7252815,-0.003382741,0.027913384
-0.6099036,-1.2327899,-0.000409767
-0.2746303,0.6371337,0.007077538
0.82211155,-0.10381917,-0.021332495
1.6053016,-0.7167916,-0.042813748
1.3334575,2.263868,-0.012929171
-0.014472946,0.6590464,0.002151504
-0.3250109,1.0500107,0.011050869
0.31273258,-1.9261092,-0.02538111
0.31455275,-1.4256947,-0.021300167
0.17071523,0.74200493,-0.000923723
1.2624426,-0.81381375,-0.036476612
0.3760792,-0.6320662,-0.016132921
0.6087065,0.40162483,-0.012693033
-1.825334,-0.6248301,0.025751155
1.474776,-0.2903162,-0.03670433
-0.5554428,0.3245246,0.010129392
0.8935226,0.47068414,-0.018171906
0.0141487,-0.3418157,-0.006205916
0.039604355,-0.45458964,-0.007626444
0.3409146,0.6222278,-0.005339116
-1.7001407,0.22751626,0.028885677
0.048237577,-0.25563395,-0.006229937
-0.3019634,1.2656716,0.012172882
-0.46350366,0.37061375,0.008728411
1.4595803,-0.6386446,-0.039184146
-0.40028164,1.2646161,0.013969734
-1.9894727,-0.17344148,0.030851193
0.5174385,2.0183413,0.001987383
-1.4401163,-1.2993072,0.014938828
0.84451175,-0.73839307,-0.02700065
-0.49686736,1.7910036,0.01930986
0.3999413,0.5138562,-0.007420361
-2.2075815,-1.0741249,0.028947387
1.1323639,1.0032817,-0.018920794
-0.30053443,-0.6191774,-0.001929887
1.0149429,-1.3807744,-0.03586983
-1.8901038,0.76571196,0.034579802
-1.6317306,0.09781461,0.027082495
-1.9938694,-0.69720685,0.027918488
-0.5893711,1.922417,0.021753639
-0.75328267,0.930684,0.017954037
0.0966462,-0.4776946,-0.008998536
-1.1665901,1.3617603,0.027501862
-0.81525934,-0.6451147,0.008012511
-1.2458194,1.0400448,0.026782874
0.6960302,-2.6288562,-0.039336905
-0.30696338,-0.975392,-0.004573651
2.829205,-0.12623255,-0.06193997
-0.24194244,1.2841038,0.011189971
-1.203624,-0.21379338,0.018098723
0.47425798,-0.6849405,-0.018653229
-1.0181787,0.28780878,0.018235423
1.7252827,0.6045406,-0.034757532
-0.7995029,-1.1427442,0.004037552
-0.21364264,2.2232337,0.017312974
0.900021,0.7252977,-0.016239852
0.38417402,0.5392527,-0.006891146
-0.6037481,0.80688274,0.014446761
-0.68321997,0.56907904,0.014222857
-0.9332808,-1.0120505,0.007589951
-0.6547266,-0.80154437,0.003751703
-1.0494015,-0.3281687,0.014598772
1.5940931,0.20690551,-0.035203286
0.11145501,-0.6410338,-0.010614388
1.1666943,-0.19507684,-0.029426984
0.6619165,-0.72750074,-0.023009107
1.5090138,-1.3429377,-0.0457917
-0.9472812,1.5088526,0.024963941
2.1301298,1.205711,-0.03840194
0.9646088,0.1165653,-0.022574686
-1.3955401,0.63442194,0.026653089
0.65663254,-0.081242085,-0.017621152
0.23404592,0.2247256,-0.006274641
-2.5764134,0.29014266,0.04085669
-0.98780245,1.0235401,0.022546604
-1.1820669,-0.63419163,0.014873281
-0.7964721,-1.0076116,0.004984826
-0.39442042,-0.12714058,0.003703244
0.39612252,-0.17376366,-0.012848377
0.79476285,1.2145662,-0.010060519
1.3296636,-0.4663775,-0.03507965
0.8715229,0.7142542,-0.015724525
-0.11273219,0.5569564,0.003321245
-0.88082606,-0.54906505,0.009946063
-0.15027475,0.9986187,0.007363401
0.1656982,0.87700623,0.000222653
-1.6375673,1.3492119,0.034262087
0.8022571,-1.1529486,-0.029495671
0.5561428,0.6879777,-0.009287313
0.64154094,0.4999068,-0.0125928
0.5299822,-2.7057886,-0.036466733
0.69571984,1.3643203,-0.00679297
0.3929189,1.9368993,0.003837034
-0.8063608,1.730135,0.024088833
-0.073453404,0.8428649,0.004709065
-0.002936197,0.10040965,-0.00238777
0.7821306,-0.18540247,-0.021145187
0.70481014,1.448823,-0.006308131
-0.17327085,-2.005231,-0.01561819
0.38927174,0.64419824,-0.006164223
-0.10006001,1.2961843,0.008601002
-0.6782098,0.49001992,0.013578132
-0.178532,1.3919586,0.010784771
0.79989105,0.5139197,-0.015830249
1.8415592,-1.1417354,-0.050861843
-0.72944033,-0.03608756,0.010792118
0.5369394,-1.2667964,-0.024758115
-0.5608099,-1.2704914,-0.001691222
-0.8594222,-0.5766487,0.009345267
0.89487493,0.19919573,-0.020412564
-0.74100125,0.32438165,0.013559073
1.8456113,0.13832322,-0.04098142
-0.61393696,-0.7932895,0.003011175
-1.443873,-0.42684668,0.02079821
2.3741615,0.9341004,-0.04551348
0.32337624,0.22790432,-0.008103497
0.9162039,1.1712384,-0.012967281
-0.6683017,-0.016656449,0.009787127
-0.24766606,0.74839133,0.007382326
-1.1284161,0.32486406,0.020368513
-0.704766,0.28866208,0.01264526
-0.42184317,0.021942513,0.00535579
0.36011344,-0.68583196,-0.016230397
1.3456582,2.1453362,-0.014153212
-0.5423496,-1.2659181,-0.002030186
0.79352605,0.075154774,-0.019263044
-0.78217524,-1.6874802,-0.000429764
1.5747336,0.45451158,-0.032798268
1.705563,0.6794301,-0.03374006
1.0417603,0.23149428,-0.023283057
-0.95528543,-1.6841071,0.003045388
-0.041770346,-0.38204217,-0.005369
-1.4479706,0.8512967,0.02874716
-1.4386103,0.34608328,0.025573377
0.7612956,-1.0288868,-0.027603999
0.9359253,-0.22288013,-0.024735183
-0.88246876,0.80803937,0.019365903
1.2856572,0.89357847,-0.023084551
0.5914748,-0.72162664,-0.021455325
0.61449575,-1.5388477,-0.028655358
-1.1424028,-0.32072437,0.01630763
-0.8545331,-0.23984684,0.011662826
-0.27422136,-0.4256766,-0.000966802
0.33258477,-0.39810732,-0.01331681
0.05265499,-0.18192685,-0.005739398
1.9250435,1.1210377,-0.034800045
-1.6514798,0.5580953,0.03007219
-1.1312612,-0.24885072,0.016598403
0.27733517,1.3523947,0.001650199
0.21055451,0.6591661,-0.002377011
1.1241846,1.1224884,-0.017775513
1.43834,0.3836088,-0.030487448
0.27552095,-0.4605521,-0.012615845
0.13227765,-1.8951434,-0.021252006
0.7770838,0.17415103,-0.01810667
2.5438347,0.93892795,-0.048852727
-0.22730857,0.34050685,0.003941342
0.05174734,1.4759396,0.007021062
0.2469046,1.0369623,-0.000175022
-1.3180234,-1.1950221,0.013456695
1.014051,-0.3447371,-0.02739808
0.12760484,-1.7688177,-0.020113215
0.16023165,-2.3515167,-0.025622733
0.11170779,-0.3511671,-0.008304723
0.6527752,0.61455137,-0.011905298
0.9611326,-0.18408087,-0.024956219
-0.30319232,1.9539559,0.017037496
1.0615537,-0.6066783,-0.030548304
1.1184773,-1.596481,-0.03978744
-0.07229518,-0.74401534,-0.007597752
0.5821656,-0.9531512,-0.023152135
0.94112986,1.0238836,-0.014688477
1.0137502,1.3548856,-0.013542503
2.72199,0.09128803,-0.058480084
0.28826594,1.0068259,-0.001245268
-0.98200285,-0.96677,0.008844294
-1.2222717,-0.5966375,0.015846774
0.7499858,0.32506573,-0.016303733
1.0020432,1.1335181,-0.015090287
-1.2942448,0.23787156,0.022572748
-0.585563,2.502593,0.025415447
0.44965273,-0.12536642,-0.013588257
1.2325214,-2.6886013,-0.0507755
-0.29574627,-0.075096,0.002147883
-0.6184336,-0.27252147,0.006974928
0.80547005,2.333441,-0.001369447
0.9823687,1.6674573,-0.010352552
-0.16209461,-0.26374596,-0.001983687
1.2172165,-0.55019873,-0.033387884
0.379878,-0.7021744,-0.016783468
0.30728683,-0.46715885,-0.013339743
-0.33861196,-0.41765884,0.000389889
-0.29586706,0.2217718,0.004392654
-0.69177324,1.6444871,0.021649338
1.5117447,0.19175617,-0.03359343
1.6327103,-0.43417388,-0.04113599
0.27448967,-1.759126,-0.02318304
-2.3928907,-2.05792,0.026036665
1.1697812,0.79404706,-0.021424495
-0.21956874,1.3585974,0.011310518
1.0754956,-0.6108019,-0.030878156
-0.030981753,2.032419,0.012665015
0.717827,-1.2150393,-0.028202802
-0.68188006,0.44339812,0.013317358
-1.3453482,1.270449,0.029662922
1.0155027,-1.0024372,-0.032799453
-0.00051736,-1.5091791,-0.015255973
0.79532933,0.5236264,-0.01565469
-1.1901436,0.04585564,0.019586861
0.057627805,-0.44558442,-0.007929705
-1.1208785,0.757194,0.023031898
0.18402605,-1.3628917,-0.017995015
-0.8115333,-1.5711285,0.001047097
-0.9705659,0.119594336,0.016264461
-0.6590541,-0.5288249,0.005867131
-1.033088,-0.8993028,0.010289006
-1.0780053,-0.5036947,0.013900094
-1.0296341,-0.59907746,0.012352195
-0.80517364,0.8962775,0.01862371
0.78623754,-0.51632726,-0.023937806
-0.8462906,-1.1923561,0.004582398
-1.6531585,-0.53028387,0.023589917
-0.2790208,1.6518612,0.014497075
-0.023093008,0.75293285,0.003037617
0.5946918,1.0491565,-0.00720609
-1.693613,-0.5837552,0.023910373
1.3301904,0.42280293,-0.02787143
-0.11439629,2.0419292,0.014263473
0.007398793,0.91841996,0.003691927
1.2021316,0.37423077,-0.025539435
2.1156986,0.14574322,-0.046411663
-0.15449727,1.4584273,0.010816678
-0.47525376,-0.9591148,-0.001019903
0.572093,0.7409824,-0.00919652
-0.5131375,0.9396628,0.013734046
-0.8572233,-0.6497509,0.008775588
2.2903278,1.5356812,-0.039104693
-0.41344893,-0.43515107,0.001750261
-0.5961693,-1.6658235,-0.004041955
1.0802191,0.155658,-0.024722822
1.4611988,1.2292995,-0.024090722
-3.1053627,-0.08134596,0.045048848
-1.5138035,0.28352594,0.02637161
0.4082955,0.34442958,-0.008944899
-3.1292343,-1.1355412,0.04081332
-0.6046968,2.654065,0.026662689
-0.5286575,0.037888516,0.007534698
-0.7434756,-1.2109962,0.002422005
-1.2806782,-2.3419988,0.004520096
1.1689521,0.4425095,-0.024274774
-1.767117,-0.47454464,0.025746763
-0.39783874,-0.25949758,0.002772301
1.7573186,0.4207676,-0.036902778
1.010223,0.8572586,-0.017509483
-0.36374846,-1.3245069,-0.006148025
0.306709,-1.0165526,-0.01778534
0.47232017,-1.2918326,-0.023579918
-0.40290835,0.16232349,0.006032825
0.8171604,-0.98940253,-0.028473064
-0.3361661,0.02591216,0.003710352
-0.25863788,-2.3079271,-0.016269773
0.47337678,-0.069902174,-0.013641678
0.29933146,-0.6237744,-0.014437452
-0.8499098,-1.6338723,0.001335844
1.0413866,0.04037679,-0.024835482
0.46129718,-0.5962556,-0.017654411
1.0053347,-0.8441199,-0.031291686
-0.97897863,-0.02130131,0.015449811
-1.1810571,0.009895614,0.019194528
0.31169847,-0.7232754,-0.015506037
-1.1609359,-0.72052485,0.013897531
1.4691981,-0.9033218,-0.041497946
1.1793793,-0.008713844,-0.028177686
0.45666718,-1.3225809,-0.023497254
-0.9088539,-1.5665382,0.003012627
-0.2057815,-0.5588969,-0.003390014
-1.0450971,-0.975591,0.009968422
0.3163047,-0.26948354,-0.011936903
-0.12915602,-0.3129265,-0.003036171
-0.72544163,0.4185017,0.013935439
0.07554918,0.010744476,-0.00469403
-0.7901692,0.61942285,0.016485382
-0.16546123,-0.41393277,-0.003082834
0.40845275,0.4255717,-0.00830061
-1.3001233,-0.70056945,0.016518585
0.72196263,-0.2278981,-0.020208105
-0.8391421,-0.42749554,0.010037221
0.3036324,1.1646565,-0.000329152
1.8110911,1.1704878,-0.03200321
-0.27393818,-0.03822384,0.001995139
0.42204896,-0.6520414,-0.017272957
1.4677235,0.8475029,-0.02734071
-0.5418831,-1.4620107,-0.003562719
1.0064174,-0.46649766,-0.028230205
-0.8028662,-1.1836971,0.00379736
0.7789699,-0.4012211,-0.022841021
-0.31546813,1.188899,0.011872623
-2.0947475,-0.3678993,0.031280953
-1.0107373,0.6376154,0.020425726
-0.09221627,0.4175634,0.001854517
3.5768054,-0.29807547,-0.075216845
0.8723008,-0.7707808,-0.027859002
1.119415,-0.5987786,-0.031712383
-0.61040765,-0.63757193,0.004110687
-0.44341815,0.22109912,0.007248506
-1.3214087,-1.4898903,0.011458807
-0.5117067,1.0736375,0.014648546
-1.4617125,1.3851085,0.032008827
0.96158934,0.5301347,-0.01913736
0.5469071,-1.4128205,-0.026172042
-0.13117482,-1.5808821,-0.013066113
-0.6276514,-0.5066121,0.005423069
0.71660227,-0.8460776,-0.02514983
-0.22672854,0.49434656,0.005086049
-0.16066994,-0.1877769,-0.001423985
-0.3016501,-1.7154725,-0.010554731
0.12346639,1.3663677,0.004802533
-0.7206047,-1.2641848,0.001565829
0.6192551,-0.37057087,-0.019181311
-0.71438783,0.19783889,0.012179405
0.4868484,-0.6233986,-0.018419877
-0.37385985,0.06698497,0.004757233
-0.68735605,0.11455961,0.011085991
-0.2037216,0.19776052,0.002395503
0.785544,0.46267858,-0.015941598
0.20867397,1.2127638,0.001947433
-0.10866535,0.3556702,0.001709454
0.6555114,-0.42163202,-0.020371355
1.5113907,0.9510339,-0.027427383
0.7748002,0.678061,-0.013968319
0.16107222,2.134195,0.009810381
0.43025374,0.036214463,-0.011876412
-0.10482265,-1.2171899,-0.010692783
-0.2029014,-0.62596196,-0.003972657
0.013713874,0.13476953,-0.002459019
-0.21402058,2.6321366,0.020107232
0.42272493,-2.6361535,-0.033611596
2.5155144,-0.68492603,-0.060223997
0.14341582,1.1046573,0.00241816
0.6416275,-0.8220289,-0.023349464
-1.318903,1.348405,0.029723827
-0.6144689,-0.60941374,0.004400685
-1.1074363,-1.5436435,0.007044241
0.9201356,-3.6034875,-0.051722325
-0.16708814,0.364683,0.002937347
1.4879823,0.6814109,-0.029122144
-1.3707267,0.8617508,0.02763655
0.9153438,-1.0722746,-0.031243414
-0.7444737,0.36758474,0.013924677
0.48717207,1.2498469,-0.003396541
0.46338224,1.4281137,-0.001512282
-0.6304037,0.249257,0.010989741
-0.35865948,-1.0892824,-0.004404388
0.19048189,-0.10080592,-0.007953137
-0.9064754,-2.041213,-0.0006392
-0.20418204,0.26166192,0.002889603
-0.82627666,-0.84205276,0.00678356
-0.016742244,0.09285656,-0.002165861
1.3379861,-0.6326317,-0.036597624
-0.59792304,-1.9459388,-0.006206319
0.82109994,0.017559087,-0.020320475
0.18594766,0.6106074,-0.002255075
0.19810638,-0.40440735,-0.010536104
0.06824833,0.27614483,-0.002467528
0.03486555,1.5459028,0.007866859
0.074705645,0.71440053,0.000795767
1.0536,-0.1921454,-0.026994891
1.0874432,0.37351683,-0.023098722
2.2888124,-1.0898075,-0.05897619
0.16870716,0.2685907,-0.004581399
0.2710095,-0.113909625,-0.009738103
0.09202669,0.43297806,-0.001729988
0.584173,-1.0064678,-0.023632228
-0.5533614,-0.843718,0.001429193
-0.8794718,1.6657531,0.024861105
1.2047656,1.5307012,-0.016165853
-0.732932,-2.0851116,-0.004514888
-0.72042865,1.1166573,0.01863702
-0.79418755,-1.6009637,0.000473104
-1.5858897,0.8284162,0.03065614
0.3165421,0.38531238,-0.006710567
1.6926591,1.0466475,-0.030499987
1.1708369,-0.3634106,-0.030886404
-0.059392244,0.006950878,-0.001967214
0.68683183,-0.69077516,-0.023241073
0.2694749,-1.0469573,-0.01723975
0.04118605,-0.87617207,-0.011024542
0.6807995,-0.73474437,-0.023472138
-0.89458674,0.65239924,0.018535998
-0.3589427,0.4883773,0.007597797
-0.850943,0.34116608,0.015656538
-2.3431764,0.7967488,0.040458687
-0.6891532,-0.9677607,0.00318116
-1.4366165,-0.74635,0.01858937
-0.9637295,-1.472644,0.004789375
-0.03263234,-1.4641155,-0.01420825
-0.2967677,-0.11809457,0.001841277
0.5731212,-1.8057827,-0.029968455
-0.541786,1.0982498,0.015361622
-0.6207895,0.67404556,0.013825335
0.3591936,-0.14665069,-0.011851706
0.33687958,-1.7564158,-0.024499364
-0.37087288,-0.52986765,0.0001771
0.6845228,0.7266512,-0.011670627
0.89402145,0.27423242,-0.019782603
0.14176354,0.5624373,-0.001732446
-2.223204,-0.85948884,0.030392487
0.69015557,0.08505463,-0.016982049
2.2884648,-0.5513147,-0.055051297
-1.5685444,-0.43488193,0.022811677
1.2656311,0.42309022,-0.026494443
-0.3921771,-0.13315716,0.003613867
-1.3058207,-1.133176,0.013663672
2.3192418,0.7892466,-0.045527622
1.45454,0.052527476,-0.03351306
0.64967555,0.025803564,-0.01660312
-0.7857097,0.28450567,0.014091887
0.3840785,-0.285484,-0.013495557
2.0608964,1.7892877,-0.0322828
0.202948,0.85110486,-0.000728801
0.7500878,-0.7641449,-0.025194272
-0.49261242,-0.9337296,-0.000474781
-1.2508018,0.015095511,0.020414732
-0.7552185,1.4681588,0.0215595
0.8071084,1.7838166,-0.005759582
1.3893641,0.15825127,-0.031278834
1.082358,0.89191866,-0.01876288
-0.43803898,-0.18790294,0.004102789
0.26253325,0.6648872,-0.003393158
-0.08715397,0.7601438,0.004354082
0.65954226,1.1600962,-0.007670283
0.11284726,0.20524314,-0.003932647
-1.276389,-0.28932393,0.018852927
0.36544985,0.5105874,-0.006730437
0.45469472,0.603989,-0.007841527
1.7542455,1.7221539,-0.026320651
-0.41842526,-0.39400902,0.002161399
0.02471333,0.3517331,-0.000997223
0.7975142,-0.5847387,-0.024738662
-1.1820512,-0.061926223,0.018736191
1.0625939,-0.8754025,-0.032761693
0.4380358,-0.85375947,-0.019258164
1.2340196,-0.20928298,-0.03097254
0.15539509,1.2977405,0.003653929
-0.9759692,-0.68383944,0.010760166
-0.9555285,-2.318915,-0.001785725
0.77535266,1.4765967,-0.007552959
0.54393196,0.5231271,-0.010352835
1.2861594,0.79803205,-0.023874678
0.5233862,-1.1631358,-0.023616627
-0.7045739,0.31828314,0.012850884
0.18051974,0.013708551,-0.006837256
-0.030276066,-0.85106885,-0.009325624
0.44924846,-1.5027627,-0.024819843
-0.46299684,-0.5997979,0.001484372
-0.554755,0.43355602,0.010901459
0.43868726,0.9046341,-0.005123384
0.5447718,0.37924346,-0.011526503
0.4886883,1.2573706,-0.003368385
-0.49689227,1.1111825,0.014643602
1.303549,0.17541727,-0.029318668
0.034046717,0.18719919,-0.002464443
0.12504402,-1.1070781,-0.014658064
0.26551914,1.3063114,0.001531638
-0.4626055,-0.0981198,0.005253822
0.6772675,-0.001152374,-0.017408773
-0.3970323,-0.27983972,0.00260248
0.68991095,-2.3664181,-0.037061192
1.1151378,1.3801386,-0.015486628
0.99707747,-0.8025221,-0.030776523
-1.6538131,-1.4237782,0.017863993
0.44059235,-0.025844293,-0.012593992
0.49414873,-1.2344908,-0.023576446
-0.28597853,-0.54677814,-0.001664504
0.2082766,0.27233484,-0.005366311
-1.8360815,-0.43003666,0.02708403
-0.79341793,-0.053485703,0.011855297
0.65402675,1.4556491,-0.005202621
-1.8419073,1.2892705,0.036662575
2.373664,-1.637231,-0.06433645
0.7476511,-0.8246477,-0.025637947
0.36043885,-0.85186535,-0.017588057
-0.20058393,-0.22179423,-0.000880212
-0.8341893,0.46377152,0.016199969
-1.8410962,-1.2224448,0.022321902
0.86311996,-2.1167507,-0.03866656
1.1074753,-1.0379173,-0.035032943
2.0525591,1.8890148,-0.03130152
1.8912846,-0.61932576,-0.047834255
-1.3080271,0.44377124,0.024095602
0.32044438,-0.9679213,-0.017681636
-0.4642641,0.5596012,0.010116041
0.73456174,0.122844376,-0.0176192
-0.46492642,0.6531229,0.010803435
0.06290045,0.38163662,-0.001538254
-0.04637468,-0.7122281,-0.007884376
-0.09357702,2.4348009,0.016650539
-0.45669433,-1.1419224,-0.002810404
-0.16877447,1.1382812,0.008748081
-0.06318236,-0.6309028,-0.006890595
0.4588599,0.72764117,-0.006943964
1.1665237,-0.66964734,-0.03328681
-0.07763031,1.0008565,0.005976453
-0.75486106,-1.1418879,0.003167093
1.2478526,0.16555408,-0.028214686
-0.49825275,1.0095682,0.013955265
0.50202155,0.59951943,-0.008863896
1.4070381,-2.4578414,-0.052425176
0.4109818,-0.14657772,-0.012942717
-0.4314634,-2.0825748,-0.010773212
0.06481427,1.3757509,0.006018087
-0.40998593,-1.0185075,-0.002802938
-0.250965,-0.565277,-0.002518654
-0.8169088,-0.96861863,0.005670548
-0.42856985,-0.6956909,6.41E-05
0.8432798,0.3338087,-0.018216409
-0.2742621,-0.91848415,-0.004799373
-0.12657265,-0.3062962,-0.003037185
0.26368985,-0.13807854,-0.009778209
-0.5992775,0.8560963,0.014709644
0.3752618,1.1331139,-0.002026938
-1.1117263,-0.7603902,0.012724951
0.7353224,1.408699,-0.007262178
-0.32955518,0.36335927,0.006106585
-0.6741037,-1.477595,-0.000996448
-0.6517522,-0.5739612,0.005391061
-0.401941,-1.1852969,-0.004267812
1.2801625,1.3261251,-0.019438624
-1.6823403,0.7288487,0.03148735
0.12095735,-1.5804341,-0.018426634
-0.37614542,-1.3197703,-0.005854465
-0.6918515,-0.26540205,0.008429498
-2.382051,1.3151671,0.043225497
0.61034477,-0.19303559,-0.017545626
-0.41047078,-1.0544275,-0.003072344
-1.2806656,-0.3640876,0.018431425
0.76593727,-0.8643468,-0.026354142
-0.9492585,-1.3698779,0.005269542
0.6323689,2.3088486,0.001936488
0.080271855,-0.1236137,-0.005849406
1.0117638,-0.24986096,-0.026574165
0.06938011,1.6044607,0.007639006
0.84829146,-0.5634855,-0.02564948
0.40022942,-0.89006925,-0.018747859
-1.2705601,1.4204857,0.029425189
0.12707934,-1.1721188,-0.015228882
-1.4278476,0.31961742,0.025240906
1.1697363,1.1218555,-0.018750712
-1.6141241,0.24347407,0.02767909
0.93334824,1.2801573,-0.012448289
1.4698194,-0.17567979,-0.035677224
1.5594836,0.52020496,-0.03194479
-0.10277313,0.20836978,0.000463635
-0.7125457,-1.8614578,-0.003186032
0.659739,-1.3307359,-0.027911581
-0.08085966,0.10500921,-0.000773266
0.0733491,-0.9711508,-0.012465678
0.92428064,0.6802682,-0.017121315
-1.9237125,0.002103321,0.03088573
0.32370758,-0.5915731,-0.014693186
-1.5093383,-0.14994106,0.02363589
-0.12704329,-0.024947228,-0.000844918
-0.6498834,0.7097688,0.014602207
1.69474,0.09810546,-0.038179345
-0.8468378,-1.3729726,0.003243625
-0.10197888,2.0162237,0.013854258
0.076740414,-3.0684884,-0.029787801
1.547416,-1.6326199,-0.048826396
-1.9564496,0.43843973,0.033740155
0.5728965,2.034524,0.00100071
0.627046,0.5585006,-0.011815041
-0.4418866,0.19033554,0.006992236
1.9486356,0.9025607,-0.037041917
1.5467961,-0.46300483,-0.0395896
-1.4444396,2.9657135,0.040003896
0.3327956,-0.20580153,-0.011771828
1.4588364,-0.92286515,-0.04144001
0.027607646,1.2198926,0.005571723
1.1186004,-1.3546879,-0.037836008
-0.9053252,0.47099835,0.017502256
0.6615148,0.53134483,-0.012760505
-0.5193361,0.122903265,0.007980004
0.13548999,-0.8542855,-0.012835011
0.4693422,-1.3944385,-0.024359383
0.16995485,0.9562358,0.0007485
0.20922627,0.6841768,-0.002154782
-0.7073015,-0.21610583,0.009080209
-1.0744928,-0.8256684,0.011581417
1.0917504,-0.45961845,-0.029990472
-0.009754334,0.04811193,-0.002656281
-0.92860067,-1.0786469,0.007014021
0.5033118,-1.2592847,-0.023976296
-0.3070508,-0.33716285,0.000373982
-0.8149223,-1.3212471,0.003003188
1.5100874,-1.4624151,-0.046750955
-0.6486998,-0.6384367,0.00485234
-0.72842985,1.0567683,0.018372603
-0.7972237,-1.3394141,0.002516925
-1.869921,1.1488702,0.03630839
-0.19387478,1.7678622,0.013767812
0.4322393,-1.6957763,-0.026044898
-0.32785177,1.3767878,0.013441458
1.1101954,-1.664391,-0.040162772
-1.7389425,-0.28106204,0.02647264
0.36062908,-0.62574315,-0.015753426
0.39175406,0.51799136,-0.007217407
-0.31737718,1.0589463,0.010972787
-0.94127184,1.9385474,0.027515396
-0.5177577,-0.7396697,0.001511134
-0.6374985,0.5633389,0.013351433
-0.16455115,-0.08667909,-0.000564784
-1.7134415,-0.9730899,0.021793168
0.11231638,0.61769605,-0.000707321
-0.1622493,0.794377,0.006075561
1.1388804,1.1795716,-0.01762344
-0.45117006,-0.6862281,0.000589415
-1.8488041,0.061235145,0.030130275
-1.2442257,2.009852,0.032413412
-0.5875706,-0.30419618,0.006146699
0.33210674,-2.3478806,-0.029285684
-0.34861624,-0.090338506,0.003078684
0.36287203,-3.27403,-0.0376141
-0.97827154,0.3751919,0.01812851
-0.53067356,0.3801124,0.01006579
-1.2923682,-0.09045068,0.02042918
0.37310043,-0.6955024,-0.016585074
-0.3068931,0.18460236,0.004329428
0.45284912,0.5065398,-0.00858029
1.2328734,0.55806357,-0.0246955
1.3035394,-0.11672551,-0.031693667
0.11454131,-0.19713487,-0.007140204
0.5373603,1.2813716,-0.004178099
-0.1307338,1.5537356,0.011063121
2.1299436,-1.1687373,-0.05660017
-0.81952196,-0.56150323,0.008700877
0.104225025,0.5433518,-0.001120031
-0.4804184,0.47562832,0.009811901
1.2051554,-0.6255579,-0.033745036
-0.29541743,-0.9550516,-0.00465139
-0.9728675,-1.4392047,0.005215019
-2.1994748,-0.50892335,0.031993568
0.1851199,0.8508846,-0.000370547
-0.09540753,-0.3220012,-0.003796503
1.044309,-1.2452415,-0.035386376
0.14341497,0.5141883,-0.002141677
-0.6773057,1.4059638,0.019830853
-0.7583758,-0.6664154,0.006768301
0.72890943,-0.38675222,-0.021653503
-1.1731403,0.80738455,0.024197903
1.527699,2.1763585,-0.017774425
-0.95815367,-1.4441168,0.004892454
0.7204969,-0.024608407,-0.018519804
-0.55509657,-0.701344,0.002542459
-0.8074163,0.8897098,0.018618457
2.4861927,0.016860405,-0.05461906
1.2016308,0.32559168,-0.025925495
-0.17003833,0.3869926,0.003164716
-0.46577728,-0.72067827,0.00061851
1.2776225,-0.4431793,-0.033795148
0.30865222,-0.20019531,-0.011219032
0.67710716,-0.68798035,-0.023010299
-0.9519801,1.6726981,0.026056495
0.851989,0.3359227,-0.01838462
1.349147,-0.1323693,-0.032785498
-0.55448264,1.3715192,0.017469618
0.34673774,0.55516374,-0.005989745
-1.1398879,0.6290382,0.022526883
2.1732965,0.87676775,-0.041886665
-0.43501362,0.8048744,0.011336897
0.70750314,0.2217824,-0.016240105
0.6943667,-0.057139512,-0.018228203
-0.06705282,-0.19225225,-0.003362395
0.5047477,-1.0579762,-0.02235508
0.14639956,0.27893835,-0.00404226
1.5043432,-1.1098247,-0.043858558
-0.80134094,-0.95681095,0.005456127
-1.0010437,-0.023105778,0.015830442
-0.8489086,-0.65045094,0.00861302
-2.6584237,-0.82670087,0.03652523
-0.896102,0.21905133,0.015622333
0.652674,2.025788,-0.000678822
-0.80779696,-0.37131864,0.009852879
3.1858351,-1.7809123,-0.078056574
0.9866187,0.34610915,-0.021171145
-1.3688941,0.62539136,0.026182815
0.22781762,0.44399574,-0.004416302
1.1894854,-0.90513206,-0.035682812
-0.36676657,0.1683019,0.005376026
-1.0658424,2.5256388,0.032774244
2.2303336,-0.3663314,-0.05256512
-1.0737597,-0.037443344,0.017017435
-0.28507072,-1.9874724,-0.013098091
-1.1313163,-0.2880387,0.016333643
0.16934784,1.0355138,0.001370952
0.39037386,-1.556405,-0.023999266
-0.6300146,1.8391701,0.021888759
0.80588526,1.8017861,-0.005591013
0.17914397,-1.4255047,-0.018402457
1.3280832,-1.5222354,-0.0435241
-0.14343879,-1.3838952,-0.011219278
0.7197406,-2.0994627,-0.03550391
-0.72618425,-1.6510592,-0.001279578
0.71003896,0.17790784,-0.016650237
-1.2623526,-0.30768168,0.018489704
-0.57581425,0.46663854,0.011530183
0.113104165,-0.5081139,-0.009585291
-0.4903471,-0.693531,0.001316093
-0.20072214,-2.0098386,-0.015071146
-1.8195962,-0.20490485,0.028159652
-1.2797431,0.16517426,0.021869011
-0.40230364,0.23740509,0.006577894
0.87291896,0.68271303,-0.016010202
0.26584694,0.043581493,-0.008373253
0.9629525,-0.72828734,-0.0294438
1.0152651,-1.1514665,-0.03400945
-0.62672514,0.9348963,0.015749421
-0.98488474,0.5216131,0.0192198
-0.39300442,-0.15548967,0.003461957
0.2863006,-0.49928832,-0.013155751
0.08483166,0.027248094,-0.004755102
0.16486299,1.870674,0.007785216
0.006579507,1.2054241,0.005872443
1.5296946,-0.68672204,-0.04102041
-0.90901256,0.876501,0.020271782
-0.17415048,0.73176366,0.00583899
0.39835826,1.4613198,6.29E-05
0.18873897,-1.034661,-0.015422434
1.4935304,-0.2384314,-0.036679372
0.4783763,-1.9840958,-0.02941218
1.4002084,1.0147256,-0.024539836
1.2789844,0.28128538,-0.02793435
0.55445176,-1.0739377,-0.023549631
0.62782794,1.1817476,-0.006838039
-0.46657676,-0.2471962,0.004217282
0.6607815,0.3758929,-0.014000952
1.4303865,0.1574686,-0.032153353
0.022578318,-0.58910644,-0.008341156
-0.52559143,1.1237866,0.015248559
-0.06431378,0.4004217,0.001167029
-0.061931387,0.2394854,-0.000117205
1.2366707,-0.58464617,-0.0340783
-0.17160976,-0.021746906,7.70E-05
0.60466605,1.6258483,-0.002841786
0.2948133,0.7067534,-0.003725484
-0.16766618,0.5325228,0.00421752
-0.019052275,0.6346038,0.002055936
0.24781062,-2.2589407,-0.026738845
1.089767,0.57189584,-0.02152972
1.9174145,-1.517108,-0.055157706
-1.4039036,-0.23081419,0.02139207
0.4584452,0.8678227,-0.005822718
-1.3070078,0.4660472,0.024218343
0.08318429,0.8891654,0.001967505
0.30175385,0.63335025,-0.00444518
-1.5362629,0.3907572,0.027363017
1.3879522,1.8715103,-0.017285995
-1.6667345,-0.001522808,0.027028654
-0.5443097,0.9747263,0.014545791
-0.6850428,-0.9815302,0.002996594
0.77923065,1.6925999,-0.005908839
0.15060322,-0.72957534,-0.012148902
-0.2575636,0.98782563,0.009331111
-1.3537413,1.2014215,0.029385678
0.6164688,0.83377635,-0.009381518
1.4410989,0.31304362,-0.031118572
1.0696394,0.31819895,-0.023170285
-1.0270426,-0.2717713,0.014586084
0.91173095,-0.8082539,-0.02900657
0.12783438,-0.28033108,-0.008077025
0.19570027,0.6603481,-0.002065532
-0.62564796,-0.13983159,0.008085497
-0.41437382,2.1168418,0.020079624
2.1024635,-1.4206911,-0.057926923
0.046144985,1.9120342,0.010351572
-0.08661266,0.63357013,0.003386445
0.3460178,-0.31274495,-0.012911737
2.0605752,1.4344413,-0.035128273
1.1736239,1.1772137,-0.018382393
-0.045047678,-0.5935566,-0.006970912
0.20524961,-0.11180702,-0.008348152
-0.16854289,0.27626175,0.00229457
-1.9090811,-0.20327677,0.02950716
-0.63683265,-2.037371,-0.006122515
-1.5835451,0.27629364,0.027406227
0.12688366,0.58713734,-0.001238845
0.29597193,1.3066863,0.000924662
2.3020792,0.5158411,-0.047287375
-0.3718701,1.0311152,0.011787042
-0.96176237,0.21799357,0.016778708
-0.0912502,0.36575502,0.001439415
0.50975156,-0.8119885,-0.020448193
-0.6657579,-1.0600418,0.002022669
-0.5063378,1.3376205,0.016386416
-1.477323,-0.9493702,0.017948866
0.8955593,0.24685639,-0.020038538
0.3136851,0.39070094,-0.006608635
1.1820546,0.030416809,-0.027915597
0.10302566,-1.8688283,-0.020408273
0.81025165,0.92264056,-0.012739778
-0.44458854,1.1697541,0.014107041
-0.019316562,0.82326037,0.003497027
-0.61265236,1.3133951,0.01809232
0.66305274,-1.6791351,-0.030846514
-1.1826451,-1.1717274,0.011136297
0.80835027,0.9135283,-0.012773268
0.029515358,-0.89048904,-0.010894194
1.3432788,-0.5022699,-0.03565605
-1.1830059,-0.55823874,0.015410379
-0.29910323,1.5701765,0.014285557
1.6368467,1.6491636,-0.024412632
0.7548273,-0.45194435,-0.022740036
0.06876044,1.0114317,0.003187008
0.268853,-1.9065932,-0.024277925
0.68259376,1.3809851,-0.006387666
-0.40481034,0.49898273,0.00855121
-2.095172,-0.60690033,0.029947374
-1.417437,0.2994071,0.024951138
0.25252247,1.2377524,0.001263589
-0.47277305,-0.35599247,0.003521994
0.6391174,0.24974784,-0.014563188
-0.7181963,-0.16550927,0.009651467
-0.98213726,-0.5023326,0.012160327
-0.41921458,0.7749912,0.010827314
-2.0895271,0.451329,0.03559859
-0.6581969,-2.3461123,-0.008127667
-1.1237798,-1.5594342,0.007242091
0.039055925,-0.1578274,-0.005269148
-0.03757414,0.55367714,0.001806326
0.5775419,-1.3186332,-0.026053488
1.257335,0.55135876,-0.025271803
-0.89526623,-0.4960876,0.010595433
0.7486961,1.7463416,-0.004849486
0.2172825,1.1671,0.001424626
0.91527224,-1.7587425,-0.036847405
1.0356137,2.093498,-0.008036464
-1.1400421,-0.71821934,0.013534937
0.20048064,0.14770934,-0.006189711
0.35119936,-1.3464054,-0.02143418
-0.78404695,0.336102,0.014421266
-0.69001544,1.5791116,0.0211915
-0.104159966,1.353628,0.009101637
-1.8473865,0.5716713,0.032952067
1.0447319,1.3557367,-0.014191575
1.8751882,-0.5256585,-0.04678732
0.3387031,0.83810323,-0.003592841
-1.3807456,1.0709146,0.02902608
0.49151173,0.00727237,-0.01340159
0.19302739,-0.52844197,-0.011424609
0.08754694,-0.6055309,-0.009829074
0.56710714,-0.90674067,-0.022449717
-1.2655349,-0.22544543,0.019088488
0.8111933,-1.166114,-0.029794142
-0.46038103,-0.47309735,0.002393752
0.40705457,1.1007562,-0.002928913
-0.040946744,1.4831088,0.008851878
-0.21222879,-0.24000494,-0.000785738
-0.31347102,0.73695207,0.008556265
0.3592299,-0.32924616,-0.013323851
0.26068386,0.64003193,-0.003550284
-0.23211128,0.18863541,0.002888307
0.54342,-0.21472101,-0.016298994
-0.5672809,0.8881829,0.014355704
0.20651923,0.28509343,-0.005229473
-0.56840867,0.3513255,0.01056543
1.2473421,-1.1996385,-0.03927342
1.1198745,-0.4969447,-0.030892387
-0.40480927,1.7083637,0.017141744
1.5364394,-2.280084,-0.05358409
-0.3974411,-0.048032403,0.00435666
2.1821058,-0.012881585,-0.048951134
-1.9724184,-0.4145993,0.029233493
-0.7517301,0.48234555,0.014855132
0.68875235,0.41104215,-0.01430843
-1.8556403,-0.22284395,0.028598048
0.6498925,-0.045486514,-0.01718703
1.8288817,1.1778013,-0.032319747
0.2492968,1.1481365,0.00063692
-1.6983845,1.5109447,0.03592991
1.311316,-0.3984519,-0.034143396
1.1692141,-0.19594012,-0.029487602
0.35798162,-0.67254657,-0.016077168
-0.20132771,-1.2352784,-0.008816086
0.1455276,1.0421547,0.001897462
0.30134204,0.27895096,-0.007239416
0.50831664,1.6963309,-0.000329047
0.4023162,-0.38745946,-0.014706053
1.4789661,-1.1131989,-0.0433665
-0.9513294,-0.064374715,0.014657639
0.8479384,-0.68149215,-0.026607916
2.7035878,1.3401359,-0.04896477
0.1821207,0.7801244,-0.000858553
0.30759382,0.4207005,-0.006244816
-0.60378677,-1.4137784,-0.001927301
-1.4461616,0.004697112,0.023580316
-1.1769937,-2.304068,0.002765901
0.56145084,0.6930134,-0.009358011
-0.16691501,-0.7419288,-0.005622201
-1.1799148,-0.3458426,0.016798649
0.6529282,1.2064582,-0.007162638
0.054019425,-0.23936562,-0.006220959
0.48640275,1.532723,-0.00116206
0.3185793,0.095546275,-0.009058878
-0.3604317,-0.30753425,0.001666173
-0.7982899,-0.3925481,0.009521268
-0.132567,-1.4096901,-0.011655696
0.96344,-1.0162765,-0.031807795
-0.8480902,0.9544136,0.019749384
-1.1016374,-1.916254,0.004184648
1.7528516,0.44656458,-0.03660295
-0.87921387,-0.4521584,0.010609828
-2.9098644,1.203282,0.048104454
0.422643,0.87880033,-0.004996859
0.105420716,0.017057808,-0.005258985
-0.62613714,1.087392,0.016788613
1.1018881,1.517057,-0.014093161
0.78320926,-0.14463079,-0.020835392
0.52858067,-1.357684,-0.025326155
0.63220835,-0.30731487,-0.018941775
1.4457551,1.750363,-0.019507587
-0.7521104,-1.9317629,-0.00292512
0.02688011,1.0497491,0.004303165
-0.68800455,-1.3516767,0.000248678
-0.8384519,0.17630498,0.014292151
0.24980421,-0.27569214,-0.010589071
0.792322,-0.29483408,-0.022256613
-0.5231218,-1.3467284,-0.003048271
0.23420879,-0.098125085,-0.008842982
-0.12747964,-2.61934,-0.021648563
2.425408,0.90538555,-0.0467602
-1.2178925,-0.45779112,0.01671043
1.5131807,-0.45331794,-0.038814068
0.6921769,0.026248354,-0.017503098
-1.1933751,-0.5304356,0.015784524
-0.8615878,-0.62724334,0.009020917
0.5686968,-1.1502695,-0.024480991
1.3774958,0.6036088,-0.02740591
-0.856783,-0.13011163,0.012480274
-0.67953235,0.5115048,0.013752963
0.4404587,1.1590347,-0.003154323
-0.6830511,0.44130045,0.013323974
-0.52932876,0.34628567,0.009795889
-1.3611724,-0.95221704,0.015894674
0.06070036,0.52490485,-0.000383914
0.5344419,-0.39999366,-0.017614096
-0.51314163,-0.8799589,0.000349537
-1.0924484,-2.1984868,0.001886018
1.0763735,0.45290196,-0.022214755
-0.2500679,-1.1086454,-0.006796584
1.4577968,0.6116864,-0.029047668
-0.51213676,-0.13862392,0.005913973
-0.73097134,2.5730615,0.028124098
1.6614826,0.3478428,-0.035483047
0.9547925,-0.26034388,-0.025444157
1.0155109,-1.4424918,-0.036383733
0.3197503,-1.2951202,-0.020340718
1.4952589,-0.97450763,-0.042600237
1.0958389,-0.79882616,-0.03284207
-1.524389,0.16795442,0.025836166
-1.1068921,0.7602016,0.022821702
2.0521743,0.41086137,-0.043065593
1.1968378,-1.08712,-0.037310496
-1.9686676,-0.7534008,0.02720457
-0.5805299,-0.4122564,0.005208641
-0.35062772,-1.8647119,-0.010723248
0.91209114,1.3388782,-0.011525527
0.08724521,1.4003326,0.00576631
-1.7474477,1.4367534,0.036189854
-1.6498419,-0.45592585,0.023998309
0.053749826,0.17508957,-0.002960347
-0.9121947,1.2289476,0.022618718
-1.7641234,1.0997831,0.034648605
0.39828512,1.6933967,0.001860432
-2.584153,-0.35759458,0.03789477
0.7871952,-1.383401,-0.031064272
-1.1584615,-1.2728649,0.009966649
0.5663446,1.2009555,-0.005411848
1.4037781,-0.85869426,-0.039788008
-0.008015661,-0.9032959,-0.010209173
0.5895868,-0.8496465,-0.022462808
0.02480206,0.9949626,0.003929295
0.3601585,-0.90095174,-0.017982133
0.53369844,-0.2371287,-0.01627443
-0.26078418,-0.7174189,-0.003502823
1.3074491,0.119634606,-0.029855348
1.60307,0.84633595,-0.030225232
0.5923867,-2.0583196,-0.032460093
0.42193726,-0.58589894,-0.016732588
1.6762265,-0.0744008,-0.03917189
0.85061514,2.0001204,-0.004936799
0.03709275,0.036750924,-0.003701411
2.3338008,1.3357866,-0.041572064
1.7628341,-0.18340477,-0.041824855
1.0689039,-0.027525324,-0.025976993
0.12267408,0.7341741,-1.51E-05
-0.4595762,0.37813467,0.00870876
1.8006582,1.9747026,-0.025251247
-0.5979363,0.55098057,0.012539201
1.0678526,1.785268,-0.0112001
-0.86441547,-0.6308618,0.009048186
-0.12293559,2.944082,0.020646337
-0.35983327,-1.3606179,-0.006514102
0.64524275,-1.0023818,-0.024905346
0.50059134,0.87981385,-0.006600164
-1.4818168,1.2465855,0.03151878
-1.2345712,-0.135699,0.019150082
-0.30399212,-1.9960196,-0.01276654
0.4573529,0.51333004,-0.008620054
-0.30862454,-1.649541,-0.009879731
-0.25500467,-2.4378548,-0.017412528
-1.5685046,1.5432097,0.034361664
-0.9544027,0.8116217,0.020614035
-0.6636429,-1.0959184,0.001708917
-0.12645759,0.94060737,0.006472915
0.18097714,0.5723589,-0.002452359
-0.093986325,1.4246439,0.00942979
-0.8882356,0.8709682,0.019881856
-1.7745515,0.92360365,0.033849627
0.29757196,0.63172704,-0.004372023
-0.67088675,0.6104539,0.014288679
1.6938621,0.8294646,-0.03228265
1.0495597,0.9179772,-0.017852336
-0.30107132,0.5555126,0.006982207
0.01927178,-1.3042734,-0.014013439
-1.5615574,0.398565,0.027796432
0.22735485,0.33130306,-0.00529442
0.3643397,0.3585302,-0.007916085
-0.7203558,-0.53841686,0.006978072
0.77415574,0.066352606,-0.018922009
-0.2601703,0.22290199,0.003700621
0.96548337,-0.5279074,-0.027859569
1.414263,1.6024181,-0.020043865
-0.69366413,0.4182044,0.01335521
-1.1975248,0.53778213,0.02289227
0.7409175,-1.5122492,-0.03113556
-2.5253923,1.147497,0.04405517
-1.8323607,1.7898871,0.03903473
-0.9348355,-0.46080247,0.011581361
1.1236907,-0.9989522,-0.03505832
0.29645348,-0.5412657,-0.013709277
-1.1952546,1.5474032,0.029043265
1.726357,0.4979851,-0.035636336
-0.42348403,1.17446,0.013756152
0.800116,-0.6277587,-0.025146417
-0.586801,-1.1973692,-0.000602976
-0.20149842,-1.0459827,-0.007308118
-0.08558587,-1.5261068,-0.013588093
-1.0816144,-0.3584497,0.014968306
0.08331842,0.46836656,-0.001278646
-1.6758747,-0.3120041,0.025297984
0.2888149,-0.71457034,-0.014949925
-0.6262778,-1.7751704,-0.004279286
0.13340573,0.8278936,0.000492491
0.26490083,-0.95187485,-0.016368471
0.22185037,-0.9250879,-0.015236191
1.1733165,-1.1434678,-0.037273288
0.32072827,0.46678877,-0.006151579
0.41903183,0.086408414,-0.011236809
-0.11336947,-0.62443715,-0.005801499
-1.4545965,3.3338008,0.041851714
-0.35949066,-0.79581183,-0.002101846
-0.37600246,-1.0414962,-0.003675602
1.2357715,2.0514994,-0.012587786
-0.34517735,-0.1558812,0.002514839
0.5074721,-0.30978653,-0.016307265
1.802726,-0.05432256,-0.041623384
0.5570727,-0.985512,-0.022880577
0.27062672,-0.35944012,-0.011698879
-0.30744177,0.21107778,0.004538901
0.1008166,0.5615414,-0.000910059
-0.73491037,2.1027734,0.025289595
0.26841196,-0.5088275,-0.012855008
-0.68161833,0.6642704,0.014857356
-1.1013933,-2.1378267,0.002521008
-0.5945996,-0.7139365,0.003227271
-0.5773614,0.59617484,0.01248128
1.5198493,-0.94837826,-0.042897277
-1.2312461,-0.28656054,0.0180923
-0.61990166,-0.33265722,0.006560274
2.5728683,0.25552636,-0.05451058
0.8364289,-0.6031181,-0.025720492
-0.89355505,-1.116944,0.00605835
-0.077906646,1.9000494,0.012580752
-0.6861216,-0.98399484,0.002999328
-1.1227732,-0.46528554,0.0149712
0.4904849,-1.3413805,-0.024376132
-0.3614339,0.8461107,0.010258786
-0.6416277,0.84227157,0.015374839
0.182945,-1.1400074,-0.016155295
1.6820669,-1.0896001,-0.04729662
-1.151156,0.8603737,0.024175785
1.168915,0.7791201,-0.021527775
1.0260022,0.48672974,-0.020864263
-0.41062874,-1.0657413,-0.003157161
0.64115,0.20450954,-0.014972582
-0.42936483,0.8782938,0.011758409
-0.38497457,-0.1338542,0.003466919
0.48311484,0.9009589,-0.006070241
-0.7343076,-0.76058906,0.00560911
-0.67690706,0.016942183,0.010190751
-0.7004881,-0.64845747,0.005783916
0.4227734,-1.4203644,-0.023574717
0.33605367,-2.038855,-0.026813209
-1.3661485,-0.32950294,0.020119812
0.6862509,0.39180997,-0.014411144
0.56154525,0.28052157,-0.012675002
2.2752883,0.017788162,-0.050549418
0.34695464,-1.3602227,-0.021456674
1.2291971,1.4308892,-0.017498612
1.6276098,-0.78708375,-0.04382495
0.85291135,1.1122906,-0.012107879
0.38003284,-0.50962263,-0.015223362
0.19808678,1.9713308,0.007896706
-0.2728143,0.086975664,0.002922826
0.07353007,0.91315055,0.002342999
-0.039770737,0.51919556,0.001586445
-0.111232296,1.3584423,0.009271242
-0.70522356,-0.020085284,0.010454703
