V,m,n,h,I_ext,dVdt
-74.73175732,0.015960067,0.639090626,0.179744177,8.5,0.988435434
-56.45857553,0.128005226,0.392362382,0.450235169,7,2.155392771
-73.40775387,0.018390892,0.544565954,0.289428369,7,1.356105017
-60.34533748,0.08521137,0.389061489,0.458678271,10,1.803807668
-61.3754889,0.0759889,0.389521054,0.459748826,10,1.839889578
-63.86152178,0.05724419,0.399482327,0.450632612,10,1.947577134
-60.54456057,0.083833363,0.380637183,0.473568037,8.5,1.609329875
-11.25497256,0.968844032,0.739658057,0.09960425,7,-48.53314477
-63.11499847,0.062663253,0.384852516,0.471531946,8.5,1.723961498
-35.299015,0.842498176,0.7529082,0.070868658,8.5,-45.8441495
-30.70862527,0.361765219,0.445422932,0.35457122,7,96.88097945
-59.4131126,0.094192228,0.390000433,0.455688144,10,1.856753003
-68.73457275,0.032352903,0.424217838,0.430164145,7,1.871333509
16.70485102,0.720083496,0.504588249,0.277939591,10,184.6169631
-59.81678463,0.09149131,0.374285139,0.48305931,7,1.360247336
-70.43396262,0.026314788,0.469733407,0.374635151,8.5,1.900535728
-34.81961816,0.32844506,0.439895364,0.364803626,7,75.82571853
-60.91397331,0.080409517,0.380119586,0.47423147,8.5,1.645584857
-54.47868746,0.147378683,0.401779383,0.433051247,8.5,4.776270036
-63.53307157,0.059710758,0.386722412,0.469520211,8.5,1.75825538
-74.86440509,0.048017883,0.695497761,0.115360513,8.5,-3.158191322
-68.24808777,0.283709239,0.724944028,0.083538144,10,-45.79690677
-65.61174897,0.046636419,0.412937583,0.436108625,10,2.056646727
-74.92830607,0.016669519,0.65626693,0.159994218,8.5,0.835525342
-65.37532586,0.047945571,0.410814492,0.438348231,10,2.041767172
-72.09223828,0.021529997,0.526944639,0.306231534,10,1.73028954
-71.41910723,0.023343276,0.507481741,0.328499502,10,1.840980586
-67.11663284,0.039152421,0.41644087,0.435917107,8.5,1.981765514
-60.68374652,0.083128769,0.371857476,0.487909651,7,1.376554656
-74.64394094,0.015990341,0.632301803,0.188864729,8.5,1.027021732
-74.46511228,0.016179316,0.601688502,0.22309594,7,1.073180753
-62.34944997,0.068392507,0.382227898,0.473789346,8.5,1.670676709
-70.16178959,0.027192308,0.4640451,0.382253725,8.5,1.924103997
-36.68429187,0.828522088,0.752696288,0.070342402,8.5,-46.52404535
-63.90296106,0.057205941,0.388608445,0.467688748,8.5,1.794745399
-64.21471991,0.054928719,0.401796737,0.448258444,10,1.966556439
-60.61093739,0.082802193,0.389129123,0.459062609,10,1.794553345
-72.51049275,0.020468491,0.540825993,0.290362677,10,1.6426443
-74.03415275,0.017038115,0.592731888,0.232723048,8.5,1.228318135
-63.00492885,0.063806263,0.373196217,0.489940296,7,1.534393598
-62.68907422,0.066172129,0.372394953,0.490225523,7,1.499545958
-28.72716571,0.374756424,0.445672819,0.353574453,8.5,108.0444191
-66.42003982,0.042521834,0.408673948,0.445065447,8.5,1.959903288
-35.75878223,0.279632962,0.370764568,0.506740461,8.5,88.8793029
-65.89380785,0.045307223,0.403505829,0.451751594,8.5,1.933402691
-30.79584934,0.362831624,0.447420282,0.350729572,7,95.68864049
-59.32784224,0.096430051,0.376412274,0.479118927,7,1.342977062
-72.65991036,0.020136643,0.515153851,0.323602208,7,1.512904773
-63.48250467,0.06005713,0.386225635,0.470020876,8.5,1.782884511
-61.41611044,0.076036694,0.380518094,0.474444793,8.5,1.631465061
-55.05352948,0.144191156,0.400928695,0.434866785,7,3.216483809
1.541403629,0.985368976,0.714701462,0.124659217,8.5,-52.47391848
18.01607384,0.985836946,0.661666772,0.167538572,10,-51.26340459
-65.236011,0.048732592,0.409596205,0.439706471,10,2.03438376
-70.7992356,0.025222218,0.462796318,0.398748558,7,1.772343124
-62.0221323,0.070696796,0.391289678,0.45850918,10,1.824541106
-74.95577019,0.015560476,0.639246863,0.179819242,7,0.888170126
-62.40152491,0.068036982,0.382407032,0.473622368,8.5,1.673791601
-68.24350459,0.034213492,0.431107383,0.419253533,8.5,2.00263264
-70.29988182,0.026702218,0.480727496,0.359116413,10,1.986739556
16.3723374,0.987016435,0.668436446,0.162354568,10,-52.32769622
-74.5082291,0.016100613,0.604606387,0.219501784,7,1.059404525
-63.07591459,0.062925441,0.384582884,0.471683574,8.5,1.731967563
-61.30732434,0.077536517,0.371166031,0.489782054,7,1.399767986
26.8503241,0.820697258,0.529681605,0.259380631,10,89.64083763
-68.99316249,0.031278761,0.442645654,0.405933925,8.5,1.989389186
-55.77198262,0.135847328,0.396455446,0.442853873,7,2.623911333
-69.91026972,0.028022656,0.459095049,0.387062074,8.5,1.937478323
-65.73583663,0.046101901,0.402054075,0.452628265,8.5,1.920767846
-49.31500146,0.202772125,0.418779227,0.403375586,7,14.90072817
-63.30931667,0.061020837,0.396410948,0.45384099,10,1.904365107
-54.69215313,0.571949485,0.740822862,0.071973779,10,-62.62467343
-74.20845282,0.016732011,0.619054435,0.201197019,10,1.197382916
-57.54519307,0.114254327,0.389290142,0.455398954,8.5,2.124096507
-57.61137675,0.115119998,0.385846597,0.461827094,7,1.591305507
-30.60340323,0.883741956,0.752708449,0.073628418,7,-44.76334149
-69.9024346,0.028102836,0.444066507,0.407116071,7,1.844914743
-72.71374912,0.020005489,0.517060433,0.321676285,7,1.502818131
18.04457169,0.98607904,0.661820845,0.167692942,10,-51.6074286
1.656837309,0.985286796,0.713499745,0.124010121,10,-52.56319485
-73.57048853,0.119857565,0.710250042,0.09819203,7,-16.15986503
-59.91626268,0.090470334,0.373923065,0.483621496,7,1.355373322
-61.18137378,0.077732575,0.389550049,0.459426991,10,1.79972204
-70.96944842,0.024638824,0.496001779,0.341626895,10,1.905098903
-63.63351987,0.0589984,0.387214433,0.469268382,8.5,1.766689703
-62.36706973,0.067958161,0.392067108,0.457950473,10,1.880856895
-59.2423948,0.097317908,0.376623333,0.478658875,7,1.373818175
-68.94580988,0.031456303,0.441869609,0.406930392,8.5,1.991004835
-73.07286229,0.019153708,0.530565255,0.305581052,7,1.430583439
-67.67672106,0.036717867,0.40941371,0.447673032,7,1.865763464
-58.26135008,0.105982913,0.392751781,0.450255304,10,2.070381074
18.85017472,0.986224647,0.659697572,0.171708156,8.5,-51.33881635
-62.97322017,0.064041361,0.373106034,0.489343494,7,1.528735984
-1.664971092,0.983745754,0.744740353,0.134007575,10,-49.15269259
-62.63400445,0.065916714,0.393357743,0.456788108,10,1.856536289
-67.27034555,0.038561985,0.40468542,0.464253513,7,1.841310105
-75.01597845,0.015626853,0.644703486,0.173393974,7,0.855464422
-68.36470223,0.033644642,0.445944105,0.398810976,10,2.110909068
-65.18581286,0.049167316,0.409206623,0.440266858,10,2.033545893
-65.39501788,0.048061596,0.399086635,0.456734277,8.5,1.902850024
-71.7156614,0.022578285,0.485723974,0.35743242,7,1.665876399
-52.78012921,0.165540286,0.408301874,0.421775471,8.5,7.379864167
-23.27154009,0.929119803,0.74984343,0.080218792,10,-45.10018234
-69.30393758,0.030136589,0.447901321,0.399862892,8.5,1.97720999
-64.54734524,0.053321572,0.380281513,0.48176898,7,1.672855086
-59.72363764,0.09239752,0.374634636,0.482283816,7,1.354830867
-47.69156235,0.215467409,0.420452613,0.400180397,8.5,20.44283273
-66.26516911,0.043182126,0.419281784,0.428906802,10,2.098167097
-64.01001941,0.056483172,0.389271373,0.466831827,8.5,1.795979957
-65.65470239,0.046576111,0.401317736,0.453468952,8.5,1.918011619
-49.45985739,0.198226016,0.419636625,0.401149248,10,15.06594088
-60.6072648,0.08328542,0.38060399,0.473401582,8.5,1.608526827
-71.16263784,0.024142954,0.471222154,0.374479565,7,1.74392908
18.36146744,0.985749217,0.660517811,0.169677074,7,-51.23065193
-68.6309994,0.03274469,0.422557641,0.432294331,7,1.879864274
-60.26607469,0.087087713,0.372926829,0.485586885,7,1.351830935
-71.80122106,0.022317229,0.503775555,0.335292025,8.5,1.72025516
-57.83060477,0.111303696,0.388463013,0.457259626,8.5,1.97294043
-69.66952432,0.028796512,0.468094347,0.373634423,10,2.03922581
-62.36108858,0.423522389,0.733232797,0.076882821,10,-61.1884326
-71.53215895,0.02308263,0.48073025,0.363953628,7,1.691986783
-60.30301214,0.085527994,0.388967079,0.458612577,10,1.809604974
-72.97634446,0.019350509,0.55819364,0.270617361,10,1.53932955
-69.05217517,0.031062048,0.443676678,0.404790088,8.5,1.981888324
-75.02640291,0.047012338,0.695009484,0.115668296,7,-3.209450173
-71.30675049,0.023721168,0.47487906,0.370660375,7,1.720995361
-62.27622914,0.069019322,0.382083802,0.473888266,8.5,1.665268466
-70.60895561,0.025766552,0.47356468,0.37020659,8.5,1.88279504
-70.94685237,0.024775121,0.466126564,0.381062464,7,1.760912946
-73.85998984,0.102105275,0.708166401,0.101066077,8.5,-12.49281917
-73.39715346,0.018414613,0.544099877,0.290036907,7,1.358521364
25.01104933,0.974970906,0.627681294,0.194629187,8.5,-44.47074984
-66.93934462,0.039968804,0.414338755,0.438594805,8.5,1.980196898
-23.25361646,0.929176885,0.750534895,0.080784939,8.5,-45.11068863
-64.15776812,0.055293976,0.401149486,0.448950257,10,1.995020469
-73.54610335,0.132323431,0.72703664,0.103213737,7,-18.45140502
-55.9908294,0.130567956,0.400857661,0.434337167,10,3.245238336
-75.05328131,0.015798729,0.648363744,0.16834023,7,0.821385927
-72.50221387,0.020489025,0.540537327,0.291015488,10,1.644404729
-68.33886918,0.033926192,0.418392184,0.436664708,7,1.869223785
-63.4113099,0.06055399,0.38588274,0.470370779,8.5,1.777963037
-65.44551743,0.047874692,0.399505351,0.455238415,8.5,1.90963427
-70.08503306,0.02744398,0.46249052,0.384044677,8.5,1.930419839
-73.24691543,0.018756814,0.537607904,0.298767622,7,1.396885494
-64.68435087,0.052425801,0.381177621,0.480607362,7,1.678484262
-73.8759239,0.107165509,0.708469226,0.100103046,7,-13.65984571
-63.80883387,0.057583342,0.399200863,0.450984862,10,1.938538231
29.40790539,0.949034761,0.59308882,0.218493728,8.5,-29.12216272
-56.14757419,0.128852061,0.400266727,0.435490316,10,3.12244829
-64.83145835,0.051102492,0.406283047,0.443586295,10,2.009249364
-23.89067445,0.926082776,0.750425608,0.079999386,7,-45.08838713
-58.91908707,0.100699063,0.378147877,0.47554304,7,1.392737262
-60.68048001,0.083170119,0.371897745,0.487762511,7,1.372783131
-61.06737238,0.078717312,0.389425847,0.459432097,10,1.795625768
1.292445242,0.597447148,0.48118574,0.305075159,10,222.4511465
-60.21187435,0.075524822,0.32436347,0.592674381,8.5,6.930183644
-68.85604004,0.031870415,0.426009574,0.428233782,7,1.878122997
-63.81473377,0.057787094,0.388173813,0.468001226,8.5,1.780902065
-58.36229166,0.104928966,0.392423845,0.450316394,10,2.041919044
-61.4418173,0.076361605,0.371178725,0.490004446,7,1.398860389
-74.03048054,0.017052445,0.575283927,0.253713175,7,1.198927237
-63.2035442,0.062054249,0.385131098,0.471276689,8.5,1.74376661
-48.24645443,0.679400331,0.746240449,0.069925151,7,-57.3203045
-64.39545513,0.053788496,0.403046079,0.447704506,10,1.98080467
-71.19630964,0.023974913,0.501640727,0.335269411,10,1.87553794
-3.455488666,0.980816793,0.724573565,0.112986299,10,-51.19441041
-72.7004575,0.020003674,0.547637238,0.282718799,10,1.601617946
-72.0630526,0.021624784,0.511512841,0.326386909,8.5,1.680158555
-38.81707765,0.295837783,0.435221448,0.373544308,7,56.08779528
-69.13646296,0.030821806,0.430506531,0.422931997,7,1.874102553
-72.59701639,0.020271552,0.52905949,0.306601313,8.5,1.578223605
-22.39413563,0.933311559,0.749727442,0.081676325,8.5,-45.34586157
-61.67197692,0.07384046,0.380907144,0.475111155,8.5,1.628691436
-65.60149451,0.047053712,0.387873891,0.473016819,7,1.756255219
-67.40146532,0.037750165,0.432916565,0.413515814,10,2.076482223
-57.63027163,0.113333475,0.388921085,0.456073902,8.5,2.089823378
-65.88189347,0.347696124,0.729185333,0.080616589,7,-55.59168782
-74.49263597,0.016412748,0.637951509,0.179398425,10,1.088628625
30.05675794,0.881052969,0.552279351,0.243349173,10,24.41366538
-72.97134468,0.01937522,0.542949461,0.290070759,8.5,1.498773704
-75.22101825,0.03095922,0.68687136,0.125704823,7,-0.952919796
-74.43119423,0.016283322,0.617178059,0.204741728,8.5,1.104931407
-69.1733423,0.030554535,0.459097033,0.383844545,10,2.071684951
-55.94852369,0.131240322,0.401603772,0.432811345,10,3.189239299
-58.80524534,0.10030874,0.391178887,0.452899354,10,1.952502417
-37.29183019,0.821845327,0.751920616,0.069749239,10,-46.51535042
-69.72305343,0.028611653,0.469101456,0.372370011,10,2.036391634
-75.21015362,0.017820957,0.666196908,0.149306913,7,0.563782473
-60.85796384,0.080573913,0.389231587,0.459299264,10,1.795465906
-66.44199918,0.042283466,0.421275458,0.42677999,10,2.091916302
28.99701873,0.953343198,0.597410682,0.215555725,8.5,-31.84959701
-71.90741604,0.022033093,0.506855395,0.331942748,8.5,1.704398096
-74.22040887,0.085883462,0.705726878,0.104196327,8.5,-9.391583465
-43.6067098,0.25256692,0.427312886,0.38769052,8.5,35.34249336
-69.50887498,0.029355181,0.465094105,0.37696443,10,2.050765558
-57.2421277,0.119071265,0.387496075,0.458860545,7,1.784976948
23.42141611,0.978887682,0.636774007,0.188036728,8.5,-46.69335182
-73.64911576,0.017850408,0.572530223,0.257374485,8.5,1.334945978
-69.75666164,0.24153875,0.722017172,0.08622304,10,-38.79711181
-68.30471933,0.034064303,0.417870907,0.437824365,7,1.872570374
-60.71620051,0.082299568,0.380598298,0.473455749,8.5,1.600703846
-66.1074927,0.043990381,0.417776495,0.431526174,10,2.078517199
-54.0091521,0.151684042,0.407190324,0.423011029,10,5.555001458
-38.41261686,0.296975198,0.43339806,0.380296555,7,58.86904658
-74.96485296,0.015548484,0.640019357,0.179374585,7,0.886203154
-74.19285712,0.016718973,0.584574206,0.242983536,7,1.153595575
-61.15177474,0.078398108,0.380534082,0.474205293,8.5,1.609816891
-71.74633241,0.022493017,0.486538992,0.357005667,7,1.664967026
-63.56220285,0.059250698,0.397760704,0.452483476,10,1.922007954
-60.30952072,0.086689334,0.372755096,0.486076252,7,1.364403724
6.993522311,0.988010026,0.701520594,0.138115568,10,-53.30230339
-72.98704159,0.019338458,0.543565357,0.289360275,8.5,1.495279604
-62.52960076,0.06702306,0.382758995,0.473971864,8.5,1.684740354
-72.28535676,0.021074904,0.502593434,0.353753622,7,1.584444079
-71.81397004,0.022283272,0.504139239,0.335142146,8.5,1.718612673
-60.88996393,0.080655614,0.38037066,0.473939754,8.5,1.615783255
-64.77175629,0.051896252,0.381728125,0.480064224,7,1.688400368
-55.81213475,0.133420397,0.397533617,0.44066565,8.5,3.163081285
-62.66061438,0.06603609,0.383130487,0.473055805,8.5,1.696898109
-57.06246067,0.119670442,0.391869158,0.450918954,8.5,2.301722637
-55.55517816,0.13530125,0.402439973,0.431589911,10,3.636937322
-71.96761064,0.021855375,0.523102717,0.310648774,10,1.752596651
-66.67895563,0.041236276,0.411444386,0.442193774,8.5,1.969756189
-44.68299185,0.24314139,0.428546659,0.385216035,10,30.75727091
36.55522538,0.9714153,0.575497074,0.293476783,8.5,-33.17001484
-59.74777003,0.091480871,0.381962356,0.469803648,8.5,1.621166334
27.68253039,0.959214782,0.606006974,0.207340738,7,-35.81589276
-68.788015,0.032141644,0.42502263,0.42927502,7,1.872444179
-59.75094112,0.091372439,0.381847196,0.47007715,8.5,1.626541176
-59.57815608,0.093031095,0.38232643,0.468979383,8.5,1.617824636
-72.72416088,0.019945203,0.548509247,0.281472381,10,1.596655846
-72.838498,0.019675058,0.552795075,0.27668947,10,1.572885403
-23.3150113,0.928876962,0.750571294,0.080712021,8.5,-45.09854568
-57.97813397,0.109548142,0.387316086,0.458867,8.5,1.979522581
-51.83028007,0.174575194,0.413970616,0.411163854,10,9.349560681
-63.23135462,0.062186245,0.373953523,0.48824506,7,1.551669113
-57.65150985,0.114599061,0.385442685,0.462536176,7,1.594087364
-57.86583648,0.112226693,0.38425641,0.464708145,7,1.524542955
-65.61627084,0.046614114,0.412873239,0.435925052,10,2.069047487
-63.39003355,0.060709735,0.38604245,0.470217213,8.5,1.746859737
-65.13697943,0.049455513,0.408784903,0.440571403,10,2.031880811
-69.21785474,0.030391747,0.459798447,0.383256958,10,2.077324722
-59.89356428,0.089928462,0.381599326,0.470582704,8.5,1.602757877
-65.81973532,0.045838148,0.389754222,0.470678107,7,1.768053977
-71.29819391,0.023695162,0.504217848,0.332286501,10,1.866344514
-62.13779003,0.070529386,0.371387555,0.490635813,7,1.458910011
-63.67545342,0.059004461,0.375659986,0.486747333,7,1.593721734
-72.01857265,0.021769195,0.494325643,0.3479323,7,1.630116303
-56.32617627,0.129457351,0.392990105,0.448952358,7,2.253768677
-59.76316676,0.091329985,0.381928327,0.469879061,8.5,1.620308096
-59.60233323,0.09361029,0.375048948,0.481420301,7,1.362519861
11.2491355,0.988296112,0.686777448,0.147691549,10,-53.51491672
-61.39951933,0.076244011,0.380667127,0.474425587,8.5,1.61784778
-64.864674,0.051312687,0.38236843,0.479248296,7,1.693284447
-65.32926881,0.048579634,0.385729202,0.475363727,7,1.731999251
-58.29932994,0.1055815,0.392587409,0.449999861,10,2.060793292
19.69975019,0.746245342,0.510462044,0.273345246,10,164.4380593
-23.89781877,0.92610515,0.750696165,0.08009511,7,-45.10989864
-58.5986451,0.10238153,0.391729217,0.451575424,10,1.97601417
-74.92524964,0.01554359,0.636538797,0.182742044,7,0.905677706
-65.54439526,0.047364696,0.387427446,0.473550328,7,1.749586206
-62.83229389,0.064751625,0.383758998,0.472449029,8.5,1.704307445
-38.16568544,0.299958423,0.437945218,0.367975163,10,58.77289956
18.59586086,0.985305277,0.659213147,0.16935026,10,-51.32354106
-66.30620871,0.043257684,0.394194872,0.465620269,7,1.80227287
-61.42432571,0.075574232,0.389930768,0.459349744,10,1.795580115
-59.95850698,0.088878925,0.389321327,0.45758866,10,1.812449783
-71.64287711,0.022722326,0.513625669,0.321539348,10,1.805810159
-54.70149126,0.144531504,0.40545287,0.426178471,10,4.562832602
-74.89493307,0.024817469,0.678956222,0.132817726,10,0.07484217
-72.76832072,0.019841754,0.550174961,0.29823141,10,1.586967193
-58.09790465,0.109609736,0.382704434,0.467476967,7,1.497850631
-60.79464042,0.081516281,0.380400774,0.473738381,8.5,1.61416266
-53.24640724,0.160708216,0.406830291,0.424238422,8.5,6.54490106
-70.09375477,0.027346629,0.476499657,0.364100381,10,1.998184613
-57.34682251,0.118064315,0.38734385,0.459120054,7,1.690621377
-60.70279266,0.081949491,0.389164859,0.459797533,10,1.795372518
-59.31228945,0.09517813,0.390114752,0.455282399,10,1.874564351
-63.00426851,0.063206702,0.394935734,0.455316029,10,1.882842304
-57.0371462,0.121127795,0.388000304,0.457802991,7,1.953912241
-60.25144562,0.086024802,0.38912828,0.458367379,10,1.791443453
-63.8553181,0.057514334,0.388395506,0.467766109,8.5,1.784122896
-57.57414946,0.113782595,0.389286751,0.461709874,8.5,2.171496257
-61.7697655,0.073117439,0.381085164,0.474443032,8.5,1.634657671
-72.33158221,0.020936483,0.519978386,0.316585599,8.5,1.636043748
-73.69836233,0.017753396,0.558040148,0.273744882,7,1.285845676
-63.43731214,0.060116711,0.397092154,0.453166134,10,1.911571671
-52.98160543,0.162662832,0.406704001,0.429612814,8.5,7.267287285
-74.58981748,0.016499062,0.645186694,0.171189518,10,1.033765568
-74.38954014,0.016480895,0.630778038,0.187537708,10,1.132036645
-74.88852838,0.046219098,0.694774408,0.116171021,8.5,-2.893357622
-68.81904833,0.031948206,0.439845265,0.409214176,8.5,1.992821345
-69.85853334,0.028200433,0.458125871,0.387816083,8.5,1.937891312
-71.41524832,0.023416952,0.477586395,0.367714041,7,1.713791566
-64.25049224,0.054913239,0.390731609,0.465389718,8.5,1.813506029
-68.20880536,0.284316636,0.724919375,0.083574118,10,-46.01047889
-65.11823978,0.049415471,0.408608902,0.440830699,10,2.026503258
-65.32704972,0.048586753,0.385620205,0.476298467,7,1.741876306
-70.55399544,0.025898934,0.486273377,0.352762024,10,1.959620557
-68.83678097,0.031805272,0.45335991,0.390311409,10,2.095406722
-58.77588449,0.101268462,0.384697292,0.46419008,8.5,1.736433097
-63.16017233,0.06234683,0.385030679,0.471251116,8.5,1.728893558
-70.84125835,0.025021449,0.492890417,0.34524519,10,1.925133086
-70.99779074,0.02454399,0.496682641,0.341049857,10,1.902438914
-60.63742518,0.083502449,0.372042167,0.487243432,7,1.352079827
-74.46161697,0.016424933,0.635752427,0.181881239,10,1.102173511
-67.53917116,0.037314226,0.407745133,0.44995026,7,1.857202305
-60.96483505,0.07954818,0.389318434,0.459378908,10,1.786986987
-63.29748877,0.403361765,0.732081508,0.077658737,10,-59.73027575
-29.60870252,0.891120962,0.752878107,0.074542452,7,-44.67497617
18.82968043,0.985926014,0.659417567,0.171449284,8.5,-51.16670095
-59.01919528,0.098114204,0.390657856,0.453997735,10,1.918972476
11.22276249,0.988489146,0.68686068,0.147538237,10,-53.48742815
-61.84410321,0.072908003,0.371158693,0.490769058,7,1.431568941
-62.31465289,0.06910621,0.371632923,0.490263068,7,1.470860402
-57.33378579,0.11675496,0.391050389,0.452293833,8.5,2.095990665
-74.81571451,0.016049352,0.645981002,0.171797478,8.5,0.942595335
-73.71011777,0.017714209,0.591145436,0.232879054,10,1.349191249
-72.98870037,0.019322479,0.558665171,0.270015819,10,1.53860205
-56.12973305,0.131887066,0.394674474,0.446027827,7,2.320194817
-68.33615312,0.033836904,0.432484203,0.417705914,8.5,1.998894825
-72.13315748,0.021440276,0.513651233,0.323889383,8.5,1.670571209
-62.88324316,0.064357612,0.383931709,0.472359541,8.5,1.708453581
-61.87623817,0.072667903,0.371167003,0.490326846,7,1.435550033
-53.81614211,0.154034168,0.4084739,0.420825576,10,5.749868633
-27.33395137,0.905103816,0.771155933,0.085274364,10,-43.66484601
-74.42051646,0.016268246,0.598741973,0.226418251,7,1.086488702
-66.76584523,0.040949748,0.398817472,0.46011909,7,1.8317083
-65.85036601,0.04567614,0.389980696,0.470315452,7,1.774169737
-21.78373191,0.431804395,0.456739466,0.334401105,7,142.6285299
-71.47019257,0.023256927,0.479091802,0.365744091,7,1.700247004
-66.8190822,0.040561511,0.41302119,0.440073431,8.5,1.971967568
-75.05577668,0.019641194,0.671077733,0.143276139,8.5,0.517875364
-65.80501501,0.045923901,0.38961261,0.470980637,7,1.768787377
-65.73560999,0.046112158,0.401963181,0.463474547,8.5,1.94524525
-73.33657755,0.018527508,0.573397869,0.253183436,10,1.448276227
-61.58669351,0.075128637,0.371079103,0.490366271,7,1.419226063
-65.63412903,0.046664008,0.401144042,0.453631871,8.5,1.914713464
-59.8662725,0.089749318,0.389361848,0.457377906,10,1.822692504
-75.0706479,0.015799816,0.649941028,0.16735518,7,0.81714925
-68.07776483,0.034898863,0.428757294,0.421964275,8.5,2.002650553
-69.49000726,0.029531804,0.436542337,0.415850479,7,1.862023892
-64.46419017,0.053346345,0.403309447,0.446658106,10,2.010551249
-68.55765357,0.032959579,0.435816683,0.413592858,8.5,1.993674653
-55.06737218,0.144345183,0.401591293,0.433672246,7,3.107912322
-66.37384952,0.042761125,0.408099146,0.445500791,8.5,1.96796754
-69.75524938,0.028605659,0.441307344,0.41035613,7,1.852463883
-65.86572325,0.045592961,0.390091335,0.470332479,7,1.777745684
-46.18147979,0.709648127,0.748057232,0.069529711,8.5,-54.58909114
-73.15305218,0.018941631,0.565417171,0.262281609,10,1.4977498
19.54055862,0.744531321,0.509846152,0.273809704,10,166.0279426
-58.10259032,0.107672262,0.39322474,0.448712959,10,2.111285798
-61.82300954,0.072673117,0.381128429,0.47448861,8.5,1.642149175
-65.33138153,0.04854394,0.385653636,0.475511482,7,1.740188225
-59.36943825,0.096028373,0.376146545,0.479275998,7,1.355261696
1.564165956,0.985326934,0.713363512,0.123486665,10,-52.61828698
-43.6534561,0.252408512,0.430199475,0.382204257,10,34.73163152
-71.08830297,0.024289371,0.498933056,0.338421524,10,1.888811512
-69.04356676,0.031090667,0.443478214,0.404972328,8.5,1.987688315
-60.73557415,0.082661617,0.371797008,0.487991091,7,1.374975438
-18.43697675,0.94913999,0.746296224,0.086662557,10,-46.23134131
-72.63804579,0.020158287,0.545325385,0.28530764,10,1.618870736
-34.13732364,0.85357512,0.753079978,0.071423132,8.5,-45.41029213
-57.65225854,0.114647014,0.385556592,0.462341999,7,1.584302095
-68.71378352,0.032276707,0.451412958,0.392520657,10,2.09548034
-52.93851171,0.166111837,0.407839897,0.422864753,7,6.538307808
-55.92427327,0.132194247,0.397052137,0.441525399,8.5,3.065096406
-59.32437405,0.095649999,0.382943836,0.467686043,8.5,1.662343297
-70.72825335,0.025399187,0.476255577,0.367096136,8.5,1.869760103
-73.10955385,0.019053841,0.548473885,0.28369859,8.5,1.467507333
-67.14190199,0.039143682,0.402980103,0.455269501,7,1.847394885
29.25712714,0.857826796,0.542158105,0.250789153,10,48.46404551
-66.01831677,0.044450033,0.416861952,0.431686362,10,2.075079238
-73.37273242,0.123185242,0.711412586,0.097921441,8.5,-16.54612896
-59.59331486,0.093711801,0.375120731,0.481387327,7,1.360025458
-18.3906029,0.949334564,0.746831099,0.087212035,8.5,-46.32157117
-49.06373509,0.202476636,0.417696134,0.405077625,8.5,16.25792585
-60.15487596,0.087001861,0.389157476,0.458325066,10,1.807765544
-58.52844915,0.103857295,0.385604258,0.462446427,8.5,1.783437074
-61.92572572,0.071794517,0.381005372,0.474671931,8.5,1.681277913
-52.48476086,0.170522915,0.408752616,0.421218184,7,7.474791305
-60.33788433,0.085656357,0.380452809,0.472811847,8.5,1.648593948
-58.54975421,0.103668535,0.385630901,0.462414174,8.5,1.766856066
30.43916447,0.929743738,0.577420533,0.228922674,7,-16.55341205
-73.45971428,0.018272434,0.546876171,0.286649582,7,1.344034006
20.06250164,0.984221867,0.653260226,0.175117736,8.5,-50.39360695
-59.40575437,0.095607176,0.375826534,0.480006565,7,1.372656435
-75.02519614,0.034181023,0.688553071,0.123169517,8.5,-1.218621307
-70.8546866,0.024980764,0.493241911,0.344781815,10,1.919929453
-54.0969085,0.150894938,0.407216722,0.422917621,10,5.387522407
-21.87327479,0.935593877,0.749646275,0.082481538,8.5,-45.40604004
-58.21488912,0.10807552,0.381241071,0.469852466,7,1.560470495
-59.31492568,0.096654398,0.376608058,0.478617298,7,1.335973608
-70.62644675,0.025675494,0.487882335,0.35121222,10,1.953949672
29.59092556,0.867837381,0.546675266,0.247182048,10,37.75505943
-56.96820129,0.120701742,0.39229167,0.45015255,8.5,2.352599462
-3.926501818,0.980397833,0.72556967,0.112028562,10,-51.0732046
-63.6745644,0.059082471,0.375655616,0.486881785,7,1.59904688
-74.09735414,0.016909895,0.596347864,0.228565315,8.5,1.209810482
-58.89887443,0.099342942,0.391020318,0.453245203,10,1.922923946
-58.35995868,0.104808128,0.392019982,0.450873569,10,2.089487671
-69.29872577,0.030223138,0.433251453,0.419676814,7,1.867041493
12.98939663,0.68711563,0.495733769,0.287988157,7,206.0564102
-75.2384942,0.028275551,0.684215255,0.128133233,7,-0.60308819
-54.57944503,0.149808888,0.404022998,0.429094428,7,3.651939403
-68.26994716,0.034105418,0.431488756,0.418813542,8.5,2.002536442
-71.35389016,0.023554356,0.491552192,0.349181513,8.5,1.785906639
-52.63907475,0.607640508,0.742724809,0.071019893,10,-61.15132349
-65.99483935,0.044901274,0.391272995,0.468531016,7,1.783055415
-74.48465627,0.016420908,0.637387917,0.180175762,10,1.091652734
35.15852557,0.97842671,0.589840963,0.281990689,8.5,-36.69222703
-63.03328694,0.063600736,0.37326139,0.488999703,7,1.536411747
5.27064105,0.987462777,0.70491752,0.133001734,8.5,-53.33514369
-27.95070617,0.382695304,0.450174418,0.345431544,10,110.6468626
-64.28254949,0.054507796,0.402247559,0.447749822,10,1.973136899
-53.52379891,0.157025633,0.409178089,0.419611092,10,6.229072655
-56.04161494,0.130910375,0.396544901,0.44243214,8.5,2.966672578
-62.49915551,0.067248083,0.382649142,0.473677847,8.5,1.682679858
29.85463525,0.936070054,0.583710735,0.222384785,10,-20.89623611
-57.26292537,0.118975977,0.387996085,0.458042401,7,1.685530844
-74.41696742,0.016274858,0.598509406,0.226831551,7,1.08760489
-74.88214707,0.021734029,0.674075543,0.138321569,10,0.424915672
18.48242035,0.985379756,0.659639788,0.169019451,10,-51.05331229
-64.37203707,0.054397132,0.379245245,0.48287936,7,1.654292268
0.497028258,0.984767111,0.717137461,0.122262633,8.5,-52.27209625
-69.58602607,0.02919849,0.438301301,0.41311169,7,1.853192286
-65.17178944,0.049106363,0.409051484,0.440297327,10,2.03055477
-54.58801655,0.146655171,0.402416638,0.431994935,8.5,4.499316047
-55.97634059,0.13054173,0.400466766,0.435008434,10,3.313440572
-63.87886361,0.057351802,0.388547356,0.467604567,8.5,1.783209402
-59.52074468,0.094462111,0.375496033,0.481191818,7,1.357035522
-69.8917617,0.028138489,0.443887509,0.407180497,7,1.843310878
-63.37744202,0.405011756,0.732477803,0.078111626,7,-60.87213203
-69.1039074,0.030866956,0.44448486,0.403809604,8.5,1.985513484
-44.677845,0.243182441,0.428586864,0.385170069,10,30.75568625
-74.3460891,0.016412995,0.593949986,0.232130036,7,1.1089637
-24.17273801,0.924587095,0.750357683,0.079178258,10,-44.92705013
-70.5249008,0.026072798,0.456741595,0.391537669,7,1.793325535
-51.68615609,0.176087519,0.414450643,0.410249459,10,9.630597267
-74.00447725,0.017098756,0.591065786,0.234639188,8.5,1.236903365
-61.94130269,0.072148185,0.371181728,0.490736258,7,1.447584332
-66.78212702,0.040629372,0.42497652,0.422571872,10,2.113426371
-52.17966107,0.171682638,0.410001357,0.418607937,8.5,8.55808862
-48.28727069,0.212131886,0.420181,0.400915193,7,18.08508172
-65.55742455,0.047089149,0.400471797,0.454393191,8.5,1.909829009
-58.5502809,0.104630787,0.380022463,0.472384188,7,1.44087348
-73.78250436,0.017565174,0.579202487,0.248014107,8.5,1.29878298
-64.01288667,0.056290308,0.400313212,0.44989792,10,1.975277942
-71.68598,0.022663706,0.484801724,0.358913251,7,1.679059858
-56.87793743,0.123778553,0.391292416,0.45193994,7,1.753939712
-54.17751648,0.154178626,0.405747471,0.426037254,7,4.184670317
-69.57594739,0.029170416,0.452749441,0.39426145,8.5,1.963323843
-59.0615365,0.097720523,0.390673633,0.454089394,10,1.900763862
-61.97038446,0.071908516,0.371204409,0.490744635,7,1.449760103
-73.26226145,0.01869357,0.57010859,0.256855976,10,1.468664118
-41.13681654,0.777160422,0.750312193,0.068907478,10,-49.43233134
-72.22187689,0.021194337,0.531116704,0.301463012,10,1.701297817
-57.69514009,0.112008709,0.394534941,0.446179171,10,2.252674436
-66.45544154,0.042299272,0.421643553,0.426331158,10,2.06943159
-72.23924018,0.021192611,0.501117692,0.340199015,7,1.591460037
-58.51896646,0.10497866,0.380228495,0.471757747,7,1.4368957
-56.18700268,0.128406912,0.400134394,0.436247637,10,3.098358206
-74.6056484,0.016034298,0.629452887,0.190222277,8.5,1.04200093
-64.25012755,0.05516365,0.378511794,0.483533951,7,1.646226523
-74.53909747,0.016130397,0.641080764,0.197821301,10,1.090130213
-55.89525434,0.132466938,0.397066396,0.441512497,8.5,3.104156971
-65.39303139,0.04822571,0.38619067,0.474972315,7,1.741033193
-59.27303461,0.096021578,0.382644506,0.467886911,8.5,1.712653041
-63.81235976,0.057577525,0.399212375,0.450966451,10,1.941060866
-72.56301068,0.154311212,0.715063347,0.094107767,8.5,-22.72611873
-70.80480818,0.025166135,0.47801737,0.365059636,8.5,1.86099294
-66.24159692,0.043316641,0.419060225,0.429200683,10,2.094901048
-59.11786758,0.09713069,0.390504833,0.454556133,10,1.899402802
-61.94856344,0.071287669,0.39109059,0.458654483,10,1.820521675
-68.36043398,0.033749802,0.432942956,0.417352156,8.5,1.988601594
-34.69440431,0.848339693,0.753010114,0.071147671,8.5,-45.60684436
27.5767049,0.831451316,0.533452814,0.256499538,10,77.24640666
-61.4298483,0.075982218,0.380595246,0.474581933,8.5,1.63157946
-73.54824082,0.018058415,0.583158121,0.241901124,10,1.394548806
-72.55812444,0.02038666,0.511621237,0.327912165,7,1.532018814
-58.7541094,0.100856165,0.391373277,0.45254717,10,1.954142933
-68.34317033,0.03374854,0.445652548,0.399091249,10,2.108112547
-65.05088429,0.050203276,0.383671448,0.477856893,7,1.708738556
34.04253209,0.781962293,0.464371917,0.377664676,7,140.3646934
-59.88142508,0.09081868,0.373997833,0.483283444,7,1.360684701
-60.2235311,0.086356506,0.389098001,0.458279605,10,1.807431417
-62.39546764,0.068472107,0.371752395,0.490427407,7,1.480454898
-63.96431942,0.056550923,0.400162155,0.449973702,10,1.949020593
-73.28526779,0.018641421,0.571112508,0.255751847,10,1.462980306
23.29919409,0.978969116,0.636974303,0.187505641,7,-47.0491906
-63.94582879,0.05717131,0.376801436,0.485551562,7,1.631083639
-12.48051722,0.966113767,0.73944029,0.095951754,10,-48.24020348
-65.15039089,0.049549509,0.397018186,0.458040433,8.5,1.896487067
-74.5849469,0.015959998,0.609946312,0.213307378,7,1.034846986
-73.56490167,0.120215387,0.710881616,0.098411094,7,-16.2967556
-67.41332569,0.037686279,0.432746643,0.41356256,10,2.112537205
-71.52140723,0.023050656,0.510231827,0.325564242,10,1.827329625
-72.06901591,0.021590863,0.526224548,0.308371863,10,1.734213792
-66.69643355,0.04116956,0.41170218,0.441549966,8.5,1.963696696
-18.8729364,0.947694227,0.746778604,0.086454291,7,-46.2947708
-56.70277774,0.125500773,0.391614797,0.451451797,7,1.931157801
-75.04477734,0.032306156,0.687377447,0.124596605,8.5,-0.957277861
-56.53796385,0.127130257,0.391998352,0.451227377,7,2.100824139
-60.24768238,0.086146032,0.389154329,0.458342212,10,1.799504501
-72.4824562,0.020537661,0.539851066,0.29147725,10,1.64844432
-69.32859702,0.030051559,0.448414005,0.399281264,8.5,1.967842288
-74.01902733,0.01707798,0.607732742,0.213915746,10,1.262577937
-74.87160423,0.015550356,0.631948566,0.188335683,7,0.931794675
-74.68764365,0.016029705,0.65225375,0.185511976,10,1.03083642
-69.46782665,0.029499804,0.464341234,0.377822872,10,2.053559605
6.585856448,0.639548342,0.488670934,0.292611695,10,218.8822144
-32.19439643,0.348028797,0.442509886,0.359544787,8.5,89.48355563
-56.00176647,0.130436639,0.400793025,0.434527589,10,3.24084802
-72.94153164,0.019460616,0.525464066,0.311743866,7,1.457597826
-59.70363377,0.0912142,0.389194503,0.45720397,10,1.872366997
-71.64790349,0.022768626,0.48375635,0.360394023,7,1.684508107
-68.90569914,0.031607814,0.441218693,0.407581939,8.5,1.992091972
-54.03091279,0.151761188,0.407799443,0.42199776,10,5.434516577
-60.52698873,0.084004589,0.380638398,0.473118462,8.5,1.609219036
-73.23944626,0.01874762,0.569093137,0.257997364,10,1.476996325
-54.54608996,0.149338372,0.402295456,0.432494743,7,3.942268428
-73.17894601,0.018882129,0.566527648,0.261005663,10,1.489648118
-59.36000017,0.09532695,0.382936441,0.467728653,8.5,1.649665317
-66.19506629,0.043538236,0.418668985,0.429615853,10,2.081803953
-71.23109311,0.023935989,0.472992514,0.374063237,7,1.729227362
-61.31074714,0.077459965,0.371171863,0.489973099,7,1.394715949
-58.79621472,0.102041884,0.378950584,0.474373399,7,1.384910885
-58.41039601,0.104427579,0.39232023,0.450599175,10,2.024810669
-60.43008672,0.084873276,0.380670143,0.472598187,8.5,1.611761157
-59.19876684,0.097801649,0.376924519,0.478039932,7,1.364574362
-74.21456868,0.016677916,0.603312478,0.220607194,8.5,1.174544744
-18.91522054,0.947454358,0.746594155,0.085897152,10,-46.17361937
-69.58106434,0.02915581,0.452905987,0.394246677,8.5,1.956859938
-60.09792703,0.088723407,0.373425317,0.484465192,7,1.347705523
-57.12339805,0.118189785,0.396580962,0.442304665,10,2.504069929
-70.02229366,0.02764946,0.461230072,0.384463038,8.5,1.935692877
-68.58298666,0.032938362,0.421885854,0.433048576,7,1.875792806
-62.31364708,0.068369127,0.392122654,0.457861611,10,1.846357842
-63.41919406,0.060259073,0.3969961,0.454026951,10,1.913568476
-58.63847058,0.102053318,0.391670684,0.45189059,10,1.977141291
-59.30710989,0.096675338,0.376428208,0.478960907,7,1.359779258
-74.62625691,0.01588908,0.612911248,0.209988268,7,1.02105009
-75.19477276,0.017400973,0.664061491,0.15125029,7,0.612718258
-63.06765308,0.063017078,0.384651115,0.471602295,8.5,1.721778662
-73.19501301,0.018857766,0.552008744,0.279622206,8.5,1.447619667
-74.76859092,0.017657068,0.660281327,0.154100778,10,0.854729833
-68.30021219,0.033910548,0.445036979,0.399604385,10,2.105694982
-68.13244323,0.03467188,0.429538194,0.421175538,8.5,2.001488594
-60.07018786,0.08772928,0.388923118,0.458248645,10,1.84316336
-69.0774823,0.030975096,0.444184143,0.404385216,8.5,1.972547015
-58.74029361,0.102646411,0.379351105,0.473695487,7,1.373855438
-50.06851143,0.19453895,0.415203029,0.409855575,7,13.12154401
-62.82997746,0.064768911,0.383750736,0.472456671,8.5,1.704140279
-73.04992465,0.019206587,0.529660302,0.306611219,7,1.435315865
-70.27726135,0.026815308,0.466414821,0.378470912,8.5,1.915010082
-54.18967047,0.150895938,0.403860656,0.429444052,8.5,5.039313125
-70.00083241,0.027772939,0.44612106,0.41759698,7,1.828398987
-63.36252657,0.060612978,0.396405759,0.453906326,10,1.94118037
-67.41592998,0.037766248,0.420023788,0.432052423,8.5,1.994081283
-53.95557569,0.15592377,0.405252899,0.427201217,7,4.693357985
-73.6731235,0.017808208,0.556808001,0.274474884,7,1.29266975
-58.29523533,0.5073957,0.73813667,0.07423146,8.5,-64.2123605
-60.97414552,0.080513713,0.371447764,0.488972236,7,1.387977615
-65.58915274,0.35079392,0.72910211,0.080011031,10,-54.8200467
-60.48452409,0.083841199,0.388742676,0.459203315,10,1.835212471
-69.26655606,0.030275498,0.447322116,0.400907078,8.5,1.972221778
-70.87651479,0.024986571,0.464492654,0.382977831,7,1.767978848
-36.286091,0.832931773,0.751772774,0.070218325,7,-46.44479739
-47.56475423,0.216479869,0.420414044,0.400318553,8.5,20.89356013
-70.05831398,0.027531782,0.462044366,0.383553977,8.5,1.923378687
-55.35625961,0.138326305,0.399278305,0.437405073,8.5,3.620157206
-60.78854466,0.082169152,0.371697011,0.488335758,7,1.378488562
-64.60148521,0.052697378,0.393035358,0.462746546,8.5,1.840525818
-44.74714716,0.730027812,0.74897342,0.069350956,8.5,-52.99504162
11.42021371,0.988741915,0.686836845,0.149201793,7,-53.4563101
-65.96698374,0.045028416,0.391081636,0.469490585,7,1.775498765
-60.73759539,0.082083723,0.380526775,0.473586965,8.5,1.606635572
-58.84742714,0.101497423,0.378623954,0.47471038,7,1.387576545
-72.30794329,0.020977236,0.533898383,0.298379752,10,1.688192881
-72.08286705,0.021593843,0.496337814,0.345718934,7,1.612898891
-59.74406256,0.480333419,0.736327093,0.075141157,7,-64.34149146
-50.16144606,0.193908529,0.415544237,0.409284773,7,12.78652515
-63.76948894,0.058086235,0.387669415,0.468515085,8.5,1.806576786
-69.88289235,0.028167929,0.443689286,0.407351211,7,1.846465364
-57.08888517,0.12096218,0.388847914,0.456299106,7,1.797245815
-54.14706897,0.153587424,0.403832766,0.429683564,7,4.499526307
-73.57037818,0.018010491,0.584227932,0.24070772,10,1.388021536
-72.88006861,0.019589882,0.539426256,0.293880612,8.5,1.518589349
-72.33078439,0.020916953,0.534696318,0.29735358,10,1.67954724
-62.51401213,0.067542873,0.371970305,0.490283829,7,1.490419658
-62.94244366,0.064271934,0.372988967,0.489256145,7,1.528428587
-26.63525223,0.910899072,0.751750315,0.077064433,7,-44.74754466
-74.09100717,0.016923373,0.595980662,0.22907343,8.5,1.211675355
-74.10428982,0.016899034,0.59677751,0.228649597,8.5,1.20540872
-69.13233971,0.030727735,0.445291418,0.402607028,8.5,1.950787426
-71.0154602,0.024500416,0.497127714,0.340387491,10,1.898872062
-74.99171513,0.017447496,0.662670266,0.152854807,8.5,0.747926661
-57.00964633,0.12032916,0.392650694,0.4492869,8.5,2.228619062
-60.25426512,0.086075596,0.389145982,0.458342922,10,1.798836285
-62.37277558,0.068646078,0.371721402,0.490489904,7,1.477465741
-8.385082123,0.974144427,0.733348141,0.103229784,10,-49.65057051
-55.31978505,0.138149386,0.403960133,0.428555869,10,3.7729371
-66.8372879,0.04045914,0.413182315,0.439888673,8.5,1.976661442
-54.08675046,0.15198671,0.40422362,0.428803616,8.5,5.187127901
-56.95824895,0.120007478,0.397247554,0.441095339,10,2.584985357
-55.01411212,0.144200874,0.400101636,0.436280619,7,3.386800801
-64.53438711,0.053345283,0.380180066,0.490977711,7,1.689661969
33.73108717,0.984028958,0.60375038,0.272198102,10,-39.75757178
-55.7302642,0.134250116,0.397728122,0.440337275,8.5,3.256373364
-74.63072919,0.016616527,0.648373734,0.1675087,10,1.007047637
-64.65244525,0.052388852,0.393359332,0.462168235,8.5,1.84757601
-65.28560306,0.048627422,0.398177652,0.456983721,8.5,1.892036501
-59.26182197,0.097128192,0.376648504,0.478599214,7,1.356831501
-57.00934426,0.119389617,0.396897866,0.441743629,10,2.577554762
-65.7469655,0.046045543,0.402153034,0.452487538,8.5,1.921761586
-58.33622759,0.105719545,0.385841204,0.461703541,8.5,1.881689996
-61.80544932,0.073298689,0.371138025,0.490262198,7,1.433559248
-63.88113342,0.057100705,0.399365604,0.450835513,10,1.977543042
-63.59574194,0.059570106,0.375322741,0.487146865,7,1.586894352
-74.6360808,0.015872327,0.613626106,0.209196189,7,1.017693318
-56.85984189,0.120874462,0.397085697,0.441230492,10,2.704116813
-59.03127643,0.491833197,0.736826616,0.074337878,10,-63.56330107
-61.11295466,0.078251525,0.389322051,0.45966511,10,1.811044314
-53.23409108,0.160917011,0.407042459,0.423837454,8.5,6.541962908
-37.09032368,0.308157759,0.436369751,0.370978318,8.5,64.66549896
-46.63853938,0.703671573,0.747593554,0.069682983,7,-55.18886276
-75.02821372,0.015651478,0.645831895,0.171897214,7,0.849110554
-63.1879051,0.06214726,0.38514722,0.471115915,8.5,1.731009164
-64.23372998,0.055263369,0.37846803,0.483672914,7,1.639759064
-69.56409118,0.029269911,0.437856203,0.414306528,7,1.859026363
-61.93683321,0.071742941,0.381359745,0.47432987,8.5,1.643919237
-73.31896892,0.018578368,0.557283417,0.27359232,8.5,1.420310372
-5.649118978,0.978220296,0.728720882,0.108532222,10,-50.53732317
-71.20919129,0.023977504,0.487745884,0.353867079,8.5,1.815498711
-62.49749926,0.067609964,0.371823711,0.490441682,7,1.496274765
-62.65719423,0.066094847,0.383082637,0.473204189,8.5,1.70421957
-30.12755158,0.887123179,0.753040001,0.074006116,8.5,-44.59633954
-21.9350399,0.935319383,0.749688808,0.082403377,8.5,-45.39186804
-74.60500687,0.015925017,0.611377256,0.213317211,7,1.028355487
-70.99201918,0.024604421,0.48250848,0.359633858,8.5,1.832054424
-42.73952963,0.262527586,0.43005093,0.383113443,7,38.4585017
-73.18680299,0.018890386,0.535164031,0.300382896,7,1.405946966
-59.02770779,0.098591755,0.383965685,0.465534974,8.5,1.662422552
-57.31185306,0.116056357,0.395646099,0.443866197,10,2.441013707
27.80271764,0.962491731,0.608055481,0.208262858,8.5,-37.28715055
-75.19050568,0.017268407,0.66334384,0.151749073,7,0.636003221
-73.44204841,0.018292713,0.57816942,0.24761967,10,1.422319624
-57.47767303,0.1151784,0.390126471,0.45403197,8.5,2.090696566
-25.56945233,0.916913857,0.751018731,0.077672205,10,-44.69100434
-64.71362089,0.05224239,0.381378842,0.480486325,7,1.679813229
-55.01640078,0.566463082,0.740547655,0.072015607,10,-62.8745707
-70.17662831,0.027191045,0.449436483,0.400711278,7,1.826691596
-72.46570804,0.020616183,0.508500463,0.331556509,7,1.548572274
-74.5398517,0.016111941,0.624689387,0.196127391,8.5,1.067061501
-65.20930771,0.049284952,0.384818788,0.476440638,7,1.723101622
-74.82826477,0.01887235,0.666397919,0.147319775,10,0.724749371
24.07379623,0.785221374,0.517922177,0.270064421,7,128.4241216
-10.30791334,0.970770349,0.758667754,0.113559667,10,-46.77697663
-55.10978541,0.119900798,0.336950215,0.571686372,8.5,10.98411685
-51.66172726,0.179360613,0.412212072,0.415005256,7,9.054584531
-72.27468359,0.021077085,0.51820133,0.318844852,8.5,1.639517796
30.79536996,0.919705272,0.570433598,0.233758183,8.5,-8.863176656
-17.12638524,0.953547964,0.746435722,0.089303885,10,-46.61234753
-67.33725656,0.038161151,0.419101845,0.433125414,8.5,1.988081226
-17.0178695,0.466219712,0.462159734,0.325303945,10,165.3867878
-64.08445182,0.055993536,0.389708366,0.466360232,8.5,1.801742678
-72.86967459,0.019631204,0.522750258,0.314699442,7,1.472407255
-64.08157016,0.056017356,0.389685812,0.466403284,8.5,1.80247462
-63.90894258,0.057444966,0.376804106,0.485620563,7,1.610652666
-69.5763187,0.029168801,0.452755707,0.394357855,8.5,1.963386744
-54.07965918,0.15206179,0.404248471,0.428759775,8.5,5.197439204
-75.05768859,0.020127895,0.672037016,0.142016201,8.5,0.452235363
-71.63529793,0.022775028,0.499015137,0.340853251,8.5,1.753606011
-58.33820204,0.105149075,0.392402655,0.450319357,10,2.058760048
-59.52222438,0.093627131,0.382395386,0.468895298,8.5,1.640878399
30.06661375,0.93986955,0.584930564,0.224019942,8.5,-23.15582179
-71.35357146,0.023527768,0.505727488,0.330519768,10,1.852097511
-32.60956937,0.867210383,0.752567524,0.071804509,10,-44.89763241
-28.22111773,0.900613169,0.752676433,0.075607852,8.5,-44.52297169
-72.84962718,0.01966227,0.538271598,0.295213453,8.5,1.525142069
-23.89219907,0.925931031,0.750956024,0.080088926,8.5,-44.92153825
-70.89122266,0.02487359,0.494074869,0.343963116,10,1.919433325
-53.96115348,0.155394169,0.40419805,0.429284661,7,4.825900241
-1.845833059,0.982608077,0.722201961,0.117182338,8.5,-51.61836904
-70.30823503,0.026763852,0.452197208,0.396877038,7,1.809411242
-63.47575705,0.059869273,0.397292258,0.452975689,10,1.91650878
-35.6403652,0.839418362,0.752458137,0.070711053,7,-46.13084168
-67.88814896,0.035700218,0.426152153,0.424968028,8.5,2.001464115
-60.29026069,0.085739047,0.389135254,0.45842242,10,1.797598549
-58.00405664,0.514310087,0.737552185,0.073770101,7,-64.21340431
-8.329627734,0.53026581,0.471472306,0.312047945,10,199.6941689
-69.55917933,0.029200984,0.465933961,0.375989186,10,2.057378697
-65.15097409,0.049232379,0.408904641,0.440575376,10,2.026359051
-60.64106296,0.083535184,0.371975941,0.487628073,7,1.37124404
-57.92340794,0.109415476,0.393355694,0.448234998,10,2.21932944
-52.63381388,0.608609966,0.743219228,0.071367733,8.5,-61.52553571
-63.51595388,0.059844358,0.386565624,0.469827975,8.5,1.766786896
-63.2774326,0.06124723,0.396256759,0.453985537,10,1.901141066
-75.23051327,0.030813781,0.687359706,0.126172666,7,-0.914929498
-62.40774391,0.067637513,0.392512545,0.457540311,10,1.842828437
-29.23994707,0.893724437,0.752576196,0.074750269,7,-44.67971607
-64.53857872,0.053321128,0.380221358,0.481415468,7,1.668721448
-71.0314764,0.024456288,0.497503929,0.339969924,10,1.898650534
-60.83137583,0.080731506,0.389214268,0.459299934,10,1.78592183
-60.85859962,0.081007567,0.380536275,0.473720176,8.5,1.602546311
-13.86543291,0.48841974,0.463517169,0.323946568,8.5,180.6935487
-60.26599231,0.085953832,0.389108456,0.458450419,10,1.802287923
-63.04764404,0.063144424,0.384274836,0.471933069,8.5,1.753541226
-64.16627573,0.055458993,0.390224671,0.465803953,8.5,1.805333361
-58.73047861,0.101691463,0.385024033,0.463466584,8.5,1.70460624
-74.1964412,0.016754869,0.618313367,0.201805248,10,1.201221159
-52.6414167,0.608917685,0.743411331,0.071413745,8.5,-61.27311715
-60.13633669,0.088251609,0.373332464,0.491377812,7,1.391247035
-56.3282794,0.126850024,0.399530985,0.436850975,10,2.993811314
2.677883283,0.986000401,0.711026788,0.126282879,10,-52.84027627
-60.82641426,0.081228612,0.380388823,0.473808255,8.5,1.614652641
20.96442838,0.982671057,0.648521927,0.177692525,10,-48.94759046
-56.65620957,0.125765393,0.391201113,0.452350439,7,2.040717638
-65.2569076,0.048616553,0.409807775,0.439510603,10,2.032023286
-64.96076932,0.050343062,0.407318145,0.442230475,10,2.016737768
-50.9595889,0.183987597,0.413371423,0.412708407,8.5,11.23689787
-57.78789456,0.110860343,0.393802055,0.447372174,10,2.266689505
-71.14007627,0.024211037,0.470657667,0.375480564,7,1.747706765
-75.05481905,0.030481385,0.685850234,0.126226679,8.5,-0.744483496
-74.56579754,0.067019291,0.70154596,0.108863742,8.5,-6.18717104
-74.68901779,0.049091513,0.695133248,0.114681671,10,-3.135743823
-74.95154154,0.016898747,0.658559516,0.157314532,8.5,0.805781298
-68.96253114,0.0314687,0.427714728,0.426186752,7,1.874714982
-70.50160954,0.026101527,0.471198459,0.372941714,8.5,1.89387399
-36.13976255,0.834326888,0.752486236,0.07059472,7,-46.2991667
-8.664267329,0.973733697,0.733507015,0.102513468,10,-49.58464765
-64.69272708,0.052142596,0.393661192,0.462032678,8.5,1.849001034
-74.23613743,0.016633424,0.587161264,0.241300077,7,1.141106101
-56.93406029,0.53307165,0.739639749,0.073512961,8.5,-64.03814168
-62.51833257,0.067498837,0.371998067,0.490933505,7,1.490502344
-40.68503469,0.278358453,0.434367884,0.374630476,10,47.27552374
-68.82620587,0.031909849,0.43994099,0.409057416,8.5,1.994276424
22.82441486,0.981003124,0.640681737,0.18589048,8.5,-47.85343895
-11.92632656,0.967286595,0.739521382,0.097596444,8.5,-48.52655462
-63.77075032,0.057833515,0.398740008,0.45146753,10,1.964320365
-56.20394927,0.130817043,0.393657621,0.447953576,7,2.34299754
-67.99935142,0.035332669,0.413661414,0.442646006,7,1.868674831
-56.97435444,0.119820612,0.397156277,0.441305647,10,2.581223575
-55.05057102,0.143621143,0.39950653,0.43739192,7,3.400704076
-60.0603765,0.087918031,0.389260916,0.457882267,10,1.80638126
-42.98775042,0.258069148,0.428401797,0.385816764,8.5,37.82798701
-64.84819696,0.05143997,0.382232105,0.47907135,7,1.695187545
-73.52061754,0.018119384,0.581847461,0.243430437,10,1.401392359
-74.62014123,0.054003261,0.696902146,0.112712354,10,-3.877313622
-64.94089996,0.05087064,0.382873882,0.478752033,7,1.702453576
-72.62249238,0.020227958,0.513839543,0.324719384,7,1.520297229
-50.94407779,0.184139477,0.413407751,0.412654361,8.5,11.27461156
-70.69482171,0.025447767,0.48952477,0.349125347,10,1.937150713
-70.8744212,0.024993811,0.464434909,0.383220336,7,1.769074696
-63.90854127,0.057453195,0.376779293,0.48523635,7,1.612283833
-35.61683104,0.321224048,0.441204865,0.361868724,10,71.14175711
-1.097952928,0.983448981,0.720798049,0.119121263,7,-51.82118815
-61.51141145,0.075182698,0.380715134,0.475106562,8.5,1.620913027
-65.90776934,0.045176401,0.403630692,0.450968844,8.5,1.931825346
-59.26923642,0.096214739,0.383114005,0.467513238,8.5,1.669590782
-21.48435923,0.937382655,0.748179243,0.082579752,7,-45.64683509
-56.35942388,0.126349748,0.399009623,0.43774123,10,3.022489551
-62.82136093,0.064524111,0.393829713,0.456354815,10,1.906927919
-57.42023369,0.117141659,0.386627542,0.46040605,7,1.695918717
-70.08133738,0.027454163,0.462406246,0.383210662,8.5,1.931402893
-58.11288529,0.107538001,0.39312441,0.448915993,10,2.116638291
25.68549514,0.970627705,0.621839257,0.196446752,10,-42.62704377
-74.89177405,0.028526282,0.68319997,0.128082242,10,-0.343167646
-64.00324304,0.05677728,0.377246718,0.493917337,7,1.64139484
0.865255879,0.984875586,0.715473215,0.122803449,7,-52.41591453
-63.39208072,0.060440008,0.396850178,0.453386758,10,1.909037052
-58.14950617,0.10902497,0.382343876,0.468173051,7,1.496292403
-74.692666,0.015777493,0.61780954,0.204237025,7,0.998519515
-54.82178111,0.143286008,0.405138122,0.426718999,10,4.406619679
-55.5272966,0.136458708,0.398574079,0.438831077,8.5,3.450025727
-69.67492925,0.028776681,0.468159893,0.373448195,10,2.042773798
-73.21806003,0.018805277,0.552978244,0.278507024,8.5,1.442191246
-73.67522622,0.017777413,0.589326877,0.23497153,10,1.364740059
-74.6688169,0.015977033,0.634189744,0.185491989,8.5,1.016465477
-53.63766598,0.155874384,0.408923013,0.419945917,10,6.033689845
0.330499728,0.593103418,0.479868727,0.303036223,7,219.8014445
4.573408452,0.987127827,0.706562083,0.131487038,7,-53.1562549
-11.60595467,0.50574368,0.465990143,0.320505349,7,189.6555824
-69.47398164,0.029587644,0.436335302,0.415962359,7,1.85581063
5.350485518,0.987370438,0.704674639,0.133226149,8.5,-53.32254265
-34.24047443,0.331602366,0.440070053,0.36411879,8.5,78.93339555
-60.49266415,0.083811546,0.388977635,0.459069648,10,1.806921219
-68.74183455,0.032322725,0.424329474,0.429744354,7,1.871070112
-70.36190702,0.026523647,0.481993364,0.357656721,10,1.987328527
-70.26863342,0.02680029,0.48009004,0.359809958,10,1.987053049
-56.97869545,0.120635929,0.392376218,0.449933745,8.5,2.329426296
-50.27847734,0.190545642,0.414693683,0.410330602,8.5,12.97428929
-69.3852725,0.029844469,0.449326268,0.398216607,8.5,1.973349388
-48.84831611,0.206972451,0.419266998,0.402529874,7,16.3519605
-48.7932117,0.208572678,0.421326725,0.398758438,7,16.21267696
-57.11682037,0.119121845,0.391750295,0.451069745,8.5,2.25697911
-63.03609474,0.411130021,0.733161334,0.077755623,8.5,-60.86242661
-72.86622785,0.019641279,0.522589147,0.315482119,7,1.475941402
-21.43610718,0.937401302,0.748667194,0.082555469,10,-45.37283798
-59.77796051,0.091185093,0.381895973,0.469952204,8.5,1.619506675
-51.94461788,0.173489979,0.413846704,0.411391992,10,9.085061933
-71.51411187,0.023134587,0.480269964,0.363824416,7,1.692620863
-68.31515745,0.034022889,0.417985029,0.437044471,7,1.87543158
-70.28547868,0.026842786,0.451565826,0.398201628,7,1.825984019
-70.40763462,0.026356835,0.483050526,0.356480399,10,1.975066846
-66.85550588,0.040365725,0.413385171,0.439755527,8.5,1.977441024
-65.93927032,0.045171372,0.390798424,0.46956036,7,1.776443523
-61.9717686,0.07190989,0.371238878,0.490644125,7,1.446974131
-71.30844437,0.023684176,0.490340195,0.350816294,8.5,1.795695986
-57.29316853,0.118648959,0.387672988,0.458538682,7,1.704565074
-59.03437555,0.099472349,0.377575594,0.476878463,7,1.386605029
-57.30079067,0.117108916,0.390919807,0.452581697,8.5,2.16811364
-26.96467262,0.389819436,0.450522344,0.344619882,10,116.1024353
-72.41564015,0.020741467,0.506843251,0.333431143,7,1.557194743
-58.92349253,0.098959937,0.39102501,0.461256825,10,1.986174532
-74.86113848,0.015558749,0.631080197,0.188886663,7,0.93597222
-66.53655106,0.042100022,0.396516856,0.462766866,7,1.812267393
-58.34454724,0.106933864,0.381440282,0.46976517,7,1.434331942
-39.4093593,0.798639291,0.751447723,0.069637086,7,-48.404208
-47.12761512,0.220122876,0.42354671,0.394161528,10,22.20992946
-54.16196147,0.151189799,0.403958784,0.429270943,8.5,5.078773858
-66.95001764,0.039829182,0.426953213,0.420342501,10,2.115392385
-63.25860529,0.061371386,0.396115504,0.454102283,10,1.904933501
-53.44598182,0.161521084,0.407601225,0.423047816,7,5.438271991
21.43723181,0.982535766,0.647133875,0.180471882,8.5,-49.02013645
-32.94689592,0.864512213,0.752823384,0.072089878,7,-45.19973088
-32.16536761,0.870966989,0.753363969,0.072640023,8.5,-44.88221765
-57.14463203,0.120223082,0.388231939,0.457634779,7,1.80922152
-66.82953106,0.040496852,0.413096099,0.440076271,8.5,1.97639033
-38.7093067,0.254974356,0.36453017,0.519048937,10,72.54232309
-62.04632687,0.071245103,0.371279813,0.490687156,7,1.450246953
-67.58879354,0.036996845,0.422208112,0.429511718,8.5,1.997558734
-62.62431372,0.066320508,0.383057713,0.473080078,8.5,1.689713213
-69.3875508,0.029839529,0.449447526,0.397824026,8.5,1.965091184
-72.7160583,0.020000597,0.517140836,0.321389068,7,1.502533705
-56.36607144,0.127308534,0.394981775,0.445065579,8.5,2.731500583
-57.64957798,0.1124983,0.394692039,0.445877833,10,2.270068361
-61.43857148,0.075827413,0.380391997,0.474581437,8.5,1.649108226
-1.861486519,0.982593687,0.721548025,0.116407258,10,-51.69640325
-62.08093161,0.070191103,0.3914589,0.458407178,10,1.824251208
-43.38337713,0.74904037,0.749372244,0.069262611,7,-51.75290128
-12.25390783,0.966652182,0.739344858,0.09688625,7,-48.35326181
-71.78137383,0.02239896,0.487483209,0.355991511,7,1.66331669
-68.72144244,0.032410932,0.424132584,0.430273141,7,1.860991079
30.88007311,0.900753063,0.559555863,0.241063004,8.5,6.403252566
-71.31587833,0.023669619,0.490470176,0.351810207,8.5,1.80092016
-74.19458602,0.016718922,0.60210016,0.221987481,8.5,1.180673817
-74.03138492,0.017046413,0.592591181,0.233458512,8.5,1.22778889
-61.47110132,0.075630833,0.38072759,0.474457861,8.5,1.620648425
-72.00259883,0.02176011,0.524207577,0.309379353,10,1.742440549
-38.37639571,0.298114316,0.437656743,0.368872999,10,57.82256614
-61.56217553,0.074856726,0.380818589,0.474478879,8.5,1.62453888
-73.83133272,0.017459362,0.581724408,0.245387051,8.5,1.285645237
-74.71034148,0.058401713,0.699054552,0.111391123,8.5,-4.759029009
-63.40199499,0.06093796,0.374541946,0.487720769,7,1.569085324
-58.21924183,0.106351707,0.392609421,0.44971613,10,2.106777479
-48.82966609,0.203359876,0.420221468,0.405825096,10,17.18211188
-61.01375886,0.080117464,0.371380869,0.489025767,7,1.386529632
-62.73993373,0.065780518,0.372518337,0.489879148,7,1.502541546
-61.27301266,0.076852879,0.389453127,0.459539987,10,1.822489386
-69.54177831,0.029294273,0.452119153,0.395017828,8.5,1.966107017
-71.383969,0.023506366,0.476779799,0.3684633,7,1.717616855
-69.15614107,0.030641479,0.458724,0.384234234,10,2.081214711
-74.90278514,0.015533094,0.634584266,0.18499097,7,0.917810482
-73.41749758,0.01837191,0.544953657,0.288972386,7,1.357419765
-56.20244798,0.128226667,0.400013295,0.43610445,10,3.088834409
-64.15384939,0.055320221,0.401369766,0.448756194,10,1.964860962
-65.65949868,0.04652424,0.401368811,0.453377114,8.5,1.916313023
-49.24404001,0.202853908,0.417780765,0.405115682,7,15.28574284
-42.1372475,0.265799039,0.43246546,0.378154216,10,40.93436878
-68.22634594,0.034388409,0.416802174,0.438539124,7,1.86850086
-57.28824502,0.118605759,0.387372739,0.459171455,7,1.751055465
-61.97016109,0.071927582,0.371229789,0.490590146,7,1.447903895
-52.25371813,0.170342162,0.413059507,0.412695561,10,8.45226335
-46.44181876,0.227598261,0.423670504,0.394293311,8.5,24.46736439
-55.38846278,0.560224276,0.740287996,0.072223514,10,-62.76955037
-74.71229022,0.017016187,0.655095745,0.160009469,10,0.937687222
-68.8321917,0.031852265,0.440419315,0.408480557,8.5,1.95488163
-68.7976343,0.032103742,0.425119694,0.42926614,7,1.877119323
-74.67599502,0.016781088,0.6520219,0.163547798,10,0.973090773
-73.32864442,0.01855739,0.557732284,0.273211872,8.5,1.415566066
-60.16771643,0.086805809,0.38887889,0.45843301,10,1.836457528
14.84710381,0.703031376,0.499520902,0.284186531,7,196.9135331
-44.78943061,0.244411471,0.426807014,0.389021704,7,30.24456092
-69.57880837,0.246365647,0.722383741,0.086014065,10,-39.74253835
-65.57047979,0.047021294,0.400534896,0.45433281,8.5,1.916309412
-61.24821763,0.07797605,0.371166804,0.48966282,7,1.391315115
-38.97002675,0.294702748,0.435257216,0.373462834,7,55.286375
-52.09849587,0.171115603,0.412749147,0.419307745,10,9.031244545
-57.84720197,0.112555095,0.384796588,0.46375705,7,1.47544643
-61.72170442,0.07344997,0.380946016,0.482790377,8.5,1.678034693
-70.42951354,0.026373234,0.454686538,0.394364643,7,1.803462706
-72.29698097,0.021004426,0.533539457,0.298686134,10,1.689989761
-62.3701805,0.068281587,0.382323225,0.473688154,8.5,1.671621224
-72.91403926,0.019526465,0.52441689,0.312925191,7,1.463489133
-73.6255986,0.017890971,0.586919433,0.237630622,10,1.372915643
-58.89578387,0.09937219,0.391029766,0.453223779,10,1.92261394
-60.21771646,0.086339686,0.388848886,0.458613528,10,1.836675345
3.004434151,0.986279974,0.711088722,0.127958367,8.5,-52.79691039
-54.13241501,0.150624214,0.407343996,0.4228094,10,5.309025944
-74.7983644,0.040104011,0.691125967,0.119108498,10,-1.848700465
25.4500004,0.97306977,0.624341133,0.196720496,7,-43.39349061
-70.01911555,0.027615434,0.474926971,0.365740536,10,2.011091945
-69.36142298,0.029999479,0.434275932,0.418501739,7,1.869384388
-64.58098352,0.053059554,0.38045633,0.481338813,7,1.675746756
-68.27703638,0.034171203,0.417476505,0.438146183,7,1.872420763
-57.629172,0.114915866,0.385734706,0.462099142,7,1.587277773
-63.65025823,0.058666873,0.398275756,0.452723628,10,1.929428413
-74.12310881,0.016858265,0.597848666,0.226840029,8.5,1.202171613
-44.42133828,0.244969228,0.428160834,0.385863666,10,31.86293819
-65.95473831,0.045101264,0.390924139,0.469394373,7,1.779201163
-60.33349531,0.085794957,0.380839944,0.472506855,8.5,1.609145819
-55.15096886,0.142631049,0.399315796,0.437817098,7,3.256492791
-47.8834263,0.213457233,0.422929537,0.395260452,10,19.66380913
-60.05082925,0.087985784,0.389201943,0.457891138,10,1.813344344
-63.4156858,0.060519286,0.385872006,0.470216115,8.5,1.781120949
-60.01886328,0.088716443,0.381357111,0.471150347,8.5,1.599019258
-58.79508534,0.100435415,0.391277973,0.452743545,10,1.945354893
-66.0727673,0.044304712,0.405202383,0.449043182,8.5,1.941012798
-56.19873555,0.131221942,0.394561431,0.446188341,7,2.238780695
-67.08081013,0.039303158,0.415975125,0.436681693,8.5,1.984998738
-43.81855435,0.253040395,0.428367769,0.386240996,7,34.05619235
-56.41029722,0.126793309,0.394730691,0.445696311,8.5,2.708844591
-63.68271748,0.058424841,0.39845804,0.451779279,10,1.928885076
-61.81079607,0.072294583,0.390464342,0.459276994,10,1.841123685
-74.89349544,0.023725969,0.677461674,0.134452798,10,0.201324049
-63.84563849,0.057333578,0.39921102,0.450809741,10,1.966692759
-65.50224293,0.047594471,0.387088612,0.473904512,7,1.745806757
-70.46218535,0.223781963,0.721279507,0.08791111,8.5,-36.14147373
-58.06786268,0.108791228,0.387560743,0.458772804,8.5,1.884225194
-74.5476459,0.016439999,0.641978974,0.174867572,10,1.060132096
-66.19042239,0.043842272,0.39309606,0.466872981,7,1.793762152
-68.54804265,0.032990043,0.43563054,0.414075711,8.5,1.997864959
12.48900301,0.988669612,0.683268695,0.152162508,7,-53.31698268
-60.73890446,0.08261936,0.371757041,0.488138516,7,1.378675064
-75.15120349,0.016611143,0.658747171,0.156891716,7,0.702825308
-69.18681614,0.030632425,0.431370769,0.421887716,7,1.870058546
-66.32052849,0.043171115,0.394337395,0.46543895,7,1.802292448
-64.57835109,0.052848648,0.392642935,0.462962293,8.5,1.864556899
-72.68989935,0.15018484,0.715027849,0.094799588,8.5,-21.84354581
-71.02760951,0.0244694,0.497388109,0.34009552,10,1.901364254
-64.71239702,0.052021867,0.393801609,0.4619546,8.5,1.850497319
-60.94195605,0.080259381,0.380521641,0.473938577,8.5,1.604327995
-74.14359904,0.016848418,0.615091802,0.205566779,10,1.218620557
-71.47207611,0.023251607,0.479107599,0.366919714,7,1.703171983
-57.37516789,0.11777857,0.387277995,0.459357647,7,1.669962619
-74.28674239,0.016541275,0.590254085,0.236441155,7,1.125673056
-53.77919798,0.15442257,0.408581102,0.420626572,10,5.806627794
-67.93563415,0.03541956,0.439748478,0.405823714,10,2.113159022
-59.56600292,0.093988266,0.375229653,0.481181803,7,1.360616948
-72.28902466,0.021062265,0.502737067,0.338108273,7,1.57936312
-60.55090724,0.084374435,0.372236981,0.487665651,7,1.362225794
-71.39051528,0.02348999,0.47692554,0.368343038,7,1.718829008
-74.78953567,0.015643582,0.625293004,0.195437999,7,0.962835751
-67.92280847,0.035552339,0.426621804,0.424426616,8.5,2.001774862
-57.5747264,0.114121525,0.389694002,0.454825372,8.5,2.051487162
-74.70152264,0.016968318,0.654212843,0.160908181,10,0.945020152
-74.53385974,0.01611544,0.624258769,0.196518066,8.5,1.069686817
-72.81960471,0.019725882,0.552033445,0.277762704,10,1.581350885
-54.92895854,0.142998697,0.401124749,0.434281589,8.5,4.078112928
-57.45752805,0.116841119,0.386745882,0.460205982,7,1.643784265
-66.24172147,0.043586598,0.393571805,0.466295373,7,1.798428064
27.91523869,0.959985569,0.605598826,0.2091068,7,-35.44397193
-56.86978263,0.121530737,0.39206207,0.450319442,8.5,2.484409232
-69.92201787,0.027911182,0.473060669,0.367816401,10,2.010855682
-58.51443511,0.104007125,0.385666106,0.462369565,8.5,1.785878115
-61.10394109,0.079308724,0.371342883,0.489803568,7,1.387175103
30.33076032,0.92115091,0.573460036,0.229192989,10,-10.4606449
-63.47889956,0.060385585,0.374896261,0.48764202,7,1.570623545
-69.89573913,0.028125235,0.443967952,0.407126828,7,1.842666358
-75.10523253,0.041690511,0.692701747,0.118241296,7,-2.365004613
-73.90439198,0.017306013,0.585589581,0.240938992,8.5,1.265344205
-65.73127519,0.046158434,0.402005903,0.452688652,8.5,1.922514808
-71.5567997,0.022992303,0.496857083,0.343373784,8.5,1.765763444
-75.06765568,0.021050559,0.674100166,0.139555409,8.5,0.355524536
-61.62478033,0.074311088,0.380827254,0.474561615,8.5,1.63373809
-69.2193859,0.030510762,0.431947744,0.421217285,7,1.866150554
-74.08154475,0.093237744,0.708100914,0.103152439,8.5,-10.76473224
-72.25054404,0.02112053,0.532036848,0.300347626,10,1.696906972
-63.07153472,0.06334524,0.373426088,0.489084745,7,1.537804963
-71.70882297,0.022540674,0.515468743,0.319467246,10,1.79788318
-50.2236945,0.648365226,0.745335659,0.070553872,8.5,-58.95835756
-59.22143698,0.096025245,0.390098477,0.45502182,10,1.905325336
-72.63162992,0.020173954,0.545129561,0.285421293,10,1.616577767
-65.30630471,0.048715059,0.38553997,0.475360004,7,1.731250783
-61.63193435,0.07472511,0.37104705,0.490373031,7,1.423826916
-73.70780851,0.017735625,0.558467499,0.273248807,7,1.286302263
-56.35400964,0.127630198,0.395698596,0.443820527,8.5,2.640330186
7.809770896,0.988301065,0.697879466,0.139576755,7,-53.74140414
-56.19268752,0.130943095,0.393719343,0.447848039,7,2.351200327
-62.39957307,0.067636987,0.392231785,0.45784623,10,1.870146475
-73.14977902,0.018979348,0.533615414,0.302116965,7,1.417131297
-56.11373295,0.13002139,0.395973028,0.443364403,8.5,2.938460506
-37.55362445,0.819489394,0.752017547,0.070054399,7,-47.16576987
-57.65669608,0.113150567,0.389151237,0.4562321,8.5,2.045375009
-55.00782148,0.142030199,0.400530202,0.435261576,8.5,4.020989341
-56.72991319,0.125099682,0.391200537,0.452231785,7,1.948013785
-59.42531523,0.095419584,0.375833913,0.480022144,7,1.36038457
-70.90263367,0.02483928,0.494347917,0.343533481,10,1.91799127
-66.83190772,0.040485065,0.413121994,0.439957888,8.5,1.976462305
-67.40909911,0.037850916,0.420311002,0.431443108,8.5,1.956680313
-59.8488624,0.090491999,0.381745414,0.47029017,8.5,1.615812777
-73.19815975,0.018850956,0.552120375,0.279609706,8.5,1.448768648
-66.24696198,0.043409297,0.406925922,0.447356218,8.5,1.950160389
-62.19975166,0.069601431,0.381667781,0.474089111,8.5,1.686032578
-72.32184655,0.020978558,0.503789893,0.336998983,7,1.573598259
-58.62884167,0.102150478,0.3916938,0.451924113,10,1.980230348
-69.92705438,0.027967413,0.459358879,0.386731105,8.5,1.942522133
-58.49517717,0.105073907,0.380312693,0.477428025,7,1.502962551
-75.00387134,0.017828619,0.664304502,0.150712815,8.5,0.699394921
-61.60369795,0.074506035,0.380865318,0.474481017,8.5,1.626428433
19.42040317,0.984670065,0.655588645,0.172993608,7,-50.29196793
-64.51686276,0.053026118,0.403926217,0.445930116,10,1.98588055
-59.8923231,0.089980981,0.381618548,0.470486531,8.5,1.605743152
-64.1402526,0.385180967,0.732264911,0.078935244,10,-58.40170436
-61.01909611,0.079113824,0.389348867,0.459446624,10,1.795771753
0.481561342,0.594705283,0.481543317,0.300026031,10,218.5362484
-51.59661849,0.177633319,0.411748957,0.415562749,8.5,9.76987737
-67.0181562,0.039500924,0.427910783,0.419314277,10,2.100042664
-58.94779224,0.098869405,0.390909495,0.453551877,10,1.919785572
-41.00796834,0.778880782,0.750413828,0.068910474,10,-49.29729902
-51.78894496,0.175036258,0.414248809,0.411047415,10,9.415530392
-58.18867472,0.108574913,0.382035935,0.468523441,7,1.496274857
-56.13945423,0.131555137,0.394025731,0.447111137,7,2.38557013
-64.38045666,0.054086521,0.391547617,0.464436901,8.5,1.824889163
-74.42801199,0.016281807,0.617008719,0.205434465,8.5,1.102133796
-71.84773504,0.022169785,0.519543961,0.314692514,10,1.770272701
-4.817214459,0.979304477,0.727146103,0.110154843,10,-50.81135588
-71.78229403,0.022344966,0.517625672,0.317216026,10,1.781582765
-72.57591744,0.020307725,0.543131338,0.287724534,10,1.628795985
-58.06273754,0.108846239,0.387582264,0.458732708,8.5,1.885700507
-50.36254457,0.189873921,0.414805121,0.410182407,8.5,12.71463796
-60.33422371,0.085761823,0.38089389,0.472286416,8.5,1.596372658
-61.18978063,0.45004104,0.73515757,0.076229901,8.5,-63.00298173
-58.75196634,0.100883982,0.391390773,0.452517684,10,1.953433768
-63.21265358,0.061941958,0.385158666,0.471116926,8.5,1.741904095
-67.02175095,0.0394699,0.427863854,0.419260489,10,2.109852978
-57.55774548,0.11568872,0.386166607,0.461272505,7,1.600722046
-59.06192152,0.097666538,0.390656306,0.454065835,10,1.894417333
-44.84456236,0.728288476,0.748839068,0.069456481,8.5,-53.01135854
-64.35799173,0.054019257,0.402790984,0.447155193,10,1.975208695
-68.63991173,0.032640541,0.437158712,0.412490906,8.5,1.984365872
-59.90488404,0.090621726,0.374037355,0.48342933,7,1.350610837
-64.52248981,0.053195549,0.392296874,0.463486228,8.5,1.856830876
-68.55287345,0.033052702,0.42142075,0.433873899,7,1.877496459
-56.18190633,0.12960144,0.396509186,0.44236749,8.5,2.779643157
11.79646217,0.989140599,0.687801343,0.15177924,8.5,-53.36392305
-73.70391523,0.017733426,0.575235314,0.25258379,8.5,1.319874217
-66.56552975,0.041661374,0.422648368,0.425167689,10,2.093276902
-62.3548982,0.068148835,0.392298732,0.457746081,10,1.852662065
-67.48250307,0.037380892,0.433714084,0.412750835,10,2.104877078
-30.17611809,0.886959811,0.752852619,0.07403944,7,-44.72996904
18.49746401,0.986109085,0.660720839,0.170310639,8.5,-51.1908639
-5.536723696,0.978362204,0.729544021,0.109671633,8.5,-50.45994678
-68.38952277,0.033619353,0.43325414,0.416796652,8.5,1.999898392
-72.29350635,0.021029388,0.518809326,0.317933897,8.5,1.636172428
-65.01638201,0.050197438,0.396043231,0.45938018,8.5,1.873330016
-57.56073683,0.114273731,0.389756137,0.454711262,8.5,2.057005403
-62.86176608,0.064532065,0.38386499,0.47235067,8.5,1.706444701
-7.670714188,0.975344944,0.731880637,0.104376771,10,-49.91309485
-69.94894826,0.027948418,0.444977691,0.405958477,7,1.840272473
-43.10237802,0.751959948,0.75036165,0.069538561,8.5,-51.41675123
-68.52192208,0.033102719,0.435333486,0.414397807,8.5,1.988407395
4.979859626,0.987278042,0.706057538,0.132646408,8.5,-53.15560197
-74.69469755,0.016894415,0.653576903,0.161704458,10,0.956892916
-57.73852092,0.112264901,0.388795659,0.456888567,8.5,2.014933918
-58.02394102,0.108509512,0.393481663,0.448228702,10,2.134657382
-55.54515491,0.135442439,0.402548394,0.431377579,10,3.637086071
-74.38035206,0.016365658,0.613791916,0.208619355,8.5,1.12239324
30.48968874,0.880905664,0.550034625,0.247498133,8.5,24.94936749
-50.73935546,0.188488857,0.414564612,0.410901529,7,11.24191727
-72.47771919,0.020586038,0.508903287,0.331024842,7,1.546302649
-71.91185071,0.022012223,0.506980235,0.331298384,8.5,1.70410413
-58.67795264,0.101644648,0.391567129,0.452108,10,1.969149305
-66.77930963,0.04088305,0.399027116,0.459908484,7,1.826111739
-52.34954526,0.169343683,0.412767644,0.413201083,10,8.270002247
-55.47862861,0.136160755,0.402782849,0.430980177,10,3.70254347
-57.38142128,0.116228303,0.39055757,0.453243162,8.5,2.131844256
-66.22344088,0.043685748,0.393414248,0.466158852,7,1.795490279
-61.91852731,0.436620768,0.735324407,0.07728806,7,-63.07657906
-58.8241108,0.495797509,0.736962353,0.074176088,10,-63.62786537
-63.25506104,0.06166626,0.385436125,0.47082858,8.5,1.736234498
-39.68493099,0.795090103,0.751592424,0.069537086,8.5,-48.42334965
-74.97540144,0.015564465,0.640976113,0.177500375,7,0.879720405
-34.92595255,0.846095101,0.752363186,0.070564581,10,-45.58277451
-69.3803794,0.029861651,0.449238318,0.398420877,8.5,1.973786762
-72.80160767,0.019797031,0.520193163,0.317771886,7,1.489454164
-74.7837058,0.016002733,0.643318737,0.174686551,8.5,0.960042379
-74.51269635,0.016418656,0.639404587,0.177775764,10,1.078581342
-74.6117775,0.055196074,0.697431019,0.11222563,10,-3.995736331
-73.2438838,0.01876005,0.537529718,0.297698032,7,1.393338632
-72.16308137,0.02136508,0.514617929,0.322801474,8.5,1.662395513
-59.72501073,0.092371564,0.3745582,0.482457415,7,1.363855175
-73.05883142,0.019173238,0.546401125,0.285786747,8.5,1.480793026
-64.43202831,0.054032481,0.379615169,0.482396022,7,1.658586226
-62.96642453,0.064097745,0.373103327,0.489519258,7,1.527369186
22.5609103,0.97963129,0.640229529,0.183364244,10,-47.66455863
-43.03973564,0.25952922,0.429006197,0.385041741,7,37.32757321
-71.69670682,0.022608301,0.500720747,0.338912461,8.5,1.744845639
-51.26698896,0.180323329,0.415512136,0.408408488,10,10.5466299
-73.60146244,0.017963492,0.553395576,0.279208317,7,1.309850512
-63.51056201,0.402077152,0.732171686,0.078123745,7,-60.65094175
-52.86749242,0.163948242,0.411248432,0.415917421,10,7.31540789
-69.62970197,0.028932454,0.467252174,0.374761703,10,2.052050725
-74.13253583,0.090524221,0.706675206,0.103379398,8.5,-10.18213028
-6.073168772,0.977685647,0.73034114,0.10847528,8.5,-50.33905234
-72.41692945,0.020738233,0.506884065,0.333451065,7,1.557119628
-58.34684571,0.105812966,0.386419583,0.460915611,8.5,1.811286227
-55.4368077,0.136356461,0.402323351,0.43171011,10,3.820840549
-55.01026121,0.141730346,0.399860742,0.436350182,8.5,4.099951503
-72.30396436,0.021024414,0.503220879,0.337710131,7,1.57627203
-71.15657561,0.02409317,0.500610285,0.33649021,10,1.883379331
-54.06082778,0.151828295,0.403310517,0.430272717,8.5,5.353779174
-70.96333658,0.024726956,0.466500715,0.38069338,7,1.76033446
-71.67503988,0.022689895,0.484528515,0.360590064,7,1.678364571
-68.04039593,0.035055317,0.42823691,0.422564386,8.5,2.002517217
-69.81541818,0.028346592,0.457274074,0.389203144,8.5,1.943446909
-70.65316794,0.02567171,0.459463842,0.388746548,7,1.788430365
-70.07549822,0.027421357,0.47612259,0.36440008,10,2.000409673
-59.78671389,0.091099509,0.381877021,0.469993446,8.5,1.619031985
-72.40100027,0.020778292,0.506350653,0.333840979,7,1.560718013
-66.69667797,0.041024293,0.424096098,0.423525109,10,2.099718126
22.58352102,0.771101731,0.514982764,0.271341653,8.5,142.5564369
-66.89959444,0.040319828,0.400365017,0.458246,7,1.82867607
-65.08146319,0.049814617,0.396545814,0.458817635,8.5,1.87808516
-55.60528947,0.13464676,0.401991002,0.432239728,10,3.620182962
-55.0080272,0.141222442,0.40437349,0.428128957,10,4.208159759
-71.25980422,0.02386383,0.473610982,0.372672184,7,1.734440789
-18.06216681,0.458029237,0.458986111,0.331196728,7,161.8602494
-74.65724322,0.0158346,0.615173127,0.206819533,7,1.010785855
-35.44374253,0.841339865,0.752528199,0.070812241,7,-46.0549419
-37.91271739,0.815637619,0.751818736,0.069910826,7,-47.31651546
-62.3292477,0.068584922,0.382204902,0.473776674,8.5,1.668675036
-23.07663337,0.930146887,0.750046478,0.080985646,7,-45.26196723
-72.9911025,0.019328959,0.543725165,0.28917592,8.5,1.49437329
-71.66375501,0.022718731,0.484267803,0.359328937,7,1.675371275
-59.45654284,0.094360074,0.3826729,0.468276476,8.5,1.641152591
-64.75444472,0.051766284,0.394100398,0.461545596,8.5,1.85371453
-57.52500194,0.114662732,0.389915162,0.454419394,8.5,2.071305572
-53.99469392,0.152095195,0.40780901,0.421990329,10,5.500507137
-58.47650462,0.103737381,0.392112523,0.451002375,10,2.012810538
-41.88787061,0.27110993,0.433092267,0.377413849,7,41.70144044
-61.31873842,0.076849979,0.380568798,0.482447046,8.5,1.658893293
-56.72252431,0.125145562,0.3912214,0.452192001,7,1.946616166
28.87074763,0.955209821,0.599075747,0.214616232,8.5,-33.12674449
-74.69104243,0.016881732,0.653293445,0.162073802,10,0.958081473
-69.26722142,0.03026937,0.447264926,0.400598118,8.5,1.978860975
-66.68490224,0.041098596,0.423853448,0.423763282,10,2.112359499
-72.06141103,0.021627872,0.51149111,0.326465932,8.5,1.677720438
-14.62460999,0.960776576,0.742153628,0.092392785,10,-47.70383801
-26.88903679,0.909273764,0.75200065,0.076700612,8.5,-44.64271494
-65.32026177,0.048433074,0.398488055,0.456752422,8.5,1.891972489
-72.07177242,0.02159645,0.511857826,0.341980097,8.5,1.673579851
-55.27254321,0.138392151,0.40350244,0.429567479,10,3.910563232
-66.51696999,0.042061633,0.409713565,0.444696083,8.5,1.963439207
-74.78832759,0.016141684,0.660425385,0.176517086,10,0.980904456
-54.31894592,0.148589872,0.406641639,0.424105524,10,5.067077344
0.269955925,0.5930542,0.481173415,0.300438796,10,218.4567357
-39.76497054,0.285901692,0.433023685,0.377275516,8.5,51.95142145
-25.49052758,0.917488102,0.751457645,0.078345907,7,-44.83269371
-71.64468377,0.022724164,0.513630772,0.3227402,10,1.810565335
-17.13872613,0.952959006,0.764702664,0.099785733,7,-45.3583122
-59.25808142,0.097130885,0.376486691,0.478841857,7,1.378271184
-38.06451398,0.300387344,0.437458208,0.368731969,10,59.3846065
6.401086049,0.987730318,0.701400582,0.135169358,10,-53.43715857
-73.47640407,0.018206578,0.579754412,0.24588993,10,1.41429377
-66.91618796,0.040087624,0.414087833,0.439165827,8.5,1.978526931
-18.79150423,0.45286275,0.460212819,0.328345222,10,157.0550542
-59.51337629,0.093073417,0.389447342,0.45651494,10,1.889897699
-30.05889828,0.366085601,0.447785831,0.349753002,10,99.61013846
-65.71904424,0.046365606,0.388791162,0.471863161,7,1.769556154
-71.4615363,0.023281472,0.478858816,0.365668213,7,1.701844712
-9.159450596,0.521769356,0.467552229,0.318591977,8.5,199.4909263
-50.87372639,0.637598469,0.744639821,0.070714992,8.5,-59.85855246
-63.91743277,0.057379242,0.37680499,0.485586397,7,1.614963322
-39.85554803,0.792783519,0.752232573,0.069626069,10,-48.44452078
-59.95615831,0.089449066,0.381532892,0.470780226,8.5,1.61097803
-65.03415286,0.050097972,0.396178048,0.459393876,8.5,1.875351762
-9.479652991,0.972226396,0.735163031,0.101255156,10,-49.34372003
-60.63524637,0.083040177,0.380646419,0.473193768,8.5,1.59990421
-73.2431756,0.018748124,0.554042981,0.277355914,8.5,1.436233757
-32.90377417,0.864922896,0.752783034,0.072090869,7,-45.1759232
-66.82886331,0.040382323,0.425583118,0.421850643,10,2.106279434
-74.53919472,0.016415547,0.641315794,0.175548692,10,1.067992801
-69.13399738,0.030834252,0.430673199,0.422578358,7,1.855305024
-56.93255752,0.120269488,0.397286923,0.440961273,10,2.605983529
-55.36546976,0.138279767,0.399388892,0.437361968,8.5,3.594477429
28.00104015,0.834472578,0.532922744,0.25861468,7,74.09236775
-56.50138527,0.127789716,0.392810602,0.449314483,7,2.04414929
-67.14685587,0.039132522,0.403089142,0.455214714,7,1.843097467
-52.82837124,0.167765212,0.409282938,0.420089497,7,6.58698489
-63.55877717,0.059532818,0.386848688,0.469389622,8.5,1.760313997
-74.7989158,0.016026802,0.644587346,0.173235239,8.5,0.950979565
-69.46613984,0.029559259,0.450843837,0.396209969,8.5,1.961213773
-54.94413992,0.141951747,0.404675323,0.427467664,10,4.267453423
-73.99502628,0.017125222,0.606410485,0.215407623,10,1.265762009
-57.26487996,0.119029989,0.387964001,0.458094959,7,1.707887892
-62.52936588,0.067365232,0.372032764,0.490330688,7,1.483325392
-73.40313679,0.018378978,0.576383882,0.249694048,10,1.432530423
-66.98345699,0.039888936,0.401247198,0.457585064,7,1.835814043
-74.65787784,0.016696224,0.650529064,0.165112486,10,0.988792532
-66.34855228,0.042881293,0.407943813,0.44589151,8.5,1.955738074
-63.32237944,0.060917953,0.396488016,0.453777517,10,1.903323631
-71.25344414,0.023814971,0.503087741,0.333578965,10,1.869479789
-62.07302968,0.071051872,0.371393209,0.490585668,7,1.444758164
-62.9533202,0.063854275,0.384204981,0.47205063,8.5,1.713213208
-70.17580216,0.027144284,0.464320493,0.38089148,8.5,1.923666634
-57.12145388,0.118021307,0.39608938,0.443055267,10,2.564966857
-61.7693082,0.073546114,0.371046794,0.490374132,7,1.43432829
-60.03321195,0.088079826,0.388947409,0.458149349,10,1.845023271
-71.61972275,0.02279084,0.512943799,0.322194207,10,1.81289385
-72.51453132,0.020494377,0.510141643,0.329488086,7,1.539681101
-67.96696908,0.035474812,0.413229649,0.443285855,7,1.868195173
-71.84819017,0.022219768,0.489451871,0.35306472,7,1.647153476
-72.90739841,0.019541346,0.524167078,0.313262647,7,1.464746899
-65.30422693,0.048514323,0.398334908,0.456831908,8.5,1.892563423
-60.46126503,0.084628219,0.380697502,0.472843717,8.5,1.61106364
-3.756960567,0.980568724,0.72521934,0.112855211,7,-51.16918733
-58.10113202,0.109650866,0.382893952,0.467245076,7,1.477646088
-74.14344464,0.016818559,0.599045859,0.225509938,8.5,1.196044655
-58.69720106,0.102122391,0.38508259,0.463467217,8.5,1.73870921
-68.85440788,0.031888765,0.426073392,0.427690258,7,1.869997045
-67.04444402,0.03961436,0.401928599,0.4565695,7,1.838713886
-63.00294775,0.063824239,0.373168505,0.489087957,7,1.533742561
-72.24248568,0.021158506,0.517159014,0.320325623,8.5,1.646044509
-71.02868929,0.024539412,0.468003834,0.378836095,7,1.757272077
-70.91974918,0.02485806,0.465463712,0.38186418,7,1.766379972
-62.87514867,0.064419238,0.383918186,0.47242529,8.5,1.706269977
-67.53014761,0.037377711,0.40761118,0.449759997,7,1.859413195
-73.51263354,0.018146304,0.566029946,0.263460682,8.5,1.369948334
-65.54841547,0.047144251,0.400423881,0.454567865,8.5,1.906372876
-70.83168103,0.025084822,0.478642454,0.364337091,8.5,1.857840044
-71.53776851,0.023039993,0.496387093,0.344100123,8.5,1.764079323
-51.77482046,0.175220055,0.41428362,0.410470581,10,9.430590338
-73.22014293,0.018788033,0.568285592,0.258925102,10,1.479405928
23.7774956,0.978054681,0.634513646,0.189589572,7,-46.36375597
-41.12597115,0.777432462,0.750425485,0.068978996,10,-49.10966508
25.04574988,0.972985073,0.62543855,0.194157163,7,-43.41558751
-74.1236292,0.016885455,0.613893793,0.206848952,10,1.225048737
-72.95454134,0.019416528,0.542274607,0.290885408,8.5,1.504253311
-63.64195263,0.059243901,0.375593779,0.487111504,7,1.583701365
-56.03941069,0.13087378,0.396395003,0.44264804,8.5,2.987551771
-66.67713818,0.041377583,0.397915741,0.461197433,7,1.823790482
-53.01125184,0.162451844,0.410818088,0.416684453,10,7.067337628
-40.60400319,0.78373585,0.75062856,0.068978005,10,-49.06923068
-40.46005781,0.785448029,0.750744743,0.069057189,10,-48.80564321
-9.311574029,0.972564807,0.735411196,0.102321694,7,-49.32499295
-68.38217681,0.033590872,0.446345061,0.398339659,10,2.095589575
-73.78081948,0.017568937,0.579114063,0.249812189,8.5,1.299571298
-72.38070977,0.020809055,0.521671331,0.314627163,8.5,1.619961656
0.573881355,0.984586353,0.715985452,0.121539577,10,-52.34355483
-58.64683325,0.101942333,0.391579695,0.452049814,10,1.98345176
-48.62857378,0.673062246,0.746348418,0.070040237,8.5,-57.39821558
-60.66851617,0.083280301,0.371922724,0.48774697,7,1.372241634
-72.28961961,0.021021946,0.533330817,0.298929201,10,1.68792036
-57.00395324,0.121884236,0.389262501,0.45571153,7,1.848625732
-66.26807594,0.043292018,0.407128547,0.446845837,8.5,1.951608622
10.95291064,0.988833824,0.688788951,0.147943926,8.5,-53.54026039
-66.69036355,0.041165715,0.411558396,0.44191998,8.5,1.970703903
-75.24586931,0.026028405,0.681797385,0.130661848,7,-0.356994834
-66.12134565,0.044256459,0.392438527,0.467193842,7,1.791818421
-64.40569179,0.054179359,0.379462688,0.48255349,7,1.654760757
-74.63934572,0.01662495,0.649035156,0.166779076,10,1.00304224
-69.31188802,0.03007794,0.461443507,0.381110035,10,2.073412289
-52.2698414,0.170127563,0.412901473,0.413022591,10,8.442851877
-50.68951948,0.185836276,0.416356559,0.406925301,10,11.9783078
-43.20310165,0.256306097,0.430695284,0.381370393,10,36.59343592
-71.48783112,0.02315091,0.509340027,0.32629791,10,1.829994081
-68.82551734,0.031856653,0.453302853,0.390475727,10,2.082082897
-74.51471017,0.069976814,0.702135824,0.108017738,8.5,-6.657776476
-74.63865311,0.070766233,0.702384508,0.107734474,7,-7.047434867
-57.94457065,0.111441676,0.383976486,0.46515895,7,1.490475868
-72.08480112,0.021547287,0.526751007,0.306458871,10,1.727595889
-57.89580865,0.111892779,0.384072347,0.465039643,7,1.518454939
-71.11049727,0.024289291,0.470017129,0.376528671,7,1.744054965
-64.61185048,0.052870198,0.38066093,0.481330369,7,1.677872285
-58.66777546,0.103370894,0.379442248,0.473471843,7,1.419671953
-66.88469096,0.040143044,0.426344959,0.420991115,10,2.095711583
-67.07196668,0.039356496,0.415929245,0.436870293,8.5,1.979185664
-61.64867048,0.074600261,0.371068013,0.490379913,7,1.424632138
-59.32026207,0.095726585,0.38304882,0.467498428,8.5,1.653456712
-72.6211651,0.020213145,0.529915298,0.305236257,8.5,1.572990484
-63.7601922,0.057903105,0.398913076,0.451249531,10,1.934232878
-74.86208617,0.016209645,0.650050487,0.167352504,8.5,0.90632135
-68.11219446,0.034884372,0.415257904,0.441667675,7,1.865281758
-75.00860279,0.017949337,0.664872907,0.150064667,8.5,0.686347173
-55.21525619,0.138979874,0.403652566,0.4295228,10,3.982339353
-55.71067603,0.134261914,0.397308641,0.440985644,8.5,3.334597285
-8.185229245,0.530156044,0.46922635,0.316330057,7,202.1570939
-74.02849498,0.017052561,0.592413528,0.233221743,8.5,1.229904897
-36.97824545,0.825289833,0.751914333,0.069755751,10,-46.51898726
-71.12102372,0.024194295,0.499749708,0.337341765,10,1.884516874
-44.61603384,0.731819368,0.748770848,0.06921992,8.5,-52.86960799
-63.04430234,0.063514756,0.373298865,0.489283014,7,1.537736122
-72.69925671,0.020024394,0.532709989,0.302173219,8.5,1.557139381
-64.44584846,0.05391583,0.379717798,0.482369837,7,1.656226301
-44.42771497,0.734884782,0.748765473,0.069316131,7,-52.84771602
-74.59763032,0.016495473,0.645723316,0.170529294,10,1.034875339
-54.37878188,0.14803125,0.406618282,0.424061439,10,4.961425368
-74.81576372,0.038721024,0.690402481,0.119894384,10,-1.636365986
-53.81268379,0.155256162,0.405958541,0.425529645,8.5,5.490796275
-61.91760859,0.071615166,0.390976739,0.458778428,10,1.83084123
-73.56488338,0.018043422,0.551664789,0.281633565,7,1.320316105
-69.48979577,0.029419986,0.464654719,0.377497201,10,2.061721769
-64.11244701,0.055582532,0.40111186,0.448989986,10,1.95971785
-61.70393182,0.074119435,0.371089072,0.490455723,7,1.425892446
-58.62259466,0.103928557,0.380081153,0.47229401,7,1.370654645
-70.78978998,0.025211687,0.477669613,0.365463865,8.5,1.862732132
-44.95463087,0.240641592,0.428095836,0.386048633,10,29.7186827
-71.24564211,0.02389928,0.473303671,0.372535184,7,1.731859321
-73.99096489,0.090700799,0.706955494,0.103353739,10,-10.03341523
-74.64490844,0.052664605,0.696481263,0.113197628,10,-3.629449339
-58.7302826,0.101730721,0.3848291,0.46391385,8.5,1.747141813
-5.958719305,0.977928295,0.73011091,0.108649328,8.5,-50.42080411
-70.98592581,0.024623039,0.482298548,0.360111008,8.5,1.839022593
-63.78630036,0.057978701,0.388020529,0.468163333,8.5,1.778611485
-68.2183373,0.034341695,0.43078776,0.419664625,8.5,1.999008433
-56.43792567,0.126078239,0.39416158,0.452489082,8.5,2.826365349
-66.32099312,0.04289664,0.41991424,0.428048675,10,2.094960386
-73.51312834,0.1224292,0.71098172,0.09788896,7,-16.67901035
-59.46092357,0.094263027,0.382516545,0.468316933,8.5,1.652687478
-72.73215211,0.143690531,0.713393938,0.094949186,10,-20.14667654
-59.11619607,0.496684112,0.752991669,0.081549938,8.5,-66.22431332
-59.57294407,0.093164043,0.382294874,0.469081523,8.5,1.63884338
-36.03925285,0.317206943,0.439917883,0.364167057,10,69.27109264
-73.3249043,0.018564149,0.557560771,0.273526577,8.5,1.417212874
-52.18034241,0.171084823,0.413229479,0.412388053,10,8.602241523
-75.10163918,0.015991357,0.653105839,0.163750083,7,0.786410797
-63.10829292,0.06308354,0.373541754,0.488653929,7,1.54076414
-60.19997308,0.087109342,0.381121823,0.47178512,8.5,1.603324384
-30.78493919,0.882127206,0.752521136,0.073037628,10,-44.59941267
-74.2890224,0.016601762,0.624143788,0.195122124,10,1.169614445
-57.98052942,0.110988329,0.383607007,0.465959094,7,1.502169366
-62.93009787,0.06436722,0.372958717,0.489479247,7,1.527757276
-70.82163024,0.025080516,0.4924528,0.345748089,10,1.92475815
-74.86719592,0.048605439,0.695970032,0.115215049,8.5,-3.175826812
-56.15343477,0.128802465,0.400278104,0.435490516,10,3.114393936
-64.50533307,0.05330113,0.392370808,0.463457521,8.5,1.834538238
-57.26935441,0.116620524,0.39607138,0.443220832,10,2.429989115
-72.45699124,0.020642547,0.50812632,0.331911393,7,1.557329969
-62.97325644,0.063673588,0.384255317,0.472235867,8.5,1.715903597
-58.11131623,0.107555882,0.393125095,0.448827913,10,2.116791946
-44.19001871,0.737276123,0.748678983,0.068878018,10,-52.16114699
-58.39830844,0.104555715,0.392336248,0.450517638,10,2.030928933
-70.67449216,0.025528309,0.48899174,0.349658985,10,1.946795217
-65.37958638,0.047925159,0.410822742,0.438310541,10,2.045570121
-71.82702975,0.022237064,0.504504315,0.334451848,8.5,1.717575765
-73.05489967,0.019167419,0.561349321,0.266903235,10,1.521813076
-60.33156955,0.085350146,0.389066054,0.458517016,10,1.804266834
-54.08889145,0.15228084,0.404907373,0.427434051,8.5,5.089816145
-68.3401514,0.033742947,0.445575288,0.399442479,10,2.111523025
-60.58162953,0.082980841,0.389105877,0.459005021,10,1.78588679
-75.18013115,0.017030802,0.66208626,0.15334646,7,0.656138113
-4.578742386,0.555259827,0.472798957,0.311679214,8.5,212.737704
-61.5106853,0.075254717,0.380733828,0.47449074,8.5,1.622086939
-73.14002184,0.018984429,0.549700018,0.282399397,8.5,1.462640863
-26.62163209,0.909630094,0.770451795,0.085995245,8.5,-43.75826463
-28.67343566,0.897657744,0.752525503,0.075060631,8.5,-44.56888066
-68.19975525,0.034491992,0.416634885,0.450856756,7,1.856379528
0.328003033,0.592034193,0.478918274,0.304555073,7,220.8360941
-61.31495204,0.077440254,0.371101143,0.48987222,7,1.404183683
2.591167742,0.610722416,0.483414956,0.298507846,7,220.2635077
-56.96036706,0.122487068,0.389824364,0.454693331,7,1.833276049
-61.86307542,0.072794393,0.371128977,0.490588018,7,1.441112602
-60.62361096,0.08265606,0.389091645,0.459101416,10,1.796425948
-61.18857834,0.078581348,0.371333446,0.489420832,7,1.382729693
-64.92607285,0.050539832,0.407052402,0.442512149,10,2.01256662
-60.30745311,0.086660574,0.372836784,0.486018093,7,1.347423217
-61.1546022,0.078875523,0.371257617,0.489462584,7,1.393151788
-62.54804622,0.067296585,0.37199524,0.490404096,7,1.500288286
-47.2170354,0.221731297,0.42158805,0.398544254,7,21.65965548
-68.2025858,0.034485654,0.416402216,0.438910868,7,1.874510393
-72.60618929,0.020233899,0.544212696,0.286485114,10,1.622235851
-71.10513954,0.024312874,0.469813235,0.376470431,7,1.751207155
-58.12243487,0.109462988,0.382911785,0.467080289,7,1.455556873
-57.82086593,0.110532922,0.393757089,0.447552238,10,2.248597469
-63.710427,0.058754851,0.375872739,0.495222152,7,1.614317964
-63.30819916,0.061288059,0.385670741,0.470593283,8.5,1.740399642
-65.25522858,0.049015593,0.38512501,0.476206806,7,1.730652162
-59.39654507,0.095749471,0.376028771,0.479495462,7,1.354315336
-10.5026378,0.970289382,0.737663895,0.100218632,8.5,-48.82474102
-57.97926104,0.11084382,0.383140594,0.46666431,7,1.552928997
-56.84206799,0.123778239,0.39039889,0.453651904,7,1.905616559
-63.17871763,0.062582133,0.373762393,0.488825513,7,1.550539406
-57.92322838,0.1095781,0.393802329,0.447682408,10,2.168845177
-67.02382104,0.039706327,0.401644089,0.456900807,7,1.842665152
-65.44914331,0.047888035,0.38667395,0.474274011,7,1.740314263
-68.50996209,0.033140091,0.43503351,0.414723001,8.5,2.000452646
-73.68832891,0.017775117,0.557551537,0.274380976,7,1.288381381
-68.55409191,0.032914654,0.44887157,0.395429584,10,2.103359791
-56.07988584,0.129565565,0.400467724,0.435143386,10,3.181666977
-71.23891827,0.023853772,0.502740827,0.333987701,10,1.868625274
-56.01840197,0.131349409,0.397293301,0.440995226,8.5,2.880933659
-74.58514644,0.015961448,0.609963314,0.213398063,7,1.034568507
-63.58942451,0.059083643,0.397916284,0.452336017,10,1.924858538
-74.88734512,0.022095075,0.674839767,0.13775176,10,0.394766289
16.16878204,0.987591223,0.670326018,0.163002135,8.5,-52.45377845
-65.12037936,0.049596792,0.396696653,0.458594646,8.5,1.897958785
-73.16977198,0.018930703,0.53444265,0.301315019,7,1.41168832
-58.66614629,0.103382037,0.379401785,0.47350881,7,1.426438345
-74.26631408,0.016576825,0.606498181,0.216993109,8.5,1.158776638
-74.44399139,0.016223013,0.600288692,0.224565983,7,1.079233836
-73.83985967,0.017443568,0.597891893,0.225205202,10,1.311893241
-74.88639952,0.023731811,0.677233587,0.134751412,10,0.167038503
-74.28440131,0.016543368,0.607631786,0.215645802,8.5,1.152954708
-53.51336472,0.157190234,0.409326302,0.419425515,10,6.233595477
-62.38782782,0.067798081,0.392173764,0.457735337,10,1.876999243
-59.20535307,0.096888476,0.383386078,0.466810215,8.5,1.665502795
-71.56023436,0.02295074,0.511314468,0.324184239,10,1.819725614
-66.42996957,0.042597931,0.409000881,0.444431526,8.5,1.940775354
-40.5728218,0.784231462,0.750611037,0.068953948,10,-48.96132
-68.0260412,0.035029245,0.441015972,0.404347496,10,2.113047521
20.19918921,0.983869485,0.652297692,0.174918926,10,-50.13998873
-57.66804001,0.112315402,0.394666861,0.445953376,10,2.258895403
-58.21943854,0.108351872,0.382349268,0.468237879,7,1.431390445
-67.36793913,0.037888815,0.432187135,0.415348948,10,2.110690648
-69.58725071,0.25966647,0.738991722,0.092227381,8.5,-43.35791409
-64.74459328,0.051632485,0.405598035,0.444135857,10,2.004902601
-56.45500768,0.12550267,0.399130874,0.437572581,10,2.896113266
-62.71428938,0.065617817,0.383332922,0.472907935,8.5,1.696718868
-73.68503916,0.017770707,0.57429593,0.254133951,8.5,1.325210057
-66.20648546,0.043780274,0.393187245,0.467515123,7,1.802280155
-73.70303955,0.017743768,0.558268416,0.273279166,7,1.284658322
-54.9364311,0.141942539,0.404495626,0.427865105,10,4.305693857
-53.51592675,0.593801858,0.742517882,0.071752219,8.5,-62.13194864
-57.50799555,0.116231226,0.386318767,0.460995901,7,1.641725273
-69.23096377,0.030313304,0.46024813,0.382635823,10,2.051956079
-71.11638094,0.024208018,0.499627369,0.337474312,10,1.8857738
17.21410621,0.98702075,0.666166441,0.166256084,8.5,-51.98028459
-70.39358457,0.02644072,0.468947934,0.375279188,8.5,1.896467868
-59.66247793,0.480842374,0.736767574,0.075122459,8.5,-63.92892011
-74.8581411,0.020215013,0.670500026,0.142464881,10,0.570730421
-58.79712442,0.100991521,0.384777415,0.463944424,8.5,1.694021815
-63.8502783,0.05755358,0.388352987,0.46791423,8.5,1.786021251
19.36077756,0.985368208,0.657011847,0.173239036,8.5,-50.62257442
-74.64393637,0.015855867,0.614194633,0.20858347,7,1.015442045
-70.1941773,0.027041805,0.478447337,0.361987558,10,2.002837325
-60.34960194,0.085681033,0.380852659,0.472613098,8.5,1.610233401
-61.02774755,0.079432506,0.380454442,0.474653366,8.5,1.610765033
-60.08881884,0.088878646,0.37367542,0.484241491,7,1.327909613
-45.04184055,0.726330329,0.748484105,0.069399241,7,-53.61003729
-64.07152173,0.056324434,0.377593258,0.484645861,7,1.625666615
3.919231309,0.986883416,0.708567741,0.130169718,7,-52.96181923
-63.61529043,0.05889274,0.398067857,0.452163625,10,1.925066287
-39.62762187,0.79563233,0.751108017,0.069280463,10,-47.35404305
-63.61373363,0.059422017,0.375457196,0.495602983,7,1.605401424
-65.37928652,0.047920359,0.410876139,0.43832859,10,2.038801111
-69.09297484,0.030852909,0.457715392,0.385464194,10,2.075787717
-23.51558161,0.927975168,0.750435455,0.08053638,7,-45.14627657
-64.08307334,0.055996135,0.389444625,0.466585128,8.5,1.829872938
-72.62307775,0.020226563,0.513864279,0.32540628,7,1.519902281
-57.11649411,0.120540149,0.388399157,0.457331306,7,1.821302749
-73.64358836,0.017860988,0.572253903,0.256416217,8.5,1.336909481
-65.3891701,0.0480354,0.399035613,0.456016408,8.5,1.898891947
-71.32178425,0.02362764,0.504836525,0.331550376,10,1.862669383
-61.805115,0.437395299,0.734578062,0.076713893,8.5,-62.42798618
-34.91704448,0.32750618,0.439576395,0.365404495,7,75.39054984
-53.83661478,0.153802958,0.408377485,0.420940686,10,5.721267567
-59.95179314,0.089491337,0.381541165,0.470760856,8.5,1.611156565
-28.60453168,0.898084246,0.752125446,0.074755457,10,-44.50159135
-66.00849189,0.044816111,0.391418918,0.468498599,7,1.781503461
18.69644604,0.732989552,0.504952347,0.28029641,8.5,177.2498132
-74.59592318,0.055694653,0.697469147,0.112315209,10,-4.132097386
-60.47665777,0.085086988,0.372354781,0.48680399,7,1.363741793
-39.37275808,0.798466713,0.751144798,0.069255022,10,-47.62755358
-73.24594475,0.018730504,0.569385342,0.257675672,10,1.474249218
-60.15405399,0.088202348,0.373261555,0.485008381,7,1.353374175
-66.13503636,0.044152533,0.392513427,0.468300636,7,1.797958673
-63.46617668,0.059943829,0.39722213,0.453023488,10,1.918589408
-73.45812818,0.018256146,0.57891355,0.246784459,10,1.418128337
-75.00561406,0.017893969,0.664508374,0.150550986,8.5,0.695090966
-62.28961509,0.069258649,0.371603106,0.490601769,7,1.464887132
-57.57454434,0.094921569,0.328995355,0.585124847,10,9.219577635
-71.95027254,0.021950023,0.492312129,0.350123639,7,1.640219139
-68.97911637,0.266700467,0.724436386,0.084996886,8.5,-43.63419115
-69.96400333,0.027841439,0.460206523,0.399537254,8.5,1.931735042
-67.33595286,0.038058823,0.432045692,0.414596705,10,2.080432477
-71.51851256,0.023091644,0.495889172,0.34440353,8.5,1.764672514
-69.08906196,0.260213348,0.723283508,0.085056268,10,-42.11757585
-70.21590776,0.027061688,0.450282968,0.399512393,7,1.818930824
-74.43460988,0.016271228,0.617401716,0.204723236,8.5,1.104332645
-72.56115949,0.020353298,0.527851404,0.324125061,8.5,1.582912562
-32.36734009,0.347660624,0.445107129,0.354638458,10,87.61677433
-54.19164597,0.582808928,0.741527598,0.072011227,7,-63.08693643
-71.34950547,0.02356745,0.491408979,0.349779418,8.5,1.789432238
-57.06949824,0.118790329,0.396802991,0.441848585,10,2.529325189
-64.77222751,0.051874618,0.381716156,0.479708903,7,1.688239628
-68.65155186,0.032674755,0.422938121,0.431852298,7,1.873497609
-62.89562309,0.064614495,0.372651904,0.489813398,7,1.546829956
-75.21049869,0.018278891,0.666921164,0.146904206,7,0.511844941
-59.46485263,0.094833982,0.375040168,0.481119441,7,1.420737769
-73.41993502,0.018340293,0.577151157,0.248776168,10,1.428194773
-63.50128851,0.059690777,0.397426669,0.452813379,10,1.918696166
-72.40859505,0.02074113,0.522569555,0.313662512,8.5,1.617622305
-68.67232562,0.032502677,0.437518563,0.411854381,8.5,1.997778538
-57.14448432,0.11881886,0.391625114,0.451297218,8.5,2.243066629
28.57684616,0.843223025,0.536102133,0.256041724,8.5,64.29784982
-57.17416461,0.118493907,0.391490932,0.451541267,8.5,2.228356313
-34.92079305,0.846101876,0.752340331,0.070567311,10,-45.58401145
-38.15997955,0.300027452,0.437974858,0.367880667,10,58.78845834
-61.07225739,0.079080907,0.380483945,0.474169494,8.5,1.61012512
-62.85721815,0.064894591,0.372860166,0.497707878,7,1.538660848
-62.47348297,0.067070474,0.392499454,0.457613642,10,1.874139391
-63.41114816,0.060856819,0.374640326,0.487909326,7,1.562904786
-56.25549947,0.127603586,0.399690614,0.436526979,10,3.062245633
-23.02140296,0.420812283,0.455610853,0.3359252,10,136.2035127
-74.82071546,0.015596726,0.627770215,0.19302112,7,0.952359716
-61.49447138,0.075891304,0.371021815,0.490310448,7,1.418105233
-65.28930194,0.048617599,0.39800065,0.457159633,8.5,1.915186452
-57.97225756,0.109000665,0.393706883,0.447598978,10,2.124016913
-74.88164531,0.030658026,0.685130867,0.126005387,10,-0.604421954
4.061780124,0.986844276,0.707846944,0.130270493,7,-52.99787747
-68.41476161,0.033531539,0.433690252,0.416278532,8.5,1.993582383
12.96224372,0.988742457,0.682063516,0.153463213,8.5,-53.32339891
-54.87980555,0.142610716,0.404841905,0.427392826,10,4.353991545
-55.67759224,0.13385977,0.401725312,0.432718116,10,3.553236718
-62.50339131,0.066910584,0.392586224,0.457528003,10,1.884559616
-71.10190426,0.024315143,0.4698514,0.376042495,7,1.741130904
-66.61965454,0.041672475,0.397312281,0.461990212,7,1.821790529
-63.97853582,0.056951195,0.37696331,0.485374091,7,1.63401124
-64.343716,0.054569235,0.379118557,0.483041451,7,1.647544823
-73.3849013,0.01841971,0.575548879,0.250615843,10,1.437894178
-58.78930615,0.101874727,0.378186383,0.47534898,7,1.467199326
-56.7318285,0.122300711,0.397642872,0.44019429,10,2.770327915
-75.17034852,0.016900932,0.660896392,0.154081888,7,0.676065054
-64.19963589,0.055461122,0.378179765,0.483992837,7,1.645586439
-61.54568699,0.441025275,0.734162996,0.076162572,10,-62.03510721
-72.0002866,0.178439826,0.717374739,0.091723942,7,-27.75889068
-74.3821721,0.016343774,0.596254487,0.229304236,7,1.097989951
-60.36561327,0.084957011,0.389251927,0.467123796,10,1.835450219
-75.04398096,0.015714287,0.647385925,0.170118468,7,0.83427069
-37.12398057,0.308480143,0.438938443,0.365983634,10,63.85060966
-73.47562639,0.018240416,0.547593661,0.285718963,7,1.340155079
-66.45161425,0.042513024,0.395645478,0.4638793,7,1.808627989
-73.92896658,0.017256889,0.586914548,0.23954555,8.5,1.258426098
-53.72549032,0.1553247,0.409420818,0.418825784,10,5.789970824
-31.13164007,0.879247727,0.752654799,0.072882616,10,-44.57349789
-60.1696601,0.088027524,0.373198602,0.485132434,7,1.35252541
-61.75767284,0.073685402,0.371106809,0.490569322,7,1.431834559
-2.444366083,0.982000261,0.724230819,0.116227438,10,-51.31997324
-70.64008116,0.025633766,0.488233781,0.35052108,10,1.947853522
-44.94733395,0.727579159,0.748448145,0.06935578,7,-53.56339489
-71.00757318,0.024525329,0.496919329,0.340666812,10,1.901519633
-49.13274243,0.203873673,0.418020661,0.405124115,7,15.62546179
-58.28392275,0.107599717,0.381723621,0.469273797,7,1.455682427
29.36747866,0.944765566,0.590713067,0.217920317,10,-26.38732544
-39.74716562,0.28642975,0.435717182,0.37210126,10,51.43812198
-56.05810168,0.132450505,0.394450059,0.446543728,7,2.451781832
-71.50408871,0.187197384,0.717439189,0.090387368,10,-28.64175007
-72.81234113,0.140568781,0.71296346,0.095288473,10,-19.52888531
-62.12835131,0.070575622,0.371328048,0.490715341,7,1.460879623
-67.50763933,0.037343656,0.421208528,0.430678987,8.5,1.992196461
-60.62298226,0.083043536,0.380570566,0.473267715,8.5,1.597419042
-64.6383774,0.052468358,0.393291614,0.462463302,8.5,1.843207954
-54.66142596,0.145462428,0.401174449,0.434032462,8.5,4.526437643
-73.5051218,0.018154301,0.581114567,0.244520318,10,1.405542405
-68.19495805,0.034541649,0.416336219,0.439315162,7,1.871472175
-51.64176071,0.177048165,0.411325831,0.41625691,8.5,9.71759439
-54.22803037,0.153541194,0.40535372,0.426842537,7,4.139934048
-64.08210387,0.056276887,0.377681469,0.484642809,7,1.624851095
-56.56750325,0.125090003,0.394081515,0.446920062,8.5,2.5963992
-72.39652795,0.020762514,0.536920472,0.294891165,10,1.664746114
-65.76464307,0.045792748,0.414380774,0.434408479,10,2.063075826
20.76073215,0.982433532,0.648650486,0.177158103,7,-49.16854388
-63.15693618,0.062359178,0.385014954,0.471318127,8.5,1.728249368
-73.52575978,0.018107542,0.582090754,0.243207201,10,1.400100427
-59.69048902,0.091979645,0.38194058,0.469535343,8.5,1.635753548
-71.33162973,0.023652561,0.475520455,0.369994519,7,1.717091491
-65.45197445,0.047530278,0.411286319,0.437893744,10,2.071388622
-37.17561544,0.307029637,0.435616016,0.37230448,8.5,64.43061814
-68.570365,0.032882554,0.436348019,0.412941706,8.5,1.958729335
-67.48612561,0.037367323,0.434009266,0.412278052,10,2.076882525
-64.89775473,0.050742856,0.406796161,0.442790453,10,2.016010407
-60.89925005,0.081132248,0.37159801,0.488741496,7,1.371261662
-39.75776919,0.288153097,0.434349959,0.375172742,7,51.57163673
17.5687308,0.986209511,0.663555953,0.166060927,10,-51.71746561
-74.54953576,0.016026053,0.607459093,0.216208907,7,1.04605926
-58.20022707,0.107374132,0.387011796,0.45980033,8.5,1.847832519
-71.68979702,0.022645622,0.484979073,0.359007605,7,1.672206854
-74.54111624,0.016105315,0.62477405,0.195927252,8.5,1.067036614
-73.71841631,0.017699583,0.575955973,0.252027711,8.5,1.316278371
-56.4491358,0.125326195,0.398557094,0.438503509,10,2.972973218
-56.13858313,0.129799889,0.395979735,0.44327929,8.5,2.903864657
-50.26859452,0.190688314,0.414837006,0.410153162,8.5,12.98005013
-60.49472048,0.084300206,0.380667031,0.47302364,8.5,1.608958785
-46.92703091,0.223169195,0.422878321,0.395671802,8.5,22.78920125
-56.31213602,0.129880195,0.394177243,0.446951591,7,2.086477675
1.069862631,0.984982265,0.714304194,0.122764522,7,-52.48087449
-60.86021878,0.081426752,0.371170461,0.48896668,7,1.422004592
-49.59218321,0.197014222,0.41950212,0.401383035,10,14.68289541
-57.63373969,0.112664796,0.394743017,0.445846171,10,2.27740484
-39.97519966,0.284111084,0.432735238,0.377812236,8.5,50.98321466
-61.72037807,0.073112039,0.390683985,0.46837496,10,1.835141635
-65.11101248,0.04985417,0.384086974,0.4773556,7,1.7157145
-58.17425481,0.10745476,0.386514703,0.460352654,8.5,1.920807512
-54.70860231,0.147983155,0.402530958,0.432022177,7,3.615565698
-67.19576225,0.038664696,0.429985341,0.41685029,10,2.112485873
-74.49807311,0.016120304,0.603915517,0.220589289,7,1.062536273
-51.2196609,0.181257949,0.416453895,0.406432604,10,10.52808068
-59.26879895,0.096107114,0.382781453,0.467710807,8.5,1.700780641
-54.0222404,0.151514498,0.40708476,0.423216636,10,5.544975037
-62.28710779,0.068933604,0.382110335,0.473849915,8.5,1.66596452
-68.24512906,0.034206234,0.431155309,0.419388787,8.5,2.000226614
-61.90723071,0.071651188,0.390973446,0.458804203,10,1.822759342
-70.94322578,0.024787768,0.466047116,0.380695924,7,1.760722902
-56.4858189,0.128102326,0.393251211,0.448560588,7,2.013257836
-43.50149797,0.25419915,0.428642339,0.385266566,8.5,35.52388722
-48.99144581,0.205556522,0.418883222,0.403301991,7,15.94484832
-60.90505847,0.081100204,0.37149388,0.488768761,7,1.385630737
-71.01744531,0.024528637,0.483112769,0.359233074,8.5,1.829919801
-70.93942372,0.024761379,0.481183825,0.36139969,8.5,1.844830985
-62.47826188,0.067135704,0.392766036,0.458059679,10,1.853257605
-56.79710053,0.122675964,0.393633905,0.447546415,8.5,2.346498954
-39.55116979,0.287719704,0.43331553,0.376732019,8.5,52.94238488
-72.53853258,0.020399112,0.541810877,0.289384267,10,1.636565158
-74.86671465,0.016232108,0.650459923,0.166629572,8.5,0.902879476
-66.00716205,0.044834957,0.391359645,0.468850004,7,1.786781198
-73.82226499,0.017487787,0.564208916,0.267056744,7,1.255325387
-44.96297527,0.727013264,0.748839932,0.069371826,8.5,-53.22973141
-71.8824802,0.022099853,0.506131061,0.332842989,8.5,1.707631462
-67.26286744,0.038378382,0.430945212,0.415792741,10,2.099718735
-63.82365014,0.057498998,0.399290088,0.45091144,10,1.940557065
-46.14389911,0.198259191,0.35601772,0.537055805,8.5,36.46374513
-72.98737689,0.019324114,0.558640197,0.269977603,10,1.53608265
-64.22311594,0.055384961,0.378417652,0.483864171,7,1.641502208
-72.33467984,0.020906667,0.534826285,0.297309877,10,1.678762749
-66.97860509,0.039916858,0.401154772,0.457437542,7,1.839152403
-65.27478505,0.04853041,0.409709257,0.439570249,10,2.063478449
-54.5157205,0.147117098,0.401967591,0.432739777,8.5,4.683879559
-59.02669735,0.099548919,0.377562342,0.476625224,7,1.391020511
-52.40185638,0.169485482,0.409541684,0.419442505,8.5,8.0825777
-50.80578828,0.185953543,0.414598239,0.410379227,8.5,11.47958191
-44.72088112,0.729954764,0.748515503,0.06897536,10,-52.74460567
-60.08679965,0.088190128,0.381300065,0.471337598,8.5,1.606320977
23.43238828,0.777579923,0.515763894,0.271676339,8.5,136.5155756
-61.81990694,0.072702557,0.381161938,0.474416955,8.5,1.637339585
-73.61015845,0.017933125,0.570644241,0.25814515,8.5,1.344851609
26.53727874,0.970107334,0.618163994,0.202211511,7,-41.76442784
-61.77854612,0.073044565,0.381098614,0.474456792,8.5,1.635163619
-47.32244778,0.218237467,0.419937029,0.401050032,8.5,21.8349445
-68.10695491,0.034777149,0.429166195,0.4214927,8.5,2.002719611
-71.08089071,0.024342878,0.484608977,0.357473319,8.5,1.826841388
-49.53729354,0.197524233,0.41955747,0.401321215,10,14.8486216
-33.72299768,0.857376728,0.753122094,0.071641919,8.5,-45.27801049
-60.28947254,0.086895792,0.372873877,0.485785628,7,1.356374073
-61.40613422,0.076187171,0.380672306,0.47442915,8.5,1.618096744
-74.37052689,0.069661295,0.701481517,0.107768242,10,-6.386273236
-61.61189208,0.074375794,0.380475308,0.474847689,8.5,1.67122049
-12.73600634,0.965573504,0.739749988,0.09548518,10,-48.17483182
-71.58579197,0.022871922,0.512014288,0.323295025,10,1.816464755
-74.88937988,0.023186949,0.67653336,0.135510654,10,0.254829441
-8.599941948,0.973813338,0.734246955,0.103617125,7,-49.55513445
-61.27178547,0.077261205,0.38026175,0.474488273,8.5,1.644577607
-68.70270165,0.032328841,0.451294677,0.392650947,10,2.089542311
-53.97523904,0.153034566,0.404307831,0.428591689,8.5,5.389622219
-59.92594569,0.089100641,0.389329944,0.45749517,10,1.804168291
-57.50808975,0.114785721,0.389821971,0.454583687,8.5,2.097944094
-57.53330758,0.11373772,0.395055267,0.445090062,10,2.32084848
-69.87924137,0.028186204,0.44377771,0.407173096,7,1.832548268
-72.92986955,0.019454528,0.556355159,0.272561854,10,1.550111171
-72.07204656,0.021578936,0.526355642,0.306921538,10,1.72964057
-69.24830042,0.03041428,0.432395122,0.420408591,7,1.86884909
-57.80145734,0.517936186,0.738437274,0.07393275,7,-64.60225893
-61.27889368,0.076908218,0.389723837,0.459412595,10,1.798280786
-13.47532715,0.963822166,0.741210864,0.094958896,7,-47.92778703
-70.31399524,0.026697163,0.467278883,0.377880681,8.5,1.902452794
-55.9850239,0.130619991,0.400865732,0.434421659,10,3.252955122
-71.35860133,0.023541357,0.491641844,0.349311951,8.5,1.788486702
-65.18669019,0.049413042,0.384608868,0.476803555,7,1.725407165
-57.42014049,0.114972257,0.395494918,0.444343769,10,2.365474639
-71.8479125,0.022168535,0.51954918,0.314617149,10,1.770228039
-75.06092639,0.044708751,0.694078659,0.116771872,7,-2.845729592
-61.11100054,0.079255307,0.371282076,0.489335371,7,1.391768812
15.21973484,0.987891259,0.673825186,0.160045377,8.5,-52.7960549
-65.64014956,0.04681864,0.388133522,0.47339265,7,1.765106488
-73.95290871,0.017209801,0.604046535,0.218123159,10,1.278486272
-54.76413522,0.146817954,0.401036894,0.435133028,7,3.715600154
-67.75301483,0.03628538,0.424373693,0.427352155,8.5,1.997561379
-60.01857588,0.088761113,0.381376904,0.471052727,8.5,1.601681004
-41.15674651,0.273924618,0.430966009,0.381105965,8.5,45.70035202
-61.22272113,0.077246567,0.389340326,0.459658199,10,1.8233562
-60.71868131,0.082262472,0.380499698,0.473552625,8.5,1.612117476
-59.22742717,0.097474432,0.376689724,0.478224441,7,1.37128737
-60.60881088,0.083777507,0.372154452,0.494097073,7,1.399954483
-56.57650122,0.126839705,0.392470408,0.450011715,7,1.952815497
-64.14091034,0.055885171,0.377991571,0.484269603,7,1.629778385
-58.06769957,0.109973498,0.382930078,0.466907428,7,1.498644054
-65.11361493,0.049761688,0.396721184,0.458373772,8.5,1.894590151
-68.70334392,0.032461208,0.423675257,0.431224274,7,1.877501037
-58.05099618,0.110089784,0.382839206,0.467296215,7,1.525672495
-64.99156172,0.05034416,0.395853648,0.45959218,8.5,1.871502837
-72.65172963,0.020142873,0.530938616,0.303938995,8.5,1.572768773
-60.24997203,0.08609818,0.389074205,0.458428295,10,1.807818588
-61.53293645,0.07556512,0.371084111,0.489968961,7,1.410987725
-64.97657798,0.050647676,0.383137765,0.478436496,7,1.703408929
-69.13211373,0.030709544,0.458434743,0.384603638,10,2.068486177
-61.55832762,0.075370359,0.371080523,0.490323817,7,1.417196791
-64.78163603,0.051601361,0.394285699,0.461338959,8.5,1.856931216
-71.14525731,0.024187418,0.470861398,0.375539539,7,1.740283077
-66.46643772,0.042286322,0.409161577,0.444498937,8.5,1.961528896
-18.52251719,0.948844465,0.746433027,0.086567675,10,-46.20419357
-41.7496424,0.269215607,0.433058617,0.37701793,10,42.56539017
-74.49763375,0.016124513,0.603889996,0.21976876,7,1.06228532
-72.95914452,0.019419164,0.526134379,0.310982382,7,1.454229131
-55.80169436,0.132622009,0.401542285,0.433169641,10,3.409679486
-60.54162199,0.083413924,0.389121807,0.458890946,10,1.791264239
-59.44923961,0.095195737,0.375728161,0.480012573,7,1.361559451
-9.984603556,0.515942958,0.466820683,0.319449929,8.5,196.4158569
-47.80368443,0.214418563,0.420237914,0.40056335,8.5,20.08505338
-61.16876731,0.078248927,0.380538989,0.474226199,8.5,1.610357095
-69.25649267,0.03031548,0.447077098,0.400865302,8.5,1.979733307
-73.88363008,0.017352581,0.584482552,0.243648499,8.5,1.271058647
-63.74220608,0.058563242,0.376013622,0.486440319,7,1.595335009
-58.31702008,0.105410157,0.392582339,0.450038012,10,2.050296812
-69.824862,0.028270677,0.47102271,0.370103229,10,2.033176415
-60.97242773,0.0805041,0.37148887,0.488591113,7,1.377504254
4.14883673,0.987133563,0.708513335,0.131080637,7,-52.99074881
-74.7482139,0.06481963,0.700710683,0.109421045,7,-5.992132968
-73.46005589,0.018252026,0.579003394,0.246683832,10,1.417589874
-50.42042053,0.189224349,0.414500517,0.410775315,8.5,12.59863656
-61.83998869,0.072048592,0.390533914,0.459103502,10,1.84131008
-69.54024644,0.029360388,0.437494131,0.414660805,7,1.854415597
-62.83794431,0.064684028,0.383457146,0.472706036,8.5,1.740758905
-58.93923048,0.100487909,0.378074798,0.475983709,7,1.391052728
-54.67207932,0.145756172,0.402103402,0.432548947,8.5,4.391920117
-64.0540958,0.056446445,0.377465353,0.484698404,7,1.628183921
-12.09109241,0.96702902,0.738882542,0.096583312,10,-48.3968565
-60.40240842,0.08461784,0.389248808,0.467215459,10,1.834070622
-59.9451679,0.089414893,0.381107978,0.471094645,8.5,1.654585763
-69.9987246,0.027727824,0.460763732,0.385002125,8.5,1.937425299
-59.8946305,0.090652226,0.374132376,0.483036476,7,1.328547191
-72.52127429,0.020481345,0.5103169,0.329074197,7,1.543001321
-52.90156883,0.163587315,0.41112727,0.416147853,10,7.260757137
-57.63919927,0.114698556,0.385341157,0.462559776,7,1.619686505
-63.61622741,0.058886054,0.398069676,0.452147582,10,1.925510118
-70.03653173,0.027661877,0.446704042,0.403781115,7,1.83229573
-57.74650379,0.113518648,0.384794117,0.463715792,7,1.57884766
-61.3673714,0.076043518,0.389677309,0.459535808,10,1.814294949
-74.84699446,0.015569885,0.629915856,0.190375836,7,0.941549024
-69.18098627,0.030670569,0.431376511,0.42179279,7,1.861124531
-49.5376991,0.197286144,0.415488578,0.408951867,8.5,15.0869851
-63.57766838,0.059150437,0.397852048,0.452372152,10,1.92282949
-58.46873957,0.104461687,0.385796956,0.462503061,8.5,1.804032807
-65.25525705,0.04880709,0.397722852,0.457289173,8.5,1.912331629
-74.16067191,0.016785626,0.582683171,0.24562174,7,1.162723785
-62.04588706,0.071309031,0.371299369,0.490702448,7,1.45415216
-56.47957972,0.1252206,0.39901409,0.437871415,10,2.883560331
-61.37005346,0.076958057,0.371071008,0.489995782,7,1.407616083
-62.2566627,0.069522317,0.371531433,0.490723567,7,1.465264463
30.18093937,0.932983561,0.580232027,0.226320415,7,-18.59258054
-74.57634839,0.016056527,0.627297067,0.193130267,8.5,1.054533326
-49.37175485,0.201772963,0.417768913,0.40511868,7,14.87847617
-65.84428522,0.045387446,0.415173304,0.433536184,10,2.064659263
-73.80168397,0.017532399,0.563175196,0.2677438,7,1.259557785
-71.30697486,0.023725206,0.47482885,0.370843315,7,1.72595322
-52.980623,0.165610058,0.407560797,0.423355056,7,6.479217216
-57.07398129,0.11873473,0.396777701,0.441956284,10,2.528562994
-62.75514877,0.065048204,0.39383184,0.456386834,10,1.869349725
-20.9182797,0.939725877,0.748292821,0.083174548,10,-45.65456007
-41.04181213,0.277195382,0.432529744,0.378544723,7,45.76971524
-74.38120746,0.016485091,0.63021661,0.188197253,10,1.135165583
-71.37761581,0.023468799,0.506292996,0.329896539,10,1.856037379
-58.80510276,0.100312519,0.39118107,0.452809159,10,1.951475105
-50.90527395,0.187907548,0.416200404,0.407687818,7,10.51685365
-54.5813007,0.145860305,0.405929092,0.425231662,10,4.701249397
-66.41712801,0.042534218,0.408648828,0.445083741,8.5,1.959143786
-64.24421111,0.054957767,0.390679757,0.465414914,8.5,1.814603033
-65.56217259,0.046918891,0.41228368,0.436718026,10,2.077359481
-71.87446764,0.022120808,0.505899709,0.332838801,8.5,1.708568441
-74.66042681,0.015835142,0.615414633,0.207745443,7,1.009258418
-61.88844029,0.072510538,0.371034574,0.490707388,7,1.448122078
-71.09259376,0.024308561,0.484897135,0.357107374,8.5,1.825280704
3.445130071,0.986542769,0.709476101,0.128851117,7,-52.94646799
-62.41228493,0.067619261,0.392467067,0.45764146,10,1.852800566
10.63513169,0.669283716,0.492646673,0.290512071,7,213.0760351
-63.34805482,0.060758312,0.396607444,0.453647285,10,1.908206049
-68.03763598,0.035197929,0.414238002,0.442863823,7,1.864805447
-69.88274478,0.028116569,0.458499803,0.387618201,8.5,1.945503856
-74.71323615,0.015744706,0.619361604,0.202499564,7,0.99142637
-67.7990945,0.300173949,0.725789625,0.082806442,7,-49.23342706
-66.03487822,0.044674111,0.39168523,0.468428242,7,1.780956067
-60.07334338,0.087780631,0.389231327,0.457898489,10,1.806631502
-60.49197749,0.083874351,0.389099908,0.458858073,10,1.795419023
-70.90023976,0.02491458,0.465043858,0.382356252,7,1.765377945
-50.68889823,0.190055346,0.416758694,0.406703141,7,11.04705992
-64.59731425,0.052522566,0.404506888,0.445300272,10,1.992206381
-73.25637496,0.127874126,0.712014639,0.097285638,8.5,-17.47214714
-59.8781216,0.090063009,0.381233344,0.470804138,8.5,1.658189123
-74.84270566,0.016138733,0.648338682,0.168945044,8.5,0.921380293
-7.927671814,0.974920371,0.732978074,0.104776467,7,-49.78871115
-65.8387026,0.045737678,0.389898748,0.470566305,7,1.771560521
-62.04463868,0.070867886,0.381565489,0.474218358,8.5,1.65036143
-49.10215733,0.201636767,0.420297529,0.400010541,10,16.06877724
-74.80024748,0.015622098,0.626108918,0.194699557,7,0.961602833
-19.89790289,0.943891041,0.747920936,0.085144638,7,-46.02053268
-71.9801317,0.021833836,0.509002244,0.328961855,8.5,1.693801073
-74.8311414,0.016099841,0.647329664,0.170148835,8.5,0.930031917
-45.38895226,0.237223989,0.425500578,0.391002142,8.5,28.24333639
-54.62451513,0.145549819,0.401321741,0.439333738,8.5,4.679842625
-72.53008686,0.020417584,0.541509964,0.289483456,10,1.638718859
-67.44572178,0.037634759,0.420397276,0.431776821,8.5,1.994734116
-72.09651291,0.021537583,0.51254284,0.325197529,8.5,1.674285566
-56.53496558,0.126743336,0.390843034,0.452759248,7,2.233201013
-73.96993479,0.017169789,0.589151238,0.236882814,8.5,1.246811768
-61.220561,0.077395275,0.389617398,0.459464165,10,1.798832022
-53.84324485,0.587587012,0.741649575,0.071465627,10,-61.7198398
-73.66003935,0.017836201,0.556183661,0.275776243,7,1.295434142
-60.31023678,0.085565659,0.389115913,0.458531937,10,1.80126374
-24.57258402,0.922509571,0.750597321,0.078720758,10,-44.98659051
-68.90606226,0.031606869,0.441254078,0.407585042,8.5,1.989138944
-56.82307354,0.122377026,0.393513623,0.447807585,8.5,2.329515612
-54.50827304,0.147506628,0.40271094,0.431474639,8.5,4.603313872
-65.04378507,0.050035912,0.396253884,0.459144583,8.5,1.875338452
-65.9372812,0.044886172,0.416079028,0.432566857,10,2.069186714
-69.18433582,0.257491296,0.723154687,0.085260233,10,-41.69417978
-53.58215864,0.157242326,0.405812256,0.426024069,8.5,5.978506465
-74.65956343,0.069385359,0.701436384,0.107777698,7,-6.779918208
-12.52811559,0.966022301,0.740232508,0.096499248,8.5,-48.17884773
-56.57835375,0.125028202,0.394181401,0.4466854,8.5,2.569791028
-70.44086692,0.026273133,0.483710718,0.355695148,10,1.978670424
-65.92911266,0.045055785,0.403876732,0.450539806,8.5,1.927745489
13.8617507,0.988466836,0.679079916,0.15624433,8.5,-53.19722168
-64.41915376,0.054088681,0.379572225,0.482747421,7,1.653263549
-68.45891807,0.033360586,0.434301809,0.415611242,8.5,1.99791644
-58.92279472,0.099127302,0.390981099,0.453417424,10,1.922060707
-72.67460078,0.020106184,0.515609332,0.323117106,7,1.515491663
-57.93790737,0.109978954,0.387482719,0.4585594,8.5,1.992608192
-67.76718092,0.036332874,0.410615373,0.445906474,7,1.863570364
-74.00515719,0.017103907,0.606983294,0.214763748,10,1.26284924
-69.44053966,0.029647552,0.450306627,0.397083901,8.5,1.970564428
-72.35458674,0.020895541,0.504843525,0.335835292,7,1.56825715
-59.79710325,0.09169099,0.37442003,0.482692726,7,1.350294808
-74.87740048,0.031414296,0.685616046,0.125355524,10,-0.683286936
-52.37371571,0.170870969,0.40808844,0.426572311,7,7.94808796
-64.91796552,0.050594418,0.406990134,0.442592085,10,2.012069042
30.89956434,0.903508048,0.561009884,0.240085242,8.5,4.006605462
-71.49838499,0.02317711,0.479835259,0.365001583,7,1.696447673
-71.08215686,0.024376674,0.469375201,0.39130965,7,1.746386578
-55.29197234,0.141150483,0.398822048,0.438691752,7,3.083834216
-73.784235,0.017571353,0.562266912,0.26883224,7,1.266307207
-61.08472237,0.079515424,0.371330993,0.489193854,7,1.390531373
-62.88259062,0.064078781,0.394381449,0.455864666,10,1.874673101
-67.90645261,0.035622046,0.42639982,0.424682534,8.5,2.001632835
-55.76093597,0.136122676,0.396987128,0.44191723,7,2.563637653
-61.99351027,0.07090335,0.390920387,0.458872783,10,1.859866438
-70.80966469,0.025119649,0.49212142,0.346097659,10,1.931520061
-49.00605168,0.202930879,0.41768904,0.405234881,8.5,16.44130365
-62.16230328,0.069553687,0.391436955,0.458348624,10,1.863945105
-71.35206535,0.023589981,0.47602034,0.369496525,7,1.716406178
-75.04150375,0.018968628,0.669017241,0.145502871,8.5,0.582806542
-68.71817673,0.032257535,0.451437988,0.39277594,10,2.100413622
23.94990566,0.787149279,0.520332796,0.265977035,10,125.6097739
-74.96808212,0.015580592,0.640348306,0.1775795,7,0.881386076
-15.12027952,0.479393685,0.461652276,0.327013683,7,175.5724944
-69.47350352,0.029597828,0.436215176,0.416223182,7,1.86611038
-68.17688563,0.034487323,0.430154601,0.420380168,8.5,2.002761427
-54.07255325,0.152137028,0.404273389,0.428715824,8.5,5.207783103
-64.9812623,0.050406649,0.395795097,0.459772338,8.5,1.868855531
-50.51496299,0.188368337,0.414437226,0.410867476,8.5,12.3301294
-70.61977515,0.025730659,0.473872138,0.369585501,8.5,1.875073904
-17.44616293,0.952564411,0.745578671,0.088617132,7,-46.66143223
-56.2545491,0.127673961,0.399841266,0.436259843,10,3.044286996
-62.79597455,0.064769683,0.393999159,0.456218212,10,1.874284712
-29.09702573,0.894592192,0.752937838,0.074871785,8.5,-44.54979392
-59.03762143,0.097936852,0.39064423,0.45407172,10,1.91353852
-70.56374385,0.02587437,0.486465134,0.352470713,10,1.961402124
-69.83703706,0.028271397,0.45771199,0.388540582,8.5,1.93950549
-70.91763874,0.024792994,0.494721255,0.343151859,10,1.914703905
-67.06847549,0.039491225,0.402191451,0.456095409,7,1.840033782
-64.07828826,0.056306734,0.377621745,0.484689384,7,1.62885377
-72.86121752,0.019620435,0.553688869,0.275684701,10,1.565510893
-41.47156538,0.271098815,0.430320518,0.38221572,8.5,44.35452837
-62.28027609,0.068987466,0.382093434,0.473862504,8.5,1.665504932
-54.35508732,0.148291317,0.406717948,0.42394172,10,4.991290287
-75.0808006,0.015891837,0.651011383,0.16545162,7,0.804060077
-26.19129224,0.395028579,0.449316955,0.347107168,8.5,121.1167789
-56.07931501,0.130456083,0.396275838,0.442925012,8.5,2.949368762
-62.18878403,0.070093124,0.371550245,0.498219419,7,1.484821192
-59.49775406,0.093340983,0.389819512,0.456071641,10,1.853193575
-71.26619308,0.023785508,0.503367694,0.333241303,10,1.872945793
-57.52370363,0.114687366,0.390294673,0.453640322,8.5,1.997075002
-74.89232039,0.023455854,0.677088832,0.135041666,10,0.226421036
-62.00079424,0.071222653,0.3814791,0.474266705,8.5,1.647698134
-68.89560518,0.031581873,0.454327374,0.389226446,10,2.092821605
-64.37671646,0.054357403,0.379309424,0.482827068,7,1.650408528
-57.55334507,0.113400766,0.394670602,0.445747977,10,2.349807762
-59.66875488,0.092111525,0.382093716,0.469378051,8.5,1.609418191
-54.60657433,0.146456832,0.402347753,0.432116749,8.5,4.475409991
-71.65263941,0.022722171,0.499539942,0.340214988,8.5,1.74671586
-69.07778241,0.030963619,0.444047685,0.404314565,8.5,1.98647357
-61.51129075,0.075279569,0.380714545,0.474751464,8.5,1.629284819
-63.56654339,0.059217803,0.397797702,0.452405077,10,1.920409026
-72.85544244,0.01963427,0.553467085,0.276228336,10,1.566817299
-59.45210867,0.094404313,0.382684689,0.468252857,8.5,1.64153056
-57.1875115,0.117507298,0.396368168,0.442675392,10,2.469812513
-74.68672215,0.015784617,0.617360062,0.204733005,7,1.000876181
-69.55047693,0.029203346,0.465855911,0.376074795,10,2.048523176
19.3536932,0.744768488,0.510850532,0.272167576,10,165.1226937
-70.79594711,0.025139236,0.49187335,0.346325002,10,1.925063288
-27.95692908,0.382718591,0.450222034,0.345295846,10,110.6036069
-71.31088819,0.023710413,0.474956286,0.370788052,7,1.722964331
-57.58118826,0.113220185,0.394895421,0.445481975,10,2.300961803
-66.53009643,0.042132128,0.396372549,0.46379637,7,1.820298784
-60.78616738,0.081215299,0.389186088,0.45923573,10,1.795228146
-63.88572674,0.057315014,0.388550787,0.467704218,8.5,1.7885302
-56.39636007,0.12614384,0.399352643,0.437166033,10,2.9366879
-66.5708221,0.041637783,0.422693557,0.425096595,10,2.095037134
-74.68310192,0.050143046,0.695660643,0.114195826,10,-3.234015725
-71.85043131,0.022166663,0.519579997,0.31479415,10,1.77440215
-67.96768933,0.035271934,0.440214342,0.419028518,10,2.119414138
-74.1967011,0.016715423,0.584807683,0.242707144,7,1.152040376
-57.37334671,0.117687247,0.386950976,0.459678557,7,1.705657597
-65.82767846,0.045462061,0.414999,0.433694621,10,2.064879327
-74.91395606,0.015532962,0.63553906,0.184061544,7,0.912866575
-63.28655781,0.403474253,0.73205567,0.07766525,10,-59.76945655
-72.84418759,0.019675492,0.53806424,0.29570689,8.5,1.526533606
-68.78018398,0.032180533,0.424979704,0.429343045,7,1.865553038
14.2408097,0.988031986,0.676577095,0.156063808,10,-52.9373062
-52.11406197,0.171877437,0.409212434,0.41999402,8.5,8.823988593
-60.34137131,0.086373621,0.372733309,0.48585286,7,1.352462436
-56.58164134,0.124992868,0.394167369,0.44669891,8.5,2.567379342
-45.57367294,0.717921868,0.747945882,0.069085319,10,-53.52618167
-70.68193733,0.025581929,0.4601051,0.388007126,7,1.785358168
-67.07000022,0.039353758,0.415848529,0.436827145,8.5,1.984658107
-58.40531495,0.104462092,0.392271677,0.45071181,10,2.034779812
-50.16573045,0.19134822,0.418184228,0.403653326,10,13.17858665
-67.37414741,0.037855113,0.432254898,0.414298436,10,2.111132282
-62.89155104,0.064006092,0.394431328,0.455782128,10,1.873260002
-58.96439706,0.098687494,0.390835749,0.453812381,10,1.922731714
-59.03074557,0.098669912,0.383932976,0.465714901,8.5,1.686818644
-66.62637541,0.041488361,0.410861583,0.442550258,8.5,1.968413275
-66.4815911,0.042077052,0.421726066,0.426205014,10,2.090558386
-27.91982104,0.902618287,0.752577562,0.075868936,8.5,-44.54133211
-67.71076218,0.036373359,0.436664041,0.409302969,10,2.113166914
-74.34602559,0.01642835,0.611557505,0.211091149,8.5,1.133405276
-55.85450716,0.135494807,0.397415679,0.440970129,7,2.381171437
-66.10212988,0.044161357,0.405526841,0.448831252,8.5,1.939021084
-28.94367654,0.89554462,0.752178455,0.074517156,10,-44.40601454
-75.21429365,0.030436788,0.685474498,0.125777358,7,-0.895539358
-68.19745653,0.290210105,0.725826489,0.083670594,7,-47.80519625
29.77137345,0.86712887,0.544993151,0.250183099,7,38.61826242
-61.28959018,0.07760856,0.371169741,0.489464883,7,1.387942919
-42.96785107,0.261761201,0.431646992,0.379977189,7,37.06966177
-68.73074644,0.032214151,0.451701396,0.392203986,10,2.093086868
-15.56754897,0.958288859,0.743593802,0.09150262,7,-47.23253758
-63.76852756,0.057825248,0.398860632,0.451329592,10,1.94615515
-59.20578753,0.096128772,0.389968943,0.45524191,10,1.926178372
-61.68188137,0.073849501,0.380962254,0.474473652,8.5,1.6301771
-65.31320133,0.048468939,0.398404346,0.456728325,8.5,1.893871067
-64.45605343,0.053609832,0.392042235,0.463818683,8.5,1.830707206
-17.8362198,0.458081677,0.45822582,0.332205907,8.5,163.5719972
-67.7105058,0.036379808,0.436652944,0.409325339,10,2.114152862
-75.02807793,0.018549226,0.66731767,0.147315432,8.5,0.625120155
-61.55996058,0.074875471,0.380816185,0.474478633,8.5,1.624440242
-58.51279414,0.105103349,0.380441385,0.471554657,7,1.42109814
-62.40836188,0.068411325,0.371787646,0.490410035,7,1.483900961
-65.01257209,0.050039569,0.407740467,0.441794644,10,2.019867655
1.563057855,0.9853642,0.714079966,0.124549614,7,-52.54984157
-61.54782491,0.075385216,0.370704448,0.490648217,7,1.452828918
-71.98610097,0.021827142,0.509172599,0.329336398,8.5,1.693801667
-61.3046537,0.07756111,0.371168948,0.489832806,7,1.399950667
9.105765845,0.988213264,0.693518418,0.142017074,10,-53.56271291
-60.41233863,0.085106468,0.380847599,0.472534921,8.5,1.600131011
-72.97482958,0.019353819,0.558118719,0.270563515,10,1.541140607
-62.34762794,0.068092099,0.39245983,0.467446815,10,1.860036603
-74.28758384,0.016531748,0.590297669,0.235947478,7,1.126040586
-59.37508586,0.095140668,0.382814499,0.46799078,8.5,1.655821196
-2.71890118,0.571269197,0.477783394,0.304274847,10,214.0153998
39.46158973,0.866901556,0.491824724,0.358352968,8.5,30.2661121
-54.22403216,0.150531329,0.403738581,0.429659511,8.5,4.990719239
-54.89563623,0.142471285,0.404844158,0.427241509,10,4.32469817
-55.52530746,0.13561009,0.402520329,0.431431172,10,3.667632769
-65.12458302,0.049568707,0.396856724,0.458500857,8.5,1.884426998
-64.8143916,0.051403189,0.394534008,0.461086251,8.5,1.858276998
-61.2832191,0.077249181,0.380589555,0.474343549,8.5,1.613812998
-70.0733234,0.027538989,0.447419597,0.402940926,7,1.830450622
-29.50270087,0.891532841,0.752284952,0.074067764,10,-44.38553581
-70.97833269,0.024682794,0.466870194,0.379730026,7,1.757189735
28.56299659,0.957118948,0.601535771,0.21273958,8.5,-34.13122847
-66.3137928,0.043212666,0.394264286,0.46548343,7,1.802835465
-63.6981161,0.058576629,0.387554793,0.4686536,8.5,1.771509218
-74.81242771,0.016051983,0.64572612,0.171982572,8.5,0.942652111
-59.74997328,0.091459229,0.381957427,0.469814451,8.5,1.621040743
-74.38211095,0.077132549,0.703800777,0.106143989,8.5,-7.901798602
-58.08312373,0.107831571,0.393163315,0.448874723,10,2.13247758
-63.83781379,0.057623166,0.38831362,0.467871013,8.5,1.780623769
-28.42231907,0.899462985,0.752307575,0.075393008,7,-44.66510166
-70.64864711,0.025606732,0.488397685,0.350381303,10,1.950192516
-57.01651779,0.121844632,0.389476101,0.455384349,7,1.809813529
-55.58223122,0.135925743,0.398499403,0.438944193,8.5,3.377054242
-61.5693302,0.075276942,0.371077853,0.49024226,7,1.417684577
-64.98366692,0.050613598,0.383164935,0.478377397,7,1.706607468
-70.47099867,0.026198372,0.470625701,0.373368381,8.5,1.887758272
-63.78277727,0.058263885,0.376171937,0.486201593,7,1.600152059
-60.77421237,0.081317941,0.389199551,0.459304785,10,1.792468612
-44.73899312,0.241075492,0.424229876,0.397943284,8.5,31.37015504
-63.88614557,0.057307387,0.388566539,0.467584142,8.5,1.7864697
-18.60848639,0.948263921,0.746861273,0.086822852,8.5,-46.77905877
-58.54238728,0.103714317,0.385583592,0.46249837,8.5,1.77565289
-74.84437907,0.019563936,0.668635875,0.144541504,10,0.638750244
-73.4831509,0.018193583,0.580069849,0.245555795,10,1.4125277
-72.14670692,0.021410487,0.514077983,0.323463026,8.5,1.667871019
-74.87290193,0.015552733,0.632064309,0.18795865,7,0.930668827
-63.33283561,0.061427847,0.374293215,0.488167103,7,1.562018852
-67.14406549,0.038922908,0.429351401,0.417660401,10,2.112081105
28.59301265,0.954601903,0.599449126,0.213312852,7,-32.07271462
-63.26238405,0.061330907,0.395909058,0.454197596,10,1.932304974
-43.09630426,0.256923073,0.430393906,0.38180234,10,37.06536916
-61.22263481,0.078264182,0.371184888,0.489639277,7,1.397671914
-75.08517184,0.023984297,0.67926661,0.133847292,8.5,0.057754777
-75.24822217,0.020760522,0.674079264,0.139533101,7,0.252799388
-56.32889566,0.127427098,0.394413919,0.446103299,8.5,2.847776041
-59.51583959,0.093769011,0.382518097,0.468617903,8.5,1.63649104
-69.7042291,0.028782884,0.440567132,0.423871534,7,1.841313037
-64.59848391,0.052722222,0.393004127,0.462759429,8.5,1.841752234
-53.4257375,0.59443179,0.742023853,0.071346592,10,-61.58603829
-63.8558544,0.057779757,0.376476127,0.486599086,7,1.613478878
-75.05010595,0.031080372,0.686317352,0.125800245,8.5,-0.822766985
-69.05631158,0.031043285,0.443689939,0.404729796,8.5,1.987240962
-75.2024965,0.017702561,0.665375452,0.149784706,7,0.569726722
-72.60053463,0.020281916,0.513081692,0.326145182,7,1.524082145
-71.65068024,0.022704688,0.513816161,0.321281871,10,1.807639187
-55.56498564,0.134971273,0.401869054,0.432491342,10,3.694253398
-64.43388575,0.053979505,0.379580904,0.49159031,7,1.680728078
-54.75958146,0.143670244,0.40470481,0.427455444,10,4.5651469
-52.66615726,0.16677461,0.408766098,0.420844486,8.5,7.572584748
22.29526395,0.767836158,0.513999868,0.272358037,8.5,145.8872683
-55.21772381,0.142044205,0.399351413,0.437712896,7,3.139739571
-65.73303206,0.045970942,0.414091229,0.434755461,10,2.060529231
-51.41672482,0.17884975,0.415205576,0.408909097,10,10.20239548
-54.036272,0.154918037,0.404623504,0.428384991,7,4.61603756
-60.76987058,0.081790788,0.380511568,0.473662043,8.5,1.607057313
-65.60139207,0.046698695,0.412699014,0.436350496,10,2.072995835
-7.449606465,0.975622713,0.731417113,0.105222491,7,-50.02980706
-48.97672791,0.20295209,0.420731608,0.399196722,10,16.39702773
-73.39242285,0.018412523,0.560550083,0.269775538,8.5,1.400070341
-74.6185489,0.015901739,0.612352138,0.210724493,7,1.023737893
-61.43736603,0.075464027,0.389953689,0.459357287,10,1.796070771
-74.41425518,0.016453726,0.632460921,0.185708525,10,1.122228971
-71.41576262,0.023381033,0.493196891,0.362800496,8.5,1.777751648
-54.7698259,0.146701694,0.400832554,0.435133582,7,3.724630243
-71.7531505,0.022423399,0.516780823,0.317874571,10,1.786475613
-37.48454245,0.303245222,0.434542151,0.378600048,8.5,63.53781491
-74.60731827,0.015920157,0.611542545,0.211748838,7,1.027548796
-65.90263467,0.045055643,0.415725437,0.43291248,10,2.068523201
-51.28602984,0.18074395,0.4125555,0.414143674,8.5,10.47103155
-60.52343653,0.084071964,0.380736086,0.472879839,8.5,1.599638966
28.22022641,0.837840808,0.534062778,0.25805833,7,70.73468291
-63.43568156,0.399957472,0.731854078,0.077903485,10,-59.52971609
-71.27216652,0.023793807,0.489358808,0.352032788,8.5,1.805623429
-46.15166775,0.231776005,0.423916446,0.394285532,7,25.30584079
-52.08978676,0.174713076,0.41032407,0.41848848,7,8.227770781
-56.66829538,0.12404257,0.393780109,0.44739572,8.5,2.511364031
-74.85982354,0.033637971,0.68736662,0.123505577,10,-0.990723817
-55.71480992,0.134743941,0.398602391,0.438572246,8.5,3.161611417
-49.41065102,0.199013842,0.416754712,0.406766236,8.5,15.28954023
-74.25889376,0.016587881,0.588539952,0.239704855,7,1.134514605
-61.91315007,0.072323945,0.37116103,0.490645579,7,1.439248787
-62.17518709,0.069447298,0.391747015,0.458209744,10,1.829053229
-68.88477248,0.031630092,0.45421896,0.389445673,10,2.08571852
-51.18570399,0.181008274,0.415426282,0.408449134,10,10.77007612
-63.18028322,0.062536414,0.373779967,0.488874072,7,1.546902874
-58.2924715,0.107449446,0.381593837,0.46957812,7,1.457939201
-50.18064058,0.191594773,0.415114146,0.409661208,8.5,13.20167923
-59.8326568,0.091216781,0.374314447,0.489280923,7,1.39160347
-72.26760612,0.021095245,0.51797211,0.319020015,8.5,1.640878843
-67.62153717,0.036762637,0.435478949,0.410673798,10,2.112104002
-25.99509563,0.914626851,0.75165742,0.077595679,8.5,-44.72948713
-50.2994806,0.193403012,0.416808677,0.406809083,7,12.17936417
11.24907126,0.988634176,0.687694841,0.148720968,8.5,-53.4911463
-9.473156203,0.972248932,0.735864589,0.101933505,8.5,-49.20550173
-67.45674154,0.037492449,0.433300153,0.413125187,10,2.113614737
-53.4833662,0.158323956,0.406249403,0.425233497,8.5,6.12209797
-74.60090958,0.05561894,0.697459145,0.112011273,10,-4.088900412
-55.522493,0.136575215,0.398746424,0.438504487,8.5,3.435467466
-59.45070439,0.094305747,0.382666395,0.468263055,8.5,1.62647131
-54.79114723,0.144180447,0.40095216,0.434531769,8.5,4.331540812
-59.77111277,0.090566863,0.389606811,0.465222206,10,1.872598004
-72.20701515,0.021230956,0.530638877,0.302018439,10,1.703900577
-70.02228522,0.027702222,0.446392257,0.404297305,7,1.836178539
-56.5887107,0.124915412,0.394135917,0.44675466,8.5,2.562704899
-73.39898047,0.018383456,0.576192833,0.25005808,10,1.433779398
-59.28791997,0.096018194,0.383050903,0.467459257,8.5,1.665642526
-58.86432802,0.101316732,0.378752252,0.474715584,7,1.353463428
-73.57225911,0.018006748,0.58431933,0.240605363,10,1.387454781
-72.1030027,0.174352239,0.716721535,0.092234317,7,-27.04570919
-69.68755511,0.028746256,0.455061741,0.391312032,8.5,1.931007265
24.1573861,0.788625179,0.520343506,0.26623319,10,124.4049398
-67.11362317,0.039044733,0.429015408,0.417988079,10,2.10696531
-74.63116758,0.015877215,0.613261983,0.209612987,7,1.019850723
-68.3094695,0.033943143,0.432080374,0.41815073,8.5,2.00047212
-59.57129902,0.093922334,0.375151338,0.481277755,7,1.366618232
-63.80605651,0.058128138,0.376307433,0.486124137,7,1.601108987
30.43536046,0.915218041,0.569741647,0.231848264,10,-5.699539744
-74.28320444,0.016611443,0.623768645,0.195683491,10,1.171797423
-74.76570157,0.017576584,0.659938882,0.154466385,10,0.865640661
-73.30233741,0.018630401,0.539955331,0.296040082,7,1.383855428
-62.97915684,0.063977236,0.373163612,0.489369335,7,1.523573548
-67.62760286,0.036944834,0.408869132,0.447891403,7,1.857545843
-57.17482156,0.119904911,0.388103501,0.457766076,7,1.789221097
-60.53463104,0.083836291,0.380267297,0.473407148,8.5,1.645940034
-50.98891565,0.182775219,0.415496838,0.408401721,10,11.28847274
-59.10708458,0.097786736,0.383696023,0.466115652,8.5,1.65707478
-44.08253132,0.246920488,0.425278482,0.396008196,8.5,33.94915808
-69.33359861,0.029978151,0.461870984,0.380546242,10,2.067265159
-59.27192825,0.096214286,0.383188457,0.467211638,8.5,1.658330238
-74.4224302,0.01626377,0.59886622,0.226150107,7,1.085986123
-64.20636854,0.055457436,0.378344671,0.483876899,7,1.635691397
-59.78999691,0.090483842,0.389442713,0.457265824,10,1.828580411
-62.39880241,0.068028023,0.382365146,0.473907285,8.5,1.676169421
-34.34218978,0.332849968,0.441224363,0.362360914,7,78.022959
-32.1097332,0.871243577,0.752654105,0.07221554,10,-44.72058016
8.943877518,0.654887263,0.489462473,0.29369064,8.5,218.3119523
-25.07072093,0.919795571,0.750815463,0.078187432,10,-44.77878538
29.32598015,0.945420151,0.591528647,0.217227579,10,-28.36110739
-73.46279717,0.018246926,0.579129653,0.246568009,10,1.416987546
-66.95169466,0.039825648,0.427053053,0.420209507,10,2.106442447
-66.3209445,0.043056278,0.407680346,0.44701187,8.5,1.954573633
-61.91411724,0.07238321,0.371194811,0.490625714,7,1.442500328
-72.83910699,0.019672401,0.552815798,0.276566804,10,1.572991553
-71.46813324,0.188538684,0.717783616,0.090350398,10,-28.91591547
-72.33591805,0.020908534,0.534808736,0.297346721,10,1.684600341
-51.47147118,0.178250127,0.414965391,0.409363033,10,10.10167029
8.321021213,0.988496601,0.696241569,0.140792965,7,-53.43532845
-27.05753339,0.345095752,0.383891785,0.479880573,7,142.1163371
-56.41833459,0.126782766,0.394892637,0.445406216,8.5,2.67917507
-74.75484799,0.015971364,0.640952897,0.177443273,8.5,0.976072538
-73.95349192,0.017212176,0.571089218,0.258369914,7,1.219679293
-58.25976781,0.107918258,0.38227682,0.468059773,7,1.392889403
-64.9064513,0.050851505,0.395230279,0.460402179,8.5,1.863477548
-66.72283537,0.041042869,0.411834062,0.441420837,8.5,1.981298281
-65.63541077,0.046843122,0.388175114,0.472601765,7,1.755735099
-68.07944185,0.034998592,0.414744148,0.441503618,7,1.870009392
-65.43560712,0.047969443,0.386576647,0.474387125,7,1.73849822
-48.13934743,0.21367789,0.42072832,0.399932313,7,18.51739817
-64.23321913,0.055300058,0.378491636,0.48375898,7,1.63930035
-23.08978104,0.930067676,0.750503994,0.080982717,8.5,-45.17212429
-60.02693893,0.088765483,0.381403179,0.471087599,8.5,1.60829149
-72.98789181,0.019353358,0.527216593,0.308989342,7,1.45026625
-53.98585691,0.152186172,0.407836397,0.422063617,10,5.517815872
-48.01454588,0.212207295,0.422673455,0.395725545,10,19.25805296
-67.87298545,0.035769355,0.425977959,0.425506167,8.5,1.998523986
-15.7216102,0.957797402,0.743468745,0.090697027,10,-47.10741715
-62.58588545,0.066981499,0.372131313,0.490100426,7,1.494393354
-67.57524851,0.037072357,0.422088268,0.429652361,8.5,1.992185053
-66.27449869,0.043132297,0.419502224,0.429600056,10,2.085379523
-73.0552097,0.01917971,0.546274556,0.286460608,8.5,1.479909028
-66.11640469,0.044076507,0.405626091,0.448535987,8.5,1.943439385
-56.27609936,0.130216242,0.393784996,0.44761504,7,2.227565874
-74.09328541,0.016940035,0.611863684,0.209228257,10,1.256728882
-74.56418523,0.015997704,0.608481217,0.215002772,7,1.041555625
-62.03711138,0.071358365,0.371262156,0.490640274,7,1.45409597
-72.99921901,0.019309985,0.544045156,0.288806799,8.5,1.492558881
-31.19779835,0.356895075,0.44629608,0.352468667,10,93.74705141
-35.32816238,0.325487326,0.440856337,0.363022784,7,72.78792198
-74.73038142,0.017173311,0.656675763,0.158052014,10,0.917543617
-72.79036802,0.019825557,0.519830859,0.317518921,7,1.487461452
-75.05253284,0.019928697,0.67128145,0.142389403,8.5,0.476565092
-61.50585204,0.075334664,0.38076045,0.474468528,8.5,1.622090757
-61.83714704,0.072544041,0.381140206,0.474691244,8.5,1.64405301
-36.20229429,0.833752336,0.751766946,0.070248421,7,-46.40479493
-72.04619876,0.021666916,0.51102929,0.326914888,8.5,1.680020795
-61.4516867,0.075796656,0.380710574,0.474467887,8.5,1.619916992
-71.18322223,0.024082428,0.471732349,0.37442562,7,1.741281292
-74.10182599,0.084071565,0.704563138,0.104187673,10,-8.877738103
-39.62281933,0.287110788,0.433217878,0.376913922,8.5,52.6096058
-1.739867744,0.982670226,0.721048176,0.116507877,10,-51.74543745
-64.86905836,0.051302755,0.382368148,0.479293808,7,1.697601877
-73.46565333,0.018263312,0.547119029,0.287718967,7,1.344769298
-61.34281017,0.076249462,0.389786376,0.45943071,10,1.792759167
-72.44743618,0.020641978,0.523906012,0.312047354,8.5,1.607256721
-58.83138869,0.100652159,0.384649401,0.464286998,8.5,1.694232464
-66.64512065,0.041395797,0.411064219,0.442317866,8.5,1.969181144
-74.79635694,0.016026707,0.644370545,0.173519612,8.5,0.952741973
-58.34276304,0.106718264,0.381124417,0.475881827,7,1.530924022
-59.41158613,0.094126606,0.389760186,0.455833326,10,1.88216236
-64.72616064,0.051938408,0.393883453,0.461586496,8.5,1.852800898
-73.59760336,0.017953153,0.585550654,0.240677793,10,1.38050642
-12.00970275,0.967167181,0.739177225,0.09719223,8.5,-48.38292535
-46.79069511,0.222555715,0.424069414,0.398840511,10,23.61152383
-65.65360569,0.046749715,0.388335895,0.472571321,7,1.756728573
-33.31950272,0.860996801,0.752531843,0.071385868,10,-45.06573531
-70.48030379,0.02613136,0.484609026,0.370543364,10,1.974868057
-21.81154715,0.935867141,0.749603526,0.082559842,8.5,-45.42030575
-73.37520376,0.018451667,0.559775575,0.272033003,8.5,1.405126105
-22.65954951,0.932141197,0.749107089,0.081162961,7,-45.39002033
-71.94164518,0.021941139,0.507874255,0.331036356,8.5,1.698292912
-62.68298783,0.065544494,0.393485998,0.456654161,10,1.867807486
-64.99560528,0.050513903,0.383190964,0.478301967,7,1.711828295
-61.03485538,0.079935274,0.371330273,0.48892477,7,1.390404455
-60.75053676,0.081963969,0.380532389,0.473565974,8.5,1.604602524
-73.35823856,0.018501859,0.542400162,0.29175736,7,1.367507079
-56.72807595,0.122514398,0.398091848,0.439513362,10,2.721031736
-64.74535014,0.052024912,0.381443814,0.480351222,7,1.695402482
-72.67722054,0.020058942,0.546784088,0.283514567,10,1.606790234
-58.6924688,0.102171832,0.38509983,0.46343395,8.5,1.739560134
-43.8215102,0.250465389,0.429281172,0.383830669,10,34.16327651
-33.06487863,0.343202036,0.442815352,0.35935303,7,84.58559508
-69.9178696,0.028048336,0.444439759,0.406439546,7,1.836824508
-65.6092357,0.046645731,0.412932068,0.436045522,10,2.054164418
-12.22289396,0.966755366,0.740982864,0.097893609,7,-48.21201505
-61.63884811,0.07413043,0.380615347,0.474597729,8.5,1.656022883
-67.7979694,0.036003129,0.437842131,0.407965136,10,2.113874455
-28.05442483,0.381366196,0.44938125,0.346692898,10,110.3534021
-70.75084718,0.025330197,0.476772516,0.366530763,8.5,1.867226272
-56.13965104,0.128912629,0.40024922,0.435674217,10,3.136995652
-58.49075627,0.104290032,0.385856269,0.46198421,8.5,1.779067093
27.27677291,0.9645497,0.61132382,0.20524394,8.5,-38.07594827
-56.5290889,0.12556918,0.394401594,0.446277352,8.5,2.602410633
-61.22899896,0.077721597,0.380562108,0.474292862,8.5,1.612163071
-57.63235583,0.113459352,0.389339788,0.455539764,8.5,2.042052326
-71.38870889,0.023433234,0.506625317,0.330730935,10,1.850602132
-3.281140794,0.981224878,0.726258124,0.115152514,7,-51.09770635
-66.82291741,0.040404257,0.425597498,0.434739851,10,2.10838274
-59.91366862,0.089683646,0.381108784,0.471162921,8.5,1.660654416
-73.3981259,0.018399808,0.560805099,0.269481619,8.5,1.398661325
-57.53345378,0.114570699,0.389877507,0.45448848,8.5,2.067897263
-61.39132521,0.076245429,0.38028448,0.474804197,8.5,1.65875913
-73.27524247,0.018676098,0.555414469,0.275787503,8.5,1.428602581
-64.18138096,0.055362087,0.390292698,0.465728255,8.5,1.809281777
17.78723284,0.986026095,0.662629527,0.166748317,10,-51.5939179
-65.65688423,0.046538624,0.401345593,0.453403447,8.5,1.916148465
-70.28242693,0.026757689,0.48033086,0.359556428,10,1.991239485
-71.05158154,0.024399447,0.497980592,0.340589217,10,1.898313523
-65.41064211,0.048108076,0.386367353,0.474722961,7,1.73776595
-71.84828141,0.022191227,0.505132708,0.33399538,8.5,1.713146134
-63.51769408,0.060173897,0.374988856,0.487584916,7,1.585375745
-24.63086801,0.922246179,0.751396366,0.079215202,8.5,-44.9236299
-68.39274004,0.033608062,0.433283406,0.416742795,8.5,2.00174465
-72.69427497,0.020037088,0.532501714,0.302201526,8.5,1.560782338
-73.78761605,0.017546507,0.595132399,0.228243368,10,1.327376471
-65.36926552,0.048155346,0.398672948,0.456219254,8.5,1.918741129
-74.26918571,0.01657326,0.606748826,0.21720238,8.5,1.151628469
-57.24495746,0.116734519,0.395769318,0.443638802,10,2.487438977
-65.5102414,0.047357423,0.400093266,0.454941568,8.5,1.903995186
-57.77201372,0.111965567,0.389040669,0.455902572,8.5,1.930628595
-54.44190034,0.148058635,0.402650292,0.431969295,8.5,4.738092942
-60.7923559,0.081138608,0.389217274,0.459205316,10,1.788614761
-66.54566732,0.041927748,0.410032955,0.443534693,8.5,1.96256362
-6.955087917,0.976399307,0.731223705,0.106094173,10,-50.16696355
-59.50787225,0.093154848,0.389835432,0.456033739,10,1.833212746
-50.6670284,0.186794794,0.413910983,0.411813468,8.5,11.97918662
-15.60232596,0.958149661,0.743289539,0.090851164,10,-47.18526028
15.14791121,0.987919101,0.674098057,0.159834196,8.5,-52.81702835
-69.91962463,0.028043598,0.444387051,0.40653134,7,1.844498735
-55.47427487,0.136000216,0.402302438,0.431699629,10,3.767933609
-74.64460391,0.01599351,0.632352217,0.187346356,8.5,1.026626368
-49.98388704,0.652503829,0.744955236,0.070411793,7,-59.16270395
-60.73343415,0.082676238,0.371792071,0.488114846,7,1.376257958
-60.48854994,0.07340045,0.323847918,0.593513811,8.5,6.900355179
-71.69758984,0.022598066,0.500829823,0.33869454,8.5,1.736535777
-63.57273231,0.059726218,0.375283382,0.487237301,7,1.578618112
-42.34100593,0.762260924,0.750348518,0.069275835,8.5,-50.64771911
-54.16411456,0.150311227,0.407304189,0.42288363,10,5.255097503
-58.88439028,0.099519714,0.391071122,0.453220631,10,1.928425128
-58.5094337,0.104093094,0.385784553,0.462120865,8.5,1.775140688
-61.68406363,0.073831261,0.380965126,0.47447202,8.5,1.630280405
-60.22716791,0.08747899,0.372978532,0.485622754,7,1.362848972
-71.49423385,0.023147877,0.495235448,0.344869106,8.5,1.768137634
-61.37181987,0.076398744,0.38033355,0.474553029,8.5,1.647159414
-73.56461073,0.018018131,0.583925815,0.241145447,10,1.391945899
-60.72349714,0.082771682,0.37182099,0.487977796,7,1.374304013
-61.13627504,0.449349137,0.734619797,0.075880019,10,-62.48881567
-62.90667216,0.063885382,0.394433562,0.455762238,10,1.881696327
-49.75158882,0.198500037,0.417657012,0.40532254,7,13.7044947
-71.19448303,0.024045314,0.472097741,0.373961784,7,1.732193009
-73.62848876,0.017887727,0.587062587,0.237545304,10,1.372054494
-60.63494925,0.08360004,0.37200957,0.48754595,7,1.369067722
-60.96674875,0.079535136,0.389180863,0.459608962,10,1.807956076
-62.23733576,0.068965373,0.391671394,0.458158596,10,1.868237396
-64.30374623,0.054570778,0.390962946,0.465015542,8.5,1.828920613
-74.40943964,0.016293977,0.59802179,0.227233927,7,1.089600086
-66.69286767,0.041310387,0.398070729,0.461099873,7,1.825943924
-58.94000074,0.100477203,0.378029731,0.475907336,7,1.395197186
-7.685483997,0.531483971,0.468073077,0.317964888,8.5,205.1501548
-74.29762831,0.016587273,0.624695058,0.194480371,10,1.166905954
-61.38440338,0.076789139,0.371088195,0.489979318,7,1.400412363
-70.01182189,0.02768425,0.461022614,0.384702779,8.5,1.936466149
-74.36402654,0.016395471,0.612725362,0.209750417,8.5,1.127598211
-73.98708868,0.096608795,0.707492004,0.102119015,8.5,-11.42923358
-51.5544414,0.17746138,0.414844191,0.409577146,10,9.911104942
-63.48617591,0.059756391,0.39748001,0.463385654,10,1.928949086
-74.61705454,0.016010338,0.630276935,0.189772047,8.5,1.039144602
-2.665222876,0.98177713,0.723203736,0.114720596,10,-51.46778616
-57.86568364,0.110174902,0.393942392,0.447294755,10,2.192656166
-69.1023139,0.030812245,0.457835694,0.399873562,10,2.08561942
-62.54736144,0.066909012,0.382822073,0.473283489,8.5,1.684126354
-52.97293778,0.165716444,0.407615592,0.423089097,7,6.48553306
-67.75094588,0.036204729,0.437201043,0.408691489,10,2.113989239
-50.85759146,0.18775653,0.415114738,0.409853809,7,10.82371035
-71.90648322,0.022066,0.491037207,0.351257148,7,1.646646546
-63.860031,0.057744432,0.3765063,0.485751152,7,1.610171049
-71.82362194,0.022283574,0.488715848,0.354468113,7,1.653912958
-48.41297474,0.676585961,0.746718881,0.070070255,8.5,-56.96657343
-75.02835717,0.018582605,0.66742635,0.147255984,8.5,0.618096326
-74.58113316,0.015959276,0.609566996,0.233199415,7,1.04585996
-67.82710574,0.035873599,0.438258103,0.407544465,10,2.111875457
4.69517689,0.987212925,0.706838352,0.131973395,8.5,-53.05867048
-50.56667546,0.187323096,0.417152127,0.405513987,10,12.20144648
-61.42902305,0.075980868,0.380657061,0.474510832,8.5,1.622479485
-73.45123952,0.018294255,0.546498253,0.287244146,7,1.345901689
-72.29333936,0.021031049,0.518801165,0.318026378,8.5,1.636482095
-17.75668097,0.951598717,0.745546953,0.087538983,10,-46.59382903
-58.2501289,0.107722737,0.381627716,0.474927117,7,1.549615429
-71.28346711,0.023786515,0.474282842,0.371531549,7,1.724597587
-54.23073411,0.149332133,0.406479521,0.424269799,10,5.243722044
-65.68187231,0.046242012,0.413589032,0.435317868,10,2.05998596
28.44798387,0.957228479,0.601828333,0.212379245,7,-34.09961807
-75.08010413,0.025549791,0.68117413,0.131673864,8.5,-0.143342134
-73.05273075,0.019167884,0.561271424,0.26693643,10,1.521244742
-68.10379149,0.034894305,0.415083587,0.4406392,7,1.869335008
-69.87636144,0.028087808,0.472073556,0.368979313,10,2.024231654
-71.40367314,0.023413742,0.492823644,0.347979743,8.5,1.781923494
26.31051761,0.809349378,0.524496221,0.265242918,8.5,102.577204
-69.27040622,0.030206303,0.460795239,0.381777155,10,2.066128555
-74.10175431,0.091205455,0.706556715,0.103133061,8.5,-10.42736367
-65.38759845,0.048269073,0.386169642,0.475018859,7,1.739107211
-21.99669126,0.935044132,0.749730998,0.082325597,8.5,-45.37778172
-38.21989288,0.812188795,0.751686161,0.069827542,7,-47.52363229
-65.03120007,0.365775849,0.730264153,0.079631291,8.5,-57.05627905
-73.72020212,0.017695756,0.576045345,0.251924811,8.5,1.315800579
-36.2022758,0.833618524,0.752480563,0.070594693,7,-46.31658507
-73.2752448,0.018663637,0.57067362,0.256185223,10,1.465513966
-71.53379567,0.023024463,0.510599605,0.325084512,10,1.822500038
-56.27912839,0.127396374,0.399730657,0.436497459,10,3.028947164
-74.91435875,0.015554349,0.635612958,0.183043152,7,0.90963963
-66.07142835,0.044180355,0.417306304,0.430973565,10,2.087845936
-58.41614137,0.104349492,0.392229438,0.450689798,10,2.032828902
-65.57185477,0.047008585,0.400596268,0.454280364,8.5,1.910905828
-9.43728883,0.972312157,0.734628569,0.101508724,7,-49.37306874
-59.03581825,0.09945073,0.377525952,0.476926672,7,1.391702646
17.24224382,0.986493433,0.664892552,0.165064106,10,-51.636804
-62.98608137,0.063986052,0.373164084,0.489017324,7,1.530009712
-58.57449122,0.10270018,0.391795009,0.451623898,10,1.99621433
-70.39091821,0.026407237,0.482742744,0.356869545,10,1.970903375
-47.79588933,0.214279546,0.42312872,0.394933798,10,19.91861782
-63.10019552,0.062779772,0.38467844,0.47161041,8.5,1.736535344
-62.58867589,0.06693995,0.372176439,0.490152677,7,1.488890459
-20.41231312,0.941535182,0.748014366,0.083933392,10,-46.03110134
-74.70504038,0.016940959,0.654413363,0.16070548,10,0.950638606
-73.11928761,0.019046191,0.53241931,0.303646843,7,1.420675631
-39.48695617,0.797232235,0.751054886,0.069113887,10,-48.11679159
-63.59412894,0.059288892,0.387024379,0.469207381,8.5,1.763149195
-62.94903508,0.063587227,0.394401964,0.455868427,10,1.913769427
18.25090371,0.986315007,0.661864336,0.169578273,8.5,-51.41647035
-74.72839332,0.017181216,0.6565502,0.158371579,10,0.91530634
-61.32457647,0.077363862,0.371083056,0.489977544,7,1.407657681
-65.80804397,0.045743253,0.402707054,0.45189273,8.5,1.926925778
17.85928201,0.985797258,0.662372629,0.167115381,10,-51.55020264
-63.83597055,0.057381213,0.399490441,0.461534808,10,1.951694865
-63.17057168,0.061947352,0.395484296,0.45472053,10,1.919838172
-72.57367936,0.020312847,0.543052699,0.28785504,10,1.629184522
-60.48713305,0.084291415,0.380697544,0.472907603,8.5,1.594589511
22.45739891,0.980269775,0.641166899,0.183176053,10,-47.86807128
-66.56102127,0.041812744,0.410160581,0.443353313,8.5,1.965684627
-72.33491631,0.020925388,0.52015937,0.316450452,8.5,1.628631807
-68.82350679,0.031920155,0.439897928,0.409107127,8.5,1.99434579
-66.71841326,0.041042919,0.411876066,0.441699606,8.5,1.97130292
-60.4422909,0.084826654,0.380815349,0.472631136,8.5,1.599921773
-56.61775406,0.123719766,0.398508666,0.438744009,10,2.789768213
-58.62733465,0.102679601,0.384786529,0.463606156,8.5,1.81083821
30.3738095,0.888408345,0.555077325,0.242061313,10,17.35385545
-74.42228928,0.016445255,0.63300734,0.185121012,10,1.11948086
-74.17034311,0.016761059,0.616688228,0.224730081,10,1.213608494
-65.66108856,0.046377463,0.413292384,0.435646649,10,2.07170177
-70.92015037,0.024856941,0.465508295,0.381782297,7,1.763212025
-62.51594171,0.067113216,0.382699727,0.473407726,8.5,1.682267953
-55.96070116,0.130906346,0.400995671,0.434170737,10,3.268833535
-72.50466615,0.020523896,0.50974588,0.330458069,7,1.54694123
-7.163898973,0.976082176,0.731508447,0.105648779,10,-50.10191598
-54.023083,0.151788618,0.407698543,0.422180784,10,5.463593749
-25.95285588,0.348124076,0.379484216,0.486929129,10,150.5926873
-63.17708844,0.409439429,0.732612643,0.07780499,7,-61.18776919
-68.41046953,0.033622825,0.419336411,0.435497937,7,1.876937016
-27.8216707,0.903252364,0.752037245,0.075526652,10,-44.48891712
-59.17196335,0.097227677,0.383487502,0.466605449,8.5,1.669294833
-58.66233124,0.102486986,0.385210187,0.463221245,8.5,1.745060238
-54.12903932,0.151538753,0.404074953,0.429065898,8.5,5.125982393
-40.2623426,0.788023485,0.750791224,0.069018581,10,-48.6515411
-68.9642801,0.031387046,0.442171965,0.40648101,8.5,1.990316512
-57.19608377,0.119740351,0.388281525,0.457486865,7,1.737377122
-62.42894892,0.067807434,0.38247535,0.473564309,8.5,1.675058814
-73.72516987,0.017681142,0.591911532,0.232182378,10,1.344941116
-70.76786958,0.211048268,0.719686711,0.0884861,10,-33.22345504
-31.13078404,0.357621832,0.446573076,0.351916647,10,94.04869795
-65.01656958,0.050407065,0.383428042,0.478136919,7,1.705825341
-60.30264491,0.086058578,0.380934254,0.472174859,8.5,1.596612128
-74.31457743,0.01656777,0.625800514,0.193264535,10,1.160296485
-74.83997763,0.036648775,0.689247944,0.121192374,10,-1.32805334
-60.24262481,0.087294992,0.372917514,0.48560848,7,1.359289403
-62.87347108,0.064123755,0.394490853,0.465946464,10,1.889635125
-70.85638826,0.025047165,0.464069944,0.382827314,7,1.766222214
-67.73839035,0.036255232,0.437021075,0.408924594,10,2.115029899
-59.35433219,0.096155776,0.376292613,0.47934241,7,1.342281062
-70.62247984,0.025687109,0.487840711,0.351041647,10,1.949179139
-70.91504078,0.024871445,0.465414991,0.381793292,7,1.761433903
-62.25638662,0.069586858,0.371540568,0.490557652,7,1.46943127
-70.33673451,0.026603959,0.481451652,0.35830248,10,1.990005173
-59.39781683,0.094827672,0.382807549,0.467917483,8.5,1.629435505
-58.96689458,0.100196047,0.377936601,0.476237267,7,1.38915241
-74.47416087,0.064161292,0.699955673,0.109251565,10,-5.37353544
30.71812076,0.906204795,0.563058902,0.238282266,7,1.996085848
-64.90093577,0.051116861,0.382614235,0.478980746,7,1.697709944
-54.25999494,0.5818013,0.741384719,0.071968044,7,-63.04471558
-73.01467039,0.019287968,0.528279675,0.308282775,7,1.442703707
-63.69255727,0.05835945,0.39827273,0.45195248,10,1.95966882
-68.53878287,0.03312025,0.421255896,0.433831307,7,1.873614967
-55.28203427,0.139182811,0.399724987,0.436776653,8.5,3.682567168
-65.02366823,0.050160062,0.395893531,0.459525539,8.5,1.896511262
-61.87353348,0.072689307,0.371100141,0.490729263,7,1.444582287
-57.23014868,0.119423117,0.388175629,0.457715352,7,1.721215199
-75.0539103,0.020003111,0.671496922,0.142151885,8.5,0.468935277
-67.49178336,0.037553895,0.407354536,0.461269308,7,1.846744311
-51.73450994,0.175659458,0.414440819,0.410299697,10,9.516387868
-60.79438708,0.082128506,0.371717135,0.488262455,7,1.376151462
-63.59285773,0.059538232,0.375223259,0.487215621,7,1.592029236
-70.00920224,0.02769296,0.46097078,0.384762684,8.5,1.936658775
-59.8373886,0.090452883,0.38136179,0.470701391,8.5,1.653840395
-57.52845061,0.116245831,0.38710783,0.459469783,7,1.51067793
-74.66505211,0.015979677,0.63390312,0.185570047,8.5,1.017986899
-72.38291083,0.020803523,0.521744418,0.314542786,8.5,1.61954671
-54.37317372,0.148093607,0.406641585,0.424017811,10,4.968199947
-28.22285662,0.900610089,0.752659971,0.075595073,8.5,-44.53448169
-54.69118454,0.147513169,0.401090552,0.434769843,7,3.834888965
-56.68240529,0.123846997,0.393610093,0.447711346,8.5,2.51566106
29.1800296,0.852379801,0.538890808,0.255008119,7,54.12216919
-6.812724613,0.541514336,0.473283538,0.309637259,10,204.1496505
-60.45593579,0.084205471,0.389098131,0.458796112,10,1.796124102
-72.34917267,0.020889472,0.52062727,0.316112793,8.5,1.626059735
30.41233641,0.919015121,0.571904342,0.230286539,10,-8.963927247
-64.07044082,0.056085387,0.389625328,0.46644962,8.5,1.800655154
-74.0952358,0.01691894,0.578913311,0.248724697,7,1.181116492
-64.74464798,0.051825579,0.394017709,0.461636651,8.5,1.854329316
-54.1920973,0.583858709,0.741031068,0.07174599,7,-62.11202759
-64.26996334,0.05505223,0.378648423,0.483512751,7,1.646659479
-61.35220984,0.076585027,0.380470477,0.474406988,8.5,1.628880285
1.43208523,0.985274563,0.714115406,0.124044044,7,-52.5653414
-60.95764423,0.080118514,0.380517284,0.473910319,8.5,1.60454968
-67.15818864,0.039080431,0.403175722,0.454512167,7,1.847147172
-74.32891267,0.016446807,0.592867079,0.233368384,7,1.114067946
-39.88296356,0.792745522,0.751510241,0.069504127,8.5,-48.5742323
-58.18007588,0.107589416,0.387094537,0.459645098,8.5,1.853159603
-74.3935249,0.016320577,0.596986302,0.228422746,7,1.094601168
-74.51798939,0.016084295,0.605277571,0.218740538,7,1.056090321
-68.30621443,0.033878356,0.44511329,0.413720842,10,2.114723397
25.62615169,0.993375416,0.655554208,0.226428932,8.5,-48.64018013
-44.16616028,0.248227743,0.427507434,0.387368169,8.5,32.8979382
-60.29856774,0.086802633,0.372815388,0.485637318,7,1.358232736
-59.81001007,0.090315021,0.389433759,0.457138748,10,1.827107668
-56.78601133,0.534417707,0.738973267,0.072967177,10,-63.5753388
5.126591416,0.987342961,0.705079949,0.132813992,7,-53.19492846
-63.80464956,0.057621588,0.399141203,0.451108813,10,1.943292943
-74.70870393,0.047928748,0.694712922,0.115168728,10,-2.931074529
-74.12853798,0.016846109,0.598164721,0.226726397,8.5,1.200779231
-75.06365975,0.028993819,0.684570321,0.12777637,8.5,-0.563502147
-74.89690501,0.02599621,0.68052483,0.131157133,10,-0.054571654
-66.87651656,0.04041477,0.400023397,0.4588063,7,1.835743861
-70.46587682,0.026174705,0.484343581,0.355036721,10,1.966742017
-54.59904214,0.146884511,0.403120583,0.430542736,8.5,4.389068771
-71.88757244,0.022066203,0.520668339,0.313519952,10,1.769387775
-69.06646599,0.03108069,0.429634294,0.436213489,7,1.855901567
4.140506493,0.986957737,0.708133588,0.130802813,7,-53.05035849
-74.88071534,0.030189651,0.684613828,0.126483683,10,-0.563648972
-68.75472546,0.032183881,0.43880746,0.410366266,8.5,1.996021557
-48.17428262,0.213799636,0.421488102,0.39851744,7,18.26384743
-53.22270132,0.164302921,0.409302296,0.419990111,7,5.697460002
-38.65885172,0.295692166,0.43717731,0.369389075,10,56.46128428
-4.162085643,0.559449035,0.473887867,0.310604055,7,213.169169
-72.79566605,0.019778605,0.551192946,0.278557111,10,1.579882817
-65.81129716,0.045696257,0.402740175,0.451903967,8.5,1.925677264
-71.38205998,0.02347485,0.492255556,0.348602687,8.5,1.785072253
-41.83412349,0.269483416,0.42997905,0.383239565,7,42.60932487
-55.44970627,0.139309572,0.397785234,0.44038894,7,2.956665817
0.113752672,0.590558014,0.478751196,0.304725743,7,220.522166
-65.17944043,0.049245054,0.397105875,0.457982706,8.5,1.907830333
29.71387363,0.944486276,0.588924203,0.221267259,7,-26.53990298
-7.059670374,0.537239236,0.470030212,0.315171151,8.5,206.0295141
-72.66932928,0.020113489,0.515484429,0.323394576,7,1.511244351
-57.16254251,0.117784366,0.396493573,0.4425048,10,2.477568817
-60.53214523,0.464986805,0.736136992,0.075904272,7,-64.03241856
-75.0352153,0.046290278,0.694302697,0.115768828,7,-3.073773387
-52.25048835,0.17037363,0.413070008,0.412689414,10,8.457981816
-70.9206457,0.024797171,0.494752784,0.343106322,10,1.918778326
-56.4828808,0.125189587,0.39900193,0.437721268,10,2.87826101
-71.97086383,0.021870727,0.508687623,0.329715018,8.5,1.699010491
-63.60538002,0.058950586,0.398014705,0.452237705,10,1.923411205
-66.59502239,0.041643648,0.410524225,0.442936692,8.5,1.967113547
-58.33358428,0.107063746,0.381528074,0.469614465,7,1.433669817
-66.00914639,0.044514474,0.41680674,0.431711077,10,2.070975052
-61.81302114,0.073203157,0.371114812,0.490520718,7,1.435017997
29.05876387,0.853066365,0.539729103,0.253603439,7,53.58497594
-62.26126,0.069575383,0.37155523,0.490534455,7,1.471530261
-66.20017559,0.043790354,0.406611305,0.447163069,8.5,1.935996391
-62.64071601,0.066194497,0.383061599,0.473173066,8.5,1.696919504
-64.18615343,0.055108157,0.401591473,0.448461458,10,1.965952374
-64.41684816,0.053856643,0.391784029,0.464101997,8.5,1.827653843
-64.11135622,0.05608475,0.377815633,0.484396978,7,1.629267795
-62.52021835,0.066810367,0.392886971,0.457241041,10,1.856829041
-63.42902299,0.404027132,0.73254812,0.07813791,7,-60.8343403
-56.98441736,0.119704337,0.39709326,0.441321681,10,2.577554863
-63.20519088,0.062015424,0.385220153,0.471061106,8.5,1.731909795
-43.35195202,0.255620125,0.431454819,0.379721306,10,35.75780444
-63.4179508,0.060513578,0.386172138,0.470085138,8.5,1.749074517
28.29369181,0.836022101,0.532846221,0.259308217,8.5,72.79310477
-62.37137474,0.06862242,0.371730621,0.490175551,7,1.471477296
-54.77776029,0.144623882,0.401705161,0.433253682,8.5,4.260165167
-63.24052649,0.062084472,0.373991535,0.488542966,7,1.550215733
-62.22918414,0.069371901,0.381924283,0.474012698,8.5,1.665975544
-47.30191597,0.218906088,0.423952138,0.393485739,10,21.52784183
-67.83959967,0.035927381,0.425749765,0.425399041,8.5,1.97569998
-42.06327109,0.765803082,0.75059824,0.069328891,8.5,-50.44339621
-66.42069674,0.042374843,0.421036784,0.427006352,10,2.091619292
-33.07995245,0.863361796,0.752884378,0.072037797,7,-45.22766957
-60.9877613,0.079849684,0.380515186,0.473962836,8.5,1.605253476
-74.76764317,0.017616886,0.660120317,0.154267393,10,0.862781344
-75.08431386,0.025585395,0.681371807,0.131579872,8.5,-0.1265785
-58.27990711,0.513571008,0.753295384,0.080927432,7,-66.40385222
-60.22125265,0.086838056,0.380935275,0.472015847,8.5,1.615183093
-59.85753126,0.09026029,0.381663946,0.470327913,8.5,1.60175318
-70.27141451,0.02680438,0.466482354,0.378107461,8.5,1.896419269
-73.74644776,0.01763962,0.57736558,0.25040472,8.5,1.308753928
-63.83109519,0.057677099,0.388262722,0.467908507,8.5,1.782221996
-56.29928697,0.128009292,0.395219957,0.444818681,8.5,2.789695275
-73.98965307,0.017135125,0.606104842,0.215691993,10,1.267563968
-57.5110671,0.114004308,0.395201639,0.444869601,10,2.322919709
-74.70837572,0.015749705,0.61898836,0.203142958,7,0.9935054
-62.54748916,0.066507816,0.392776934,0.457367847,10,1.878329183
-59.79852552,0.091700802,0.374519611,0.48264063,7,1.339883409
-54.73738845,0.148009314,0.403163846,0.430872912,7,3.48609942
-70.17013866,0.23462875,0.721190335,0.086950931,7,-38.58754726
-59.92621951,0.089739268,0.381590278,0.470646396,8.5,1.612233381
-48.55386081,0.673579722,0.74581573,0.069609897,10,-57.01286309
-71.81432906,0.02230972,0.488416441,0.354898884,7,1.658381803
-63.04237562,0.062909746,0.395113957,0.455122676,10,1.883561673
-71.63021612,0.022811055,0.48335468,0.360398701,7,1.679787662
-58.17088215,0.108779733,0.382204208,0.468473673,7,1.493859864
-54.87445014,0.145729126,0.400742399,0.435146135,7,3.547885679
-67.58619333,0.036918298,0.434997478,0.411191468,10,2.113506655
-60.935693,0.080219193,0.380436712,0.473990328,8.5,1.603817123
-61.70523699,0.073276103,0.390485733,0.459262322,10,1.812080727
-62.32002884,0.069046493,0.371685575,0.490475372,7,1.465848425
-71.20716789,0.024010769,0.472317501,0.373758294,7,1.739021862
-59.92949584,0.090347941,0.373860988,0.483761539,7,1.359416134
-62.67422376,0.065940255,0.383170964,0.473077078,8.5,1.69913834
-71.21635207,0.023910165,0.502145423,0.334581016,10,1.873431428
-13.26638651,0.964320675,0.740423644,0.094584586,10,-48.00137127
-64.42283951,0.053605821,0.403239732,0.446663084,10,1.980367674
-74.01817786,0.017079691,0.607523016,0.214183728,10,1.278378738
-74.49722977,0.0161219,0.603858257,0.220573035,7,1.062792487
-62.75105005,0.065108529,0.39378706,0.456398,10,1.874894681
25.34306192,0.973691815,0.626489945,0.197024434,10,-43.33806949
-65.67157591,0.046474813,0.401296775,0.45343795,8.5,1.936949173
-60.73407888,0.082680749,0.371856389,0.487902416,7,1.368176311
-62.65739152,0.065813281,0.393427732,0.456707022,10,1.86665106
-43.17647646,0.256525471,0.426718365,0.392847894,7,37.40902893
-73.67270871,0.017797812,0.573688111,0.25463921,8.5,1.32843554
-59.22587751,0.097519011,0.376798584,0.478273229,7,1.363279118
-70.38067939,0.026530804,0.453695071,0.395116908,7,1.804262904
-74.75729228,0.017528266,0.659231468,0.155235864,10,0.871211302
-64.62875041,0.052527329,0.393217849,0.462543798,8.5,1.843204785
-71.7808209,0.022372239,0.503190499,0.335967725,8.5,1.723457632
-72.55561629,0.020373882,0.527614671,0.307766281,8.5,1.586110811
-57.30212238,0.116212289,0.395821801,0.443686922,10,2.430250599
-52.4100682,0.612730089,0.744631362,0.071760888,8.5,-61.38679553
13.09038132,0.988680374,0.681648054,0.153874706,8.5,-53.29485242
-70.31549148,0.026651446,0.481091221,0.358480922,10,1.981771399
-67.67606424,0.036734099,0.409454783,0.447717705,7,1.861561743
-74.64699355,0.01599831,0.632537781,0.186685832,8.5,1.025163229
-74.41337081,0.016307777,0.615977877,0.206017243,8.5,1.111414918
-74.83391542,0.016110643,0.647573198,0.169820321,8.5,0.927783877
-64.10354908,0.055871145,0.389596749,0.466247868,8.5,1.828176504
7.407172725,0.988013297,0.698528161,0.137636894,10,-53.52107738
-68.61294787,0.032674425,0.44993586,0.394234726,10,2.085511426
-73.6460694,0.017855316,0.572383473,0.256141715,8.5,1.335457818
-4.219581034,0.560324639,0.476069838,0.306250791,10,210.8968601
-59.29694482,0.095214787,0.389797125,0.455686252,10,1.914981505
-70.45290392,0.026300457,0.45520984,0.393337148,7,1.798900402
-72.5513506,0.020405971,0.511350507,0.328248372,7,1.536641795
-60.09298828,0.088060798,0.381134149,0.471514878,8.5,1.618342453
-39.0656949,0.802140213,0.751239876,0.069202308,10,-47.82410498
-24.88412478,0.405063612,0.450754009,0.344570571,8.5,127.9809897
-59.97054854,0.089861913,0.37384749,0.490266203,7,1.390806805
-66.99454913,0.039841079,0.401365472,0.457066619,7,1.836591665
-56.91262193,0.123015285,0.390088802,0.45432036,7,1.859494891
-60.77137141,0.458703896,0.735806707,0.075996128,8.5,-63.3436136
-64.73987124,0.052122599,0.381506855,0.480384956,7,1.688681977
-69.466736,0.029614541,0.436132491,0.416157237,7,1.86293078
-62.53269839,0.066989214,0.382748443,0.473595196,8.5,1.68490194
-73.16725827,0.018937595,0.534367175,0.300539873,7,1.409863475
-63.46740635,0.060167498,0.38640548,0.469846441,8.5,1.753009967
-63.72148751,0.058164954,0.398684096,0.451488198,10,1.931633154
-68.95328692,0.031508266,0.427823787,0.438255534,7,1.857002502
-67.91668997,0.292188237,0.725481786,0.083196501,10,-47.16290616
-71.60444801,0.022831749,0.512529815,0.322811447,10,1.81400187
-60.14806273,0.088241077,0.373253687,0.484963465,7,1.353532849
-59.24545929,0.096481989,0.38326629,0.467053137,8.5,1.661120249
-2.730127095,0.570610549,0.476147584,0.307452022,7,215.50954
-60.05208544,0.089138591,0.373479659,0.484487579,7,1.356327767
-53.47372846,0.157638972,0.409510296,0.418937008,10,6.281088829
-73.68303922,0.104574618,0.708123146,0.100392423,10,-12.53573496
-64.23087465,0.054822133,0.401900163,0.448149429,10,1.968200852
-12.06108328,0.967171422,0.738882093,0.09663186,10,-48.42619247
-57.60653521,0.11529955,0.386308104,0.461030468,7,1.538282056
-55.69917801,0.13427367,0.397066474,0.44138072,8.5,3.381592233
-57.69457596,0.114048543,0.384938634,0.463531382,7,1.614958161
19.25200975,0.984785539,0.656443749,0.171669925,10,-50.58038507
-63.69143258,0.058342554,0.398404373,0.45180415,10,1.940888686
-61.07537703,0.079076534,0.380438852,0.474311356,8.5,1.619613718
-56.65597097,0.124251248,0.394300345,0.446340896,8.5,2.431844385
-57.63842301,0.112612468,0.394721587,0.445830141,10,2.275170819
-54.85698678,0.142893083,0.404980727,0.426922222,10,4.367855325
-66.08374174,0.044213082,0.417694234,0.430759875,10,2.061554794
-53.56111362,0.158979157,0.404249318,0.429102671,7,5.641338396
-60.97053489,0.068052045,0.322539009,0.595686547,10,8.225844367
-72.88130022,0.019573926,0.554440732,0.274916589,10,1.563339807
-31.02600712,0.880208602,0.752547273,0.072871978,10,-44.63966169
0.659448872,0.98473437,0.717557774,0.123022659,10,-52.15001849
-74.31241613,0.01649071,0.609402807,0.213565183,8.5,1.144125813
29.54354947,0.946240173,0.590675851,0.219978097,7,-27.58168439
-68.31281423,0.033926171,0.432483524,0.417638442,8.5,1.964307947
-39.17562058,0.801274314,0.75158251,0.069718416,7,-48.24649004
-20.68223147,0.940675295,0.74812841,0.083502496,10,-45.69477952
-68.72185173,0.032391572,0.423921846,0.430658193,7,1.880556328
-62.88728105,0.064326077,0.383940885,0.47229853,8.5,1.709102939
-19.88534751,0.943912931,0.747766831,0.085100359,7,-46.01401661
-19.13378032,0.449776646,0.457493087,0.333528124,7,156.9278553
21.58880343,0.762114205,0.512792426,0.273276639,7,151.2050046
-46.70384519,0.22454595,0.422110268,0.397186528,8.5,23.74958024
-70.15161584,0.027271937,0.448950898,0.401276494,7,1.827031934
-72.6268205,0.020222294,0.513959643,0.340908382,7,1.524131505
-62.81845548,0.064565654,0.394075433,0.456147702,10,1.875270125
-73.9638807,0.017182298,0.588818244,0.237547028,8.5,1.248572129
-55.89306424,0.134376825,0.395507768,0.444430197,7,2.558301191
-0.183944028,0.984014903,0.717961617,0.120591049,7,-52.112015
-73.53298578,0.018093583,0.582434143,0.242754158,10,1.398202835
-34.36586711,0.851386692,0.753263564,0.07140864,8.5,-45.49928741
-72.8769971,0.154772167,0.730091303,0.100693352,8.5,-22.62429407
-56.01083912,0.130318621,0.400712885,0.434618907,10,3.237940335
-69.05113347,0.031000476,0.457005395,0.387238442,10,2.077901688
30.9599174,0.89338749,0.555108667,0.244734232,8.5,12.56560758
-70.8710056,0.024934498,0.493617671,0.344338439,10,1.91923439
-67.42597834,0.037627219,0.432927083,0.413565198,10,2.110706002
-72.52499121,0.020476282,0.51040834,0.329137046,7,1.545336791
-46.06632606,0.230101398,0.425626297,0.390407141,10,25.78445286
-62.90057732,0.064243967,0.384007066,0.472217789,8.5,1.709283101
-55.91360842,0.134314517,0.395841777,0.444013883,7,2.490516798
-22.42077607,0.425405858,0.456267259,0.334777399,10,139.2327174
-73.10778121,0.019057993,0.548401588,0.283912555,8.5,1.46792534
-61.23584498,0.077246193,0.389633535,0.459603793,10,1.798780546
-57.42190217,0.117167636,0.38696494,0.459895639,7,1.638628756
-70.74329881,0.02539392,0.461472783,0.386513792,7,1.77983902
-66.60968828,0.041453231,0.42311965,0.424705391,10,2.097211458
-60.28752711,0.08621688,0.380845858,0.472195706,8.5,1.614022217
-71.34702751,0.023611914,0.475825988,0.369774359,7,1.722884714
-61.03924262,0.079391795,0.380515592,0.474046869,8.5,1.606555
-74.7486594,0.015973991,0.640459505,0.178317161,8.5,0.978743269
-74.45662002,0.016234375,0.618892851,0.203013275,8.5,1.096878282
-56.57931549,0.124977222,0.394070621,0.446881768,8.5,2.582209313
-66.94811996,0.039928819,0.414438134,0.438447143,8.5,1.98062366
-69.62026763,0.029018886,0.453623281,0.393418538,8.5,1.954808574
-58.6480784,0.102636208,0.385262729,0.463120133,8.5,1.747709077
22.28280257,0.980310793,0.641786675,0.182259211,10,-48.27808434
-62.12535358,0.069833468,0.391748567,0.467885034,10,1.849707395
-33.19763811,0.862294561,0.752067169,0.071632007,7,-45.29202516
-75.13803597,0.016366799,0.657114418,0.159209112,7,0.733971508
-72.03702702,0.021691216,0.51074821,0.327315787,8.5,1.681757514
-64.65097008,0.052633188,0.380963107,0.480851731,7,1.675774171
-65.02313378,0.372702166,0.746629367,0.086264737,10,-59.1578348
-58.76424074,0.101423341,0.38484105,0.463934519,8.5,1.727014639
-57.39531942,0.11602559,0.390349548,0.453554049,8.5,2.142153776
-70.13850851,0.027320131,0.448631229,0.401323052,7,1.833104767
-43.90659216,0.25170725,0.42732345,0.388039615,7,33.8596942
-5.878901962,0.97780227,0.728805455,0.108380154,7,-50.49579276
-69.25482818,0.030257152,0.460496762,0.382171497,10,2.069608614
-75.0310028,0.01878075,0.667898345,0.146244445,8.5,0.598316994
-72.59632369,0.020296914,0.512902285,0.342103165,7,1.52972211
-60.09525024,0.088769343,0.373516359,0.484588607,7,1.341462557
-67.29580058,0.038209798,0.431266033,0.415409131,10,2.110020494
9.31258693,0.991748343,0.718157483,0.164954692,8.5,-51.5214041
-68.85472306,0.031741871,0.453724628,0.389873913,10,2.086924549
-69.51148464,0.029311363,0.465265983,0.376712451,10,2.036587828
-66.94375185,0.039835397,0.426939557,0.420554885,10,2.107899155
-59.89963198,0.089927899,0.381488313,0.470680066,8.5,1.625491747
-60.19063457,0.087133895,0.380981226,0.471841106,8.5,1.615887184
13.96770336,0.988218095,0.677723418,0.155347675,10,-53.1448766
-63.18983632,0.062402809,0.3736771,0.488803283,7,1.556677086
-57.9866818,0.512208523,0.737698381,0.07368047,10,-63.32906677
-64.90080847,0.050887456,0.395130818,0.460431652,8.5,1.869306654
-36.86772521,0.826824173,0.752756278,0.070501679,7,-46.73678763
-58.21459192,0.107220767,0.386952995,0.459910729,8.5,1.844082078
-63.41370158,0.060535568,0.386157882,0.470117079,8.5,1.747593169
-74.52404482,0.016427266,0.640235998,0.176850594,10,1.072590208
-70.28363212,0.026840128,0.451645338,0.397979017,7,1.815486278
-56.78649206,0.124384844,0.390657473,0.453069234,7,1.940411123
-61.5144979,0.075702063,0.371040423,0.490353887,7,1.415022278
-66.08247085,0.044408599,0.392093064,0.468046786,7,1.786433297
-56.59760516,0.123936492,0.398569211,0.438515858,10,2.802556406
-70.61147342,0.025756703,0.473733763,0.384489329,8.5,1.875009715
-61.24082737,0.077203402,0.389651289,0.460100318,10,1.800505573
-61.96317147,0.071528297,0.381407937,0.474305188,8.5,1.645460612
17.88061343,0.986419471,0.663285013,0.168296455,8.5,-51.70591207
-65.8032992,0.045930237,0.389591123,0.470925341,7,1.769076591
-68.15916891,0.034492215,0.443023522,0.402190417,10,2.101419433
-74.89532996,0.016392493,0.65308797,0.163516768,8.5,0.875457794
-64.50084881,0.05355613,0.379977783,0.491185081,7,1.686696684
-63.0136394,0.063741843,0.373205273,0.489371437,7,1.535053956
-65.89558885,0.045404444,0.403613026,0.450580409,8.5,1.92662485
29.80657515,0.937623122,0.585014193,0.221599379,10,-22.99457328
-69.04913921,0.031016102,0.457014964,0.386221145,10,2.072939078
-60.42276395,0.07617576,0.324871894,0.591773155,7,5.625390477
-57.11055281,0.119121952,0.391596289,0.451351153,8.5,2.281854464
-72.27752063,0.021056816,0.532892253,0.299448142,10,1.694508334
-74.5363675,0.016054778,0.624377885,0.216494887,8.5,1.074963733
-72.27227416,0.021066802,0.532764919,0.299732899,10,1.690912762
15.71991237,0.988167988,0.672410735,0.161814453,8.5,-52.6043159
-67.39551267,0.037874637,0.419818873,0.432029678,8.5,1.988820948
-19.81145968,0.944219056,0.748195148,0.085232103,8.5,-45.96586223
29.95136178,0.875091119,0.549362905,0.245603185,10,29.97023257
-61.32099747,0.076507503,0.38969177,0.459525378,10,1.808483071
-15.60421896,0.47651835,0.463448334,0.323431648,10,171.9055204
-57.63982288,0.11341392,0.38940587,0.455355078,8.5,2.026390185
-65.82944062,0.04559863,0.402905751,0.451632672,8.5,1.926798263
-65.70099443,0.04648268,0.388733183,0.471965709,7,1.759837136
-50.64329654,0.186577921,0.417006907,0.405795996,10,12.0119248
-52.72843391,0.169460386,0.410991557,0.417005847,7,6.58402171
-56.50257289,0.12494628,0.398860534,0.437996939,10,2.873663521
-66.32119058,0.042883888,0.420005248,0.428119186,10,2.084533128
-40.29782362,0.281353973,0.432286986,0.378654604,8.5,49.51083279
-59.84668232,0.090513241,0.381749903,0.470279945,8.5,1.615919848
-67.85659105,0.035935564,0.411706854,0.444904213,7,1.871762006
-74.54676294,0.016094506,0.625169786,0.195687296,8.5,1.065538734
-74.80781823,0.016195747,0.662078989,0.174697783,10,0.96930306
-64.90045826,0.05111574,0.382621216,0.479079018,7,1.69663626
-65.06607694,0.050123944,0.383751983,0.477431108,7,1.712747216
-57.13369266,0.118063623,0.396497833,0.442398603,10,2.504012147
-5.255092232,0.552540496,0.474630692,0.307885849,10,208.560613
-61.1423628,0.077992495,0.38951053,0.459430359,10,1.788989917
-70.23910859,0.026987718,0.450743786,0.399099652,7,1.818175521
-63.75909913,0.058441625,0.376068632,0.486309687,7,1.598532529
-66.53506297,0.041942323,0.409884497,0.443669552,8.5,1.964580121
-62.74145781,0.065777919,0.372243881,0.490171872,7,1.534083098
-65.62013002,0.046735158,0.401024579,0.453794669,8.5,1.913178104
-54.69299038,0.147815276,0.401831356,0.433374202,7,3.734759321
-70.58650615,0.025798662,0.487015905,0.351979844,10,1.954585869
-50.17006764,0.191310235,0.418162319,0.403735118,10,13.17896813
-44.84269523,0.72928138,0.747915945,0.069093224,7,-53.10030637
-67.69509669,0.036545425,0.423641947,0.427863157,8.5,1.993755461
-45.9994483,0.712823648,0.747776163,0.069478802,7,-54.56604044
13.20047962,0.687863927,0.49570288,0.287954293,8.5,206.0172507
-60.45000985,0.085263059,0.372463414,0.486348326,7,1.343956926
-63.4565226,0.060589584,0.37478586,0.487792483,7,1.574370846
-67.81654607,0.036003335,0.425202055,0.426100532,8.5,1.999484854
-58.83492391,0.100642484,0.384459556,0.464629763,8.5,1.729301025
-67.52896875,0.03716957,0.434228095,0.41200062,10,2.115161259
-58.10171258,0.109629462,0.382886391,0.467158728,7,1.473312852
-55.66373459,0.13714324,0.397235859,0.441483945,7,2.692810136
-58.25216568,0.106072197,0.392713344,0.449712671,10,2.074652765
-60.65966624,0.082328576,0.389103973,0.45914857,10,1.795995817
-69.80509327,0.028379778,0.457012187,0.389337061,8.5,1.950500455
-58.04622749,0.110161277,0.382913069,0.466916331,7,1.518057213
-71.72810685,0.022550074,0.485957707,0.357771776,7,1.67403814
-74.60038311,0.016529856,0.645987311,0.170264501,10,1.028408658
-69.26597095,0.030337504,0.432679559,0.420646226,7,1.869594048
-36.139156,0.315957038,0.4374888,0.368920631,8.5,69.41706101
-58.82618923,0.100779643,0.384622395,0.464359599,8.5,1.716794043
-57.39178667,0.11585154,0.389773519,0.454457634,8.5,2.211449484
-59.47661949,0.094159775,0.382619839,0.46838781,8.5,1.639500631
-26.32812078,0.912616996,0.751423733,0.076898801,10,-44.63482026
-60.10802487,0.088590965,0.373266192,0.48496566,7,1.362962877
-65.82633248,0.045800502,0.389797096,0.470789432,7,1.770062009
-59.32541395,0.095484922,0.382922719,0.474657214,8.5,1.718396079
-64.4297539,0.05367446,0.403177082,0.446688144,10,2.000201386
-57.08056353,0.119519068,0.391914418,0.450771515,8.5,2.275517218
-69.77064835,0.028496727,0.456414878,0.390076721,8.5,1.947108203
-75.22262165,0.01862745,0.668753795,0.145913168,7,0.462801359
15.96401853,0.987279611,0.67002354,0.161105367,10,-52.38918253
-54.46108151,0.147112172,0.406261262,0.424761347,10,4.867238726
-67.07810687,0.039315805,0.415943444,0.436718096,8.5,1.984913742
-68.35146365,0.033862981,0.418483363,0.436995908,7,1.87743373
-55.11803984,0.142955175,0.399429082,0.437986258,7,3.304445857
21.45236574,0.981727597,0.645965996,0.179255248,10,-48.84547923
-71.52437388,0.023049343,0.510338264,0.325155942,10,1.824225219
-52.33431378,0.170173702,0.409733816,0.419104776,8.5,8.216740111
-59.03993308,0.098575732,0.383903231,0.465773964,8.5,1.685601657
-55.09947283,0.143271837,0.399744323,0.43705572,7,3.288545448
-65.32643073,0.048622604,0.385692631,0.47556307,7,1.734715431
-59.85421647,0.089880706,0.389410771,0.45731236,10,1.82003445
-73.2529337,0.01873237,0.554397814,0.276886366,8.5,1.439557494
-65.67067877,0.0466476,0.388468762,0.472259745,7,1.758405442
-60.10581673,0.088007886,0.381268589,0.471415095,8.5,1.605751733
-75.08519069,0.042887239,0.693461969,0.117721935,7,-2.596166161
-59.45877145,0.094337848,0.382667004,0.468288847,8.5,1.640966817
-74.63886498,0.015991565,0.63190779,0.187847269,8.5,1.030064296
-64.18909186,0.055555692,0.378193577,0.483973783,7,1.638928922
-60.84241954,0.080636912,0.389389762,0.468065959,10,1.824436689
-45.14455894,0.238886128,0.427733586,0.386813682,10,29.04278441
-75.10046239,0.01607368,0.653141382,0.162874315,7,0.775742598
-22.57281574,0.932392347,0.749421853,0.081081725,10,-45.23177484
-58.46779878,0.10566514,0.380918332,0.47069187,7,1.402129833
-61.45592742,0.076222758,0.371030125,0.489959515,7,1.413948863
-69.89327761,0.028081048,0.458703308,0.387382881,8.5,1.944800867
-13.42167046,0.490736478,0.463006651,0.324902537,8.5,183.24466
-60.83468013,0.081780467,0.371647677,0.488478036,7,1.381570056
-62.48431615,0.067394599,0.382637568,0.473436118,8.5,1.679612228
-65.41751678,0.047874645,0.399274084,0.455770563,8.5,1.900768519
-75.18598899,0.017196898,0.662911197,0.152379065,7,0.636022717
-68.22108459,0.034240605,0.443841334,0.401151487,10,2.110157764
-68.06212917,0.035060096,0.414453336,0.441789711,7,1.874600298
-66.92944905,0.040179606,0.400614178,0.458833485,7,1.83829773
-16.11852172,0.956624009,0.743817106,0.090031785,10,-47.02469909
-72.99127532,0.019349396,0.527302409,0.310749087,7,1.453599544
-67.97200102,0.035260498,0.440538574,0.404969152,10,2.081569325
-67.14147003,0.039020424,0.416690092,0.435860213,8.5,1.986857028
3.609583778,0.986638208,0.708987876,0.128607464,10,-53.01839704
22.80893309,0.979519932,0.639036017,0.185320858,7,-47.07257038
-72.6613884,0.020099934,0.546197547,0.284340084,10,1.611204547
-73.91365253,0.01728788,0.601876993,0.220903927,10,1.290370418
-59.36007064,0.094588693,0.389690134,0.455904668,10,1.906716711
29.77359059,0.944414139,0.588816902,0.221387003,8.5,-26.17431635
-66.09321972,0.044209676,0.405427714,0.448544003,8.5,1.939434449
-58.67295552,0.103308861,0.379365419,0.473569346,7,1.425621015
-58.58744424,0.103272259,0.385488622,0.462686457,8.5,1.759338358
-59.29215801,0.096834929,0.376519106,0.478794918,7,1.357519962
-57.27847532,0.118836825,0.387761367,0.458371813,7,1.715534151
-66.27477478,0.043127356,0.419491081,0.428784052,10,2.085963153
-70.69861109,0.025455465,0.48955217,0.349133095,10,1.943284623
-67.08270032,0.039449703,0.402410649,0.45584065,7,1.835903095
-41.82070391,0.769336785,0.75042634,0.069386285,7,-50.2670423
-66.92800082,0.040021131,0.414208522,0.438883294,8.5,1.979954004
-59.82914623,0.091400504,0.374310235,0.48292045,7,1.354083515
-72.56208189,0.020344493,0.542601037,0.2884589,10,1.635800006
-68.35054844,0.033708455,0.445819043,0.398834163,10,2.101536509
-68.77490311,0.273879378,0.724051812,0.08440998,7,-45.35238306
-65.43219017,0.047990808,0.386531864,0.474550735,7,1.740233402
-48.56544538,0.674148786,0.746477579,0.070059353,8.5,-57.20948387
-64.08935517,0.055961425,0.389737512,0.466328679,8.5,1.802122815
-57.02895671,0.121659813,0.389273034,0.455665292,7,1.817980522
-56.6169812,0.123550368,0.398066935,0.439414336,10,2.843245562
-63.48932335,0.060315228,0.374930698,0.487585455,7,1.572492537
-73.11212036,0.019067446,0.532064389,0.303985544,7,1.427888268
-69.20194164,0.030454126,0.459640773,0.383143658,10,2.065031228
-61.59153669,0.441723898,0.734713798,0.076542225,8.5,-62.63543616
-75.17335232,0.016942989,0.661336197,0.154086956,7,0.664252744
-69.82358618,0.028316879,0.45736444,0.388929889,8.5,1.949341212
-72.05766663,0.021620118,0.525863393,0.307468536,10,1.736942233
-72.31598832,0.020993267,0.503603728,0.337199646,7,1.574423462
-50.26266363,0.193169585,0.415742577,0.408823486,7,12.45804705
-73.10865652,0.019043121,0.563596302,0.283396831,10,1.507199173
-65.47693542,0.047381851,0.411753135,0.437426768,10,2.043974732
-11.85207447,0.967518702,0.738566846,0.097016656,10,-48.44610977
-49.82928762,0.194675945,0.418971824,0.402295175,10,14.04547412
-61.80440839,0.072733455,0.380842729,0.474541839,8.5,1.66296976
-66.38424724,0.042850389,0.394966368,0.464576075,7,1.805543678
-69.75337901,0.028613357,0.441489751,0.41091815,7,1.833278058
-71.96497892,0.021880431,0.508576593,0.32974733,8.5,1.69372201
-61.32023739,0.077411278,0.371115755,0.489830324,7,1.404166303
-66.37354202,0.04262888,0.420550923,0.427532571,10,2.088115984
-69.28459828,0.030154214,0.461093019,0.381488147,10,2.060146143
29.37932235,0.949581657,0.593302929,0.218518,7,-29.67948
-52.56914845,0.170273685,0.40976964,0.419301842,7,7.131802569
-74.44457798,0.016430989,0.63455214,0.183360733,10,1.11013782
-72.6730012,0.020071358,0.546629372,0.283721513,10,1.607785748
-51.44342806,0.179582406,0.412968746,0.413243928,8.5,9.987978281
-60.75724037,0.082449437,0.371869248,0.487979129,7,1.36018317
-66.51686497,0.042173361,0.396272647,0.46314994,7,1.814651887
-59.67976762,0.091443789,0.389220753,0.457169012,10,1.874859149
-70.41582144,0.026352424,0.483162847,0.356348133,10,1.981486215
0.322211536,0.984566937,0.717513372,0.121884827,8.5,-52.22453778
-60.41957783,0.08456746,0.389133668,0.458706424,10,1.795315033
-69.41654158,0.029732902,0.449879729,0.39757714,8.5,1.971789191
-66.20162658,0.043625762,0.406507161,0.447543126,8.5,1.943306761
-70.35775608,0.026610159,0.453062723,0.396119041,7,1.819998329
-51.66810865,0.176301299,0.414559133,0.410055334,10,9.65965237
-64.50395367,0.053104495,0.403803998,0.446083808,10,1.988394158
-69.11734832,0.030817341,0.444710586,0.403548858,8.5,1.98500804
-69.64102847,0.028915665,0.467467707,0.374239603,10,2.051173298
-66.43727147,0.04242419,0.408857172,0.444875973,8.5,1.959924207
-61.86879562,0.071874178,0.390729444,0.458978763,10,1.831952548
-57.4242095,0.1149297,0.395532313,0.444819654,10,2.363736683
-56.38177696,0.128915206,0.392906454,0.449208257,7,2.191191316
-68.55353605,0.032898834,0.448910278,0.395383852,10,2.097808925
-70.1677014,0.027130051,0.477930927,0.362220688,10,2.001562981
-55.23876555,0.142225103,0.400420383,0.435788841,7,2.944985611
-58.44193516,0.104622993,0.385472974,0.462304751,8.5,1.851447608
-69.80345255,0.028337498,0.470652002,0.370572436,10,2.029900732
-73.57339831,0.018012807,0.568886602,0.260479941,8.5,1.354402881
-49.4813509,0.199225577,0.41540769,0.413464778,7,15.0538516
-71.00981118,0.024520217,0.49696026,0.340839042,10,1.902763441
2.861089312,0.986112762,0.710150984,0.12693209,7,-52.87289639
-65.62063748,0.046730864,0.401068456,0.453727315,8.5,1.908895412
-69.08129264,0.030894486,0.457513186,0.385623606,10,2.07662597
-52.35694644,0.169943193,0.409669584,0.419217645,8.5,8.171632409
-68.15385648,0.034499613,0.442822641,0.402359483,10,2.114932136
-58.30388545,0.105461187,0.392357188,0.450220238,10,2.083670251
-67.59305611,0.037099493,0.408416864,0.448865813,7,1.858858409
-6.299138615,0.977338616,0.73009087,0.107859364,7,-50.32934808
-74.7197511,0.015960308,0.638146499,0.180606101,8.5,0.993523653
-57.54588495,0.113608818,0.395044214,0.445213925,10,2.312188959
-15.42953898,0.477855466,0.463744789,0.323019001,10,172.5335802
-42.44683475,0.76122738,0.749475769,0.069092834,7,-50.96546194
-72.96948909,0.019380332,0.542853796,0.290260725,8.5,1.501340944
-66.64682344,0.041540779,0.397636073,0.461439026,7,1.819133846
-62.01672975,0.071477747,0.370947685,0.490971999,7,1.48195827
-74.26415485,0.016585898,0.588868429,0.238047488,7,1.132296028
-61.01789257,0.079581435,0.380514808,0.474012898,8.5,1.606000429
-40.46022336,0.281774146,0.432758333,0.378117255,7,48.50764996
-69.88709123,0.028100868,0.458642317,0.387503941,8.5,1.939407132
-58.21021253,0.106487106,0.392768764,0.449657462,10,2.095595688
-69.77774643,0.028542018,0.44181105,0.409527769,7,1.843660353
-56.47704189,0.125251679,0.399021695,0.437744687,10,2.883793469
-61.76721204,0.072645965,0.390358633,0.459217045,10,1.838262084
-72.97055656,0.019394488,0.526543421,0.31036038,7,1.454334599
-55.23950385,0.139955839,0.400599401,0.435014645,8.5,3.637317201
-61.42248315,0.07598971,0.380607232,0.4745196,8.5,1.622598116
-59.36860367,0.094631857,0.390067156,0.455476074,10,1.86219525
-73.68380846,0.017786858,0.557335921,0.274618688,7,1.289198972
-32.03336198,0.871964446,0.752600414,0.072215921,10,-44.74483699
-63.2780599,0.061502311,0.385537017,0.470727601,8.5,1.738034122
-65.45724711,0.047634344,0.411620789,0.43743821,10,2.04331277
-60.49157207,0.084340445,0.380673785,0.472901732,8.5,1.609054731
-65.55808692,0.046920325,0.412443318,0.436591903,10,2.053295408
-63.1638213,0.062668239,0.373725256,0.488793602,7,1.545872047
-38.30851415,0.299901483,0.435666254,0.372696135,7,58.52285854
-62.53822335,0.06734053,0.372036732,0.490317946,7,1.48954639
-60.29412995,0.086217269,0.380990475,0.472132188,8.5,1.601530462
-73.72509036,0.017681907,0.591909609,0.231822313,10,1.344726879
-60.13992684,0.087621118,0.381110277,0.47179489,8.5,1.612165572
-58.63562357,0.102068152,0.391677846,0.451853313,10,1.974787005
-54.61420444,0.145261186,0.405278091,0.426466774,10,4.732756691
-67.10454928,0.039084496,0.42886855,0.418154375,10,2.110874352
-58.31583335,0.107250499,0.381605241,0.469466513,7,1.438938842
-63.6953095,0.058877633,0.375818012,0.486671519,7,1.589102896
-1.171646835,0.983358448,0.72108114,0.118798593,8.5,-51.81550249
-63.6634844,0.059096393,0.375678029,0.486820896,7,1.586161103
-58.42831568,0.104239392,0.392246493,0.450781961,10,2.025139623
20.64742407,0.752092841,0.509898952,0.276150795,7,160.6543473
-58.79124255,0.102057829,0.378812446,0.474562984,7,1.404843326
-63.1072287,0.06272426,0.384816612,0.471438306,8.5,1.723770457
-75.06458183,0.015805869,0.649385743,0.167323341,7,0.818805143
-66.99518369,0.039845924,0.401366536,0.457116105,7,1.837469961
5.52506302,0.987562177,0.704145621,0.133859287,7,-53.26051466
9.7153914,0.98867059,0.692268482,0.144311587,8.5,-53.51702155
-57.49716927,0.114885884,0.389808941,0.454488129,8.5,2.108223828
-73.92958673,0.017249979,0.586964533,0.258150986,8.5,1.258190936
-62.71582635,0.065585637,0.383234095,0.481783278,8.5,1.741054826
-73.36301188,0.018493331,0.542567055,0.291751783,7,1.369820832
-61.96045796,0.071971822,0.371160899,0.490764619,7,1.451179316
-67.39439066,0.03789326,0.419769099,0.432310776,8.5,1.993023182
-66.14376569,0.044098818,0.392652406,0.467414731,7,1.791826553
-53.5796233,0.156487655,0.409107318,0.419714422,10,6.127464141
-57.74302959,0.111508842,0.394394055,0.446351667,10,2.231439705
-65.1839792,0.049219251,0.397361374,0.458068851,8.5,1.88498952
-68.5975211,0.0328027,0.436426568,0.412888543,8.5,1.992921308
-59.82809254,0.091364951,0.374323591,0.482976716,7,1.34614075
-47.75172018,0.685774623,0.746366019,0.069397257,10,-56.20246092
-74.14017525,0.082057977,0.704161978,0.104621379,10,-8.529136898
-14.97615599,0.479361454,0.461437917,0.3271676,8.5,176.4342645
-67.48098767,0.037600869,0.407035168,0.450574065,7,1.855607404
-68.87677038,0.031717401,0.440751617,0.40812132,8.5,1.992916641
-71.70230207,0.022587396,0.500916799,0.338624604,8.5,1.740194677
-68.60343442,0.032708043,0.449691394,0.39446593,10,2.096227354
-62.33822619,0.068498014,0.382218889,0.473893037,8.5,1.6694631
-58.8535399,0.100496136,0.384527257,0.464545199,8.5,1.712458097
-69.26186422,0.030288791,0.447172422,0.40070499,8.5,1.979097213
22.11017315,0.981229386,0.643243945,0.182515753,8.5,-48.20352995
-74.98644535,0.017448744,0.662296291,0.153003381,8.5,0.741304045
-72.540094,0.159510088,0.715410145,0.093530973,7,-24.034103
-67.9683077,0.035477147,0.413248082,0.443234542,7,1.868336277
-61.36789526,0.07701749,0.371101263,0.490040782,7,1.409152564
-60.92355487,0.079966411,0.38923244,0.45946242,10,1.80043317
-70.44640464,0.026327181,0.454920384,0.394555715,7,1.813277755
-73.42757465,0.0183206,0.57750112,0.248562274,10,1.426269097
-69.39451441,0.029758297,0.463002316,0.379299925,10,2.059204206
-72.93577113,0.019458799,0.541564832,0.291891216,8.5,1.506610487
-75.06324253,0.020580119,0.673089656,0.140704979,8.5,0.406397952
-64.12523287,0.055503492,0.400981502,0.449107721,10,1.986953749
-63.69632167,0.058360328,0.39852221,0.451685519,10,1.933358071
-68.06704719,0.034944267,0.428610227,0.42222918,8.5,2.002429645
-66.64244186,0.041409012,0.411035218,0.442351107,8.5,1.969071787
-63.36599879,0.061207179,0.374443342,0.488210713,7,1.563991619
-55.88836133,0.134608896,0.396004608,0.443657768,7,2.505693439
-74.76713138,0.043348006,0.692760313,0.117311835,10,-2.260686112
-35.8189414,0.837245989,0.752207275,0.070190744,10,-45.96673857
-63.80110531,0.058153772,0.376308871,0.486348245,7,1.598174584
-68.53893578,0.032965221,0.448726389,0.395707111,10,2.093694465
-57.12298165,0.119054356,0.391722401,0.451120368,8.5,2.253863632
-44.73118812,0.2434963,0.424521192,0.393147145,7,30.89148641
-67.719094,0.036339009,0.436783576,0.409158878,10,2.112399459
-74.35676486,0.016495998,0.628562466,0.191682875,10,1.146257571
-54.63102585,0.145298517,0.405712194,0.425723724,10,4.647587009
-62.1936483,0.069360199,0.391809681,0.458125039,10,1.834404462
-71.50619402,0.023132311,0.495501244,0.344907696,8.5,1.771951825
-43.74702416,0.743714803,0.7498182,0.069397547,8.5,-51.95523084
-65.70686354,0.046277996,0.40180743,0.452667514,8.5,1.917848625
-53.6534323,0.155733477,0.404624493,0.433357429,8.5,6.106460715
-57.77806178,0.113145993,0.384530292,0.46424068,7,1.581068943
-59.52539412,0.094402972,0.375424018,0.480787993,7,1.357104708
-65.42313039,0.047861659,0.399195036,0.45578531,8.5,1.91546668
-56.49034648,0.125994086,0.394574022,0.445966334,8.5,2.628732691
-10.58941503,0.970193494,0.737682287,0.099970583,8.5,-48.8353004
-72.08073787,0.021600716,0.496281757,0.345819594,7,1.612525634
-59.50049974,0.093921851,0.382557485,0.468519108,8.5,1.637588707
-69.44276921,0.029701748,0.43576681,0.416729494,7,1.85905189
-66.08500107,0.044403301,0.392132333,0.467904424,7,1.785258672
-57.38954795,0.115319422,0.395648155,0.444081646,10,2.373978103
-74.28192251,0.082109195,0.704600257,0.104941431,8.5,-8.786716748
-66.76891437,0.04078988,0.41242013,0.440763132,8.5,1.974085228
-63.73193958,0.058617183,0.375909136,0.4866097,7,1.599508604
-1.792053494,0.982626041,0.721482102,0.117127624,7,-51.73114875
-74.38128645,0.016370572,0.613860313,0.208585911,8.5,1.12149297
-72.75752649,0.01988262,0.534838917,0.299176214,8.5,1.544671345
-73.83313784,0.017463288,0.564774462,0.265091588,7,1.251618516
-60.95325381,0.080157762,0.380517733,0.473902457,8.5,1.604450706
17.8188713,0.729192752,0.506398289,0.276763348,10,178.2587102
-53.75706107,0.154407278,0.408096196,0.421390797,10,5.913465192
-56.36035471,0.129163352,0.393045137,0.448959134,7,2.203114872
-65.97284382,0.045006319,0.39109699,0.468875701,7,1.779105594
-64.2013303,0.055012803,0.401475627,0.448405902,10,1.993218527
20.44879837,0.753099424,0.512044102,0.272055894,10,158.4540459
-53.10435775,0.164682442,0.407907265,0.422585369,7,6.146899918
-55.05240871,0.141605948,0.400513715,0.435521913,8.5,3.954557128
-71.65821228,0.0227057,0.499726106,0.339969835,8.5,1.742854068
-70.58073409,0.025862146,0.472910637,0.3720395,8.5,1.888767639
-57.36352344,0.117850231,0.387229416,0.459373849,7,1.681969394
-56.18839705,0.131065597,0.393905373,0.447277931,7,2.331271158
-73.90893671,0.017317065,0.601623897,0.220896521,10,1.291309172
-71.81524301,0.022279496,0.504179332,0.334825688,8.5,1.71804074
-74.62249597,0.016553444,0.647639145,0.168315214,10,1.020553312
-68.10423572,0.034788465,0.429128004,0.421536733,8.5,2.002715469
-67.46895958,0.037643189,0.406827873,0.45080327,7,1.860563863
-17.26179536,0.462159421,0.458637736,0.33138045,8.5,166.2322928
-61.53999676,0.075442267,0.371075813,0.489954914,7,1.405188706
-58.9293714,0.099610952,0.384303748,0.464868899,8.5,1.674976605
-45.8140871,0.714945143,0.748298304,0.069475057,8.5,-54.17397405
-51.37698517,0.182168274,0.412904004,0.413829018,7,9.715154486
-55.01519346,0.142068682,0.400787435,0.434879437,8.5,3.977726954
-31.97936496,0.872520842,0.753186116,0.072685217,8.5,-44.8465888
-71.39561406,0.023468808,0.477117046,0.36836738,7,1.712898918
-61.72353905,0.073501725,0.381018661,0.474461076,8.5,1.632263591
-66.17004891,0.043981481,0.392890329,0.466908646,7,1.794797774
-69.17227086,0.030580589,0.445961432,0.401832564,8.5,1.949802637
20.01984696,0.984189121,0.65345386,0.175077594,8.5,-50.19868983
-70.16800557,0.027169725,0.46416128,0.38107549,8.5,1.92430866
-59.98583181,0.089824326,0.373764088,0.483959795,7,1.351252151
-70.41265446,0.026342363,0.483188802,0.356274198,10,1.971415687
-54.5069932,0.14661903,0.406117163,0.425118109,10,4.808885326
-58.81251618,0.100921199,0.38467033,0.464280924,8.5,1.719128487
-59.49818606,0.09467979,0.375536123,0.480577388,7,1.357750976
-64.62852405,0.052332987,0.404732807,0.445094525,10,1.995250151
-55.49512728,0.138932496,0.397882001,0.440318468,7,2.874397851
-74.80889489,0.015625048,0.626845257,0.194065035,7,0.954883399
-58.06696894,0.108774854,0.387707227,0.45846882,8.5,1.851374203
-70.79073616,0.025175364,0.491688128,0.362758465,10,1.936358412
-71.48812562,0.023176445,0.495070436,0.345349658,8.5,1.7692933
-63.47551297,0.060107239,0.386437859,0.469829979,8.5,1.754177542
5.439087729,0.98748455,0.704927618,0.133819081,8.5,-53.25973942
-58.16034326,0.10690335,0.392607279,0.449739677,10,2.145456836
-61.60014226,0.074487031,0.380789205,0.474610614,8.5,1.630613503
-63.48902643,0.059760091,0.39732108,0.452881418,10,1.921525408
-74.91316927,0.015556107,0.635511198,0.183195213,7,0.910156102
-57.3342282,0.115916365,0.395834568,0.443680171,10,2.400216098
-5.183185625,0.978835635,0.728307249,0.109983862,8.5,-50.64803164
-61.89256832,0.072104931,0.381281762,0.474367157,8.5,1.641376971
-71.78211167,0.02239783,0.487578649,0.355259271,7,1.656599493
-73.78560861,0.017551197,0.595022871,0.228433625,10,1.32842164
-74.8913116,0.022921108,0.676152287,0.13595038,10,0.304996107
-74.88987238,0.022982566,0.676314946,0.135863085,10,0.278632424
-12.3466744,0.500693736,0.466980787,0.317979201,10,185.3125348
26.50063633,0.97066587,0.618697066,0.201658399,8.5,-41.65495605
-62.08910976,0.070509629,0.381656889,0.474161481,8.5,1.653108399
-62.55030919,0.067237443,0.372144215,0.498102909,7,1.512891027
-65.47056412,0.047575272,0.399723807,0.455239174,8.5,1.904217641
-30.69320157,0.359818456,0.444058387,0.356651042,8.5,97.45186027
-69.31247542,0.030175182,0.433534004,0.419217638,7,1.862194846
-75.15966525,0.016813677,0.659846502,0.155125848,7,0.679512901
-59.96555505,0.088722327,0.389295591,0.457616335,10,1.80227566
-51.51969793,0.178405853,0.411951475,0.415205935,8.5,9.940944763
-66.02039217,0.044448564,0.416904955,0.431643449,10,2.072936672
-57.00753731,0.530217933,0.738520611,0.073011925,10,-63.56875736
-63.17641213,0.062544933,0.373536063,0.488974566,7,1.569292836
23.29824138,0.979101272,0.637130761,0.187602203,7,-47.08864221
-64.51735455,0.053453853,0.380095753,0.481834432,7,1.666990947
-61.56043821,0.074483462,0.390180063,0.459426208,10,1.807182607
-69.97144825,0.027826974,0.460208781,0.385673806,8.5,1.941281394
24.58765999,0.974289835,0.628652967,0.191669368,10,-44.33613094
-59.7367028,0.092259674,0.374526447,0.482470106,7,1.362285353
-68.13346721,0.034575899,0.442863214,0.402418249,10,2.077643323
-61.21161972,0.077789722,0.380153458,0.474658632,8.5,1.654605288
-57.02444048,0.118963286,0.396825151,0.448958516,10,2.662949923
-59.71653246,0.091195948,0.389525852,0.457016132,10,1.834132137
-51.42435779,0.629087966,0.744400622,0.070953211,8.5,-60.11665526
-72.84211214,0.01968043,0.537986002,0.295797167,8.5,1.526978584
-67.4844451,0.037618238,0.40708086,0.450218773,7,1.856049781
-72.92589931,0.019471383,0.556186229,0.272796765,10,1.552386987
-75.23265756,0.020132605,0.67201461,0.141063266,7,0.291178677
-57.80560801,0.112898711,0.384628172,0.464038863,7,1.537179193
-70.79801073,0.025152322,0.491866318,0.346407353,10,1.930923289
-59.81097497,0.090715231,0.381366469,0.470502208,8.5,1.66215402
-22.70766814,0.423134521,0.455894539,0.335428829,10,137.7780533
-58.07516826,0.10997973,0.383361507,0.466350193,7,1.432848656
-65.55467357,0.047342482,0.387500025,0.472974301,7,1.752281283
-41.95134512,0.270646936,0.43318946,0.377375784,7,41.38554568
-52.02043761,0.17669248,0.41310786,0.413141089,7,7.996869866
-64.46188553,0.053633913,0.392068257,0.464519909,8.5,1.837444675
-73.43170138,0.018325123,0.562316303,0.267739965,8.5,1.39032568
-75.02992838,0.033646628,0.688195031,0.123573673,8.5,-1.148950342
-73.4184587,0.018354546,0.561718239,0.268429428,8.5,1.393621638
-73.13582193,0.01900747,0.53308655,0.302709536,7,1.417045779
-62.18225715,0.069764323,0.381860745,0.474027921,8.5,1.659039495
-61.28102356,0.077268263,0.380588336,0.474341647,8.5,1.61374323
-56.86427166,0.123504293,0.390195183,0.45389397,7,1.901014407
-57.6449699,0.112464925,0.394473273,0.446088435,10,2.298341182
-74.49534514,0.016426628,0.6382699,0.178931889,10,1.07575799
-69.10761864,0.03085512,0.444548324,0.403760536,8.5,1.985296121
-54.0276649,0.151755575,0.407732612,0.422172126,10,5.45028728
-75.07034453,0.030213265,0.686767765,0.126886212,8.5,-0.699697549
-60.87698071,0.081406501,0.371618973,0.488244698,7,1.377870347
-74.89955935,0.025540031,0.679978914,0.131939907,10,0.017105529
-45.22714146,0.723055502,0.748128609,0.069033037,10,-52.8616227
-9.525659114,0.519174395,0.467230211,0.319057642,8.5,198.2053099
-44.97701968,0.726518993,0.748138041,0.068952125,10,-52.61796718
-61.35698518,0.077075095,0.371145629,0.490461738,7,1.402322172
-71.91785408,0.021978302,0.521623892,0.312391908,10,1.758861057
-59.61422016,0.093522852,0.375062357,0.481263057,7,1.357110704
-71.38226675,0.023444604,0.506485097,0.329730209,10,1.848034065
-74.81826261,0.015610674,0.627591864,0.193038248,7,0.951796326
-69.72015154,0.028621683,0.468998614,0.38767011,10,2.046870158
-72.58965121,0.020290287,0.528804085,0.306518521,8.5,1.579335596
19.86908007,0.985244622,0.655170168,0.175145349,8.5,-50.67276557
-61.7504805,0.073228966,0.381006556,0.474613889,8.5,1.635648487
-58.28664847,0.10761958,0.382111136,0.468359629,7,1.390004384
30.74902312,0.90701487,0.563387894,0.238110458,7,1.108795591
-54.68966402,0.14468037,0.405532681,0.426008591,10,4.572392283
-67.83537475,0.035858344,0.438416703,0.407345282,10,2.107259467
-72.00567027,0.021773202,0.509799312,0.328335286,8.5,1.686902259
-72.99839596,0.019328557,0.527619341,0.309268136,7,1.448490748
-67.79051297,0.036232255,0.410877375,0.445427104,7,1.867602751
-53.24296301,0.162971995,0.406854101,0.424560797,7,5.986491623
30.49715178,0.892002177,0.556622751,0.240987413,10,13.33106379
-67.77474857,0.036296267,0.410710239,0.446120117,7,1.864108672
-70.90804361,0.024893405,0.465228414,0.381656744,7,1.764196696
-74.84020165,0.016130358,0.648119849,0.169195252,8.5,0.923239147
-61.21399055,0.078285551,0.37109613,0.489655941,7,1.401915838
-58.14503432,0.107222108,0.393092287,0.448975635,10,2.098673355
-53.85903103,0.156952583,0.405627546,0.42653921,7,4.838949119
-64.3244689,0.054442511,0.391186801,0.464755406,8.5,1.820447396
-65.62707714,0.046900219,0.388097134,0.47266678,7,1.756403049
-70.41513443,0.221699788,0.720606228,0.087713839,10,-35.30511382
6.373197586,0.990218357,0.726795882,0.156295669,10,-51.25584971
-69.43896554,0.029595231,0.463809457,0.378443558,10,2.056017834
-59.72247464,0.092309328,0.374712105,0.488454676,7,1.393045663
-72.13606599,0.021412665,0.528364422,0.304678051,10,1.718061288
-64.25373457,0.385944626,0.731885598,0.079030583,7,-59.41471515
-75.19948419,0.017548039,0.664645789,0.150334595,7,0.602925418
-74.29979372,0.016588487,0.624840325,0.194396385,10,1.1656501
13.18014297,0.988322624,0.680365026,0.153019734,10,-53.21885169
-73.26694765,0.018708185,0.538476241,0.296976955,7,1.390036495
-31.32243915,0.876462857,0.770099946,0.08128115,7,-44.22717455
-29.13000462,0.370043864,0.44446691,0.359830332,8.5,106.7971385
-65.39724467,0.048189675,0.386257774,0.474868592,7,1.737425477
-74.31014121,0.016574423,0.625515673,0.193292426,10,1.16151012
-58.16542395,0.108902469,0.382403245,0.4680446,7,1.476801835
-56.54576496,0.125450766,0.39485672,0.445377405,8.5,2.48667601
-57.68769998,0.114145093,0.385025992,0.463274459,7,1.610680026
-61.25036235,0.077454658,0.38049401,0.474439975,8.5,1.614172111
-52.18639782,0.174172435,0.410926689,0.417319768,7,7.903137582
-57.5609469,0.113444219,0.394979517,0.445352366,10,2.308292794
-58.36144126,0.105596108,0.386164709,0.461242953,8.5,1.8292133
30.81504936,0.904430144,0.561643696,0.239630471,7,3.363676247
-68.63251177,0.032560099,0.450368192,0.393692472,10,2.070445412
-71.12528484,0.199007591,0.718635611,0.089534546,10,-31.13139001
-23.49911479,0.927970184,0.750678901,0.080494638,8.5,-45.06273929
-65.52245256,0.04748864,0.387256372,0.473723965,7,1.747253396
-65.21324205,0.04905473,0.397381795,0.457855713,8.5,1.91015447
-61.30322482,0.077003032,0.380539309,0.474523263,8.5,1.61497664
-66.94374762,0.040109893,0.400806331,0.457765339,7,1.834856075
-62.74576141,0.065749922,0.372508566,0.489946259,7,1.507091109
-65.40840528,0.048082903,0.399183634,0.455601763,8.5,1.90806887
-72.9669324,0.134076059,0.712109459,0.096206812,10,-18.34408339
-73.71678597,0.01771405,0.558941164,0.272099243,7,1.281201986
-6.319144104,0.977400826,0.73189367,0.108930007,7,-50.15809763
-65.0822964,0.04963008,0.40831294,0.441137031,10,2.024163318
-75.0732331,0.021879063,0.675695021,0.13774187,8.5,0.264745226
-52.26493553,0.171266011,0.410695811,0.417243582,8.5,8.248279959
-34.56010092,0.849522225,0.752420753,0.070757655,10,-45.44617654
-75.18197514,0.017060674,0.66223232,0.153040021,7,0.658383251
-59.75110578,0.092149727,0.374544275,0.482245793,7,1.355006404
-15.5536872,0.958160657,0.743298557,0.090951348,10,-47.5186244
-63.13279943,0.062536135,0.384642143,0.471453458,8.5,1.757706436
22.03140025,0.763385107,0.512074282,0.274698499,8.5,150.5812541
-63.02673837,0.063697233,0.373268932,0.489300058,7,1.537814071
-71.74076227,0.178815154,0.716909306,0.091513813,10,-27.1667539
-58.97673817,0.098566127,0.390811389,0.453724096,10,1.919096439
-61.20022858,0.078432538,0.371251118,0.489695345,7,1.387916539
-74.37373503,0.07798594,0.704125902,0.105935151,8.5,-7.998318949
-63.94143196,0.057161461,0.37683096,0.48548314,7,1.62273977
-71.3706938,0.023539746,0.47646806,0.368969576,7,1.716686124
-62.38007561,0.068624947,0.371752481,0.49048481,7,1.479453678
-72.44786717,0.020644498,0.523880161,0.312361983,8.5,1.611047132
-72.54986792,0.020413745,0.511243806,0.328270363,7,1.541736294
-75.0625205,0.020509668,0.672994581,0.14092485,8.5,0.408773216
-62.41194661,0.067604897,0.392526414,0.457529603,10,1.843183785
-66.58494774,0.041733201,0.410452579,0.443054259,8.5,1.964196422
-73.91787993,0.017284644,0.602112117,0.220384831,10,1.288795128
-58.03264025,0.109169477,0.387708906,0.458496371,8.5,1.894475262
-63.69983064,0.058837474,0.375772268,0.48654458,7,1.595285436
-63.81469367,0.057792566,0.388157973,0.468120585,8.5,1.783280914
-11.30304651,0.506319715,0.465392072,0.321421476,8.5,191.533027
-70.88170622,0.024933705,0.479886437,0.362664457,8.5,1.844878332
-56.34359029,0.126690916,0.399480913,0.436919736,10,2.98260467
-61.33279678,0.076784471,0.380429421,0.474459627,8.5,1.635634922
-44.43201404,0.247508004,0.427298094,0.388205894,7,31.62466088
-60.6117102,0.083200903,0.380508343,0.473206126,8.5,1.613270279
-26.39674945,0.393227679,0.448774585,0.348023602,8.5,120.2055337
-69.00124505,0.031248524,0.442778652,0.40578032,8.5,1.98912358
-70.24177291,0.026929936,0.465677494,0.379323104,8.5,1.918101636
-72.20061159,0.171935427,0.717123838,0.092463445,7,-26.46282102
-62.63327703,0.066619387,0.372219545,0.490097544,7,1.500633787
-51.21596659,0.631408133,0.743864148,0.070477273,10,-59.67624522
-58.30112425,0.105572342,0.39261658,0.449915239,10,2.055141776
-10.650203,0.512835705,0.467164663,0.319010182,7,193.2568452
-73.92554196,0.017270283,0.569597243,0.260386101,7,1.227161799
-75.36746524,0.031687221,0.701304532,0.13092418,7,-0.863555243
-72.59262529,0.020301352,0.512808722,0.326638334,7,1.525531178
-69.77591648,0.028534756,0.441764589,0.409684803,7,1.844714771
-60.55894447,0.084315203,0.372171998,0.487194894,7,1.366485072
-61.94210218,0.072100577,0.371145451,0.490472929,7,1.446186774
-58.43644616,0.104810945,0.386154847,0.461345278,8.5,1.763230111
-58.82203859,0.101584672,0.378645717,0.480632491,7,1.454371673
-62.72379031,0.065565951,0.383382712,0.472860058,8.5,1.696875211
8.514628032,0.988461453,0.696446076,0.141643321,8.5,-53.6247579
-71.34167315,0.023589464,0.491200915,0.34982155,8.5,1.790935781
-62.94333943,0.064278401,0.373042735,0.489488879,7,1.525055853
-22.26010115,0.933897254,0.749201049,0.081436694,10,-45.33965573
-61.07332356,0.079082649,0.38042739,0.474238094,8.5,1.619080973
-40.81231816,0.781627522,0.751203206,0.069397755,8.5,-49.29197271
26.41208382,0.811916151,0.52545074,0.264433848,7,99.5729328
-67.35918562,0.037929059,0.432046861,0.414472637,10,2.11310082
-58.75399776,0.1008384,0.391373319,0.452496766,10,1.950126701
-61.8077098,0.072468439,0.390701291,0.458931447,10,1.821737358
-61.66131758,0.07358011,0.390205557,0.459394017,10,1.828962519
-72.60372005,0.020239189,0.544125373,0.286736428,10,1.622663179
-57.34127826,0.116666581,0.39073772,0.452914002,8.5,2.149704253
-65.90053913,0.045075272,0.41569128,0.433038839,10,2.070434228
-62.06559385,0.070676616,0.381553656,0.474260272,8.5,1.656347334
-68.0904293,0.034772697,0.441956659,0.403304897,10,2.110337822
-61.07128898,0.079108368,0.380520974,0.474152706,8.5,1.607544109
-57.96393015,0.109860968,0.387863404,0.458128586,8.5,1.929830349
-59.90493064,0.089377867,0.389315398,0.457470733,10,1.821510881
-60.57517615,0.084123062,0.372184692,0.48738988,7,1.356696373
-69.40506127,0.029744843,0.463110738,0.379233478,10,2.06783666
-65.08521605,0.049788493,0.396434737,0.469278718,8.5,1.911054949
-72.6203885,0.020205145,0.544658793,0.285946753,10,1.625722009
-61.63077339,0.074707608,0.371167418,0.497636018,7,1.447684415
-60.74654735,0.082022505,0.380579943,0.473472945,8.5,1.600883181
-61.86892994,0.072689286,0.370815906,0.490946659,7,1.472686875
-71.41304181,0.023361716,0.507290578,0.328714887,10,1.844948756
-73.56229828,0.018031016,0.583839316,0.241291543,10,1.390154473
-62.50337319,0.067618829,0.371943593,0.490318355,7,1.489605105
-63.82456787,0.058023073,0.376379775,0.486023155,7,1.605593499
-72.79286198,0.019789105,0.551023742,0.278798497,10,1.586959547
-63.08144537,0.062650989,0.395288317,0.454958016,10,1.889077668
-64.32695045,0.054426694,0.391202639,0.464738113,8.5,1.820641111
-60.50336964,0.083784226,0.389110591,0.458896881,10,1.795854079
-33.84344248,0.856474904,0.752232839,0.071375412,7,-45.45450297
-65.96431713,0.045048055,0.391016093,0.469328004,7,1.77924193
-75.07716365,0.022666313,0.67709032,0.136204051,8.5,0.178019091
-66.61375186,0.041550809,0.410725519,0.44270604,8.5,1.967891963
-22.73568201,0.931685915,0.749566433,0.080883652,10,-45.22572273
-64.9540122,0.050566893,0.395569025,0.459910197,8.5,1.868724811
-72.67353302,0.020088786,0.531753281,0.303060904,8.5,1.56515269
-72.27205102,0.021109559,0.502142327,0.338846022,7,1.58700429
-74.70733376,0.049079142,0.696278966,0.115092234,10,-3.103055033
-71.31886394,0.02362619,0.504818321,0.331560625,10,1.856869285
-64.28681039,0.054678873,0.390960185,0.465141061,8.5,1.816196079
-74.79019706,0.018022243,0.662420353,0.151580912,10,0.812746466
-54.96742967,0.141665252,0.404536185,0.427939463,10,4.253413947
-60.42224932,0.084518063,0.389100731,0.458737709,10,1.796855294
-64.65190318,0.052624504,0.381002157,0.481132033,7,1.673014396
-58.77514718,0.100622958,0.391266536,0.452693224,10,1.956183229
-68.19475112,0.034334366,0.443455194,0.401576444,10,2.110295816
-73.77014823,0.017585996,0.59422619,0.229341759,10,1.332099455
-73.96106841,0.017194627,0.604502152,0.217803042,10,1.275981447
-71.13878793,0.024208824,0.470691058,0.375644733,7,1.742117543
-31.71776214,0.309317412,0.375558235,0.496392501,8.5,113.3234329
-63.77013413,0.057843057,0.398968085,0.45122827,10,1.935956133
25.41799332,0.973412549,0.624981001,0.196458374,8.5,-43.46077047
-31.58597401,0.875905601,0.752922473,0.07301719,7,-44.85861801
-65.38953822,0.048034082,0.399038824,0.456094021,8.5,1.899061024
-45.48392143,0.719209123,0.748040358,0.069084734,10,-53.44313776
-37.62480079,0.3044989,0.438647779,0.366642945,10,61.33310413
-73.15749574,0.018955913,0.533962547,0.301655105,7,1.412599565
-61.54419216,0.07494841,0.380638319,0.474485762,8.5,1.63708009
-57.57923075,0.115482162,0.386043012,0.461474113,7,1.600814146
-70.66377491,0.025636973,0.459695116,0.388603049,7,1.787734059
-61.59735383,0.074130424,0.389946219,0.45955982,10,1.845430947
23.93702108,0.785060272,0.518361669,0.269124063,7,128.4022
-62.47306188,0.067479823,0.382551744,0.473604326,8.5,1.6855371
-60.36517073,0.085520624,0.380842378,0.472477142,8.5,1.605414453
-69.39136571,0.029891991,0.434891095,0.417720068,7,1.859395579
-29.59367042,0.891216896,0.751833398,0.074103488,7,-44.7164627
-59.61336348,0.092752564,0.382151006,0.469296664,8.5,1.640444004
-75.24344672,0.020235745,0.6727132,0.14052259,7,0.320120891
-58.70870435,0.102001915,0.38504082,0.463562441,8.5,1.736785418
-60.44786314,0.084731759,0.380725349,0.473276227,8.5,1.610231233
-54.9078336,0.570019052,0.742505094,0.072845273,8.5,-63.23480423
-59.95400405,0.088831827,0.389016522,0.457975882,10,1.848145486
-69.55882684,0.029179172,0.466007982,0.37587162,10,2.048307071
-72.01005164,0.021786856,0.494113668,0.348230384,7,1.627799489
-72.79207243,0.019825245,0.519783734,0.318303062,7,1.496552651
-73.14213916,0.018966612,0.564958611,0.262773149,10,1.500466088
-62.64290515,0.066539466,0.372247168,0.489840125,7,1.499331616
-50.9200485,0.183843514,0.416421593,0.406760115,10,11.33247185
-75.06277919,0.015778376,0.649211776,0.168308751,7,0.820014667
-63.14951443,0.062413987,0.384995838,0.471391536,8.5,1.726563472
-70.53370933,0.025981174,0.485765913,0.353374817,10,1.967936267
-70.85464232,0.024980476,0.493229859,0.344883554,10,1.921121902
-55.76919339,0.133836497,0.397567304,0.440446783,8.5,3.217739015
-60.64774469,0.082925443,0.380637834,0.473226855,8.5,1.599979463
-12.5802263,0.965988008,0.740403254,0.096438296,8.5,-48.18080594
-58.50533779,0.103416491,0.39197466,0.451271821,10,2.013096875
-74.32615169,0.016464252,0.610277852,0.212768658,8.5,1.139908638
-60.62649908,0.083120555,0.380652609,0.473170417,8.5,1.59985698
-62.60889591,0.066102612,0.393191731,0.456923696,10,1.863423332
-49.16734935,0.204127189,0.418968251,0.403001657,7,15.34754346
-50.54029035,0.191040738,0.416218331,0.407851406,7,11.56330315
-60.84752182,0.080656821,0.389199053,0.459389124,10,1.798368498
-67.8021033,0.035986314,0.438184485,0.407640776,10,2.081897309
-74.35656828,0.016406959,0.612237599,0.210458039,8.5,1.130250765
-59.11977049,0.098570134,0.377124802,0.477663022,7,1.385995895
-71.52675066,0.023106945,0.480481746,0.364179724,7,1.701952602
-70.43909004,0.026298565,0.469843758,0.374507598,8.5,1.900039454
1.75500508,0.985502817,0.713320561,0.124202965,10,-52.64765686
-57.3796215,0.11620407,0.390428765,0.453290811,8.5,2.146541092
-68.5955054,0.032734607,0.449566228,0.394637388,10,2.096496818
-58.91208244,0.100772799,0.3781694,0.475651872,7,1.397446687
-60.12451896,0.087781625,0.381140153,0.472125203,8.5,1.617279142
-75.06808405,0.021472708,0.67468939,0.138509934,8.5,0.309603741
-59.10041812,0.097956876,0.38370997,0.466159037,8.5,1.677863829
-53.95922271,0.153335649,0.404667997,0.428019908,8.5,5.374986065
-69.34543358,0.029991765,0.448692494,0.399111547,8.5,1.968727642
-24.17294767,0.40972908,0.453220265,0.344706288,10,131.7316823
-72.80701907,0.019782568,0.520401518,0.318032365,7,1.487575061
36.40836062,0.812262821,0.473631404,0.370198654,7,97.88289241
-53.63909615,0.15669741,0.405742339,0.426126466,8.5,5.869694906
-65.48288807,0.047339269,0.411768378,0.437547993,10,2.048629953
-32.60115062,0.344086596,0.4405642,0.366666165,7,88.30572735
-58.96414207,0.100265836,0.378073488,0.475922909,7,1.375898927
-68.12082413,0.034813106,0.415229874,0.440886919,7,1.87760153
-61.13709569,0.079036879,0.371301544,0.489398347,7,1.389562638
-65.50312372,0.047590742,0.387101943,0.473769483,7,1.745139906
-72.83796028,0.019690311,0.537829631,0.295977597,8.5,1.52786797
-54.65248385,0.145890705,0.401997537,0.432695793,8.5,4.438936276
-60.65278196,0.082323009,0.388853299,0.459443748,10,1.824263566
-74.18219124,0.01674124,0.601353631,0.222811645,8.5,1.184426597
-65.85794563,0.045454575,0.403175532,0.45162227,8.5,1.92856106
-73.3400482,0.018542717,0.541613194,0.2926865,7,1.371676425
-72.05848673,0.021658875,0.495585323,0.346074778,7,1.618146759
-66.5341073,0.041817961,0.42225796,0.42559746,10,2.097303874
-56.69818968,0.125439809,0.391336042,0.451986518,7,1.971167501
-68.70739023,0.032367135,0.438089338,0.411238144,8.5,1.994609912
-64.97369178,0.050450044,0.395717868,0.459743938,8.5,1.87018257
-62.01355688,0.07070738,0.391117565,0.458702536,10,1.838699234
-41.85734766,0.267934088,0.430077401,0.382735197,8.5,42.60152187
-70.20881449,0.027036817,0.464997342,0.380109208,8.5,1.920911662
-70.7280528,0.025440755,0.461192791,0.400561331,7,1.779050555
-63.042777,0.062920927,0.395047122,0.455260777,10,1.893609782
-26.142526,0.913820013,0.751514287,0.07754324,7,-44.79564081
-73.17798972,0.018914405,0.534767216,0.300774453,7,1.410866005
-74.90010985,0.015558208,0.634394751,0.184358889,7,0.916042027
-35.72770851,0.323090824,0.441520885,0.361685324,7,70.42448552
-60.1719771,0.087344121,0.381097646,0.471785131,8.5,1.609281958
-12.56828779,0.966006023,0.739860061,0.096380615,7,-48.24861152
-73.28956703,0.018659365,0.539426377,0.295345308,7,1.385434727
-65.3616819,0.048390717,0.385928281,0.475039279,7,1.739327408
1.568921044,0.601560365,0.480859229,0.302320107,7,221.4649709
-72.48807438,0.020565788,0.509160331,0.330703578,7,1.552222486
-67.96724124,0.035287008,0.440192007,0.405297582,10,2.112944364
-71.05723885,0.024381766,0.498134809,0.35566164,10,1.899250989
-15.50857322,0.95838917,0.743366907,0.091099565,10,-47.23386934
-74.79446103,0.015633506,0.625677806,0.195271636,7,0.961482652
-60.97239258,0.079986773,0.380516033,0.473936354,8.5,1.604889207
-66.21464867,0.338070076,0.728920169,0.08103809,8.5,-53.90042907
-58.00739655,0.11064189,0.383286011,0.466266748,7,1.511045893
-63.04668506,0.063486191,0.373356275,0.489124704,7,1.531307369
-60.21150776,0.087544492,0.373103325,0.485247463,7,1.337303419
-57.04715108,0.119885272,0.392065801,0.450496691,8.5,2.292900245
-69.51329324,0.029449684,0.436934537,0.415290317,7,1.86277767
-61.12134676,0.079156363,0.37125929,0.489465119,7,1.393626555
-64.68926939,0.052163388,0.393619916,0.461879183,8.5,1.850189303
-60.71624817,0.081736679,0.388800466,0.459576818,10,1.833492513
-66.90803718,0.040027904,0.426453149,0.42090673,10,2.115017777
-57.69128314,0.112855316,0.389179312,0.455772251,8.5,2.007220455
-57.95325801,0.1112056,0.383550531,0.466397955,7,1.535765496
-72.06235801,0.021606358,0.526052819,0.307252754,10,1.731551257
-30.80661649,0.359924639,0.446575548,0.351801663,10,95.84224418
-67.84041833,0.035810609,0.438445522,0.420940737,10,2.120058009
2.313364101,0.98744689,0.736497453,0.144642847,10,-50.19700663
-65.4081423,0.047762502,0.411106969,0.43805358,10,2.043487026
-71.19644872,0.024040328,0.472157487,0.37344176,7,1.730892412
-75.2316181,0.021579245,0.69002784,0.143785715,8.5,0.338583854
-70.48307718,0.026157961,0.470864108,0.373468775,8.5,1.888961482
-56.9362625,0.12109836,0.392565026,0.449636159,8.5,2.353720702
-74.82452756,0.0188062,0.666012348,0.147445879,10,0.732666462
-69.54163458,0.029292526,0.452194392,0.395286533,8.5,1.958448984
-57.04052334,0.118951293,0.396513758,0.442249064,10,2.591462921
-56.2367928,0.128773148,0.395693551,0.443956505,8.5,2.812229313
13.23202783,0.988384162,0.680377473,0.153295512,10,-53.30870916
-69.26580415,0.030243719,0.460630455,0.382035827,10,2.075882058
-73.85757362,0.017407286,0.598838882,0.224004134,10,1.306689775
-70.2736947,0.026784628,0.480202443,0.359817972,10,1.986030794
-70.67537202,0.025540963,0.488978841,0.349676692,10,1.950373863
28.96453671,0.947381343,0.593603489,0.215765869,7,-28.53302955
-56.04701425,0.133083508,0.395779698,0.444039247,7,2.30504319
-58.9950245,0.098286416,0.390487284,0.454110122,10,1.947539553
-57.70362142,0.11397693,0.384952771,0.463255668,7,1.601320588
-70.44033648,0.026255796,0.483738503,0.355662987,10,1.974301895
26.4413015,0.971804304,0.620316841,0.202959394,7,-42.03535732
-34.3167735,0.85182983,0.752490618,0.070888903,10,-45.36902555
-72.77589264,0.01982278,0.550422248,0.279306172,10,1.586879452
-57.29948681,0.116297231,0.395978264,0.443430156,10,2.41384283
-70.18725889,0.027062994,0.478314053,0.361839946,10,2.002220203
-71.15390652,0.024099131,0.500575766,0.33638955,10,1.880217901
-59.1333636,0.097566362,0.383478312,0.467027955,8.5,1.691045161
-59.96211571,0.089340241,0.3814167,0.471447128,8.5,1.623443763
-57.84882296,0.110207162,0.393594567,0.447809892,10,2.246060572
-74.61390725,0.016017091,0.630056054,0.189873043,8.5,1.039333317
-63.77060432,0.057838761,0.39897067,0.451211396,10,1.935908108
-2.758442657,0.571087134,0.477827687,0.304119932,10,213.7930194
-58.56068476,0.103503763,0.385696046,0.462227048,8.5,1.734936138
-59.45516522,0.095099961,0.37568368,0.480275578,7,1.360413877
-65.8069066,0.0459021,0.389639438,0.470909062,7,1.767378075
-64.8273324,0.051524664,0.382023145,0.479642872,7,1.698692368
-63.10217764,0.062766227,0.384790761,0.471466357,8.5,1.724410613
-59.5852688,0.093080679,0.382343086,0.468974923,8.5,1.631314076
-72.93616633,0.019457664,0.541580979,0.292166682,8.5,1.506476506
-65.10106855,0.049905322,0.383948137,0.477469301,7,1.721054395
-57.92386886,0.111578526,0.383823729,0.465482121,7,1.526774645
-74.81698632,0.01860991,0.665257374,0.148450615,10,0.746622382
-54.22872948,0.150847279,0.404493923,0.428114461,8.5,4.883319043
-71.54571131,0.023016023,0.496639984,0.343615828,8.5,1.759236645
-71.54939426,0.022972357,0.511004661,0.324449752,10,1.822479536
-74.52101147,0.016139283,0.623356162,0.197214889,8.5,1.073900598
-69.55042626,0.029318336,0.437591929,0.414517483,7,1.861422223
-57.06855604,0.118593934,0.396279633,0.44270089,10,2.592924938
-69.0251367,0.031159092,0.443172003,0.40542664,8.5,1.988454267
-65.19289735,0.04899865,0.409006617,0.440346152,10,2.058861153
-74.50946754,0.016150981,0.622541117,0.198487763,8.5,1.078458391
-73.95131794,0.017208302,0.588130225,0.238015917,8.5,1.252108516
30.32158143,0.910111109,0.56690792,0.233668129,7,-1.515332372
-57.848694,0.110199572,0.393567651,0.44783317,10,2.249227386
-65.44278575,0.047731802,0.399487558,0.455506111,8.5,1.902406839
-64.98585219,0.050383271,0.395605971,0.45984744,8.5,1.893594962
-73.73502272,0.017674686,0.559839577,0.271578762,7,1.276625733
-60.48749106,0.084282712,0.38036434,0.473199563,8.5,1.639791598
-74.68375356,0.015966262,0.63533519,0.183825165,8.5,1.010092319
-61.9320549,0.071443954,0.391021351,0.458763482,10,1.825565776
-67.6462322,0.036862563,0.409099845,0.447962096,7,1.858593785
-65.48029892,0.047709678,0.38692025,0.474080676,7,1.742959987
-70.46638723,0.026264014,0.455337979,0.393448239,7,1.812022294
-71.73778603,0.022515826,0.486324344,0.35730354,7,1.664109359
-68.16740193,0.034648694,0.416013271,0.439869225,7,1.86566913
-54.84591412,0.1438924,0.401445626,0.433713192,8.5,4.177128292
-72.47295498,0.020580705,0.524745285,0.310786492,8.5,1.604747265
-72.38232529,0.020786817,0.536427256,0.295367001,10,1.668881113
-70.75993676,0.025342649,0.461838912,0.385960098,7,1.778951693
-74.90133946,0.01554838,0.634482836,0.18520377,7,0.916810863
-74.82555943,0.015605416,0.628185346,0.191531089,7,0.948639871
-67.45942773,0.037716865,0.40679941,0.450715173,7,1.852836944
-67.81485629,0.035918466,0.438059923,0.407703066,10,2.115057772
-62.45553959,0.067347822,0.392637724,0.457437707,10,1.85809255
-74.07494816,0.016954855,0.595053789,0.230196267,8.5,1.216543817
-65.7037391,0.046129716,0.413815495,0.435014204,10,2.058852246
-61.67472599,0.073558522,0.390429624,0.45920049,10,1.811876175
-57.2993825,0.117121722,0.390923464,0.452620502,8.5,2.169638137
30.11748749,0.928960603,0.578707845,0.225702138,10,-16.17139902
-66.66847536,0.041280776,0.411317666,0.442027344,8.5,1.970128949
-62.22593204,0.069099694,0.391891636,0.458078879,10,1.838266652
-54.84651265,0.143798699,0.401247586,0.434139676,8.5,4.203019179
-54.74510326,0.147142711,0.401355032,0.434201748,7,3.701010121
-64.00518276,0.056808896,0.377259615,0.484707597,7,1.621083973
-62.03976323,0.0705847,0.391338727,0.458591245,10,1.828763659
-68.5654321,0.032852048,0.44909477,0.395206637,10,2.097562989
9.476229014,0.988607842,0.693177945,0.144161678,7,-53.56350358
-57.98927719,0.110772233,0.383199538,0.46664804,7,1.539157134
-74.63214416,0.015878401,0.61333827,0.209406831,7,1.019106489
-57.97683884,0.11095299,0.383417636,0.466192114,7,1.52340625
-66.09559298,0.044381563,0.392208885,0.467957813,7,1.789481289
-72.31808341,0.020948922,0.534261634,0.297801589,10,1.683348512
-56.59395002,0.123970293,0.398581333,0.438667148,10,2.807943758
-42.81528036,0.755720906,0.749494056,0.068841097,10,-50.88362597
-75.23132662,0.0191994,0.67045227,0.143968054,7,0.399359789
-59.75237916,0.092097614,0.374456797,0.482650839,7,1.363500007
-70.35341628,0.02657107,0.468075775,0.376728031,8.5,1.902178
-56.168936,0.128608873,0.400164742,0.435712069,10,3.109526722
-62.64852755,0.065728059,0.393156128,0.456950863,10,1.884462399
-54.2967891,0.151869893,0.402969965,0.431217389,7,4.321814856
-63.4360227,0.060688877,0.374741931,0.487774934,7,1.565128864
-74.83139176,0.016103238,0.647354819,0.17007028,8.5,0.929560552
-57.05088035,0.1023413,0.3318289,0.580362927,8.5,8.579392634
26.66747801,0.992829821,0.650739011,0.232071215,10,-47.64588868
-16.68235483,0.954807664,0.744556073,0.089231866,10,-47.11218209
-55.28188459,0.13912076,0.399579512,0.437071641,8.5,3.701549572
-67.89621495,0.035665768,0.426261389,0.424869182,8.5,2.001537848
21.43823979,0.981853378,0.646143885,0.179246717,10,-48.94936353
-60.77857752,0.08226459,0.371725524,0.488199328,7,1.376458717
-75.19184398,0.032757751,0.687115506,0.123949005,7,-1.206657356
-61.90818821,0.072352927,0.371180607,0.490317694,7,1.433414185
-54.7193906,0.143810654,0.404996005,0.433446927,10,4.716848545
-62.59751998,0.06621791,0.39312984,0.457067886,10,1.867755931
-57.80737449,0.1108237,0.394203177,0.446838039,10,2.205795432
-63.43929995,0.060363909,0.38627259,0.47000305,8.5,1.750796333
-56.69879236,0.122829869,0.398186828,0.439279377,10,2.740001313
8.205260178,0.98839718,0.696800288,0.140691676,7,-53.5450046
-72.10181361,0.021521896,0.512737235,0.324942599,8.5,1.670433504
-44.82425188,0.241472875,0.425142492,0.392072787,8.5,30.60201138
-70.50193218,0.026143954,0.456166799,0.392811985,7,1.802734874
-37.45946798,0.30525471,0.43607429,0.371578103,8.5,62.86790281
-64.08679621,0.055974603,0.389626548,0.466466414,8.5,1.812535737
-54.18820592,0.150813785,0.40365292,0.429888542,8.5,5.071075498
-61.65295974,0.074540201,0.371122425,0.490342344,7,1.416014511
-55.13684704,0.139830753,0.403928333,0.42890267,10,4.06330608
-62.46803405,0.067840127,0.371767176,0.490480433,7,1.493830732
-55.71291724,0.133593196,0.401888641,0.43263805,10,3.487951524
-60.67955584,0.082093672,0.389135063,0.459125186,10,1.785465319
-41.43985992,0.271410581,0.430483585,0.381993469,8.5,44.45019378
-74.61432172,0.054413859,0.697059387,0.11245068,10,-3.94130783
-56.29786027,0.127021181,0.399239868,0.437321409,10,3.067214523
-67.56781465,0.037089399,0.421939429,0.42982109,8.5,1.997182595
-72.83234156,0.019719863,0.521365258,0.315924907,7,1.479716299
-72.50823612,0.020473731,0.540748071,0.290492151,10,1.643032133
-63.02821593,0.062958399,0.394803204,0.455529332,10,1.910162508
-67.14688018,0.038995308,0.416754233,0.435786349,8.5,1.987018692
-71.30224242,0.023735423,0.474726236,0.371010014,7,1.72500632
-68.92941202,0.031602775,0.427255084,0.426298554,7,1.869037874
-74.17908597,0.016747917,0.601167734,0.222693084,8.5,1.185299868
-55.6823613,0.134174735,0.402613108,0.430983081,10,3.422441229
-58.71779682,0.101907365,0.385007861,0.46361156,8.5,1.735043936
-55.41808238,0.138968981,0.396831523,0.446836791,7,3.208752796
-52.25070959,0.17312068,0.409890981,0.419085397,7,7.885855438
23.0383769,0.978745975,0.637752305,0.185259818,10,-47.02274887
-59.39403115,0.094369903,0.390034261,0.456174496,10,1.86288497
-74.55660781,0.016084431,0.625880795,0.194658372,8.5,1.061314395
-68.04597437,0.034969495,0.441382959,0.403978301,10,2.10409477
-66.17643995,0.043935932,0.392981917,0.466901716,7,1.791840493
-53.05960281,0.165206854,0.408184188,0.422101051,7,6.210558275
-19.218219,0.946311854,0.746821738,0.085462116,10,-46.08048796
-70.07490092,0.027524017,0.447423823,0.403027896,7,1.832652262
-67.65533335,0.304103831,0.726393986,0.0827358,7,-49.83238323
-49.47025436,0.198192124,0.41973068,0.400970508,10,15.02126662
-73.12694876,0.019001657,0.564321769,0.263467256,10,1.504351078
-74.77576554,0.053974773,0.697401354,0.112849162,8.5,-4.063069191
-58.02490831,0.109252576,0.387741571,0.458435567,8.5,1.89675481
-63.23344156,0.061550743,0.395995778,0.454276607,10,1.902603132
25.56140204,0.972778508,0.623719324,0.197280558,7,-43.19289101
-73.15646357,0.018946594,0.550396893,0.281558964,8.5,1.457179356
-72.9814444,0.019351561,0.543345443,0.289651761,8.5,1.496528232
-73.10665889,0.019050408,0.563486219,0.265848893,10,1.508629962
-65.4757525,0.047546094,0.399768092,0.45518912,8.5,1.904555001
-70.6559059,0.025567229,0.488631364,0.350146035,10,1.941905275
-61.69271277,0.439603727,0.734857541,0.076738676,8.5,-62.6327731
-67.39622705,0.037773914,0.432541723,0.414053644,10,2.111278232
-69.62626608,0.028942797,0.46726931,0.374526513,10,2.04332198
-38.61381025,0.807476012,0.752176052,0.069825843,8.5,-47.65528615
-53.32926378,0.159868969,0.406583878,0.424510232,8.5,6.398976385
-51.04896607,0.18406173,0.41171635,0.420081151,7,10.91466071
-65.50876188,0.047360876,0.400051013,0.454869254,8.5,1.906695127
-66.11043675,0.043963597,0.417801766,0.430589611,10,2.077709081
-71.25641262,0.023869379,0.473632263,0.38649599,7,1.728194974
-65.15902146,0.049183296,0.408963933,0.441281257,10,2.028999295
-60.36235527,0.085454067,0.380834334,0.472496854,8.5,1.59443461
-74.02920143,0.017052955,0.575210768,0.252948775,7,1.199402566
-61.88359914,0.07217847,0.381266417,0.474374076,8.5,1.640869795
-32.0446559,0.872195515,0.752833756,0.072647952,7,-44.99329962
-65.01243699,0.364506782,0.729999215,0.079413973,10,-56.28790722
-69.23646081,0.030444565,0.432179852,0.420363106,7,1.870310099
-36.44409243,0.314176171,0.439871363,0.364324793,10,67.15381744
-73.84328434,0.017444068,0.565298266,0.26469957,7,1.248774515
-55.66760373,0.136243875,0.395647649,0.448988865,7,2.960397147
30.61555847,0.927300231,0.575451327,0.230389468,8.5,-14.5065437
-67.15144695,0.03898595,0.416867783,0.435792479,8.5,1.981444807
-73.18314296,0.018901321,0.53501254,0.317133767,7,1.408520867
-73.85393364,0.108238032,0.709218077,0.10007922,7,-13.93196124
-59.62572405,0.09340244,0.374999602,0.481697117,7,1.362257568
-57.74618775,0.11193636,0.388565705,0.463104331,8.5,2.101121928
-59.97736142,0.08924442,0.381494855,0.470926045,8.5,1.610466466
-58.98630956,0.098964874,0.383556675,0.465981615,8.5,1.747514691
-64.16520092,0.05524829,0.401471751,0.448569895,10,1.962298043
-12.62309996,0.96571595,0.739554125,0.0956928,10,-48.16470266
-57.08677276,0.11945103,0.391886301,0.45082258,8.5,2.272318236
3.899150476,0.98680063,0.708579352,0.130105777,7,-53.03427733
-66.23065509,0.043649619,0.393480183,0.466376046,7,1.79659006
-69.78641001,0.028448461,0.456772118,0.389643967,8.5,1.940351959
-31.31492587,0.877842344,0.75261905,0.072717192,10,-44.6174228
-65.52104289,0.047146506,0.411904935,0.437138492,10,2.075586017
-71.46066514,0.023227586,0.508605499,0.327364568,10,1.834046444
-61.53168588,0.075086238,0.380578644,0.474559723,8.5,1.646102232
-57.15893855,0.11866053,0.391559668,0.451417139,8.5,2.23589649
-62.18886662,0.069709914,0.381833053,0.474094947,8.5,1.664737477
-65.85445816,0.045636302,0.390045651,0.470459359,7,1.771203395
-55.81551078,0.552755072,0.739866172,0.072413984,10,-62.80729862
16.46480079,0.98732479,0.668484048,0.163681912,7,-52.21352619
-27.33070708,0.906483983,0.751492449,0.075780991,10,-44.59171452
-67.62608902,0.036832858,0.422688239,0.428958848,8.5,1.99819402
-71.47085311,0.023255478,0.479124408,0.365270181,7,1.698743841
-55.69903718,0.137004968,0.397678735,0.440650625,7,2.583750197
-59.38711485,0.094350676,0.389720365,0.455986235,10,1.896759228
-60.01903032,0.089518833,0.37368346,0.484177486,7,1.351200369
-73.81289923,0.098062677,0.706899694,0.101372627,10,-11.40615319
-59.70314592,0.091322585,0.389515038,0.456799654,10,1.836921681
-63.58949136,0.059320308,0.387002298,0.469302255,8.5,1.762819388
-55.32050194,0.140641411,0.398215293,0.439861149,7,3.115509131
-64.59924989,0.052522879,0.404513422,0.445293641,10,1.993898186
-73.67411453,0.017806194,0.556862746,0.27508569,7,1.29191307
-70.30842043,0.026766965,0.452060388,0.396975442,7,1.821996731
-45.04473544,0.242017274,0.426288398,0.390037231,7,29.2643971
-74.84071511,0.01934609,0.668034658,0.145343582,10,0.666644637
-36.250782,0.316802279,0.438218732,0.368187112,7,68.62185654
-65.07695324,0.049841029,0.39651096,0.458879414,8.5,1.877769944
-73.38783368,0.018435412,0.543690582,0.29050624,7,1.360706903
-48.9130397,0.668963161,0.745359908,0.069950927,7,-58.16790108
-69.57945672,0.029222143,0.438149372,0.413979696,7,1.856817652
-44.14734089,0.250030415,0.427738185,0.387328403,7,32.73283134
-63.95420989,0.056900626,0.388937635,0.46789219,8.5,1.797840804
-44.79921843,0.728944918,0.748401285,0.068943349,10,-52.7675087
-23.67715883,0.927137939,0.750108186,0.079739592,10,-45.09683454
-54.60302461,0.145588554,0.405775924,0.425528146,10,4.684541119
-58.38394041,0.105383086,0.386162449,0.461386442,8.5,1.815312028
-56.15180821,0.13150271,0.394190445,0.446921556,7,2.350247608
-74.33858171,0.016535079,0.627368501,0.191409985,10,1.152005622
29.2068333,0.951243234,0.595258847,0.217019732,8.5,-30.52661651
-59.11167761,0.097106156,0.390238419,0.45466573,10,1.93006142
-70.53585754,0.025992395,0.472011025,0.37205956,8.5,1.884196951
-58.98582581,0.098446721,0.390822761,0.453693111,10,1.907154527
-34.51925,0.330180274,0.442477443,0.359615845,10,76.70318627
-74.85324763,0.019942136,0.669744856,0.14322553,10,0.603293195
-58.31345797,0.105320814,0.392220571,0.450517053,10,2.094643633
-74.52535426,0.06934212,0.702015405,0.108109849,8.5,-6.561009579
-62.58445318,0.066228663,0.392917539,0.457241267,10,1.880700636
-66.07742128,0.044280342,0.405247221,0.448967913,8.5,1.941266618
-72.01330762,0.169913914,0.716052192,0.092086836,10,-25.29663725
-69.16409919,0.030590586,0.458939918,0.383998149,10,2.071881267
-67.95846053,0.035407279,0.427145014,0.423602323,8.5,1.998267868
-74.28068998,0.016612886,0.623605218,0.195884237,10,1.172881664
-59.61834128,0.092159932,0.389661527,0.456501226,10,1.839950734
-58.25713491,0.107790604,0.381554481,0.469521779,7,1.495191378
-20.34873458,0.941839499,0.747844374,0.083953968,10,-46.00226026
-62.82906825,0.064764534,0.383733349,0.472490778,8.5,1.704921662
-59.63570037,0.093308034,0.375032401,0.481525789,7,1.351023427
-68.08592281,0.034964679,0.414808868,0.441231148,7,1.871999749
-62.39009338,0.068126102,0.382376247,0.473646663,8.5,1.672997735
-74.66073582,0.051313735,0.695892299,0.113873031,10,-3.440835312
-59.43719718,0.093949582,0.389951569,0.455788313,10,1.855008342
-71.6075053,0.022874799,0.48270664,0.3616635,7,1.685793816
-61.92667115,0.071539967,0.391001915,0.458721903,10,1.830700417
-27.27101717,0.906814463,0.752503788,0.076525111,8.5,-44.56125169
-56.15587245,0.128744191,0.400196521,0.435647674,10,3.121539961
-68.96934341,0.03136878,0.442290421,0.406464727,8.5,1.98664352
-61.91711795,0.072236788,0.371179802,0.490671865,7,1.432285275
-69.59080255,0.029068588,0.46661336,0.375231926,10,2.044987518
22.72029602,0.980305837,0.640234216,0.185333044,7,-47.75300559
-61.50981966,0.074887619,0.390037925,0.459314021,10,1.808378652
-57.41589775,0.117326091,0.387045125,0.459674504,7,1.652475122
-63.31609899,0.061527579,0.374226412,0.487984164,7,1.558772809
-58.72633505,0.101120842,0.391374907,0.452481255,10,1.967472373
-65.57929853,0.047157104,0.387672643,0.473113012,7,1.755332869
-23.30512434,0.929010057,0.74938402,0.080346864,7,-45.24955451
28.21614957,0.956129018,0.602194647,0.209978824,10,-33.1244932
-16.66285377,0.954983604,0.744483672,0.089248088,10,-46.79936616
-44.3564638,0.249470718,0.429472288,0.383937237,7,31.50221145
-63.75818558,0.058459766,0.376047594,0.486407247,7,1.601223876
6.89023712,0.987940023,0.700045703,0.136351747,10,-53.53287071
-60.23044373,0.086305473,0.389112826,0.458422381,10,1.807642071
-72.43843057,0.154628843,0.714500635,0.093671093,10,-22.29850472
-56.60112831,0.124480274,0.393280989,0.448042361,8.5,2.647540575
-72.7181873,0.019970392,0.53343685,0.317888526,8.5,1.551371451
-72.75627681,0.019887266,0.534771184,0.299210103,8.5,1.54697442
-70.55262418,0.025901235,0.486277047,0.352786445,10,1.956085842
25.12007101,0.974389239,0.626851242,0.195135228,8.5,-44.02552098
-62.09013863,0.432454528,0.734015304,0.077010212,7,-62.7276541
-27.22005923,0.90715851,0.751749503,0.076027436,10,-44.5538784
-61.17667555,0.078096656,0.380478411,0.474395807,8.5,1.609935739
-66.30657518,0.042980116,0.419719268,0.42850838,10,2.099920599
-62.21896943,0.069876705,0.371482944,0.490563923,7,1.466044623
14.40243558,0.98810054,0.6765209,0.157710533,7,-52.97542316
-33.79066206,0.85699008,0.752848214,0.07164965,7,-45.44490136
-63.24699056,0.061697067,0.385308832,0.470967216,8.5,1.744414387
-47.47850767,0.217255201,0.423676436,0.393969906,10,20.93679475
-74.43019018,0.016253912,0.599381133,0.226281287,7,1.083251451
-71.30933539,0.023653145,0.504573203,0.332136909,10,1.857879164
-57.83865383,0.112498365,0.384294492,0.464597881,7,1.546796474
-24.77886047,0.407235709,0.451479911,0.343854664,7,128.3923228
-63.31375876,0.061559196,0.374213327,0.488295981,7,1.561110836
-69.04087479,0.031100684,0.443433558,0.405023907,8.5,1.98778184
-2.630652387,0.981811107,0.723737841,0.115469123,8.5,-51.3895628
-63.03692641,0.063520224,0.373181262,0.489283801,7,1.542992782
-58.50231468,0.105218614,0.380558925,0.471370945,7,1.412807812
-67.44378269,0.037558273,0.433460923,0.412899264,10,2.076691002
-75.0335844,0.018417502,0.667856143,0.148322415,8.5,0.620513439
-56.68462801,0.123863351,0.393706823,0.447528739,8.5,2.501083979
-64.7533539,0.051774522,0.394121483,0.461527921,8.5,1.850542558
-68.13492367,0.034672879,0.429632699,0.420958561,8.5,1.995606781
-58.63479533,0.10385134,0.379991167,0.472379857,7,1.383178981
-74.79587683,0.018140972,0.66306095,0.150866011,10,0.794836322
-74.43069947,0.081224312,0.704538255,0.105247787,7,-8.938207428
-75.39209876,0.020815421,0.688757434,0.144795433,7,0.290799811
-57.22866357,0.118987008,0.386893233,0.459770256,7,1.866962214
-58.56730398,0.102646428,0.391442238,0.452049791,10,2.03977669
-25.70003129,0.916395821,0.751503432,0.07807454,7,-44.84505811
-68.08638605,0.034782745,0.441920483,0.404347752,10,2.108401464
-65.3515393,0.048250573,0.3987216,0.456451739,8.5,1.896575421
-67.51253894,0.3071724,0.726117606,0.082449834,7,-50.31522711
-70.93351556,0.024778521,0.481112896,0.36154985,8.5,1.838752565
-71.48573351,0.023183134,0.495006235,0.345423841,8.5,1.769653657
-59.60299753,0.092905446,0.382299598,0.469068128,8.5,1.6301071
-60.61556219,0.083221151,0.380660565,0.473141005,8.5,1.599804245
-74.28242112,0.01653911,0.589978316,0.236546034,7,1.127671034
-74.66484624,0.015975611,0.633884228,0.185486983,8.5,1.018332819
-56.14915873,0.129729227,0.396072497,0.443320459,8.5,2.88131809
31.16114035,0.988549723,0.622359278,0.25521054,8.5,-43.98465485
-52.19538668,0.170566403,0.412436722,0.413782786,10,8.68085881
-61.12419269,0.078553718,0.380447668,0.474293263,8.5,1.609595401
-33.92773821,0.333871825,0.440138566,0.36395332,8.5,80.58507354
-26.65251222,0.910685046,0.751232912,0.076840582,7,-44.76399622
-68.92509142,0.031610458,0.427118905,0.42688748,7,1.875301342
-53.04741248,0.161992059,0.410545303,0.417138836,10,7.025038424
-71.87003052,0.022158348,0.490064152,0.352927563,7,1.645214901
-66.98242098,0.039766125,0.414831936,0.437995064,8.5,1.981793928
-73.70234946,0.01772965,0.590751658,0.233377783,10,1.351389243
-65.36549347,0.048183326,0.398632962,0.456447468,8.5,1.919983843
-73.88001361,0.017366094,0.56720097,0.26299127,7,1.23920905
-65.82540693,0.045637705,0.402709421,0.451836678,8.5,1.944189359
-63.59730324,0.059000918,0.397780105,0.452478125,10,1.94603531
19.68203534,0.983968295,0.653800651,0.173385562,7,-50.23554964
-70.92541626,0.024804653,0.480889306,0.362000068,8.5,1.842813503
-55.05084966,0.143691922,0.399742849,0.437429077,7,3.378969233
-70.69235431,0.025551022,0.460397613,0.401460255,7,1.782303731
-74.03643792,0.017049013,0.608765055,0.212741371,10,1.253999997
-68.51195542,0.033079638,0.448219152,0.39617191,10,2.104442996
-63.15030593,0.062128626,0.395348281,0.454917438,10,1.925982531
-73.57601664,0.017998521,0.58449642,0.240370914,10,1.386875346
-59.69836068,0.091965803,0.38207388,0.469557835,8.5,1.624036161
-71.14224817,0.024163138,0.486178889,0.355876473,8.5,1.813691404
-74.27350659,0.016619335,0.623138386,0.196326777,10,1.176061869
-67.05397068,0.039424734,0.415659128,0.437146362,8.5,1.984337006
-55.00113977,0.144301285,0.40007682,0.436461671,7,3.415251611
-61.95179733,0.071620839,0.381388972,0.474377988,8.5,1.644848126
-74.29291912,0.074344417,0.702558548,0.106460218,10,-7.122558113
-71.15213974,0.024171883,0.471064169,0.389399819,7,1.739391338
7.493451308,0.988313475,0.699291525,0.138902063,8.5,-53.48464478
-72.17287288,0.021318426,0.529541872,0.303273734,10,1.710480255
-58.06279823,0.108096436,0.393355003,0.448505626,10,2.123598735
-61.56882799,0.074800446,0.380825853,0.474479534,8.5,1.624836923
-74.23225356,0.016689025,0.620539177,0.199278761,10,1.189229195
-74.80718915,0.018330578,0.664079368,0.149569438,10,0.783294303
-57.85816941,0.11104883,0.388452809,0.457114325,8.5,1.949034525
-62.77168507,0.065161984,0.383430371,0.472772486,8.5,1.710294852
-65.27817862,0.048882237,0.38534618,0.475939014,7,1.727776793
-72.89413975,0.019558577,0.53994397,0.293573809,8.5,1.517400246
-54.54444293,0.146221208,0.405982439,0.425228305,10,4.759843899
-72.4870866,0.020566567,0.509221971,0.329922893,7,1.544152487
-72.63095607,0.020207273,0.514138512,0.324911233,7,1.518441133
-74.5822335,0.016056611,0.627736238,0.192635049,8.5,1.051292621
-73.86717112,0.017393465,0.566532789,0.263799704,7,1.242570546
-74.9618772,0.040301487,0.692076416,0.11919981,8.5,-2.046950133
-63.35945744,0.061225497,0.374450162,0.488298911,7,1.558251804
-72.82068595,0.01971764,0.552127089,0.277556711,10,1.575744534
-64.46403221,0.053352412,0.403516302,0.446394656,10,1.985605282
-74.97263386,0.050936156,0.696585056,0.114134314,7,-3.786289155
-61.7981792,0.072882088,0.381128074,0.474429085,8.5,1.636166957
-66.86606193,0.04022751,0.425957012,0.421466368,10,2.114566475
-69.10211868,0.030951449,0.430006163,0.422877363,7,1.868824179
-59.5437596,0.094230656,0.375325899,0.481081119,7,1.363845689
-57.49347245,0.114042027,0.394868681,0.445424773,10,2.377517478
-72.92265952,0.019490806,0.54105777,0.29234235,8.5,1.50949828
-63.32252977,0.06148841,0.374237395,0.488359307,7,1.562432327
-28.07644773,0.380317105,0.447089998,0.351217086,8.5,111.2458419
-41.91533345,0.768137557,0.750322711,0.069357137,7,-50.3511638
-63.23366551,0.061504182,0.395912841,0.454343488,10,1.910025064
-56.44755739,0.126463241,0.394763976,0.445624865,8.5,2.658349776
-74.31809163,0.01648533,0.60976897,0.21464929,8.5,1.142034385
37.85765665,0.823968655,0.473234436,0.374669102,10,80.33850907
18.58153946,0.734430462,0.506208111,0.278607797,7,175.278812
-16.62828687,0.95517732,0.744691353,0.089807101,7,-46.98643257
-73.95694569,0.01719634,0.588437238,0.237907916,8.5,1.250602076
-60.5250729,0.084557833,0.372331151,0.493664291,7,1.397674864
-57.54691069,0.115752061,0.386162427,0.461338808,7,1.605018511
-54.17093015,0.151014758,0.40374149,0.429616813,8.5,5.08926154
-74.28810468,0.016534715,0.607862395,0.21548073,8.5,1.151991363
-59.05294436,0.492769754,0.737123276,0.07459791,8.5,-64.04115217
-66.71967451,0.325686593,0.728176144,0.08166339,8.5,-52.34310474
-55.04907724,0.140778044,0.404225071,0.428295168,10,4.159729861
-56.87784903,0.122911007,0.388916265,0.45617647,7,2.033957008
-28.4605195,0.898887412,0.752225028,0.074996357,10,-44.41943132
-72.4773362,0.020567536,0.524920298,0.310876471,8.5,1.601479684
-70.70373784,0.025474262,0.475697234,0.367741533,8.5,1.872500844
-56.67928627,0.123041466,0.398261593,0.43916352,10,2.751961719
-66.1385429,0.04381222,0.418074884,0.430278265,10,2.080296584
-52.00179123,0.172911597,0.41370487,0.411551041,10,8.961452651
-49.61354473,0.199212463,0.416812123,0.407042626,7,14.27340528
-68.65094893,0.032498742,0.450626386,0.393500726,10,2.073747013
-74.79674844,0.016013475,0.644382692,0.173625296,8.5,0.954238186
-57.34484038,0.115654782,0.395412338,0.444309333,10,2.440069509
-66.95890851,0.039877575,0.41456173,0.438305214,8.5,1.980994827
-41.78601412,0.268849353,0.432917299,0.37727476,10,42.43736113
-70.79225597,0.025204205,0.477726554,0.365395985,8.5,1.862455479
-68.11836807,0.034737472,0.42937102,0.421033999,8.5,1.998252836
-70.46473952,0.02625925,0.455407678,0.393564322,7,1.802757245
-47.78103334,0.215191849,0.421264931,0.398549255,8.5,19.98782517
-64.85088993,0.05139986,0.382255403,0.479371703,7,1.694270996
-59.14603077,0.09672395,0.390065632,0.455021527,10,1.937230132
-30.20123238,0.366547479,0.446928231,0.351714896,7,99.22511727
-50.67556272,0.186295841,0.416995134,0.405791357,10,11.92560772
-56.49936802,0.12483113,0.398502825,0.438615071,10,2.921577491
-52.10327612,0.175418236,0.411987587,0.415311563,7,7.95699925
-58.66302265,0.103425799,0.379456674,0.473157594,7,1.418658538
-60.12226443,0.088505858,0.37343326,0.484752913,7,1.3418523
-63.1330028,0.062893592,0.373623382,0.488893501,7,1.543172113
-74.04499577,0.017025493,0.609266823,0.213646454,10,1.25065317
-26.79714232,0.909755751,0.751901033,0.07678647,8.5,-44.61664822
-67.94252162,0.035378214,0.439805324,0.405786848,10,2.117290295
-74.63738844,0.016628382,0.648884305,0.166658592,10,1.003976975
-74.57643301,0.016470575,0.644134541,0.172389689,10,1.044653843
-74.4301776,0.016449599,0.633609811,0.184242123,10,1.110764828
-69.29354626,0.030245984,0.433222165,0.419560914,7,1.86188406
27.84412761,0.836347126,0.535245826,0.25498869,10,72.14039044
-56.43891712,0.128364533,0.393085077,0.448882947,7,2.066212306
-64.39312354,0.054007035,0.391398668,0.46433072,8.5,1.851070774
-71.75037111,0.022433002,0.516702655,0.318105431,10,1.786763001
-68.73764454,0.032204983,0.451769972,0.392155321,10,2.097801273
-20.71408354,0.940539253,0.748800645,0.083985947,8.5,-45.6874743
-24.57335771,0.92251005,0.750595667,0.078733361,10,-44.87709817
-66.87309724,0.040240912,0.426385183,0.420992718,10,2.076660726
-37.17637199,0.82316599,0.751867572,0.069695592,10,-46.64307076
-42.60194485,0.262295704,0.432593153,0.377648162,10,38.82303259
-33.17369678,0.340501502,0.440235242,0.363908944,7,84.75948282
-57.09922051,0.118437791,0.396636015,0.442196456,10,2.520218115
22.34750438,0.981026705,0.642207135,0.183912766,7,-48.18768537
-71.95354408,0.02194207,0.492398047,0.350186224,7,1.640619449
-68.20616891,0.034366678,0.430571937,0.419871231,8.5,2.002724556
-70.21299879,0.027071954,0.450167489,0.399853088,7,1.824277747
-73.56448599,0.018021821,0.583942635,0.241018138,10,1.389731363
-65.50191997,0.047242246,0.411955039,0.437137964,10,2.048003366
-61.12979766,0.078591368,0.380528568,0.474178286,8.5,1.609140899
-72.47117728,0.020567391,0.539439383,0.292028134,10,1.652993822
-74.83350462,0.015586658,0.628814237,0.191049194,7,0.946789171
-28.99311901,0.895337981,0.752842233,0.07492479,8.5,-44.53701949
-74.52607548,0.016071335,0.605834887,0.218296266,7,1.053440724
29.43952724,0.951666197,0.594460044,0.218379313,8.5,-30.78077733
-71.84955377,0.022187427,0.50517304,0.333678035,8.5,1.712576562
-66.72418977,0.041165073,0.398535743,0.471102337,7,1.825281755
-57.72159533,0.111734626,0.394470239,0.446286362,10,2.239286048
-63.78538574,0.057940698,0.387765085,0.46820698,8.5,1.803617652
-58.26384689,0.10782855,0.381931568,0.468959324,7,1.445112023
-59.06033574,0.098255003,0.383856284,0.465751805,8.5,1.6585468
-59.88194568,0.090829918,0.374132376,0.48334513,7,1.34625322
-63.04504963,0.062908584,0.39508696,0.455244507,10,1.890418713
-59.00377567,0.099818734,0.378037765,0.475756144,7,1.338484554
-72.38906394,0.020770432,0.536652631,0.295187546,10,1.667763004
-70.97064487,0.024703456,0.466684099,0.380434074,7,1.758523877
-51.20716459,0.183561146,0.412780072,0.414158767,7,10.19496107
-50.68644193,0.186179399,0.416979027,0.405778851,10,11.88818406
-7.603429173,0.535019496,0.4716713,0.311786485,10,202.3719614
-55.79560313,0.13268156,0.401601979,0.433573039,10,3.418859479
-17.59358591,0.952011834,0.745548753,0.08791834,10,-46.48729741
-61.19850287,0.078506853,0.371210596,0.489640292,7,1.399501824
-59.54810823,0.09399205,0.37470627,0.481748372,7,1.417782725
-59.77641523,0.090630202,0.389495844,0.457015789,10,1.824159551
-74.41054423,0.016284557,0.598069941,0.227130109,7,1.091144954
-71.66995542,0.022674831,0.500021203,0.339353916,8.5,1.74411493
-63.06790437,0.062985133,0.384504543,0.480810225,8.5,1.767564725
-56.84376576,0.121257771,0.397670748,0.4402815,10,2.650501024
-69.88106341,0.028172815,0.443742075,0.407259065,7,1.838674006
-53.60762508,0.156574881,0.409793628,0.418166194,10,5.970382649
-66.93481295,0.039987011,0.414283948,0.4387246,8.5,1.980317085
-55.56364148,0.137957748,0.397024465,0.44197353,7,2.875090915
-74.67687133,0.016804973,0.652106494,0.162991258,10,0.971219527
-48.12739855,0.211220846,0.419348474,0.402175599,8.5,19.10203991
-40.48860718,0.279609158,0.431852876,0.379413681,8.5,48.67210643
-75.07895788,0.024679716,0.679956414,0.132901418,8.5,-0.049364623
-60.46060119,0.084581699,0.380750444,0.472706097,8.5,1.596016061
-56.70478418,0.125323489,0.391410815,0.451879525,7,1.931873717
-68.66267454,0.032621869,0.423054971,0.43166776,7,1.877917737
-74.62226173,0.053955787,0.696777484,0.112684198,10,-3.844989056
-70.90754186,0.02485537,0.480481841,0.362272673,8.5,1.843283888
-57.72541637,0.111447793,0.394410248,0.453816947,10,2.327201885
-60.02144976,0.088284158,0.389258876,0.457815652,10,1.812302116
-71.61857277,0.022802555,0.498616166,0.341251036,8.5,1.749899149
-56.38517574,0.126229023,0.399304001,0.437184813,10,2.954300518
-72.93415264,0.019478016,0.525180515,0.311838076,7,1.45929818
-44.28220849,0.735959286,0.748658846,0.068876745,10,-52.42175994
-68.10109029,0.034886405,0.415018215,0.441400053,7,1.871899095
-35.36568708,0.323265969,0.439796402,0.364640162,8.5,72.90121174
-48.28027958,0.677860989,0.74605207,0.069554077,10,-56.63690455
-75.2561582,0.022305655,0.67694654,0.136165203,7,0.096172061
-60.500505,0.08487885,0.372424577,0.486817465,7,1.350693312
-27.9860563,0.381089883,0.447185939,0.35081809,8.5,111.7163396
-56.42719779,0.12855652,0.393436397,0.44827964,7,2.026106665
-57.85960839,0.111017531,0.388712265,0.456560767,8.5,1.892142248
-66.61639812,0.041704991,0.3972948,0.461892031,7,1.820514922
4.06242003,0.986847962,0.708435356,0.130448761,8.5,-53.00036375
-73.65690639,0.017844043,0.556025693,0.276188159,7,1.296844565
-54.99774439,0.144279629,0.399937227,0.436577476,7,3.435818177
-75.15119382,0.038035798,0.691082627,0.120397998,7,-1.856612786
-66.74272137,0.041061843,0.398638512,0.460365034,7,1.824263206
-68.69451222,0.03250805,0.423601087,0.430879431,7,1.872078112
-15.38576081,0.958783309,0.743000461,0.091160515,10,-47.26994383
-73.21123462,0.018837218,0.536169747,0.315827329,7,1.402363645
-55.6772981,0.134817659,0.397928808,0.440033044,8.5,3.30982669
-71.13488494,0.024166815,0.500024721,0.337051759,10,1.890498594
-57.97305658,0.109770567,0.38784688,0.458230488,8.5,1.925643379
20.3336928,0.983824073,0.651745363,0.17636471,7,-49.78085415
-72.8105675,0.01977238,0.520562638,0.317253008,7,1.484159655
-67.4121459,0.037701571,0.432713138,0.413833004,10,2.115023009
-26.26597892,0.91312637,0.750994549,0.077151872,7,-44.81376452
-73.73419655,0.017660685,0.592372024,0.231445025,10,1.342450916
-59.71784395,0.091734812,0.38192753,0.469827493,8.5,1.632582033
-58.02037078,0.110428293,0.383018192,0.466973996,7,1.532200175
-55.95729649,0.133577492,0.394989536,0.445584394,7,2.53116835
-69.29121975,0.030182507,0.447680438,0.400147472,8.5,1.977796519
-58.82494606,0.100097063,0.391103653,0.453020754,10,1.95176209
-75.03210373,0.015649368,0.646191328,0.171930585,7,0.847178633
-55.59043618,0.134690949,0.40177104,0.432701879,10,3.671374927
20.87385454,0.982898624,0.649082963,0.178257247,7,-49.38676286
-68.92903106,0.031458676,0.45494611,0.388320977,10,2.084151023
-53.92518412,0.153626452,0.404615111,0.427974041,8.5,5.444877444
-61.63650723,0.073807534,0.390310762,0.459169862,10,1.808029758
-67.49477047,0.037322448,0.433819866,0.413506661,10,2.111529301
-31.32013345,0.877931393,0.752535066,0.072638059,10,-44.66594488
18.64663583,0.986038407,0.660399995,0.171072519,8.5,-51.29274284
-74.66231206,0.016705139,0.650851485,0.164659873,10,0.98879654
-66.55732987,0.041726248,0.422447002,0.42544372,10,2.10650445
-66.20385701,0.04366167,0.406501483,0.448352568,8.5,1.948991431
-49.08726782,0.202142368,0.417471576,0.405447568,8.5,16.20463624
-62.46891216,0.067513714,0.382593669,0.47347214,8.5,1.67851966
-64.61929418,0.050707796,0.320015805,0.599933688,10,9.467191351
-63.25003064,0.062046989,0.374022231,0.488546619,7,1.553850191
-42.3680455,0.762009429,0.750419091,0.069296181,8.5,-50.61690807
-62.73283113,0.065490785,0.383402097,0.473420597,8.5,1.700455127
-69.84034823,0.028183807,0.471465201,0.369637836,10,2.016283241
-65.701675,0.046298146,0.401778605,0.453034257,8.5,1.915756715
-71.1749551,0.024110261,0.471504476,0.374833448,7,1.744455503
-4.390486459,0.979857895,0.726874155,0.111844179,7,-50.92072646
-61.73877946,0.073835837,0.371073523,0.490606362,7,1.432910359
-57.80782215,0.112843635,0.384482566,0.464259964,7,1.554123177
-74.19864047,0.016707231,0.58491676,0.24232491,7,1.151934289
-66.08491471,0.343066368,0.728864772,0.080789025,7,-54.95035624
-70.91522555,0.024833664,0.4806081,0.36206498,8.5,1.847803036
-60.26235483,0.087156314,0.372948632,0.485634509,7,1.355709606
-66.87232482,0.04018407,0.42613884,0.421182045,10,2.101877066
-60.58641168,0.084058782,0.372114025,0.487320699,7,1.367463085
-59.5621539,0.092638329,0.389528417,0.456424555,10,1.866557645
-2.016798074,0.983351671,0.743927124,0.132464858,7,-49.25679498
-75.05145004,0.015736321,0.64810012,0.16940124,7,0.829279579
-66.33592603,0.042945485,0.407815023,0.446036982,8.5,1.955097123
-30.65693561,0.88310174,0.753103253,0.073605547,8.5,-44.64733781
-60.76286556,0.081804741,0.380414629,0.473665763,8.5,1.613724175
-61.3347567,0.077278441,0.371114163,0.48990478,7,1.403874104
-57.79057346,0.110986657,0.394258845,0.447271481,10,2.21790778
-69.76254967,0.028584106,0.441518927,0.409931945,7,1.845210732
-75.00532615,0.015601048,0.643688333,0.17435113,7,0.863974032
10.34055581,0.98866328,0.690148592,0.146155526,7,-53.56528517
-69.19100981,0.030546814,0.445957391,0.402108612,8.5,1.982104907
-56.5511736,0.125432927,0.394840643,0.445320829,8.5,2.490293559
-60.56169464,0.084312045,0.372204771,0.487175962,7,1.364720567
-65.00461469,0.05048675,0.383310326,0.47821153,7,1.708452541
-64.03783371,0.056583086,0.37745002,0.484913134,7,1.62200619
-67.2207526,0.038570953,0.430418521,0.416388539,10,2.099408122
-73.78556511,0.017554805,0.595028721,0.228529949,10,1.327660854
-69.64387798,0.028878743,0.467600241,0.374119549,10,2.042043814
-67.68850499,0.036652013,0.409607367,0.447761163,7,1.861796942
-68.44298291,0.033351393,0.447161461,0.397399403,10,2.106071595
-64.27914722,0.054511309,0.402235,0.447752234,10,1.970574914
-59.36296487,0.487995844,0.736970088,0.074957896,7,-64.48798834
-72.11537356,0.021485387,0.513104491,0.324221794,8.5,1.673041509
-54.49209412,0.149879934,0.402414825,0.43218811,7,4.024886493
-58.3312633,0.10593196,0.386584016,0.460532715,8.5,1.785619059
-63.18083204,0.062198118,0.385117286,0.471145523,8.5,1.730461554
-68.90300378,0.03161801,0.441175076,0.407632296,8.5,1.992169874
-65.10353025,0.362367609,0.729816643,0.079472288,10,-56.05712039
-70.45608097,0.026201434,0.484157955,0.355282055,10,1.964597984
-65.05036866,0.049812285,0.408034567,0.44141775,10,2.023714193
-44.81380905,0.241958755,0.428380268,0.385526483,10,30.23815709
-67.79496733,0.036016447,0.437802822,0.40802085,10,2.113703612
-60.6509014,0.083440103,0.371945836,0.487766554,7,1.373154582
5.663230812,0.98751432,0.703402359,0.133333136,10,-53.37388662
-66.86356673,0.040480712,0.399890659,0.458386001,7,1.833961885
-67.83719145,0.035917878,0.425466113,0.42575869,8.5,2.000991681
-73.59122921,0.108451281,0.708721165,0.099700651,10,-13.3165725
-74.70354489,0.015786974,0.636702228,0.202801558,8.5,1.016555854
-70.56672426,0.220652432,0.721082308,0.088143033,8.5,-35.56428237
-66.99899327,0.039636398,0.427882241,0.419303239,10,2.078061211
-22.11997835,0.934490207,0.749817495,0.082172077,8.5,-45.34969675
-56.68143795,0.123897643,0.393720519,0.447515862,8.5,2.503327998
-49.50673901,0.19945349,0.415501462,0.409302047,7,14.81176088
-15.48446768,0.476850652,0.462972973,0.324050236,10,172.6891243
-62.48819812,0.067317537,0.382520195,0.473397537,8.5,1.690712707
-63.87773675,0.052720322,0.320152103,0.599646666,10,9.081149667
-74.53821551,0.016109337,0.624567832,0.196163698,8.5,1.068098307
-58.05899843,0.110091009,0.382995136,0.466984267,7,1.505854216
-53.38151748,0.158610356,0.409794265,0.418444245,10,6.429814242
-64.11278398,0.055590836,0.401064604,0.448965657,10,1.966210605
-43.25743176,0.255828658,0.430674336,0.381376729,10,36.32738992
-61.61815401,0.074837001,0.371081677,0.4900916,7,1.416781963
-55.49720122,0.139001328,0.398095606,0.439954797,7,2.845354927
-73.39245373,0.01842693,0.543873667,0.290161104,7,1.361264479
-68.59155918,0.032750052,0.449508582,0.395748193,10,2.096678343
-62.42503703,0.06823926,0.371803968,0.490395485,7,1.482920999
-74.56380819,0.016075081,0.626398343,0.194065051,8.5,1.058624019
-59.10488244,0.098747972,0.377264272,0.477474034,7,1.380677206
-75.04627716,0.015711163,0.647593031,0.170170975,7,0.833660162
-61.8797331,0.072165853,0.381214985,0.474536353,8.5,1.64245467
-75.25336759,0.021311904,0.675224673,0.138134077,7,0.205456371
-54.61704622,0.149298483,0.403652512,0.429860401,7,3.631956427
-58.07917823,0.109915826,0.383207898,0.466682847,7,1.452746088
-73.95376556,0.091390168,0.705939538,0.102688705,10,-10.20349942
-57.58943308,0.114967939,0.384800984,0.463493625,7,1.729259854
-72.36749178,0.020842308,0.52123331,0.315132847,8.5,1.622447572
-59.84776988,0.089851439,0.389103264,0.457604412,10,1.855822104
-72.37310378,0.020810417,0.536113556,0.29581132,10,1.671049369
3.67573618,0.986651971,0.708939747,0.129428984,7,-53.00621889
-62.80916714,0.065261114,0.372692824,0.489976259,7,1.510025694
-70.36970167,0.026563971,0.453385671,0.396073249,7,1.812433644
-60.81839234,0.081901642,0.371657329,0.488316763,7,1.378459012
-57.41199893,0.115812999,0.390187894,0.453795983,8.5,2.144364217
-65.75458976,0.046185795,0.389216151,0.47166527,7,1.761305206
-73.61977333,0.017901938,0.586631692,0.237943712,10,1.374642195
-61.0188609,0.453549652,0.735340645,0.076098607,8.5,-63.14274746
-60.92034292,0.080041827,0.389320062,0.459339161,10,1.792771822
-62.61638555,0.06606747,0.393271404,0.456887677,10,1.859215618
-56.91050634,0.121103686,0.3919177,0.450489857,8.5,2.455319232
-41.11449694,0.777912647,0.751050001,0.069360547,8.5,-49.53328408
-39.93470173,0.792502013,0.751242374,0.069563848,7,-48.66660401
-71.0229725,0.024549109,0.467915942,0.378841838,7,1.753529968
-65.92193682,0.044956278,0.415894231,0.432708801,10,2.071909203
-64.64657559,0.052681568,0.380912579,0.480588158,7,1.678187479
-59.72711719,0.091103704,0.38954212,0.456942906,10,1.829564028
-72.51273934,0.020504917,0.509996902,0.330893732,7,1.547427678
-74.25259575,0.076200348,0.702789831,0.106010827,10,-7.473162109
-61.93416378,0.07219539,0.371197174,0.490623402,7,1.442984327
-71.3634292,0.192436202,0.719289754,0.090506599,10,-29.83450417
23.40769588,0.782225728,0.519353053,0.26646976,10,130.6670235
-69.01313932,0.031281736,0.428572478,0.425099003,7,1.869692521
-73.11436887,0.019060223,0.532189655,0.303775628,7,1.424432721
-57.7580373,0.111349153,0.394358849,0.446546747,10,2.225262475
-66.94992601,0.039813624,0.427034966,0.420202811,10,2.105483802
-62.74638188,0.065260758,0.383174896,0.472809372,8.5,1.720346596
29.05699162,0.948150305,0.594053785,0.215568712,10,-28.74826833
-56.43263789,0.128456405,0.392929136,0.449242308,7,2.122035387
-71.40058489,0.197809633,0.718944122,0.089901084,7,-31.61778976
-57.92568829,0.111560242,0.383889495,0.465369048,7,1.512516749
-68.97361202,0.031313399,0.455636451,0.387727375,10,2.088399194
-67.52013062,0.037413228,0.407451303,0.449915009,7,1.862256584
-66.30431283,0.042979934,0.419859983,0.428377995,10,2.080521897
-59.02436683,0.099610091,0.377919289,0.476240839,7,1.345061653
-51.25503996,0.180438987,0.415520236,0.408403427,10,10.58029732
-15.38763696,0.958809994,0.743005724,0.091142899,10,-47.3190545
-72.47278776,0.020561968,0.53951767,0.292007748,10,1.650341491
-32.41769676,0.86884938,0.752555531,0.071915658,10,-44.86424598
-60.24954144,0.086638907,0.381050742,0.471970668,8.5,1.602302656
-72.81905567,0.019735202,0.537122163,0.296540326,8.5,1.531672726
-36.39720793,0.315379173,0.441038334,0.362053067,10,67.04188495
-72.86545249,0.143720478,0.71402282,0.09526003,8.5,-20.47915389
-63.93055065,0.057266904,0.376850247,0.48545874,7,1.616325857
-57.55793588,0.114304207,0.389768575,0.45468842,8.5,2.05811696
-62.55818361,0.067186915,0.371832677,0.490500643,7,1.518432809
-22.24637001,0.933712402,0.749358258,0.08158508,10,-45.424439
-74.21214456,0.016682396,0.603164525,0.220773344,8.5,1.175317597
-71.17250362,0.02405747,0.500976974,0.335963102,10,1.885122261
-73.93661605,0.017248529,0.570187788,0.259633034,7,1.224100972
-61.67347678,0.073553282,0.390424122,0.459817369,10,1.813917782
-62.63689605,0.066572111,0.372237972,0.490148475,7,1.498354106
-63.88644033,0.057065834,0.39967545,0.450486807,10,1.943750773
-68.45717821,0.03343685,0.419986836,0.435154891,7,1.87983376
-70.28135506,0.026803142,0.466597412,0.378024484,8.5,1.905014045
-59.06865332,0.09915701,0.377524905,0.476724627,7,1.370740836
30.63067147,0.921640469,0.572017474,0.2322832,7,-10.67764545
-37.86128356,0.301777038,0.435370531,0.372917988,8.5,60.9721476
-63.94065521,0.05694326,0.388873217,0.46725703,8.5,1.790641132
-75.39709596,0.021778788,0.690531449,0.142829523,7,0.201027282
-71.15455138,0.198713128,0.718623586,0.089465091,10,-30.88877044
-60.07453911,0.088274804,0.38121867,0.471450249,8.5,1.617167242
-46.06863068,0.230479389,0.426246018,0.389343628,10,25.69644167
-55.0845731,0.139908086,0.403765127,0.435728228,10,4.284357429
-63.97860001,0.056468882,0.40021065,0.449864209,10,1.955691861
-71.95338534,0.021889669,0.522705706,0.311074907,10,1.75151815
-74.23123489,0.077384102,0.703259413,0.105817194,10,-7.700580722
-72.9131958,0.019511988,0.540692765,0.292674196,8.5,1.51158909
-58.09837517,0.108396409,0.387223118,0.459257875,8.5,1.898638913
-69.75992666,0.028485176,0.469769286,0.371615945,10,2.037839961
-62.38049798,0.068176405,0.382315248,0.47376975,8.5,1.674742725
30.29667951,0.925835231,0.576187933,0.227586901,10,-14.10947343
-60.89620284,0.080244729,0.389231867,0.459310116,10,1.800645845
-71.11362867,0.024217024,0.499535461,0.33771028,10,1.888612347
-53.06287862,0.162644478,0.407462683,0.423120104,8.5,6.86011038
-55.25786905,0.139445632,0.39982347,0.436589837,8.5,3.708018663
-71.27026731,0.023793454,0.489358911,0.351950431,8.5,1.801102505
-53.6717403,0.15529437,0.408343927,0.420984512,10,6.045788665
-26.54479638,0.396104325,0.452222722,0.342030478,7,117.9274087
-59.65528816,0.091798922,0.389613244,0.456635704,10,1.836746131
-73.27824149,0.018658977,0.570822433,0.256128842,10,1.463003528
-57.51185942,0.116306809,0.38663704,0.460371197,7,1.600309606
-59.93683634,0.090330216,0.373932352,0.483648472,7,1.35406065
-72.48745466,0.020543957,0.525263008,0.310567535,8.5,1.599757049
-58.293592,0.105635877,0.392588757,0.449962563,10,2.063648995
-19.02815311,0.946999451,0.746728434,0.085779526,10,-46.05187051
-56.678617,0.125476571,0.390973274,0.452740501,7,2.039318645
-68.13160681,0.034598818,0.442555833,0.402426111,10,2.10903876
-56.21088026,0.128810981,0.395178869,0.444779653,8.5,2.906986514
-59.71947403,0.091169671,0.389518874,0.456893348,10,1.833432093
-58.4613349,0.105397714,0.379895266,0.472267672,7,1.514482427
-56.1379758,0.129800612,0.39600307,0.443561571,8.5,2.90679016
-2.86047697,0.981512634,0.723360612,0.114175149,10,-51.40435931
-69.46981935,0.029603704,0.436153208,0.416274332,7,1.865885621
-0.711333393,0.983565247,0.718899883,0.118769084,10,-51.96721156
-60.79672755,0.082096095,0.371703455,0.48823471,7,1.375717626
-60.12485604,0.088481088,0.373322444,0.484841155,7,1.355645913
-70.24359818,0.026883712,0.479498536,0.376157064,10,2.000724326
5.906081808,0.987624093,0.703862223,0.135150619,8.5,-53.25065262
-55.09228724,0.14031124,0.404075688,0.428661934,10,4.114896393
-66.81080494,0.325383025,0.727927897,0.0817793,7,-52.77646933
-74.05032647,0.017007277,0.593648673,0.231701918,8.5,1.223594024
-65.38658839,0.048050065,0.399013988,0.456040802,8.5,1.898721621
-52.95904926,0.60271922,0.742231729,0.071105529,10,-60.7524117
-70.49927635,0.0260535,0.48510593,0.354173264,10,1.960186694
-73.07683027,0.019116418,0.562265477,0.265872054,10,1.514687873
-71.20731245,0.023945256,0.501922689,0.334872756,10,1.873884374
-22.95954107,0.929622827,0.769795376,0.090803208,10,-43.9103124
-62.27146001,0.069463098,0.371543521,0.490565261,7,1.472444675
-68.59859925,0.032872817,0.422092256,0.432249001,7,1.877830573
-70.93098458,0.024824755,0.46573822,0.38140127,7,1.764085474
-15.38097735,0.958821105,0.743490695,0.091850501,7,-47.30957328
-71.61638222,0.022820591,0.498564545,0.341314377,8.5,1.749477889
-51.75270929,0.178759656,0.412569347,0.414300073,7,8.769390987
-72.7625151,0.01987068,0.535020507,0.299219003,8.5,1.543845983
-56.48307488,0.126073811,0.394606313,0.445908274,8.5,2.633729581
-65.57941804,0.047167407,0.387713407,0.473217665,7,1.752163528
-61.28744491,0.077681867,0.371118639,0.489806907,7,1.402493554
-62.44601683,0.067398904,0.392650046,0.457429194,10,1.849623603
-61.87504541,0.437123285,0.734081287,0.076713357,7,-62.852958
-70.8242944,0.025153855,0.463202192,0.384558595,7,1.781411793
-72.16166699,0.021366893,0.514601922,0.322791863,8.5,1.65992975
-74.53814299,0.016436488,0.641407836,0.175357395,10,1.052695963
-72.90864709,0.01952651,0.540470607,0.292974506,8.5,1.517008669
30.47665297,0.93425651,0.580029132,0.227835968,8.5,-19.63679012
-60.91694473,0.080914708,0.371096845,0.489158656,7,1.42377805
-57.31644017,0.118308934,0.387251482,0.459289695,7,1.733565055
-49.23046697,0.200518761,0.420253895,0.400019024,10,15.66973003
-72.68195058,0.020052096,0.546938303,0.283419567,10,1.607703153
-57.39306847,0.117516905,0.38704837,0.459657396,7,1.671015851
-53.22225801,0.163497977,0.407594718,0.423132897,7,5.927852183
-66.16594368,0.043782989,0.418546284,0.429806006,10,2.063378198
-53.87197342,0.153282903,0.407937167,0.421642273,10,5.71199629
-60.47927892,0.083976128,0.389064848,0.458881063,10,1.798894205
-53.16008741,0.164134592,0.40779099,0.422843976,7,6.04061887
-70.16517987,0.027227375,0.449220787,0.400776723,7,1.826173852
-60.39494176,0.085238666,0.38077162,0.472600136,8.5,1.609705661
-64.36044388,0.054002598,0.402570357,0.447231051,10,2.003778138
-73.26850914,0.018701283,0.538561484,0.296336427,7,1.387984367
-54.59516938,0.146476631,0.402154225,0.432486098,8.5,4.521489531
-75.07938936,0.023687721,0.678679943,0.134583451,8.5,0.061619206
-67.30348385,0.038407101,0.404908311,0.453065908,7,1.84929123
-73.16029856,0.018951227,0.534080112,0.301618839,7,1.411717893
-63.27149152,0.061236966,0.396104621,0.454151807,10,1.912520165
-74.14380102,0.01683801,0.615095167,0.207009065,10,1.219475289
-61.09736822,0.078808611,0.380362688,0.474140597,8.5,1.620226518
-67.74289752,0.299839588,0.726679885,0.083082301,8.5,-48.78188555
-65.2163984,0.048853074,0.409404807,0.439879342,10,2.036319174
-74.71917321,0.017082157,0.655717338,0.159125883,10,0.927982812
-65.0715941,0.0498567,0.396484689,0.458968855,8.5,1.875062855
-69.73978394,0.028603611,0.45586489,0.3904053,8.5,1.945744607
-52.52202608,0.609521801,0.742906966,0.071102027,10,-60.90047274
-43.38053288,0.74813201,0.749304411,0.068927284,10,-51.41643154
-29.17562109,0.894034888,0.752248374,0.07429149,10,-44.47844735
-72.71305236,0.02000709,0.517034937,0.320984351,7,1.502919102
-64.26895625,0.383666309,0.731549139,0.078912613,8.5,-58.69111567
-55.85353301,0.135268163,0.396849638,0.44212919,7,2.454470272
-65.23735174,0.04890498,0.397649123,0.468015292,8.5,1.920353233
-66.78193515,0.040770155,0.412603174,0.440589881,8.5,1.971921263
-59.35544494,0.096135844,0.376081403,0.47949345,7,1.370328359
-66.9076937,0.04001454,0.426546627,0.420749415,10,2.103444575
-57.70966192,0.112655933,0.389098603,0.455921951,8.5,2.000535277
-4.757276082,0.979396032,0.72712652,0.110330521,10,-50.82322958
1.968632932,0.98713845,0.735731037,0.142960533,7,-50.28385375
-61.94399376,0.071285763,0.391076433,0.458706513,10,1.817121248
-64.41928646,0.054095846,0.37953378,0.482471723,7,1.657029596
-62.68817854,0.066200402,0.372332245,0.490026241,7,1.506995519
-60.45034043,0.085326474,0.372452405,0.486697491,7,1.357449419
-71.64097634,0.022782304,0.483616068,0.360598735,7,1.681166625
-74.31426259,0.016471309,0.609517058,0.233026811,8.5,1.145091911
-75.23675438,0.019487828,0.671173512,0.142993388,7,0.385783456
-75.0779606,0.026157697,0.681911895,0.131065808,8.5,-0.222996646
-74.19615659,0.016712475,0.602192673,0.221938792,8.5,1.180399627
-63.09098237,0.062847414,0.384745518,0.471530495,8.5,1.723584945
-69.96347425,0.027800879,0.473748303,0.382465972,10,2.027323234
-59.7504336,0.091414324,0.381875208,0.469950163,8.5,1.627324443
-75.25227133,0.02158356,0.675758431,0.137783833,7,0.15624516
-66.02451924,0.044568434,0.404774575,0.449687374,8.5,1.934961439
-60.60916655,0.083858539,0.372188305,0.487327713,7,1.354414515
-47.70665691,0.215159887,0.42328892,0.394667884,10,20.22882018
-67.46433285,0.037455513,0.433427923,0.412903118,10,2.110195545
-69.19699474,0.030529992,0.446191671,0.401864207,8.5,1.96869441
-33.2306794,0.861791979,0.753158196,0.07191617,8.5,-45.13602379
-74.84256589,0.01565559,0.647810425,0.190473857,8.5,0.965430222
-64.52269147,0.053188317,0.392401627,0.463437587,8.5,1.845205859
-59.32690207,0.095053459,0.390158269,0.45529587,10,1.865185515
-71.15366042,0.024108857,0.500488061,0.336533604,10,1.888958989
-59.15352908,0.098231982,0.377058562,0.477747722,7,1.371281486
-65.68430264,0.046575814,0.388617787,0.472361733,7,1.756572189
-70.67295568,0.220242034,0.720694049,0.088160015,7,-35.92762228
-62.93015413,0.064025204,0.384117247,0.472113958,8.5,1.711463385
-64.67684368,0.052468117,0.381142214,0.48075304,7,1.676542637
-62.83187712,0.064435863,0.394106825,0.45607351,10,1.876953335
-69.13759349,0.030688727,0.458479155,0.384504439,10,2.073640716
-71.57234637,0.022971645,0.481811502,0.362119617,7,1.685866329
-60.44636272,0.084275406,0.389081128,0.458811707,10,1.796602757
-73.58864255,0.017974576,0.585118556,0.239586609,10,1.382441452
-52.30378924,0.170411978,0.409684438,0.419343923,8.5,8.302308884
23.63681852,0.786898046,0.520786181,0.265156983,7,125.8199189
-55.94098469,0.132011453,0.396980112,0.441654088,8.5,3.050822732
-73.56073529,0.018052868,0.551489457,0.280778795,7,1.319775533
-62.69301152,0.06540209,0.393338585,0.456919263,10,1.88780575
-64.91210115,0.050621065,0.406921406,0.442888443,10,2.014319531
-51.86375075,0.174265071,0.413958933,0.411133886,10,9.262582845
-66.9132847,0.040236691,0.400423618,0.458335801,7,1.837512653
-69.06475195,0.031011706,0.443829388,0.404667568,8.5,1.987082429
-61.9999519,0.071621978,0.371192829,0.490485484,7,1.450287252
-65.34599527,0.048281305,0.398675542,0.456422733,8.5,1.896044233
-66.17913165,0.043618927,0.418551654,0.429844714,10,2.075760254
-63.52827702,0.059744,0.386698997,0.46954439,8.5,1.757871696
-72.42185399,0.020725922,0.507042178,0.333109911,7,1.55659795
-57.79717254,0.110917451,0.394191798,0.446818922,10,2.21469472
-62.22488668,0.069103838,0.391871236,0.458111149,10,1.840168148
-60.52144821,0.083607916,0.389072495,0.458991939,10,1.800294292
-65.04422463,0.05027915,0.383592879,0.477995357,7,1.713167765
-66.52354445,0.04186878,0.422185333,0.425688567,10,2.091935484
27.26450877,0.962810859,0.610383698,0.204306358,10,-38.0179936
-48.85630616,0.206895766,0.419267676,0.402536573,7,16.32012694
-64.2808086,0.054506062,0.40201617,0.447826697,10,1.99859397
-69.6836288,0.028853753,0.439986184,0.411173637,7,1.856098444
-67.17333895,0.038869412,0.417066972,0.435529649,8.5,1.987983821
-59.82200974,0.090102515,0.389205708,0.45733478,10,1.845051623
-68.29487123,0.03401591,0.43192764,0.418311844,8.5,1.994768924
-62.58621093,0.066921293,0.372004953,0.490309543,7,1.503716258
-1.462225489,0.98294392,0.721293869,0.117944469,8.5,-51.72023519
-53.38090935,0.15837165,0.409254334,0.419346555,10,6.50610235
-60.33303613,0.085822086,0.380880393,0.472368594,8.5,1.605872656
-56.95686618,0.119960337,0.397091539,0.441383106,10,2.606265334
-63.78546233,0.058264921,0.376166709,0.486245085,7,1.603641129
-60.16188617,0.087333128,0.380773393,0.47208495,8.5,1.642742778
-66.89232599,0.040103364,0.426299855,0.421104528,10,2.111166205
-71.06949016,0.024375944,0.48438795,0.357944193,8.5,1.822650596
-55.43981096,0.136561819,0.402871923,0.430771851,10,3.746260295
-74.85972248,0.016203896,0.649842543,0.167225784,8.5,0.907994211
-59.18528899,0.096329603,0.389989086,0.455197906,10,1.93166521
7.96347527,0.988271847,0.697799964,0.140054898,8.5,-53.48683819
-50.99232747,0.183097788,0.416172901,0.40717454,10,11.1811157
-34.28377781,0.333022146,0.440858215,0.362980447,7,78.4665583
-62.2088356,0.069953161,0.37146024,0.490593472,7,1.465874218
-74.79689173,0.018148118,0.663062772,0.150695024,10,0.802035205
-66.00178755,0.044645838,0.416856625,0.431696614,10,2.059705104
-67.83446998,0.035929534,0.425429639,0.425800718,8.5,2.000964657
-57.95350976,0.109237735,0.393653186,0.447857469,10,2.163326309
-70.3434667,0.026650423,0.452867838,0.396554696,7,1.811994703
-68.51077482,0.033114804,0.435455537,0.414210619,8.5,1.958452921
-19.36100985,0.945796729,0.747123517,0.085357645,10,-45.96109961
-52.22357762,0.170934938,0.409278026,0.419885787,8.5,8.544764055
-66.17844574,0.043931707,0.392983964,0.466910494,7,1.793831537
-69.81579501,0.028398921,0.442618478,0.421554288,7,1.836985329
-54.93165816,0.142071862,0.404701306,0.427518698,10,4.285313493
-61.8858368,0.072160119,0.381270238,0.474372369,8.5,1.640995357
-74.58098891,0.056646431,0.697682965,0.111750673,10,-4.275530953
-70.55123657,0.025945162,0.472370559,0.371820374,8.5,1.880578974
-70.6696229,0.0255402,0.488924938,0.349761555,10,1.942569729
-73.90783013,0.01729884,0.585774164,0.240726604,8.5,1.2643793
-74.93063583,0.016675767,0.656470131,0.159653413,8.5,0.834648059
-59.2431981,0.096504879,0.383272983,0.46703953,8.5,1.661362383
-50.10455389,0.191843066,0.414297019,0.410977384,8.5,13.54328561
-74.08464693,0.016935517,0.595613277,0.229409857,8.5,1.213558142
-65.97100321,0.044891612,0.404234763,0.450925655,8.5,1.937374803
-74.44224894,0.016258048,0.617917197,0.203839501,8.5,1.101757024
-69.96515748,0.02789062,0.445289704,0.405533796,7,1.839230013
22.84052721,0.980129229,0.63967048,0.185859958,7,-47.60174744
-68.67720723,0.032491343,0.437658442,0.41146584,8.5,1.991243424
-67.86091743,0.035816425,0.425784825,0.425391552,8.5,2.001217735
-64.11922239,0.056017143,0.377804349,0.484322765,7,1.634201656
-55.94059935,0.549559555,0.739695889,0.072609093,10,-63.29696422
-64.40653285,0.054155888,0.379423778,0.482319624,7,1.657624775
-53.9862529,0.15207122,0.407573451,0.422285914,10,5.545176032
-63.56838116,0.059466462,0.386896185,0.469340413,8.5,1.761083832
-51.01105035,0.183340665,0.412940576,0.413418238,8.5,11.16153446
-59.37121228,0.09521435,0.382905126,0.467793323,8.5,1.648628053
-70.54658872,0.026008163,0.45710535,0.391573112,7,1.800845486
-73.27059081,0.018699416,0.538650987,0.29631908,7,1.387393444
-61.8897787,0.072559928,0.371144548,0.490596817,7,1.441807896
-48.11589344,0.184622238,0.355706021,0.538165648,7,28.3420294
-61.23596458,0.078151446,0.371169898,0.489631194,7,1.399323902
-60.07370535,0.088315776,0.381322109,0.471283689,8.5,1.606728975
-29.9936101,0.888239691,0.753128493,0.074123511,8.5,-44.60863589
-65.35813589,0.048216644,0.39880275,0.456397904,8.5,1.894391094
-58.82237727,0.101769746,0.378780388,0.474574361,7,1.388237894
-57.10508558,0.120844635,0.388942803,0.456271914,7,1.77017366
-73.65794538,0.017843147,0.556087461,0.276070968,7,1.295607345
-70.62549646,0.025678451,0.487897255,0.350972732,10,1.950106084
-74.13290025,0.016838737,0.598423498,0.226179264,8.5,1.199252162
-62.46643525,0.067883405,0.371842504,0.490210631,7,1.486938278
-22.84110229,0.931159002,0.750283297,0.081280632,8.5,-45.1944425
-74.8002804,0.018145186,0.663320689,0.150664737,10,0.802793143
-62.59987771,0.066214712,0.393227756,0.456901458,10,1.857274479
-58.26362654,0.107765591,0.38176183,0.469274092,7,1.462104925
-66.30817591,0.04307685,0.407537079,0.446383629,8.5,1.952941927
-73.46122542,0.018272111,0.546945612,0.286487757,7,1.343548899
-62.13044046,0.070560385,0.37140864,0.490826088,7,1.453161836
-73.64368305,0.017855576,0.587817683,0.236500373,10,1.367408781
-64.63408472,0.052501163,0.39323151,0.462507864,8.5,1.846511042
-65.8503072,0.04567942,0.390014732,0.470536744,7,1.771288779
-60.00511391,0.088975912,0.381442302,0.470994237,8.5,1.609079203
-66.03513488,0.044496606,0.404840111,0.449460583,8.5,1.938637552
-64.71459779,0.052229395,0.38130651,0.480369391,7,1.687021758
-71.06704548,0.024417725,0.469012246,0.377027059,7,1.744862634
-70.80292413,0.025136882,0.49198225,0.346283501,10,1.930262765
-14.64704828,0.96090933,0.742575531,0.092961682,7,-47.60199159
-62.6753978,0.066235384,0.372203854,0.490153386,7,1.511312172
-63.3192459,0.061239044,0.385697195,0.471241059,8.5,1.748157058
-70.70952857,0.025418722,0.489825559,0.34874748,10,1.939610004
-66.33859181,0.042931923,0.407842188,0.446005938,8.5,1.955232318
-70.59886388,0.025839415,0.45826059,0.390166838,7,1.794361846
-74.63045304,0.016609618,0.648346694,0.167712308,10,1.007722251
-45.10517388,0.239198368,0.425035992,0.391980322,8.5,29.46230424
-66.61831083,0.0415204,0.410774396,0.442747336,8.5,1.967950291
-63.16367341,0.062311248,0.384766442,0.471488354,8.5,1.760907786
-28.12633207,0.901421593,0.752467758,0.075766526,7,-44.66357415
-74.51532191,0.016142245,0.622951358,0.198017287,8.5,1.076372235
-59.21763698,0.096120508,0.39027779,0.454855735,10,1.887355122
-28.66716606,0.89718637,0.752672409,0.075261197,8.5,-44.55947569
-73.01528272,0.019257145,0.559759335,0.268462707,10,1.529554455
-42.3854649,0.263387996,0.427902701,0.390643793,7,40.75056195
16.83084266,0.719318589,0.502842291,0.281418232,7,186.5696368
-64.47972825,0.053263096,0.403637287,0.446243286,10,1.986101003
-74.91486627,0.016529333,0.654930489,0.161779185,8.5,0.854662125
-51.82252297,0.177575223,0.411382985,0.416403283,7,8.756636536
12.92515046,0.988546724,0.6821806,0.153440927,8.5,-53.33183167
-68.40701094,0.033492486,0.446695441,0.397992846,10,2.097905946
-71.12806035,0.02417351,0.499927713,0.336945387,10,1.8833764
-66.04641763,0.04444311,0.404948001,0.449308758,8.5,1.939518565
-67.09814431,0.039356603,0.402526875,0.455438237,7,1.841241389
-64.9079891,0.050656104,0.406665938,0.443004913,10,2.040798265
-73.90967556,0.017296747,0.601659939,0.220830766,10,1.291457678
-74.29415139,0.016524985,0.608245625,0.21489408,8.5,1.149890539
-58.01702458,0.108581621,0.393496323,0.448177174,10,2.137650326
-69.46055187,0.02963668,0.436010287,0.41585301,7,1.864248658
-58.25885822,0.10671278,0.386666175,0.460475167,8.5,1.84562869
-59.89191147,0.090072587,0.38165786,0.470490265,8.5,1.613760422
-58.38847652,0.106509405,0.381569448,0.469476456,7,1.371642711
-72.12102123,0.166213072,0.715736753,0.092501098,10,-24.55308815
-62.39695207,0.06807262,0.382394686,0.473632127,8.5,1.67347381
-75.07887922,0.024771453,0.680073913,0.132768078,8.5,-0.059909691
-55.75923913,0.133107187,0.401750416,0.432803366,10,3.441104302
-70.95683191,0.024709502,0.481599879,0.360918586,8.5,1.842667085
-61.33429934,0.076819393,0.380539442,0.474594114,8.5,1.628318142
-1.532467811,0.982878468,0.721441972,0.117793275,8.5,-51.70083153
-58.01580717,0.110498396,0.383091865,0.466594978,7,1.524535615
-74.39774029,0.016320973,0.597267693,0.228314397,7,1.092685113
-69.06971158,0.030993541,0.443913041,0.404470091,8.5,1.986764604
-18.26210282,0.949780089,0.746733273,0.0874102,8.5,-46.35350845
-61.70855825,0.073208364,0.390469156,0.459079373,10,1.810428634
-67.20566528,0.03872343,0.41745523,0.434980515,8.5,1.988724316
-13.64386337,0.963328848,0.741011335,0.094020182,10,-47.99103881
-58.1953996,0.108498918,0.38200388,0.468806139,7,1.49712339
-47.43331654,0.21774901,0.420752678,0.399689977,8.5,21.29916049
-62.77218637,0.065544453,0.372320733,0.490106323,7,1.536651692
-40.18258071,0.282351172,0.434580052,0.37414512,10,49.60018528
-57.37588913,0.116288066,0.390581914,0.453211838,8.5,2.134497165
-62.77938679,0.065130013,0.383275736,0.47290799,8.5,1.73446102
-71.29978502,0.02374122,0.474703869,0.370885181,7,1.721767168
-73.29406229,0.018623352,0.571465982,0.255225992,10,1.46401001
-11.39351701,0.502732219,0.4636014,0.328120261,8.5,193.6446711
-6.542870222,0.976972905,0.731329308,0.107677609,8.5,-50.13713963
-61.56439372,0.074837955,0.380821,0.47447911,8.5,1.624638132
-71.47193942,0.023195322,0.508897304,0.326894977,10,1.83367155
-63.11687398,0.063041474,0.373514616,0.489073912,7,1.550406083
-59.93818482,0.090313533,0.373952662,0.483653532,7,1.350306671
-68.34185176,0.033813284,0.432534919,0.417606652,8.5,2.002141399
-73.72913655,0.017676625,0.57649335,0.251408962,8.5,1.313406974
-73.82632085,0.017479741,0.564428758,0.266392241,7,1.25320135
31.02004893,0.915641292,0.567015801,0.237149109,7,-5.947725207
18.27964339,0.731502241,0.505418357,0.279436505,7,177.7133377
-59.17168522,0.098052525,0.376943187,0.477756076,7,1.374446015
-52.67931248,0.165617268,0.411175882,0.41598053,10,7.741751404
-61.52779842,0.075619558,0.371069315,0.490184309,7,1.414858746
-73.4199398,0.0183414,0.577149256,0.248797336,10,1.428409694
-59.37970448,0.094503625,0.389988928,0.455519607,10,1.866982565
-62.9937157,0.063255839,0.39460276,0.455486126,10,1.915827676
-66.32505341,0.333014992,0.728078075,0.080894695,10,-52.70874387
-68.65084053,0.272730734,0.724239779,0.084233161,10,-44.08915514
-74.35177572,0.016417793,0.611929492,0.210667114,8.5,1.131556122
-73.11208759,0.019035559,0.563704098,0.264208106,10,1.507894903
-69.38745031,0.029908236,0.434867707,0.417257757,7,1.855365937
-64.73240948,0.051900345,0.393942776,0.461720512,8.5,1.85203507
-60.66828061,0.082627954,0.380537566,0.473343566,8.5,1.597766768
-29.96669719,0.369172854,0.448176217,0.349439188,7,100.0710991
-58.16008084,0.108999281,0.382546969,0.467872192,7,1.466927465
-62.18113554,0.069508243,0.391732731,0.458172026,10,1.843096564
2.788085721,0.608972738,0.481442541,0.301786314,8.5,223.1481774
-69.76242533,0.028579969,0.441464145,0.409889412,7,1.849842263
-61.41412116,0.076076108,0.380646278,0.474454351,8.5,1.617852983
-65.92556827,0.045250931,0.390672515,0.469727277,7,1.77613645
-65.44966701,0.047533458,0.411480952,0.437635897,10,2.045515624
-67.46468521,0.037649378,0.406834669,0.451020446,7,1.854756222
-63.22601217,0.061863312,0.385310414,0.47102575,8.5,1.733386319
-26.38790054,0.912283261,0.751829935,0.077419048,7,-44.73534054
-63.82616586,0.05798047,0.376416008,0.486027746,7,1.60073798
16.7209152,0.987272744,0.667681767,0.164650613,7,-52.12144275
-60.88662373,0.080629108,0.380503763,0.481599575,8.5,1.645324102
-63.5279546,0.059482698,0.397583512,0.452625036,10,1.917629378
-58.92865525,0.10062957,0.378246856,0.475573467,7,1.376548731
-52.52573075,0.167492148,0.412207929,0.414220944,10,7.945843247
-56.91039113,0.123001261,0.390071618,0.454247342,7,1.854236673
-73.07100082,0.129925971,0.711662883,0.096904652,10,-17.54106222
-74.90878239,0.044740624,0.693921788,0.116796254,8.5,-2.646542025
-60.61389876,0.083802776,0.372057537,0.487444248,7,1.368472216
-69.33527127,0.030023721,0.448447772,0.399231746,8.5,1.975756971
-65.68020253,0.04627308,0.413596853,0.435293663,10,2.057987549
-72.4632611,0.020630194,0.508329558,0.331564917,7,1.556708773
32.09096972,0.987485944,0.616564523,0.261551299,10,-42.24269382
-66.89490013,0.040090056,0.426287142,0.421018744,10,2.115983768
-70.42626968,0.026339147,0.469568063,0.37482626,8.5,1.901276716
-61.68937085,0.073432917,0.39044946,0.459141441,10,1.813397984
-64.34420508,0.054096252,0.402457855,0.447574912,10,2.002569701
-70.92768241,0.024796427,0.480904129,0.361722803,8.5,1.846275177
14.34946267,0.695573607,0.496280767,0.288066288,8.5,203.119905
-36.57016502,0.312462683,0.437021138,0.369825298,8.5,67.26436395
-64.25273222,0.054696517,0.402047254,0.447982577,10,1.970626668
-64.67087172,0.052275486,0.393490625,0.462221094,8.5,1.84911857
-52.32293489,0.170289374,0.409765787,0.419049275,8.5,8.239529429
-53.9785754,0.155718457,0.405231184,0.427284074,7,4.656037329
-75.21873404,0.018656237,0.668235981,0.145490752,7,0.473345014
-59.25607451,0.095755054,0.390268015,0.454989854,10,1.875704293
-51.10064504,0.182058956,0.411929177,0.415143976,8.5,11.05681938
-69.73449869,0.028573899,0.469354706,0.372100807,10,2.03183049
-52.71655668,0.166263738,0.408624919,0.421054249,8.5,7.475303217
-1.262470814,0.983268142,0.7212564,0.118582096,8.5,-51.84746375
-55.61988259,0.134590355,0.402185147,0.432011906,10,3.577431319
-73.0269769,0.019245233,0.545145418,0.287537634,8.5,1.486324157
-50.77087831,0.188770551,0.4156418,0.408869058,7,10.98837442
-56.74253413,0.124818081,0.390803618,0.453365057,7,1.984809951
-72.04298001,0.021674317,0.510924536,0.327517378,8.5,1.681267059
-63.27127876,0.061869583,0.374067356,0.488395262,7,1.556768716
-65.604054,0.046671867,0.412878595,0.436128422,10,2.054485516
-54.13926907,0.151365525,0.403873903,0.429279849,8.5,5.129691689
-69.45719214,0.029539456,0.464098095,0.37800585,10,2.059607171
-66.99175143,0.039616544,0.427525447,0.419656478,10,2.107116637
-74.88623645,0.022433058,0.675379936,0.136975595,10,0.336471167
-53.45051247,0.15789513,0.409610506,0.418814398,10,6.316187503
-59.51613312,0.094481483,0.375370814,0.480862785,7,1.368443067
-74.89488349,0.015559193,0.633945383,0.185002614,7,0.918779539
-61.20691315,0.078335543,0.371229977,0.48925935,7,1.382662645
-64.82646873,0.051330371,0.394621882,0.460966012,8.5,1.859175838
-62.78530291,0.065442498,0.372599724,0.489849881,7,1.510694971
-54.85741436,0.143768873,0.401401624,0.433791118,8.5,4.163265847
4.763186318,0.987181679,0.706625678,0.132124131,8.5,-53.12085423
-71.23798896,0.023919309,0.473153578,0.372682618,7,1.729146122
-21.78807556,0.935954956,0.749825216,0.082708727,8.5,-45.41174952
-60.93056805,0.455316022,0.735519076,0.076052059,8.5,-63.2879929
-64.18951045,0.055323838,0.390299428,0.465874465,8.5,1.815946914
-74.11965181,0.016886703,0.613651526,0.207140802,10,1.226776885
-60.19169279,0.087718538,0.373172018,0.491730987,7,1.391716255
-74.51238129,0.016144837,0.622741104,0.19835311,8.5,1.07777275
-69.9477504,0.027898037,0.459762439,0.386159022,8.5,1.941066702
-61.33293903,0.076428278,0.389722944,0.459445425,10,1.809102923
-74.75124687,0.015970034,0.640670939,0.177809472,8.5,0.977157644
-56.24598604,0.127747641,0.399823026,0.436264379,10,3.056563454
-74.70338459,0.01576354,0.618620154,0.202712901,7,0.994490033
-69.63875278,0.029010078,0.439176206,0.413019346,7,1.857932227
-73.61386327,0.017936428,0.553981276,0.27865833,7,1.306809761
-67.25185876,0.038652864,0.404264546,0.453273079,7,1.850681667
-74.21586299,0.016672507,0.585942236,0.241396769,7,1.147017212
-62.13802888,0.070522606,0.371396503,0.490358319,7,1.456191644
-66.40889266,0.04275878,0.39519812,0.4639513,7,1.80888991
-64.36651773,0.054173457,0.391465156,0.464530523,8.5,1.822867619
-61.9239273,0.071785256,0.381259906,0.482794237,8.5,1.688184425
-74.24143935,0.016630569,0.587488428,0.239647506,7,1.138932193
-75.07572071,0.026448507,0.682142994,0.130521304,8.5,-0.260384731
-60.15954604,0.088048142,0.373259446,0.484934035,7,1.33563971
-70.43611086,0.026267273,0.483668465,0.355738263,10,1.972334846
-63.19589914,0.061772073,0.395723894,0.454531588,10,1.90754934
-61.86853923,0.072302095,0.381241011,0.474385195,8.5,1.640022745
-61.72764145,0.073070292,0.390486649,0.459077593,10,1.81659793
-60.60076814,0.083950777,0.372106963,0.487127394,7,1.366730927
-64.05692422,0.055955606,0.400711507,0.449332982,10,1.961103026
-73.37287253,0.018468904,0.543036153,0.290632129,7,1.364146823
-75.07997974,0.025471658,0.680981912,0.131775622,8.5,-0.127829687
21.75927565,0.99412903,0.674740415,0.210102772,10,-50.23220195
-73.18536259,0.018882533,0.551606703,0.280271885,8.5,1.449745222
-75.21635816,0.018115867,0.667126762,0.147564094,7,0.53936426
21.7694468,0.98201904,0.64547777,0.181692775,8.5,-48.6801442
-75.18589399,0.017126174,0.662837201,0.153157579,7,0.640879604
-55.24497051,0.142073958,0.400004712,0.436509054,7,3.012653562
-68.7509495,0.032280424,0.424452321,0.429897275,7,1.87256717
-43.99867812,0.249116656,0.426834261,0.388679666,8.5,33.72583613
-59.98214049,0.088647822,0.389290982,0.457755103,10,1.81292584
-52.15208867,0.172025664,0.410245066,0.418206673,8.5,8.585520927
-72.42556792,0.02069659,0.523169285,0.312898045,8.5,1.61144901
-74.76439338,0.015981072,0.641730831,0.176503484,8.5,0.970831
-51.9392598,0.176631568,0.41155918,0.416151736,7,8.431131074
-59.68781081,0.091395956,0.389584883,0.456717142,10,1.818896825
-73.84611317,0.017429975,0.582498875,0.244540343,8.5,1.281471672
-61.20371865,0.078447788,0.37123992,0.489486368,7,1.393245719
-54.19656733,0.150822771,0.403836182,0.429487243,8.5,5.029530313
16.86665749,0.987636144,0.667992807,0.165352163,8.5,-52.34811388
-73.85087262,0.017428424,0.565684488,0.264140695,7,1.247177688
-70.29763095,0.026703172,0.480742293,0.359183224,10,1.980177149
29.83676981,0.942707286,0.58737196,0.222314547,7,-25.42088211
-54.54434775,0.147121478,0.402577961,0.431710516,8.5,4.556050184
-64.75292681,0.051588108,0.405679059,0.444074166,10,2.003760358
-60.82648788,0.080861163,0.389180288,0.459253962,10,1.800128161
-74.69651974,0.015772492,0.618100826,0.204023561,7,0.997063684
-66.90875088,0.040116508,0.413990067,0.43905061,8.5,1.979236584
-48.16151837,0.210637434,0.422108707,0.396748751,10,18.84578934
-59.80069084,0.090382065,0.389469161,0.457717027,10,1.826554255
-68.33234606,0.033852478,0.432414654,0.417859005,8.5,2.000372636
-69.03186369,0.031215831,0.42889087,0.424655171,7,1.867925039
-72.14326521,0.021413477,0.514019358,0.323947232,8.5,1.663842166
-65.48115912,0.047718158,0.386846032,0.474114879,7,1.751478239
-6.108258812,0.977550068,0.729552248,0.107642318,10,-50.4329894
-57.99192416,0.109607168,0.387880969,0.458175922,8.5,1.906646993
-71.01744013,0.024529718,0.48306018,0.359230658,8.5,1.835025335
-71.37800796,0.023517895,0.476725118,0.367980364,7,1.709544156
-55.97303039,0.131660884,0.396841807,0.441901263,8.5,3.023689049
-49.52212722,0.658528821,0.745090346,0.069855794,10,-58.09090283
-73.3785197,0.018453423,0.543281515,0.29083659,7,1.362967853
26.53057777,0.969755525,0.617612172,0.201781267,7,-41.3085533
-65.1615033,0.04955199,0.384499635,0.477130009,7,1.715700466
-70.63250359,0.025736153,0.45907145,0.388801205,7,1.784647256
-74.58040348,0.056852175,0.697931148,0.111691471,10,-4.306925504
30.74528407,0.891271251,0.554814776,0.244256826,8.5,14.99811331
-63.24194273,0.062092368,0.373992414,0.488664386,7,1.552568048
-55.63513097,0.135607011,0.398886672,0.438114061,8.5,3.248129355
-66.35832497,0.042703713,0.420375836,0.427790795,10,2.089018844
-74.82920917,0.016094617,0.64716355,0.170334644,8.5,0.931318961
-56.25465948,0.129869637,0.39237378,0.450047501,7,2.423653258
-60.63107991,0.082598532,0.389138759,0.45970311,10,1.795838721
-54.80510492,0.143229987,0.404659761,0.427484739,10,4.494205486
-14.64279327,0.960844478,0.742381422,0.09289434,7,-47.57145971
-55.85422951,0.132897055,0.397190209,0.441228445,8.5,3.14540253
-69.00953917,0.031155207,0.456301992,0.388037352,10,2.07994652
-55.0607707,0.143943281,0.400494641,0.435628648,7,3.25878503
-60.00947876,0.088933791,0.381434404,0.471012951,8.5,1.608918143
-40.38543883,0.786350999,0.750737518,0.069024774,10,-48.88264235
12.28652679,0.988592888,0.683611709,0.151323332,7,-53.32676186
-65.85798119,0.045302899,0.415296995,0.434286062,10,2.067101203
-56.62383599,0.125750823,0.390349341,0.453634377,7,2.178018726
-61.45619714,0.076246498,0.371097866,0.490052887,7,1.409740046
-69.09704572,0.030961954,0.429844156,0.423692341,7,1.876229797
-73.15629858,0.018949013,0.550397688,0.281665585,8.5,1.456532992
-40.04578091,0.78948747,0.768555784,0.077012947,10,-48.97595805
-69.92312168,0.027935434,0.47294528,0.383346303,10,2.030794349
-69.55474554,0.029319683,0.437778063,0.414266877,7,1.851622737
-51.18313575,0.184466967,0.41413548,0.41154038,7,10.06226666
-56.33528179,0.126685931,0.399271226,0.43716503,10,3.016382235
-65.39163849,0.048015176,0.399097445,0.455955245,8.5,1.894354364
-61.03166282,0.078958492,0.38938516,0.459405567,10,1.787265995
-74.7331799,0.015961471,0.639211354,0.179432387,8.5,0.987100001
-71.82530239,0.022278759,0.488798282,0.354583787,7,1.650678607
-62.33851599,0.068897638,0.371763474,0.498217501,7,1.496094787
-49.31940018,0.199594491,0.419942243,0.400552937,10,15.44430975
-30.92201426,0.880942294,0.752449679,0.072932388,10,-44.60700316
-58.61911087,0.103955381,0.379865052,0.472650241,7,1.408718312
-57.66165757,0.114471676,0.385298066,0.462812101,7,1.604480801
-61.16949711,0.07823124,0.38047486,0.474311857,8.5,1.617692786
-71.8236581,0.022239,0.518789337,0.316855352,10,1.779416805
-58.7997422,0.1019672,0.378741227,0.474608196,7,1.407447283
-59.21020484,0.097626228,0.376769743,0.478256179,7,1.369307871
-64.36707385,0.054405128,0.379194209,0.491982925,7,1.674713831
-62.6459568,0.066112843,0.383011178,0.481938069,8.5,1.735878305
-71.61676632,0.02279758,0.512892673,0.322295965,10,1.810052604
-55.46547783,0.559157608,0.740072041,0.07226104,10,-62.35806304
-74.84765109,0.048994024,0.695624737,0.114835003,8.5,-3.306629131
-64.14683007,0.055900797,0.37796593,0.484373352,7,1.639747242
-67.90204119,0.035570008,0.439323871,0.406366161,10,2.108631389
-66.05456286,0.04456731,0.391848772,0.467926252,7,1.783359862
-69.62306728,0.029068376,0.438967242,0.412328077,7,1.851621234
-74.63026396,0.015882372,0.61320532,0.209872221,7,1.019465119
-69.01836757,0.031193533,0.443069286,0.405492542,8.5,1.987895844
-75.249765,0.020592245,0.673934582,0.139766574,7,0.275473108
-62.29613361,0.068844919,0.382119266,0.473841439,8.5,1.66661271
-70.18610035,0.027110723,0.464531144,0.380679056,8.5,1.922824599
-52.65579822,0.166148722,0.411915708,0.415164709,10,7.703114229
-58.64357527,0.500717934,0.737796394,0.074451117,8.5,-64.18483572
-51.27149445,0.180888804,0.412592374,0.41407879,8.5,10.50449266
-55.08179875,0.143458475,0.399786272,0.436839186,7,3.311174292
-69.9475743,0.027853419,0.473497541,0.367420447,10,2.016752712
-64.30197684,0.054584221,0.390817692,0.465101258,8.5,1.843706116
-65.26685819,0.048735084,0.397965183,0.457233558,8.5,1.897214645
-60.17321991,0.086841836,0.389149677,0.458187151,10,1.807020159
-70.7310281,0.025431618,0.461200192,0.386385067,7,1.780654818
-73.65325209,0.017841352,0.572725477,0.255438032,8.5,1.334322363
-64.71354624,0.052266091,0.38134189,0.480095734,7,1.683875929
-73.32129903,0.119675354,0.710283191,0.09816966,10,-15.54078018
-43.56517971,0.253653684,0.428580614,0.385444365,8.5,35.26830635
-72.61878846,0.020218905,0.529831193,0.305207884,8.5,1.573452264
-64.88818324,0.051193822,0.38252848,0.479209413,7,1.696734892
-22.3120874,0.933173966,0.749801762,0.081911535,8.5,-45.80037655
-61.31131567,0.077512459,0.371131072,0.489916953,7,1.405841129
-66.29882065,0.043280926,0.394126806,0.46566576,7,1.800923786
-66.23839395,0.043635381,0.393555632,0.466381244,7,1.797977854
-21.71737243,0.936361441,0.749170228,0.082680015,7,-45.55976054
-72.03706337,0.021690829,0.510750975,0.327236284,8.5,1.681579681
-58.98584662,0.09834718,0.390419956,0.454263536,10,1.959399009
-61.12401092,0.079143439,0.371264884,0.489332358,7,1.393208054
-65.832451,0.045749145,0.389859102,0.470657282,7,1.768820371
-70.55041485,0.025909992,0.486195985,0.35402182,10,1.960029666
-72.1904248,0.163255435,0.715444036,0.092828244,10,-24.10447873
-74.7838882,0.01569064,0.643012337,0.195796928,8.5,0.987842044
-57.78479538,0.113062033,0.384448464,0.464310081,7,1.58375155
-66.0753431,0.044174029,0.417337203,0.431130731,10,2.089745194
-56.65383609,0.123322541,0.398357367,0.438905746,10,2.766774581
-67.43877514,0.037774179,0.406467998,0.45116536,7,1.858798216
-57.17750913,0.117615226,0.39640055,0.44254097,10,2.473969529
-68.49205596,0.033211902,0.434787,0.415122845,8.5,1.99841036
-74.37134555,0.016362877,0.595556945,0.229971571,7,1.101446659
-66.55586484,0.041988963,0.396687613,0.46261375,7,1.815337969
5.899859159,0.987651369,0.703598956,0.13488697,8.5,-53.28838491
-75.22767771,0.019221125,0.669932578,0.14354475,7,0.411654737
-75.130268,0.039232222,0.691688058,0.119725949,7,-2.079535368
-46.02682926,0.232873514,0.424060579,0.393912126,7,25.75380575
-73.91788108,0.017276252,0.586313235,0.240305605,8.5,1.261737547
4.933452433,0.987251809,0.705382413,0.131591297,10,-53.26157377
9.179775613,0.988499332,0.694190177,0.143196692,8.5,-53.53882172
-65.1722482,0.049283983,0.397261219,0.458014761,8.5,1.884455839
12.84139768,0.988421347,0.681944936,0.152756824,8.5,-53.39373484
-59.28025884,0.095471728,0.390215126,0.454999799,10,1.866086714
-58.20720289,0.106548096,0.392857111,0.44946566,10,2.08653558
-58.40418717,0.105020462,0.385616063,0.46203501,8.5,1.860490549
-60.194359,0.087025322,0.380724263,0.472208621,8.5,1.642114063
-69.28942195,0.030262182,0.433118698,0.419880603,7,1.865142487
-53.37609076,0.159358788,0.406417771,0.424964211,8.5,6.324245365
-61.66170757,0.074485374,0.371055149,0.490411865,7,1.42680425
-73.11906453,0.01901925,0.5640122,0.263883176,10,1.504381091
2.359570601,0.985895467,0.712664073,0.126465553,8.5,-52.66122764
-70.48188791,0.026163527,0.470769278,0.373437806,8.5,1.895842221
-65.27273863,0.048701475,0.398072464,0.457102179,8.5,1.891179241
-70.9500612,0.024729382,0.481502747,0.361466142,8.5,1.837279562
-63.3264748,0.061446738,0.374334224,0.496586419,7,1.579278777
-54.84114067,0.143821425,0.401171401,0.434126959,8.5,4.218487968
-59.60893313,0.092696537,0.381812393,0.469527871,8.5,1.676279068
-59.26922287,0.096129412,0.383185748,0.467142705,8.5,1.640442566
-56.70997019,0.125167943,0.390908043,0.45282891,7,2.007766836
-61.55350968,0.074855488,0.380749354,0.482700737,8.5,1.669705534
-70.80332136,0.025170206,0.478030751,0.365229243,8.5,1.856527007
-74.79837325,0.015627666,0.625989185,0.195540757,7,0.960045808
-43.57250807,0.252685709,0.429648407,0.383204907,10,35.16752505
17.80764694,0.986000565,0.662570588,0.166771088,10,-51.86288492
-73.10358483,0.019081944,0.531790688,0.304287989,7,1.423915059
-58.83594759,0.099908137,0.390849585,0.453320238,10,1.975010817
-74.41718416,0.016449403,0.632665169,0.185451778,10,1.120725104
-59.7318104,0.091490188,0.381943596,0.469705118,8.5,1.60651327
-56.29779269,0.129764261,0.39314022,0.448874545,7,2.276794959
-62.83309761,0.064736096,0.383765252,0.472439208,8.5,1.703182133
-74.46603294,0.016219075,0.619535642,0.201935083,8.5,1.093625617
-75.0422886,0.033056826,0.68797258,0.123988041,8.5,-1.028419994
-64.32551519,0.054666129,0.378948305,0.483166075,7,1.651323441
-9.432401878,0.972410891,0.735550331,0.102058059,7,-49.23773506
-68.51833502,0.033191555,0.420882436,0.43426522,7,1.87998987
14.58379917,0.701594292,0.500232556,0.282013718,10,196.7730821
-46.26608379,0.708888502,0.747859332,0.069628067,7,-55.00725147
-71.88809861,0.022117295,0.490489431,0.352418321,7,1.650875402
-60.87058823,0.072655924,0.323922227,0.59332485,7,5.57611381
-74.60639852,0.016025515,0.629499729,0.190857413,8.5,1.042457981
18.62084196,0.985095715,0.659080652,0.169556854,10,-51.10947735
-63.98336277,0.056914795,0.377109175,0.484906465,7,1.620836877
-74.20569224,0.01669819,0.602773578,0.220853864,8.5,1.177171768
-57.98285467,0.110953669,0.383595095,0.465880015,7,1.497567634
-56.60535399,0.126302837,0.391397139,0.451980194,7,2.081261953
-67.87036575,0.035787275,0.425982801,0.425307507,8.5,1.994419953
-56.94290237,0.122548685,0.389545999,0.455043305,7,1.883799174
-72.07070736,0.021633648,0.495875308,0.347350784,7,1.62328963
-74.69082657,0.015780611,0.617674993,0.204706656,7,0.998901646
-75.02109793,0.018314731,0.666435905,0.148282788,8.5,0.647277235
-74.25125227,0.01659978,0.588071752,0.238842841,7,1.1369266
-65.76587486,0.045802875,0.414267815,0.434606768,10,2.078405282
-71.1448012,0.024157908,0.486204385,0.355861303,8.5,1.817072774
-7.612188963,0.97575595,0.754266309,0.11932687,8.5,-47.64118949
-41.55960483,0.270512223,0.430507825,0.38194083,8.5,43.89210743
-73.69973854,0.017740009,0.575025068,0.253338595,8.5,1.321251091
-54.24509947,0.149221818,0.406526196,0.424201435,10,5.212330591
-62.91732021,0.063989608,0.383784916,0.472243163,8.5,1.733169892
-73.39454862,0.018412265,0.560601667,0.269738957,8.5,1.403541986
-74.89707447,0.016393231,0.653242074,0.163701801,8.5,0.874416368
-58.46094136,0.105607899,0.380546143,0.471182857,7,1.445042418
-59.60214504,0.093635842,0.375168196,0.481814576,7,1.355063864
-66.77055405,0.040735604,0.425221503,0.422212551,10,2.071386692
-46.20651378,0.229196661,0.423164917,0.39532157,8.5,25.44436212
-60.95105814,0.080177397,0.380517973,0.473898505,8.5,1.604401516
-71.01637583,0.209688099,0.719899505,0.088979306,7,-33.95847313
-56.4925426,0.125733045,0.393947196,0.446982724,8.5,2.700099558
-63.50781591,0.06017626,0.37497513,0.487471796,7,1.576495577
-74.81193796,0.018470243,0.664689907,0.14913863,10,0.761829858
-74.82794751,0.015604191,0.628383249,0.192290272,7,0.947433227
-73.53976862,0.018095885,0.550518008,0.282408992,7,1.32495504
-55.04510864,0.140856286,0.404322895,0.428164095,10,4.154232725
-67.99568222,0.035155139,0.440554439,0.404879184,10,2.116773362
-65.70787981,0.046110597,0.413858399,0.435021352,10,2.058815306
-47.75958758,0.217450469,0.421875674,0.397834336,7,19.65043249
-62.26096792,0.069517907,0.371597668,0.49051799,7,1.461029919
-63.63588957,0.059349801,0.37548663,0.487068851,7,1.595684455
-63.24945064,0.06173216,0.385389789,0.471545862,8.5,1.7423808
-72.78635689,0.019815285,0.535880376,0.299520501,8.5,1.540982526
-13.87081084,0.962703437,0.741733795,0.094098511,8.5,-48.06498471
-66.57505085,0.041642982,0.422686434,0.42512856,10,2.102181858
4.032848768,0.986823442,0.707801056,0.130085951,7,-53.12515834
-66.8164088,0.040459612,0.425487075,0.42200091,10,2.101025549
-61.16898387,0.077824373,0.389556303,0.460101605,10,1.799022883
-72.65574837,0.020147196,0.515004453,0.323883194,7,1.513969059
-74.60723971,0.016023913,0.629563279,0.190437488,8.5,1.041973368
-71.99562944,0.021781679,0.523971009,0.309724299,10,1.746132963
-57.87898669,0.110051826,0.393946588,0.447346859,10,2.18340551
-54.91767889,0.142528522,0.405412322,0.425953076,10,4.207551779
-72.99262186,0.019340421,0.527423242,0.309314578,7,1.447325482
-73.97916135,0.096909033,0.707489293,0.102165908,8.5,-11.48933669
-74.00515198,0.017102731,0.573887041,0.254488236,7,1.205955129
19.99030783,0.984448352,0.654033055,0.175333069,8.5,-50.31165198
-73.19047602,0.018855801,0.567017379,0.260375952,10,1.486784416
-68.85377588,0.031711783,0.453896128,0.389870933,10,2.065885227
-70.20273241,0.027106414,0.450009313,0.399961786,7,1.82059543
-23.18525965,0.929559077,0.75059429,0.08089696,8.5,-45.14546181
-49.04125859,0.202691611,0.417743161,0.404994999,8.5,16.32293089
-51.50018796,0.181958536,0.414601268,0.410507851,7,9.127753327
-67.55497932,0.037293192,0.407954339,0.450232766,7,1.858065173
-27.30136639,0.906620377,0.751773057,0.075953594,10,-44.55935343
-73.4286045,0.018329512,0.562188659,0.268427652,8.5,1.389997393
-54.15770424,0.150103337,0.406707985,0.423898188,10,5.346450412
-69.99112751,0.027751986,0.460697611,0.385133227,8.5,1.929687738
4.794293686,0.987199418,0.705668476,0.131223099,10,-53.07934728
-65.23777536,0.048888919,0.397801636,0.457430759,8.5,1.886763496
-74.5771533,0.057433423,0.698063492,0.111399822,10,-4.342692082
-74.7086928,0.017024302,0.654835349,0.160158324,10,0.936924078
-72.26055254,0.021114367,0.51774183,0.319249255,8.5,1.642459271
-72.787102,0.019813107,0.535911243,0.297894063,8.5,1.54033872
-52.72111698,0.165463075,0.411653763,0.415173863,10,7.580400355
-73.68346554,0.017785033,0.557301506,0.274284884,7,1.290715075
-57.33615078,0.115609087,0.395727264,0.451141763,10,2.499394042
-43.34902087,0.748517164,0.766079495,0.076601702,8.5,-52.20358569
-60.6136346,0.083790449,0.372030726,0.487506852,7,1.370268278
-67.33006703,0.038281976,0.405239708,0.452169773,7,1.848171679
-73.54451079,0.018068482,0.582986205,0.242144271,10,1.394913433
-65.03932444,0.049879474,0.40797347,0.441512801,10,2.0196693
-64.91487901,0.050785162,0.395291583,0.460364844,8.5,1.863551455
-69.98790041,0.027719149,0.474303941,0.366500093,10,2.013273084
28.24449978,0.957065839,0.60267778,0.209931082,10,-34.1919559
-68.0149338,0.035173977,0.427952545,0.422895709,8.5,1.995692156
-50.97975319,0.186275828,0.414279364,0.411346465,7,10.59924959
-62.54673573,0.066890559,0.382794412,0.47337772,8.5,1.685470925
-66.36649428,0.042682594,0.420391903,0.427706766,10,2.098077645
-69.31129734,0.030114803,0.448103503,0.399398758,8.5,1.969441972
-67.53131727,0.037159354,0.434282515,0.412052369,10,2.112592725
-55.28895789,0.138213343,0.403450674,0.429727126,10,3.893662532
-63.34642152,0.061319088,0.374336278,0.488836056,7,1.565375497
-65.6625163,0.046353886,0.41342809,0.435445612,10,2.056791661
-74.06951575,0.016970857,0.577461259,0.251175074,7,1.188179618
-69.28092787,0.030189223,0.4608966,0.381757835,10,2.075085448
-43.41454911,0.254454036,0.430481687,0.381699866,10,35.6758941
-58.5970775,0.10236483,0.391435326,0.45217742,10,2.02621194
-74.31210276,0.01648067,0.59181662,0.234383959,7,1.118924762
-58.4694171,0.104479845,0.38584059,0.462177626,8.5,1.796880541
-71.91142564,0.022029834,0.506907876,0.331739844,8.5,1.71006639
-63.66619307,0.058792265,0.387403367,0.468811787,8.5,1.767239746
-63.65352905,0.058623591,0.398043732,0.4521892,10,1.957329663
-60.39557628,0.46449507,0.735332624,0.075274937,10,-63.03213999
-69.69344347,0.028762396,0.45491182,0.391763519,8.5,1.957107057
-51.58088124,0.179969174,0.412072092,0.4156429,7,9.302369943
-60.0280546,0.088126611,0.388960166,0.458185365,10,1.844114583
-45.27587015,0.236962854,0.423540143,0.394570269,8.5,29.03625419
-57.70058317,0.114171896,0.385586735,0.462383586,7,1.525798058
-48.98481622,0.203651294,0.418662241,0.403206279,8.5,16.34234281
-75.1936244,0.032808489,0.687230157,0.123780226,7,-1.201297252
-40.56432884,0.278532723,0.431100316,0.380739487,8.5,48.45649921
-64.55336022,0.053017427,0.392665771,0.463291591,8.5,1.842696929
-42.41897815,0.264731689,0.429602333,0.383864003,7,39.98541212
4.980563299,0.987386707,0.705819671,0.132710754,7,-53.12264538
-71.22527799,0.02392287,0.488212787,0.353308271,8.5,1.807398543
-60.91829593,0.081015275,0.371561187,0.488643038,7,1.37931876
-68.79693521,0.03210077,0.425075614,0.429300838,7,1.880046418
-59.26385889,0.095679277,0.390264551,0.455046217,10,1.873661741
-55.89620485,0.134494206,0.395889188,0.443865876,7,2.50909743
-56.57322156,0.124181833,0.398619914,0.438532994,10,2.825149226
-67.78509459,0.036267638,0.410952031,0.445788308,7,1.854652456
-37.09842579,0.824354466,0.752278068,0.070272704,7,-46.78866546
-68.11486554,0.034676308,0.442338947,0.402836611,10,2.106732597
-62.2490812,0.06923388,0.38201735,0.473917855,8.5,1.663424305
-62.7784471,0.065547656,0.372529106,0.489985305,7,1.520734383
-29.55117405,0.890013152,0.770141619,0.082832459,7,-43.90083728
-52.70471407,0.168712849,0.409005638,0.420695277,7,6.914448724
-71.533441,0.023088075,0.48066018,0.364427526,7,1.701094926
-21.01514743,0.434385546,0.454945393,0.337472108,8.5,147.8648102
-63.06812725,0.062733471,0.395190423,0.455019205,10,1.891531795
-66.07783327,0.04431126,0.405264995,0.448981903,8.5,1.941086729
-73.79190973,0.017542808,0.579682883,0.24777766,8.5,1.296441755
-71.68926083,0.022657065,0.484877464,0.358983648,7,1.67992713
-60.34351375,0.085626965,0.380510096,0.472602471,8.5,1.641371636
-67.89650486,0.035661046,0.42627971,0.424858854,8.5,1.999994881
-66.59234533,0.041656939,0.41049551,0.442969609,8.5,1.967002024
-71.49918539,0.023125084,0.509596721,0.32734177,10,1.834018973
-61.56391168,0.075280981,0.371017324,0.490353363,7,1.420182754
-69.50179358,0.029376688,0.464940595,0.377103791,10,2.053723212
-26.68027417,0.39125655,0.448776667,0.348074064,8.5,118.5374843
-62.4046765,0.067667816,0.392197886,0.457837872,10,1.882990705
-54.56312243,0.146921122,0.402508819,0.431831948,8.5,4.531558902
-53.69394222,0.155010974,0.408172138,0.421307963,10,6.025884817
-63.64868626,0.059230596,0.375587869,0.487019868,7,1.590039422
-73.22360341,0.018784535,0.568456062,0.258807567,10,1.476391023
-71.69669286,0.022600683,0.500840486,0.354274617,8.5,1.735858095
-63.79252022,0.058241314,0.376230446,0.486184956,7,1.60271545
-62.45806068,0.067251355,0.392692768,0.457400325,10,1.8458248
-74.88782356,0.022382126,0.675275345,0.137036302,10,0.358486003
-64.70899608,0.051839749,0.405293186,0.444448936,10,2.006016889
-56.79573088,0.12171464,0.397689427,0.440274041,10,2.69886745
-75.12192772,0.016191025,0.655346675,0.161186805,7,0.755910144
-74.59649737,0.015939069,0.610767928,0.212791325,7,1.031125384
-71.69375158,0.022589843,0.515025242,0.319927163,10,1.801831577
-66.5195336,0.042171251,0.396318637,0.463046877,7,1.813331744
-74.48601105,0.016186735,0.620909629,0.200406822,8.5,1.08672967
-42.94299688,0.754795414,0.749707771,0.069288414,7,-51.45118413
-72.97305127,0.019389648,0.526631772,0.31020369,7,1.454464117
-65.19976237,0.048948583,0.409308763,0.440902925,10,2.031421741
-61.70052869,0.074165128,0.371090618,0.490511531,7,1.427551728
-63.09339601,0.062571063,0.395310266,0.454900171,10,1.89461614
-69.37993167,0.029863566,0.44923205,0.398325471,8.5,1.973611766
-62.38485436,0.067804219,0.392587496,0.46736197,10,1.861914126
-52.55059132,0.16725976,0.412196962,0.414214138,10,7.8877023
-69.02215553,0.031242264,0.428629044,0.425121362,7,1.877552453
-70.08421155,0.027376118,0.47630932,0.364107012,10,1.998446794
-61.64751948,0.074567169,0.371019435,0.490470551,7,1.425834324
-53.95145353,0.152920917,0.408694817,0.420111651,10,5.45621499
-74.7307611,0.046082256,0.693933234,0.116251701,10,-2.673700361
-74.77909467,0.015652295,0.624460584,0.197303957,7,0.967322487
-30.24024928,0.364405184,0.445875252,0.353345577,8.5,99.35720645
-62.67825836,0.065774763,0.382948455,0.473013206,8.5,1.715318658
-54.87459214,0.143584308,0.401335781,0.433907731,8.5,4.142640383
-65.94337348,0.044968976,0.416288657,0.432242406,10,2.05616371
-74.86774336,0.020817776,0.672010239,0.140715826,10,0.504617505
-42.63894508,0.262776639,0.429230335,0.384685021,7,39.079346
-62.23994356,0.068945458,0.39188228,0.458060942,10,1.842138688
-71.48388633,0.023188364,0.494949983,0.345605263,8.5,1.77060005
-61.18844288,0.077664532,0.38951723,0.459476053,10,1.805055354
-60.98556534,0.079869262,0.38051528,0.47395909,8.5,1.605200727
-18.95368578,0.449676765,0.456039316,0.335970365,7,158.7622343
-67.85416054,0.035954998,0.411751559,0.444940601,7,1.864901411
-74.04619006,0.017020892,0.57615522,0.251962284,7,1.194633456
-51.21255917,0.180882261,0.415633626,0.40812312,10,10.67465493
-59.73965284,0.090986409,0.389537056,0.4568916,10,1.826918946
-56.15838235,0.128714024,0.400177344,0.435649256,10,3.120299086
15.40440183,0.702296107,0.497275976,0.290485301,7,200.3643951
-53.13187993,0.165037056,0.409182631,0.42025101,7,5.911265129
-72.29453207,0.021056034,0.502814956,0.339260702,7,1.587091867
-59.34264236,0.095449885,0.382843346,0.467781133,8.5,1.664657643
-50.31136927,0.193889906,0.417884218,0.404616692,7,11.97543656
-55.18226834,0.13937221,0.403836349,0.429023719,10,4.004896127
-74.80908435,0.016042415,0.645438028,0.172483384,8.5,0.945190419
-65.0371208,0.049887758,0.407936246,0.441570724,10,2.02162588
-59.8776568,0.089552086,0.38923347,0.457464136,10,1.82679082
-70.1543685,0.027169291,0.477682544,0.363718782,10,2.000103705
-61.50806486,0.075315838,0.38076262,0.474469097,8.5,1.622184397
-65.46579904,0.047796051,0.386708681,0.475042158,7,1.752495369
-66.88353582,0.040373096,0.400104152,0.458651264,7,1.835357047
-72.57561274,0.020343172,0.51222089,0.326969588,7,1.52877621
-67.37012885,0.038125245,0.405694171,0.452882182,7,1.853382104
-40.90738623,0.780008851,0.750499381,0.068954849,10,-49.2813184
-71.13241411,0.02416185,0.500016932,0.337052456,10,1.884975774
-64.98380536,0.050598657,0.383094323,0.479199019,7,1.714339781
0.374031951,0.984479194,0.716476983,0.121107529,10,-52.30353409
-66.98821783,0.03963583,0.427491239,0.419776041,10,2.106288774
-71.57653952,0.022912166,0.511706857,0.323731275,10,1.823366521
18.40542443,0.985676309,0.660074036,0.169600798,7,-51.0608479
-49.28272136,0.199207453,0.415914113,0.413075557,8.5,16.01095396
-20.48826522,0.941451255,0.748817793,0.084384307,8.5,-45.73040645
-64.43731037,0.053521249,0.403352238,0.446550436,10,1.98054959
-73.82221067,0.01748767,0.564254973,0.284156125,7,1.252683471
-64.37522975,0.054119834,0.391513026,0.464398947,8.5,1.824408846
-63.94034088,0.056714889,0.400016374,0.450132078,10,1.947117514
-36.50543394,0.313143775,0.437288901,0.369299808,8.5,67.54188503
-63.33261819,0.060848755,0.396521138,0.453746426,10,1.906722583
-52.15329657,0.171083387,0.412729118,0.413227738,10,8.736036959
-42.41183492,0.263111336,0.429264267,0.38423264,8.5,40.23486595
-61.07819778,0.079046685,0.380519247,0.474105637,8.5,1.607620828
-72.2048636,0.021250703,0.516012185,0.337342862,8.5,1.650008075
-58.99185897,0.099067524,0.384059717,0.465514829,8.5,1.69251623
-74.43969745,0.016434454,0.634209813,0.183530958,10,1.11242717
-55.34088441,0.137651123,0.403265151,0.430048444,10,3.840091949
-74.14707911,0.016810555,0.59926011,0.225217664,8.5,1.195009671
-64.7807532,0.051852216,0.381781702,0.479590158,7,1.689543227
-60.41951964,0.085642781,0.372477384,0.486649743,7,1.366973362
-59.96916004,0.088685196,0.389069033,0.457784859,10,1.835486483
-75.02627056,0.015672738,0.645703264,0.172330459,7,0.84626809
-56.9917564,0.120437962,0.392164789,0.450253665,8.5,2.339826792
-67.78828556,0.036244227,0.410886504,0.446033167,7,1.864508383
-69.09225178,0.030989426,0.429874528,0.423617763,7,1.866592689
-55.3220868,0.138750033,0.399564635,0.437049603,8.5,3.639809354
-72.43208376,0.020700164,0.507375698,0.332642858,7,1.555162661
-55.79048754,0.133592815,0.397461548,0.440744641,8.5,3.202196856
-75.05247528,0.015782389,0.648258856,0.168496292,7,0.82400992
-60.50577084,0.083742915,0.389117122,0.458833425,10,1.791934277
0.478283804,0.984611758,0.717083906,0.122212603,8.5,-52.21714147
-49.19595465,0.172481688,0.350468499,0.547597619,8.5,25.28542105
-59.58963346,0.480807758,0.736212193,0.074707721,10,-63.37020937
-74.53450459,0.016417693,0.640974544,0.17593637,10,1.069985079
6.651755484,0.564425146,0.413248255,0.430674024,10,306.6875504
-74.47919428,0.016157789,0.602640004,0.223404442,7,1.068398983
-69.28091236,0.030283554,0.432929783,0.419923721,7,1.869217783
-53.98830644,0.151939671,0.40733582,0.422816292,10,5.576628355
-73.62309306,0.017906854,0.571265005,0.257115525,8.5,1.341741776
-58.59928007,0.104118243,0.379796162,0.472692844,7,1.429843621
-71.84689206,0.022177256,0.519462945,0.314924546,10,1.776324891
-63.26626556,0.061586339,0.385485174,0.470780939,8.5,1.737112725
-55.9362121,0.131152967,0.401039186,0.434080905,10,3.294851322
-59.71458806,0.091211026,0.389505754,0.456892753,10,1.8358442
-60.03319643,0.088514156,0.381340206,0.478507681,8.5,1.654812369
-50.63207959,0.641498819,0.744829555,0.07063356,8.5,-59.6074097
-56.18673883,0.129510253,0.396517362,0.442304217,8.5,2.756790092
-65.98072308,0.044971979,0.391158943,0.469093919,7,1.781179452
-58.59884929,0.102464206,0.391776326,0.451669957,10,1.985392631
-72.39614564,0.160124645,0.715766846,0.093616127,8.5,-23.95813977
-70.74245763,0.025320397,0.490555133,0.348158547,10,1.939221165
-59.05952544,0.098373535,0.383839894,0.465951186,8.5,1.68345628
-62.01081085,0.070792723,0.391174015,0.458699533,10,1.836104347
-64.77085354,0.051479743,0.405815978,0.443902982,10,2.005041072
-74.28151832,0.016542774,0.589924278,0.238103349,7,1.127921659
-57.03461789,0.120022667,0.392122601,0.450393616,8.5,2.299496673
-57.78700463,0.11181765,0.388760698,0.456558325,8.5,1.973297244
4.624564383,0.987132386,0.706224542,0.130882645,10,-53.1645192
-63.98244279,0.056652457,0.389059044,0.467060582,8.5,1.799037135
-72.3655191,0.020847266,0.521168519,0.315330571,8.5,1.622791447
-63.96202765,0.056567773,0.400126151,0.45004717,10,1.951702887
-74.37888094,0.016369956,0.613696508,0.208670085,8.5,1.122774264
-55.08839783,0.141162534,0.400216156,0.435817712,8.5,3.928736075
-67.80013281,0.036097966,0.425213641,0.426016582,8.5,1.976193966
-68.77951506,0.268641278,0.723864138,0.084528095,10,-43.57869891
-74.96656955,0.015556419,0.640180764,0.178423659,7,0.884653885
-64.44566883,0.053665569,0.39183847,0.473970845,8.5,1.865463965
-73.31279521,0.01859049,0.55702535,0.273957292,8.5,1.420804398
-69.58395165,0.029142445,0.452895204,0.39409307,8.5,1.962925426
-52.00049215,0.172876461,0.413633194,0.41182716,10,8.979215944
-57.08680526,0.118601065,0.396737604,0.441983315,10,2.520681307
-53.74338303,0.158033663,0.405752549,0.426390587,7,5.06058015
26.71719489,0.814375663,0.525989354,0.264168248,8.5,96.99701356
-74.86824683,0.020509741,0.671444312,0.141597497,10,0.56040194
19.13408948,0.985617872,0.658057163,0.172469049,8.5,-50.90295463
-60.82853584,0.08127893,0.38054569,0.473657182,8.5,1.60203564
-75.07978694,0.015884136,0.650944173,0.166154145,7,0.802355898
7.74401168,0.988243847,0.697751721,0.138584185,10,-53.54349011
30.05795916,0.932464426,0.58088157,0.224354121,10,-18.84964302
-65.53734912,0.047397008,0.38737129,0.473576125,7,1.748570791
-73.1144564,0.019042196,0.548677938,0.283988649,8.5,1.466079192
-61.27426341,0.077823127,0.371173375,0.48967317,7,1.398751667
-73.23465949,0.018755887,0.568896995,0.258270189,10,1.477135515
-67.11735325,0.039164363,0.416373852,0.436212256,8.5,1.990235898
-63.34076232,0.061057341,0.38581714,0.470445619,8.5,1.742964189
-69.65413551,0.028848574,0.467848632,0.373783029,10,2.035380091
-67.12462244,0.039239362,0.402833896,0.45532733,7,1.842218666
-62.67785089,0.066231666,0.372359912,0.490077683,7,1.496556872
-51.27287738,0.183629198,0.414020754,0.41178282,7,9.834668651
-74.42711908,0.01644542,0.633349927,0.184709009,10,1.116599725
-66.08156642,0.044437365,0.392104156,0.478204135,7,1.797862703
26.33329612,0.815286881,0.528533931,0.259904882,10,95.49298933
-71.53777064,0.023067575,0.48087868,0.363651048,7,1.691304447
-59.52879044,0.094338051,0.375557542,0.480329819,7,1.326915976
-58.86400111,0.099696664,0.391010122,0.453222693,10,1.944784081
-73.76858799,0.017593939,0.578490194,0.249154285,8.5,1.302697067
-72.67350391,0.020105132,0.515597774,0.322906211,7,1.513327179
-73.76829929,0.017591656,0.594130187,0.229422337,10,1.3326417
-66.86452858,0.04028096,0.426310524,0.421159983,10,2.073613806
26.51773553,0.967659679,0.616396676,0.200508484,10,-40.30240975
-55.75059222,0.133423756,0.402355594,0.43144872,10,3.360798017
-3.266356971,0.567197362,0.477180541,0.305203848,10,213.0153764
-68.98362037,0.031253156,0.455860094,0.387503984,10,2.081429992
28.39132055,0.837513557,0.533346832,0.258957484,8.5,71.126597
-26.48290399,0.91153015,0.751600667,0.07685381,10,-44.49957653
-70.4048508,0.026367477,0.483003886,0.356496547,10,1.97388343
-35.5285411,0.83876398,0.769924942,0.078586096,8.5,-45.83645064
-53.88423101,0.153215916,0.408051233,0.421604951,10,5.677860491
-66.24396487,0.043279749,0.419181999,0.429032666,10,2.0829318
-66.515604,0.042033056,0.409716544,0.443875782,8.5,1.959534778
-62.04317926,0.070502391,0.391050844,0.458830387,10,1.863408112
-73.60131776,0.017953828,0.570216172,0.25895251,8.5,1.347481611
-73.25907182,0.018712612,0.554721223,0.27672419,8.5,1.432461921
-59.51990141,0.093728839,0.382507473,0.468624908,8.5,1.636077689
-43.76710481,0.253147409,0.427883765,0.387095822,7,34.36692591
-64.3126693,0.054513532,0.391052369,0.464935532,8.5,1.825980412
-31.96494195,0.350945348,0.445635613,0.353658946,10,89.68259862
-65.06170182,0.049930569,0.396392367,0.458989396,8.5,1.876647259
-74.876055,0.05747719,0.698640289,0.111578895,7,-4.755998661
-57.49474536,0.116374263,0.386412006,0.460840727,7,1.642231021
-64.08399405,0.055777119,0.400895064,0.449273758,10,1.962202921
-72.84353563,0.143735589,0.714008905,0.095429165,8.5,-20.67980497
-65.49380944,0.04744468,0.399922798,0.455037699,8.5,1.905740885
-67.44725676,0.037785822,0.406628876,0.450751155,7,1.854833705
-60.17632135,0.087980343,0.373271203,0.485075056,7,1.342747514
-63.73968117,0.058617946,0.375989699,0.486523397,7,1.599127948
-64.58859168,0.052578761,0.404435173,0.44541774,10,1.99268164
-74.64273417,0.015858039,0.614106667,0.208717433,7,1.015852352
-74.82966309,0.015591362,0.628502176,0.191943332,7,0.948305999
-53.01996345,0.163494408,0.408447834,0.421195661,8.5,6.814998167
-68.71582591,0.032278447,0.45150966,0.392489673,10,2.088550206
-17.83652877,0.459384203,0.460451787,0.327800283,10,161.9827141
-71.85814673,0.022164955,0.505418943,0.333477589,8.5,1.711621258
-56.40143996,0.542961119,0.7401201,0.073182513,8.5,-63.83963151
-31.51083581,0.355238731,0.444235204,0.356699436,7,92.76485971
-62.58859106,0.066911359,0.372157782,0.49023746,7,1.488599762
-56.57134721,0.125028805,0.394016714,0.446979161,8.5,2.598023195
-62.05898002,0.070402426,0.391393029,0.45843148,10,1.826615769
-73.01558783,0.019261567,0.559758249,0.270102764,10,1.531026256
-64.00712783,0.05628638,0.400423135,0.449692849,10,1.954241989
-73.04419862,0.01918743,0.560930602,0.267512119,10,1.522641998
-74.68843275,0.015965671,0.635694801,0.183764114,8.5,1.00821373
-42.46717871,0.262628385,0.42918226,0.384383426,8.5,40.00130988
-74.81382198,0.05172676,0.696906273,0.113889532,8.5,-3.704362274
-74.30013704,0.016504163,0.59107293,0.235198916,7,1.122430771
24.39278333,0.975761984,0.630194286,0.191888367,7,-44.55020454
-54.43913502,0.147359219,0.406363964,0.424563275,10,4.890776476
-66.31460832,0.043054086,0.407598293,0.446284638,8.5,1.954010685
-69.6567723,0.028951447,0.439677706,0.411991026,7,1.841261221
-60.14174068,0.087500855,0.380712371,0.472111867,8.5,1.653100115
-72.31249255,0.020984392,0.519432421,0.316967753,8.5,1.632146186
-72.12995109,0.021471965,0.49776826,0.343916957,7,1.60560241
-62.62995903,0.066263919,0.383078112,0.473057399,8.5,1.688643666
-73.94970232,0.017212535,0.603863513,0.2182692,10,1.279885636
-63.893983,0.057233066,0.388437937,0.477290583,8.5,1.829764476
-60.84061766,0.081693972,0.371593513,0.488260433,7,1.381246431
-73.3771203,0.018462032,0.543225356,0.307864724,7,1.364480467
-66.84535974,0.040420276,0.413272924,0.439784696,8.5,1.976959059
-74.27071978,0.016563639,0.589261251,0.237410669,7,1.131019901
-63.2847217,0.061209542,0.396285229,0.453993364,10,1.903798349
-57.0264426,0.119258002,0.396958863,0.441497111,10,2.551265025
-60.97675092,0.080463041,0.371478661,0.488759633,7,1.379082731
-74.9091197,0.016489519,0.654386887,0.162032805,8.5,0.860735364
-75.03999787,0.019042328,0.669003979,0.145394201,8.5,0.572778133
-60.02471258,0.089448415,0.373610221,0.484050265,7,1.354454123
-69.0978856,0.030897539,0.444388253,0.403969811,8.5,1.985459582
-61.78764183,0.073383884,0.371057221,0.490617102,7,1.435610022
-73.85175887,0.017416317,0.582794202,0.244155794,8.5,1.280008174
-59.23135882,0.09749636,0.376767739,0.47830824,7,1.369789524
-56.19424932,0.131236587,0.394932451,0.445598082,7,2.151903087
-72.77766088,0.019821992,0.550491581,0.279354296,10,1.586223895
-70.56081145,0.025959973,0.457513867,0.390630508,7,1.790459058
-60.01399396,0.088748464,0.381354714,0.471045692,8.5,1.597722406
-16.59116292,0.469097503,0.462250445,0.325007705,10,167.455946
-59.35545841,0.094664793,0.389767329,0.455804247,10,1.90079199
-9.826538341,0.971618181,0.736505023,0.101326795,8.5,-49.17167353
-61.67778008,0.073846793,0.380885435,0.47455411,8.5,1.635263645
-71.41686087,0.023351546,0.507387633,0.328739401,10,1.844936866
-60.53017225,0.084506372,0.372274257,0.486745056,7,1.347270473
-59.33073341,0.095009786,0.390127202,0.455313879,10,1.867539547
-60.53812238,0.084501717,0.372248871,0.486989287,7,1.359848225
-59.1546475,0.098256991,0.377133768,0.477588555,7,1.364682196
-74.96813854,0.017134213,0.660299631,0.155284902,8.5,0.777481395
-70.52056492,0.026084143,0.456582733,0.392253335,7,1.79965871
-68.22463004,0.034219365,0.44392986,0.401019477,10,2.105897569
-66.67293786,0.041250399,0.411405428,0.441941242,8.5,1.965952748
-55.94939389,0.133262206,0.393986068,0.447194049,7,2.660651131
-58.03759787,0.110278043,0.383058529,0.466838842,7,1.510243747
-50.17338535,0.190945287,0.417537689,0.404844617,10,13.25953064
-73.50518001,0.018162701,0.565683648,0.263859693,8.5,1.371841919
-61.5292906,0.075151757,0.380700045,0.474686673,8.5,1.636367114
-62.99955081,0.063839774,0.373204736,0.488960131,7,1.527312338
-66.83422347,0.04063676,0.399606692,0.459175609,7,1.830284802
3.827140695,0.986693021,0.707768361,0.12918807,7,-53.03751108
-75.03328481,0.018523378,0.667719334,0.147471909,8.5,0.629976029
-74.64958578,0.052620175,0.696409322,0.113186138,10,-3.580839938
-64.95622183,0.050363001,0.407277026,0.442294546,10,2.016693023
-57.95408136,0.109960299,0.387887053,0.458147939,8.5,1.936046597
-64.96650636,0.050700014,0.383070587,0.478441717,7,1.701715185
-73.7490671,0.017644351,0.560535345,0.27066857,7,1.273061028
-67.14676842,0.038889515,0.429384291,0.417571495,10,2.111548803
-68.12993823,0.034804731,0.415496374,0.440477675,7,1.8652817
-72.93022837,0.019458139,0.556375511,0.272567828,10,1.549419527
-57.2211694,0.119701352,0.388733724,0.456664677,7,1.664253905
-58.64281458,0.102625358,0.385344044,0.46289351,8.5,1.724080084
-74.80157386,0.018242974,0.663592344,0.150340653,10,0.787270873
-63.71687487,0.058439166,0.387664937,0.468611652,8.5,1.771172552
-71.131982,0.024189707,0.485920853,0.355946868,8.5,1.815248738
-73.763942,0.017603478,0.578253527,0.249465605,8.5,1.303966612
-65.96187897,0.045071279,0.391009485,0.469211102,7,1.777848916
-60.42674736,0.084972254,0.38083413,0.472635928,8.5,1.600234155
-61.04364008,0.079352776,0.380515858,0.47405371,8.5,1.606671942
-62.63173951,0.065972875,0.39332382,0.456914439,10,1.863154155
-70.40099171,0.02637999,0.482879541,0.356644501,10,1.978644451
-57.83222188,0.110553401,0.394093557,0.446932733,10,2.199401469
-70.14655361,0.027197411,0.477520014,0.36287869,10,2.000661774
-63.78488008,0.057964087,0.387837636,0.477856942,8.5,1.822164055
-70.20585435,0.027004792,0.478758984,0.361316639,10,1.994338131
-42.74745725,0.757402098,0.749114458,0.068999993,7,-51.14832765
-59.97436255,0.088726831,0.389263708,0.457757908,10,1.819096749
-64.23215546,0.054816427,0.401898854,0.448191627,10,1.969734868
-56.83862792,0.121282086,0.397624518,0.440497196,10,2.663277916
-1.877370915,0.982698674,0.722242772,0.117049145,8.5,-51.64102566
9.955876284,0.988650432,0.691445311,0.14514061,7,-53.8800093
25.65252428,0.973889631,0.624340178,0.197684512,8.5,-43.52223026
-68.60743449,0.032837724,0.422203631,0.432545173,7,1.879917519
-60.3303986,0.085875814,0.380946133,0.472313635,8.5,1.601235424
-55.90762401,0.131274923,0.400692556,0.434684866,10,3.376227841
-61.03269183,0.079449917,0.380515259,0.474037777,8.5,1.606387469
-63.28042942,0.061485443,0.385547468,0.470717118,8.5,1.738219839
-57.65272551,0.112456332,0.394660028,0.445963921,10,2.271892038
-60.60393092,0.083259198,0.380512236,0.473261686,8.5,1.612339279
23.26937317,0.978451538,0.636636408,0.187368165,7,-46.28172099
-65.85196428,0.045474678,0.403112976,0.45142648,8.5,1.92815318
-28.05677619,0.901922721,0.751605316,0.075446436,7,-44.69747445
-51.97271638,0.172929137,0.413208318,0.412385058,10,9.101829849
-74.38345882,0.016360497,0.613997169,0.208290519,8.5,1.121273401
-74.21319758,0.016680649,0.603227944,0.220758908,8.5,1.175059766
-73.25591394,0.018707906,0.569831477,0.257172061,10,1.470370832
-57.96660331,0.10987963,0.387988428,0.457976039,8.5,1.914390423
-62.28095688,0.068651196,0.392067168,0.457893991,10,1.839886352
-62.16479527,0.069530462,0.391405043,0.458526748,10,1.869660375
-56.4728605,0.126130931,0.394526311,0.446213138,8.5,2.658521076
-62.93408742,0.06398592,0.384080234,0.472186628,8.5,1.717201698
-68.89702958,0.031736467,0.426853958,0.428069707,7,1.86013138
-65.853033,0.045311445,0.415227249,0.433450033,10,2.067547249
-61.56164781,0.075289477,0.371088909,0.49045967,7,1.411328039
10.46914006,0.988618763,0.690196442,0.146611973,8.5,-53.52987929
-40.28648281,0.787539931,0.750797552,0.069072493,10,-48.67239215
-13.66404806,0.963352299,0.741340955,0.094588735,7,-47.85612383
-59.05282149,0.099153904,0.377535696,0.482793524,7,1.428879508
-71.57023767,0.022947997,0.497295755,0.342778116,8.5,1.756701389
-37.83645991,0.816140275,0.752268488,0.069954966,8.5,-47.14979908
10.77012227,0.988628422,0.68859745,0.146448992,10,-53.7958
-74.28601614,0.016612207,0.623922311,0.195440788,10,1.173369584
-64.13609581,0.055437215,0.401270715,0.44881971,10,1.961409673
-51.22295262,0.180721916,0.415507606,0.408458778,10,10.67163496
-75.24892722,0.020280266,0.67329911,0.140547114,7,0.317254818
-66.47215846,0.042427716,0.395817353,0.463626799,7,1.813591278
-56.68587018,0.12295181,0.3981962,0.439313366,10,2.75331553
-74.62909129,0.053465448,0.696673312,0.112895749,10,-3.779612815
-74.09531169,0.016915286,0.596230534,0.228745997,8.5,1.210331821
-68.97069028,0.03130252,0.45564122,0.387528762,10,2.082199493
-60.67993671,0.082630436,0.380617001,0.473309947,8.5,1.600213977
-71.8590381,0.022133801,0.519877414,0.314117958,10,1.768329027
-47.03221313,0.221530415,0.421562395,0.398214793,8.5,22.62687805
-31.49162306,0.876513259,0.753166783,0.073010733,8.5,-44.76090349
-62.1246477,0.070224463,0.381732684,0.474113254,8.5,1.655345171
-13.03278332,0.964848588,0.740892256,0.095639381,8.5,-48.0099782
29.89885192,0.93031233,0.579907296,0.224921077,7,-16.67447197
-60.72527392,0.082216294,0.380590887,0.473422158,8.5,1.600642712
-62.9644387,0.063772469,0.384247028,0.471990836,8.5,1.714008694
18.38589375,0.73062511,0.504591495,0.280411496,8.5,178.9517572
-61.15526591,0.078360675,0.380485619,0.474484707,8.5,1.617116814
-58.92234807,0.099598436,0.383723759,0.465744217,8.5,1.761507381
-71.24283242,0.023906763,0.473251132,0.372645489,7,1.730647594
-62.59265461,0.066228653,0.393197166,0.456932988,10,1.853889717
-48.9343374,0.203714314,0.417967323,0.40459712,8.5,16.6334615
-71.73910316,0.022459021,0.516334042,0.318587276,10,1.793207524
-65.19031919,0.049169219,0.397413082,0.457868033,8.5,1.884475123
-74.15692312,0.016824561,0.615897117,0.204598778,10,1.214272048
8.233279249,0.988207959,0.696105559,0.139694386,10,-53.58215966
-59.60924995,0.092163994,0.38939163,0.456733012,10,1.872243977
-72.72212713,0.01996756,0.533540126,0.301435319,8.5,1.55243448
-74.95262502,0.015540841,0.638914286,0.179851854,7,0.893875643
-63.92901872,0.056800791,0.399929691,0.450213625,10,1.94892618
-63.42071535,0.060239617,0.396949657,0.453366639,10,1.917810708
-74.70541383,0.015965588,0.637023374,0.181997263,8.5,0.999906901
-74.0809342,0.016948769,0.578105699,0.250240578,7,1.184927045
-61.28756714,0.077710977,0.371177892,0.489696586,7,1.39851983
-70.70550865,0.025431957,0.489750146,0.348914338,10,1.93827135
-52.34713465,0.16997378,0.409523819,0.419446277,8.5,8.219312663
-60.17877414,0.087180945,0.380729038,0.472022134,8.5,1.644910629
-67.32006167,0.038210167,0.418847522,0.433165401,8.5,1.99118687
-64.34610859,0.054304727,0.391325293,0.464604121,8.5,1.822136486
-57.18445201,0.119460257,0.38761546,0.46372477,7,1.90029774
-58.33603714,0.106975893,0.381243993,0.470075379,7,1.467707823
-44.33840433,0.73568614,0.749221997,0.069317505,8.5,-52.55604637
-70.6597194,0.025651625,0.459619171,0.388241239,7,1.786802692
0.802280827,0.984700255,0.715465371,0.122073574,10,-52.36825213
-65.93527233,0.04488849,0.416036798,0.432609014,10,2.07139051
-52.52289769,0.610551029,0.743400744,0.071322733,8.5,-61.48014884
-56.0651748,0.129681055,0.400402603,0.435230933,10,3.209238575
-74.40546158,0.016327975,0.631748686,0.208110833,10,1.137318863
-24.79992641,0.921385024,0.751168712,0.079079141,7,-44.96286733
-62.73723603,0.065464435,0.383428311,0.472751202,8.5,1.697527478
-64.8373153,0.05107482,0.406351179,0.443291498,10,2.006922645
-74.52166496,0.016077792,0.605529101,0.220067784,7,1.055101412
-66.37468863,0.042905998,0.39487436,0.464741509,7,1.805103237
-65.61649097,0.046785882,0.400978494,0.453853271,8.5,1.915727256
-68.24859359,0.034117425,0.444223687,0.40064938,10,2.111970722
-74.893933,0.016407349,0.652985716,0.163270429,8.5,0.874538955
-59.12874748,0.098534478,0.377273748,0.477396057,7,1.365304272
-62.91796169,0.411721249,0.732569287,0.077323932,10,-60.32260501
-58.64755957,0.102640084,0.385264065,0.463167266,8.5,1.748312995
-72.08401377,0.021552633,0.526660871,0.30653856,10,1.734545667
-60.36580807,0.08546576,0.38085532,0.472395324,8.5,1.596194277
31.09865553,0.92845805,0.575021287,0.234855221,8.5,-16.26450054
-70.18295401,0.027119792,0.464556501,0.3806755,8.5,1.914216935
-70.14985355,0.027229044,0.463791571,0.38150493,8.5,1.925788518
-0.36413569,0.58849814,0.480482914,0.301086704,10,217.6222137
-74.88412932,0.046794227,0.695016191,0.115937943,8.5,-2.950164682
-60.69121698,0.083002609,0.371934876,0.487479384,7,1.354646903
-67.65590095,0.036702263,0.423074461,0.428540731,8.5,1.998673589
-67.65129377,0.299400011,0.725966611,0.082668749,10,-48.1811979
-75.1549524,0.016582266,0.659055249,0.156995762,7,0.705900868
-69.23981993,0.030316049,0.460324377,0.382400855,10,2.060569054
-61.54692675,0.074588001,0.390173366,0.459216161,10,1.801981001
-47.74951129,0.214251425,0.419127586,0.402494233,8.5,20.44253982
-74.22251358,0.016706943,0.619961844,0.199807372,10,1.18949413
-61.00210463,0.080261522,0.371412506,0.489064038,7,1.389332961
-73.91469871,0.017284484,0.586143626,0.240301498,8.5,1.262451235
-64.07444748,0.056328301,0.377590589,0.484688943,7,1.6293328
-60.07641354,0.088151049,0.381243559,0.471314017,8.5,1.5966432
-74.48105982,0.063508075,0.699837975,0.109434364,10,-5.309520584
-30.18798895,0.886670111,0.753050703,0.073960644,8.5,-44.60102064
-62.0585485,0.071201759,0.371318467,0.490652655,7,1.453757319
-64.22493629,0.054852097,0.401626171,0.448464156,10,1.995848598
-58.42144132,0.106130307,0.381043937,0.470592663,7,1.425710645
-61.6376682,0.074540075,0.371052587,0.490445471,7,1.409064692
-7.657708604,0.975309138,0.732212665,0.104641771,10,-49.87586772
-69.59392658,0.029023711,0.466789019,0.374974783,10,2.031514709
-59.95545437,0.089369581,0.381494329,0.470774772,8.5,1.603565059
-55.53135979,0.135583379,0.402581125,0.431331731,10,3.652500845
-66.71919624,0.0411835,0.398350531,0.460653674,7,1.826969333
-73.62653189,0.017899439,0.571422138,0.256939229,8.5,1.341679968
-61.77777099,0.072676791,0.390653092,0.459160748,10,1.814759967
21.83702421,0.764166524,0.513153587,0.273127162,7,149.3018282
-54.40690382,0.148484472,0.402843967,0.43126795,8.5,4.770660961
-30.49097465,0.884546412,0.751969108,0.073410468,7,-44.78865589
7.943041514,0.988302404,0.697375087,0.139872914,7,-53.53391037
-22.1120632,0.934131067,0.749228567,0.082127304,7,-46.03041533
-67.02677663,0.039447727,0.427927892,0.419176146,10,2.109551824
-63.35311071,0.060939278,0.385854702,0.470663361,8.5,1.744674555
-68.56172327,0.032944965,0.435939917,0.413698127,8.5,1.987560987
-67.8177397,0.035928556,0.43815313,0.407694443,10,2.109607934
-62.20508018,0.069458519,0.381625127,0.474092129,8.5,1.683638115
-62.85650186,0.064290589,0.394244113,0.456056759,10,1.877751058
-74.61093143,0.016542835,0.646781408,0.169210314,10,1.023877591
-52.04764603,0.173084464,0.410534188,0.417697624,8.5,8.801236786
15.47825673,0.987497738,0.671864825,0.159625546,10,-52.56527833
9.777378713,0.988554299,0.691604655,0.143763731,10,-53.62956142
-71.6187232,0.02284847,0.482985629,0.361247307,7,1.686463267
-12.45472866,0.966255327,0.73901214,0.09617855,7,-48.36723733
-62.79218433,0.065395036,0.372575993,0.489628515,7,1.515280744
-5.154187542,0.97891582,0.728219381,0.110001757,8.5,-50.67936592
-60.66473682,0.083259422,0.372044299,0.494374188,7,1.401638825
-69.61263115,0.028991025,0.46693197,0.374899173,10,2.053171491
-47.52873539,0.216398868,0.422875115,0.395341883,10,20.89819299
-67.3264357,0.038200415,0.419071716,0.433086083,8.5,1.976890839
-71.14149084,0.024201917,0.470740959,0.375537713,7,1.743227242
-37.47041261,0.305708144,0.438730547,0.366495411,10,62.1048408
-66.43843421,0.04245733,0.408889944,0.445634659,8.5,1.95996506
-63.67948378,0.058703678,0.38745826,0.468754769,8.5,1.770009551
-71.93335563,0.021964122,0.507634676,0.330835118,8.5,1.698959767
-59.07732633,0.099036116,0.37739624,0.477230825,7,1.382238928
-23.6507406,0.415986774,0.454928793,0.337106877,10,132.9812214
-70.3281635,0.026651718,0.467481491,0.377238032,8.5,1.910454734
-63.30954435,0.061011597,0.396381561,0.453889822,10,1.90776104
-50.12768958,0.649720322,0.745312762,0.070470051,8.5,-59.06309123
-57.51467021,0.113965643,0.395186331,0.44483405,10,2.32077181
-75.02019127,0.034730315,0.68891129,0.122765286,8.5,-1.290628303
-69.68232359,0.028751469,0.468325093,0.373255873,10,2.039514576
-70.9132656,0.024807231,0.494605168,0.343276837,10,1.916432898
-71.34893123,0.023568826,0.491389779,0.349603264,8.5,1.789886207
-31.76084611,0.874329082,0.752587261,0.072359603,10,-44.72896706
-60.32387416,0.085440743,0.389123499,0.458558271,10,1.799593031
-59.49915943,0.484154803,0.737135422,0.07509467,8.5,-64.00289194
-65.39951442,0.047976673,0.399122395,0.455918454,8.5,1.899571938
-63.54137813,0.059632362,0.386686428,0.469380345,8.5,1.765806898
-60.89078472,0.081266057,0.371600956,0.488544445,7,1.37810146
-61.86193348,0.071948735,0.390862869,0.458839687,10,1.813067624
-22.96394916,0.930575353,0.750359876,0.081131953,8.5,-45.16928217
-63.48543443,0.060332476,0.374890543,0.48758927,7,1.573889107
-66.32085684,0.04290281,0.419864635,0.428323915,10,2.100920429
-60.06809894,0.088978648,0.373542326,0.484600259,7,1.34174076
-68.85896576,0.03179558,0.440481734,0.408479528,8.5,1.991964405
-75.00193343,0.036618288,0.690072918,0.121455352,8.5,-1.541407359
-18.46408483,0.454820214,0.459903369,0.328730426,10,159.0445284
-40.21427678,0.788784724,0.751368693,0.069453977,8.5,-48.83280859
-59.17633965,0.098070199,0.377022504,0.477838013,7,1.372773933
-68.78680031,0.032060533,0.439314044,0.409880637,8.5,1.995335996
-60.52379633,0.084042424,0.380645043,0.472996692,8.5,1.608941625
-59.73147922,0.092332,0.374679321,0.482209295,7,1.3458369
-61.99832309,0.071625708,0.371228997,0.490670609,7,1.445946258
-66.5843449,0.041813494,0.410662183,0.442529193,8.5,1.943710067
-70.75700011,0.025255489,0.490969847,0.347357801,10,1.929028583
-49.03676556,0.666158838,0.745475352,0.069736443,10,-57.5079453
-72.9373649,0.019447205,0.55659824,0.272287397,10,1.553645439
-48.5055164,0.21017256,0.419887389,0.401438977,7,17.40046209
-74.26716625,0.016569222,0.589041991,0.23753894,7,1.132199257
-70.54394652,0.025973536,0.472117318,0.371918678,8.5,1.890447979
-65.00702864,0.050062457,0.407706759,0.441794102,10,2.017645361
-47.04972003,0.221913058,0.422466247,0.396440213,8.5,22.40400907
-58.28491859,0.107548066,0.381628273,0.469878863,7,1.469945869
-67.66400526,0.036580924,0.436044174,0.410098113,10,2.112406188
-56.46495238,0.128122282,0.393192585,0.448716761,7,2.007039121
-47.26338119,0.219974861,0.419880692,0.40539267,7,21.95020569
-24.89205937,0.920702526,0.750811183,0.078443406,10,-44.7526278
-70.27151408,0.026824404,0.466475586,0.378413342,8.5,1.897605491
-56.63117902,0.124408593,0.393839092,0.447298684,8.5,2.54834977
-59.53964587,0.094241917,0.375279638,0.481086978,7,1.367584264
-73.61630602,0.017912917,0.58646424,0.238195173,10,1.375342092
-62.02892036,0.071383393,0.371219273,0.490487907,7,1.452368837
-59.65479301,0.09171865,0.389331136,0.45700713,10,1.869381881
-75.07533408,0.015886039,0.650534594,0.166335416,7,0.803533108
-62.24344198,0.069649172,0.371476645,0.490666943,7,1.469859762
-63.17376072,0.062249001,0.385087453,0.471175003,8.5,1.729914625
-62.29849238,0.068843928,0.38213872,0.473828831,8.5,1.66673103
-65.70581424,0.046270148,0.401782278,0.452908246,8.5,1.919211231
-65.34801925,0.048476439,0.385857185,0.475269307,7,1.735413756
-68.2065976,0.034470611,0.416497674,0.439241449,7,1.871192636
-68.32358606,0.033887253,0.432267896,0.417914596,8.5,2.002260466
-74.98588877,0.015565103,0.641895286,0.176616398,7,0.876191037
-41.96140083,0.76744749,0.750327638,0.069380897,7,-50.46398183
-52.33614739,0.147994136,0.346811174,0.554486036,7,15.60742792
-70.69619102,0.025497369,0.475608549,0.367608973,8.5,1.865190657
-72.4596328,0.020635819,0.508237968,0.331502933,7,1.554788218
-65.81630489,0.045669522,0.402785003,0.451769874,8.5,1.926002932
-56.02045951,0.130242127,0.400746394,0.43461781,10,3.222784177
-64.6725551,0.052266152,0.393519169,0.462189965,8.5,1.847454578
14.57626587,0.987925551,0.675891763,0.158265554,7,-53.01559001
-66.64100855,0.041315283,0.423387086,0.424386027,10,2.108083792
-52.17544326,0.171521199,0.413974536,0.410793481,10,8.501558291
-54.89205089,0.570712501,0.740944244,0.07233748,7,-63.47768754
-56.60430637,0.124272961,0.393448888,0.453819769,8.5,2.708248347
-64.67099052,0.052516368,0.381072456,0.480811869,7,1.679902431
-62.725765,0.065894684,0.372453982,0.490090951,7,1.5057253
-63.6121874,0.059443033,0.375385749,0.487039329,7,1.58808218
-58.3853431,0.106514826,0.381116524,0.470375149,7,1.450677322
-38.11547613,0.811589563,0.769491758,0.077537618,10,-47.39112734
-70.36155799,0.026505034,0.482025287,0.357620571,10,1.982915482
-71.429536,0.023340817,0.493507362,0.347156001,8.5,1.778076933
-67.00081715,0.039575415,0.427645468,0.419446584,10,2.105935497
-65.33798733,0.048162093,0.410495237,0.4387561,10,2.038922127
-66.94908322,0.040065681,0.400820715,0.457765813,7,1.838723303
-74.19167722,0.086932481,0.706140564,0.104262184,8.5,-9.678724071
-75.18083523,0.018204887,0.681261598,0.153452569,8.5,0.641304247
-60.93584333,0.07986617,0.389246231,0.459406197,10,1.800610227
-64.32663612,0.05428467,0.402444101,0.447560068,10,1.992352667
-50.3851538,0.189064405,0.413582181,0.412314962,8.5,12.82901589
-50.74405376,0.188197668,0.414077311,0.411788157,7,11.29842518
-64.70858027,0.051843778,0.405337863,0.444436238,10,2.000394097
-10.45551361,0.970395492,0.738197271,0.100434893,10,-48.76111838
-2.143893414,0.9822899,0.722715297,0.116485405,8.5,-51.5289047
-4.036701582,0.561509674,0.476152862,0.306249409,10,211.4469913
-69.40498258,0.0297183,0.463177996,0.37911759,10,2.059948808
-5.520997586,0.548301665,0.471625536,0.313214163,8.5,210.5083171
-46.93833004,0.222353988,0.424720343,0.3920857,10,22.68743516
-36.31501804,0.315467647,0.440352201,0.363495661,10,67.70545447
-63.14146631,0.062481864,0.384952407,0.471308031,8.5,1.727424007
-55.43458135,0.136612057,0.402929655,0.431170249,10,3.755493825
-68.26200461,0.034237969,0.417267986,0.438400721,7,1.872120267
-14.19950706,0.962051721,0.742467292,0.093726012,8.5,-47.65193153
27.60588701,0.832434329,0.533902668,0.256142627,10,76.45997276
-62.33808953,0.068964828,0.371672919,0.4905825,7,1.47815791
-57.70356695,0.113967709,0.38495718,0.463523011,7,1.603521055
-41.79236607,0.769282653,0.750628014,0.069297941,8.5,-50.15524521
-36.86904624,0.309866254,0.436512199,0.370768744,8.5,65.78128039
-60.52987513,0.083529199,0.389104662,0.458924257,10,1.794988343
-61.99598124,0.071209471,0.381319261,0.474269272,8.5,1.660379756
-73.47392546,0.018231616,0.564241083,0.265522113,8.5,1.379744754
-73.24965772,0.018721115,0.569559389,0.257467926,10,1.471996494
-67.57646121,0.037147662,0.40820551,0.449409097,7,1.858389786
-63.74030962,0.058329972,0.387761942,0.469129546,8.5,1.780985869
-61.0903217,0.078428366,0.389222648,0.459543382,10,1.817539163
-72.19448666,0.021304737,0.499766867,0.341548592,7,1.594522696
-66.94577761,0.039834684,0.42700102,0.421190375,10,2.104553447
-58.18929303,0.106756126,0.392958975,0.449291122,10,2.086566679
-74.46668679,0.079714286,0.703617807,0.105266896,7,-8.536734787
-58.25586806,0.1078487,0.381698023,0.469103269,7,1.477759645
-20.43792635,0.941698921,0.747863933,0.083779459,10,-45.78433587
-40.74760937,0.279720956,0.432975233,0.377725105,7,47.06409467
-64.97991881,0.050470632,0.395765302,0.460444863,8.5,1.874744206
-48.16713789,0.680130473,0.746683625,0.069925222,8.5,-56.86963718
-63.69424162,0.058599714,0.38743494,0.468802321,8.5,1.782446055
-73.52679724,0.018114775,0.566690315,0.262793977,8.5,1.366359524
-61.92224052,0.071879896,0.381248141,0.474558525,8.5,1.656195044
-74.33945869,0.016426001,0.593531014,0.232741144,7,1.110942279
-73.23060056,0.01877576,0.553515565,0.278415661,8.5,1.438643491
-72.11533381,0.021514287,0.497252624,0.344510488,7,1.613950794
-70.73581639,0.02537607,0.476428402,0.366896359,8.5,1.868907264
-70.19802204,0.027027468,0.47858633,0.361543129,10,1.996039142
-66.52966314,0.041850488,0.422189917,0.425490441,10,2.099496449
-75.25948885,0.02339216,0.678822307,0.134343488,7,-0.020964278
-63.36215264,0.060906212,0.385914394,0.470347199,8.5,1.744653122
-61.17621134,0.078114169,0.380384951,0.474394418,8.5,1.623178908
-59.46178338,0.094184439,0.382628521,0.468289242,8.5,1.624633816
-62.97424852,0.064034427,0.373105388,0.49002368,7,1.531700787
-25.44818693,0.917866062,0.750670333,0.077997738,7,-44.92295337
-58.10836734,0.108305013,0.387241708,0.459348167,8.5,1.88979876
-73.8421467,0.017434677,0.598011892,0.224955291,10,1.311387754
-55.93047819,0.132022623,0.39675989,0.441959856,8.5,3.090985084
-74.7975922,0.016024217,0.64447365,0.173463543,8.5,0.952019956
-74.94805054,0.016863401,0.658215282,0.158030113,8.5,0.810103282
22.08349929,0.981935611,0.644260186,0.183042753,8.5,-48.42786048
-54.95899461,0.144654196,0.400028809,0.436655739,7,3.49574811
-56.37775981,0.126915685,0.394249459,0.446310278,8.5,2.804466015
-64.75068397,0.05171666,0.405610643,0.444205791,10,2.015481773
-71.58054321,0.022897216,0.511881718,0.323452441,10,1.815998013
-74.76872392,0.017664403,0.660272811,0.153703742,10,0.856450523
1.804529991,0.604582284,0.483212409,0.298068398,10,219.4201387
-66.81943727,0.040435805,0.425520994,0.422854089,10,2.10178624
-58.49014251,0.105348246,0.380625567,0.471326603,7,1.415149622
-61.70411151,0.073663745,0.380991937,0.474466941,8.5,1.631280423
-60.19383664,0.087167612,0.381131257,0.471777488,8.5,1.603542755
-61.82158503,0.072276735,0.390762688,0.458905287,10,1.811141783
-75.04056574,0.015736863,0.64710728,0.169695294,7,0.832986205
-62.08040558,0.070205539,0.391157089,0.458749319,10,1.865398474
-67.6325132,0.036711703,0.435567775,0.410555809,10,2.118458244
-19.13455637,0.946734208,0.746979542,0.086073954,7,-46.20541695
-74.99084337,0.017599966,0.662870707,0.151979251,8.5,0.724980547
-60.18812978,0.087819328,0.37307107,0.485299195,7,1.358258138
-52.98805306,0.165646138,0.407816697,0.423146618,7,6.434410265
-74.04322296,0.017033016,0.608963908,0.212538652,10,1.270413747
-69.04915845,0.031137207,0.429096891,0.423994423,7,1.873908954
-61.36896221,0.447734753,0.73480113,0.076379959,7,-63.33743605
-66.9040086,0.040033583,0.42649295,0.420903028,10,2.104669054
-40.3538233,0.787439395,0.750890376,0.06942537,7,-49.08854857
-60.24391728,0.087295444,0.372988317,0.485506547,7,1.350934008
17.309238,0.98617523,0.664629918,0.165363218,10,-51.83040983
-74.45063665,0.01625493,0.634834493,0.20470765,10,1.121799868
-74.96664039,0.051240894,0.696713396,0.114047529,7,-3.847696025
-62.34783845,0.068802485,0.371695387,0.490553214,7,1.470121108
-67.07251083,0.03924158,0.428505073,0.418630867,10,2.107734292
-67.40246507,0.037826861,0.419856252,0.432218883,8.5,1.993772441
-74.11077996,0.016908863,0.613128052,0.207848189,10,1.229196513
-50.86619099,0.188081543,0.415900709,0.408398625,7,10.67972446
-74.77226721,0.015987377,0.642373568,0.175813539,8.5,0.966665242
-58.10190644,0.108383912,0.387289848,0.459071859,8.5,1.886561763
26.83370214,0.821761766,0.530556983,0.258304246,10,87.92148608
-71.88861365,0.022060808,0.520759125,0.313633328,10,1.763002617
-58.54194497,0.103749054,0.385659816,0.462408273,8.5,1.768967473
-67.01824736,0.039724613,0.401594823,0.456918367,7,1.840910186
-59.13751313,0.09841498,0.377178607,0.478036378,7,1.374202126
-64.62558038,0.052773933,0.380739615,0.481143492,7,1.679037686
-32.99667597,0.339608134,0.440027654,0.368166117,8.5,86.31143216
-73.11780444,0.019035548,0.548787952,0.283418161,8.5,1.467757628
-73.37962803,0.018441079,0.559979703,0.270432941,8.5,1.403224264
-70.04734393,0.027523792,0.475462646,0.365039535,10,2.012427701
-67.26101643,0.038469155,0.418122054,0.434213928,8.5,1.990247969
-68.59652125,0.032735421,0.449564985,0.394642879,10,2.098451233
-59.42759356,0.095441494,0.375924889,0.479903844,7,1.353015503
-57.07358838,0.119699687,0.392428258,0.449738504,8.5,2.200061439
-72.83121364,0.019725628,0.521285788,0.316497185,7,1.483232752
-71.47371922,0.023248094,0.479148922,0.365891156,7,1.702946768
-61.14306175,0.078973366,0.371292167,0.489271101,7,1.388105029
-70.4655364,0.026214979,0.470507635,0.37415459,8.5,1.888434059
-67.69695192,0.036556743,0.423659477,0.427879868,8.5,1.994967949
-68.21284276,0.03426267,0.443754216,0.401281003,10,2.106306271
7.949049356,0.98814729,0.696596476,0.13867916,10,-53.59224075
-72.4620887,0.020605465,0.524402051,0.311474734,8.5,1.604432131
-67.58504848,0.037130057,0.40826505,0.449203661,7,1.863471169
-73.84609926,0.017424442,0.598219708,0.224716561,10,1.310527007
-17.25980814,0.466317297,0.462343793,0.325612428,7,164.076989
-67.2225819,0.038771148,0.403903969,0.454091133,7,1.851213916
-59.03763707,0.098599262,0.383910652,0.465759221,8.5,1.68590496
-67.97110893,0.035266544,0.440286397,0.405122418,10,2.10832265
-73.40322388,0.018389226,0.561026356,0.27059503,8.5,1.398180473
-73.34616258,0.018528814,0.541877479,0.292746209,7,1.370287949
-58.80580083,0.100991253,0.384693867,0.464220426,8.5,1.720097004
-60.95277076,0.079708049,0.389288913,0.459375705,10,1.795658489
-65.10317526,0.049888447,0.384044722,0.477319259,7,1.712892195
-55.98355387,0.133361306,0.395080168,0.445725318,7,2.487270012
-72.75621801,0.019885804,0.534788776,0.299486408,8.5,1.545163786
-18.81288266,0.947841742,0.747216512,0.08660505,8.5,-46.20100336
-53.96929008,0.153147223,0.404458416,0.42841519,8.5,5.382440237
-55.48774186,0.136563743,0.397929583,0.439850131,8.5,3.588511084
-50.17720565,0.190604841,0.413960559,0.416589329,8.5,13.55581283
-61.62266464,0.074002098,0.390248848,0.459228268,10,1.820080147
-23.22166201,0.421442414,0.455908095,0.336085259,7,135.0527213
-8.825763798,0.973504588,0.734625476,0.103177698,7,-49.50774616
-52.95993659,0.16367782,0.407708737,0.422634109,8.5,7.052016203
-68.04312041,0.035043886,0.428274734,0.42252077,8.5,2.002528563
-69.62005908,0.028966815,0.467164167,0.374698286,10,2.042581273
-74.96917106,0.017150386,0.660409956,0.155155967,8.5,0.775590116
27.86773804,0.961475651,0.606932055,0.208931021,7,-36.75512158
-64.80690129,0.051448456,0.394479253,0.461124663,8.5,1.857696565
-63.03125132,0.063280778,0.384402575,0.471878301,8.5,1.731208379
-51.91459386,0.173767378,0.413851737,0.411349982,10,9.15884936
-57.89907589,0.1105329,0.388107439,0.458163581,8.5,1.95941881
-11.93901004,0.967274373,0.739211939,0.097362169,8.5,-48.68072791
-65.10551958,0.049891042,0.384066251,0.477417311,7,1.713655071
-62.79694327,0.065006541,0.38358612,0.472646431,8.5,1.706845505
-60.49367724,0.084322587,0.380709061,0.472883932,8.5,1.604192902
-57.5551308,0.114334739,0.38978106,0.454665505,8.5,2.059228739
-72.76114679,0.019864938,0.549830657,0.280163165,10,1.594150476
-67.25775511,0.038379496,0.430790878,0.415977121,10,2.109317211
-73.70971727,0.102692435,0.707711137,0.100778713,10,-12.30079498
-73.66749091,0.017808993,0.573431556,0.255072019,8.5,1.329829183
-34.42237393,0.851162848,0.752884266,0.071369503,7,-45.63191567
-63.73611276,0.058318312,0.387753677,0.468444678,8.5,1.774568635
-57.50535553,0.523498117,0.738613042,0.073703543,7,-64.53338411
-69.57553497,0.029122378,0.466339908,0.375562319,10,2.044862873
-73.45210144,0.018268183,0.578633107,0.247089557,10,1.419799903
-61.34638802,0.077122677,0.370761279,0.490284552,7,1.440317628
-60.97071992,0.080524889,0.37149096,0.488880089,7,1.38016114
-75.00683445,0.015596598,0.643824399,0.174499144,7,0.863329374
-68.948223,0.031444713,0.44192177,0.407734374,8.5,1.989982511
-62.23199247,0.068977664,0.391775151,0.458188529,10,1.849962942
-58.33202856,0.10597031,0.386478628,0.460804067,8.5,1.814804992
-71.48476218,0.023216718,0.479493552,0.365456809,7,1.696728532
-71.35215046,0.023529332,0.505702906,0.330338707,10,1.85088806
-56.82465736,0.121296567,0.39730683,0.440779738,10,2.713223497
-71.71638252,0.022575293,0.485694353,0.358216131,7,1.670228275
-73.0626585,0.019162305,0.546573382,0.285890552,8.5,1.478242689
-51.25357398,0.182435405,0.411275009,0.41675589,7,10.28444253
-55.30681373,0.141653774,0.400390031,0.435813756,7,2.855432442
-68.75453357,0.032274446,0.424527646,0.429906298,7,1.870885364
-64.73901466,0.052092149,0.381532902,0.480201776,7,1.683213773
-22.28022852,0.933813111,0.75002225,0.082001152,8.5,-45.33954639
-57.10038594,0.118398569,0.396551095,0.442318069,10,2.530105372
-73.03082705,0.019251067,0.528910773,0.307497292,7,1.439310669
-70.11426463,0.027302178,0.476871272,0.363546531,10,2.001823196
-71.1988729,0.023998494,0.487590879,0.354059573,8.5,1.806616949
-73.48833268,0.018189869,0.580323831,0.245173871,10,1.410071611
-69.60810035,0.029124363,0.438740109,0.413167274,7,1.848680112
30.37980904,0.918058945,0.571531657,0.230498493,10,-7.980390594
-66.02405935,0.044726272,0.391565244,0.468561504,7,1.782084819
-43.0429825,0.2597875,0.42948056,0.384223555,7,37.21610357
8.752288737,0.988368019,0.694615019,0.141025336,10,-53.64777334
30.45291111,0.922338809,0.573235703,0.230683267,7,-11.57389292
-68.09521454,0.034919618,0.414924351,0.441237882,7,1.873110059
-71.0057286,0.024598909,0.467510772,0.379465371,7,1.755000778
-65.55654818,0.047110147,0.400272614,0.45459668,8.5,1.930990329
-73.07061392,0.019143865,0.546893901,0.285558955,8.5,1.47643177
-65.32609153,0.048395095,0.398510709,0.456608435,8.5,1.894725783
-70.4914367,0.026133488,0.470976909,0.373200011,8.5,1.894888123
-68.37540039,0.033768518,0.418874169,0.436460774,7,1.873167174
-46.12623265,0.710965366,0.747794947,0.069535733,7,-54.78128645
-63.38793951,0.060695325,0.386015667,0.470500526,8.5,1.747393499
-68.33708029,0.033832595,0.432465206,0.417714712,8.5,2.002176398
-74.55401321,0.016084133,0.625685551,0.195033378,8.5,1.06307787
-73.76835982,0.017603192,0.561497829,0.269917563,7,1.268115906
-74.42079563,0.016441517,0.632901753,0.185521212,10,1.120361632
-22.18920695,0.934139043,0.74924069,0.081597638,10,-45.27800085
-25.06917626,0.405116304,0.453373212,0.339711096,10,125.6805441
-74.55125624,0.01643639,0.64219568,0.17464763,10,1.063041691
-70.15426523,0.027171588,0.477696878,0.362603943,10,1.998043078
-58.45829439,0.105686162,0.380792221,0.470939623,7,1.418163796
-68.85585113,0.031888588,0.426152169,0.427963952,7,1.865120041
-18.1569271,0.950162204,0.745927923,0.086984491,10,-46.41785109
-62.58787348,0.066552652,0.382821621,0.473141468,8.5,1.697339005
-71.84858978,0.022216762,0.489420145,0.353856253,7,1.650962417
-68.26680632,0.034047735,0.444553131,0.400310922,10,2.105072349
-61.44064884,0.075829515,0.380624737,0.474575366,8.5,1.622814726
26.797867,0.967303382,0.615053252,0.2030302,7,-40.46603392
-73.94675909,0.017226782,0.603707506,0.218527811,10,1.280071886
-71.99649687,0.02179733,0.509522604,0.328655026,8.5,1.688447466
-67.69773855,0.036628458,0.409698062,0.446864803,7,1.864374642
-63.23872083,0.061550664,0.396027043,0.454229751,10,1.904925715
-62.89130328,0.064277915,0.383836431,0.481338583,8.5,1.754223802
-62.51849289,0.067524117,0.37193524,0.490447144,7,1.497676117
-38.58836234,0.296384196,0.437331538,0.369049553,10,56.8158438
-74.78800087,0.041029139,0.691607371,0.118622745,10,-1.979970062
-59.22243357,0.096592695,0.383334029,0.466797016,8.5,1.641323669
-53.86458075,0.154200323,0.404685546,0.427926522,8.5,5.556765434
-68.50159623,0.033105943,0.448104377,0.396358467,10,2.099491747
-30.0430425,0.887602816,0.752525953,0.073692442,10,-44.44268423
11.48510735,0.989196353,0.688392647,0.150795068,7,-53.51657879
-59.83078649,0.09054,0.381730649,0.470283432,8.5,1.605092152
-71.89241658,0.022072935,0.506425923,0.332233515,8.5,1.705660104
-62.60601853,0.06617059,0.393234604,0.456937935,10,1.860199313
-36.41305174,0.313904497,0.437405267,0.369081276,8.5,67.99893584
-52.96764187,0.162785164,0.41068382,0.416794058,10,7.174378575
-63.38573957,0.061047386,0.374529212,0.488020507,7,1.562821007
-71.2639367,0.023784461,0.503359662,0.333338403,10,1.867909148
-75.08104626,0.024503927,0.679860311,0.133122804,8.5,-0.024907478
-61.50112364,0.075834151,0.371020518,0.490315282,7,1.418512474
-63.41556778,0.060530301,0.38616101,0.470096482,8.5,1.748885346
-43.48033014,0.254326642,0.428586484,0.385403242,8.5,35.62905174
-56.79239661,0.124360046,0.391066757,0.452529484,7,1.856649182
-57.99451301,0.109285053,0.387547545,0.465092916,8.5,2.011172451
-63.22767061,0.062176858,0.373912542,0.488479684,7,1.552211971
-63.71833791,0.05872206,0.375731341,0.486711044,7,1.611012094
-53.10419455,0.164735347,0.408007294,0.422398887,7,6.135479479
-59.81204771,0.090282779,0.389438413,0.457145571,10,1.824123202
-71.51231192,0.023109609,0.495705321,0.344644395,8.5,1.76720512
-38.49924757,0.809050568,0.75120247,0.069595825,7,-47.72792552
-62.68940673,0.065502133,0.393292668,0.456730832,10,1.896548255
-71.33925519,0.023596343,0.491138112,0.349894121,8.5,1.791280105
-23.83655256,0.925239822,0.770169152,0.089588898,10,-43.81074669
-70.75283504,0.025369775,0.461599284,0.38610187,7,1.786729296
-58.84572883,0.101550756,0.378753191,0.474758858,7,1.378250333
-65.32351288,0.048409858,0.398489407,0.456632449,8.5,1.894554898
-69.40731234,0.029768845,0.449797706,0.397683099,8.5,1.96414594
-58.54914844,0.102978345,0.391908429,0.451477246,10,1.997327363
-64.66396222,0.052592148,0.381027749,0.480462532,7,1.680248461
-72.53687492,0.020422497,0.526931509,0.308628444,8.5,1.592943327
-59.45460141,0.095165296,0.375809783,0.480119541,7,1.352334093
-64.10504544,0.055635104,0.400790927,0.449267607,10,1.992596859
30.8946969,0.902600226,0.560525736,0.240410743,8.5,4.781544981
-23.27708142,0.929017359,0.749982342,0.080303893,10,-45.03299395
-70.15631826,0.02716417,0.477740978,0.362308576,10,1.997599958
-58.27992106,0.105794735,0.392667604,0.449824687,10,2.063140065
-58.4457833,0.104039068,0.392155624,0.450948778,10,2.025194148
-63.14014718,0.062190402,0.395708489,0.4649394,10,1.906533919
29.77426958,0.943105677,0.587853198,0.221812977,7,-25.68652775
-48.03716677,0.211859768,0.422437365,0.396217675,10,19.21222649
-62.98745573,0.063290974,0.39499583,0.465536145,10,1.89674501
-73.85771257,0.017403088,0.598844571,0.224046897,10,1.306812561
-68.53905337,0.033040636,0.435505194,0.414222813,8.5,1.997167335
-68.10227985,0.034717018,0.442144573,0.403108951,10,2.108127125
-59.99264143,0.08909628,0.381464984,0.470940245,8.5,1.609544384
-61.93009323,0.071797958,0.381347627,0.474335887,8.5,1.643528235
-25.75256293,0.915992842,0.751917139,0.078021393,8.5,-44.73570362
-54.45076322,0.148119763,0.402921337,0.431103619,8.5,4.67963218
-72.88865273,0.019554829,0.554733368,0.274531308,10,1.56087679
-61.75190742,0.073265689,0.381058983,0.47445069,8.5,1.633724082
5.360036822,0.987475122,0.704675733,0.133529313,7,-53.27946924
-61.03971909,0.069326724,0.322912673,0.595035854,8.5,6.88657413
-55.33944219,0.137650008,0.403240973,0.430135,10,3.845546465
-68.48739624,0.033325088,0.420501976,0.43459456,7,1.873332272
-69.54915436,0.029211455,0.465836215,0.375901414,10,2.048068808
-49.87996949,0.197018867,0.416901377,0.406812217,7,13.43919934
-73.42176939,0.018359854,0.545185788,0.288523786,7,1.352802164
-74.07204844,0.016975563,0.610840444,0.210318661,10,1.241952489
-49.89423721,0.196622508,0.416389241,0.407692756,7,13.4645091
-64.32995408,0.054184509,0.402555409,0.447382013,10,1.977451745
-53.83985238,0.591090646,0.757964178,0.078845127,8.5,-63.96160675
7.48771809,0.988090487,0.698769251,0.138506056,8.5,-53.58271393
-68.28923294,0.034110672,0.417621416,0.438339781,7,1.875002726
-73.2164207,0.018797411,0.568111021,0.259133116,10,1.481818915
-73.36250682,0.018467956,0.57454325,0.251758926,10,1.443159431
-52.98516445,0.162728239,0.410904655,0.416518169,10,7.110426904
5.333416707,0.987334485,0.70430104,0.132571666,10,-53.30604089
-73.75416492,0.017633878,0.560789318,0.270346124,7,1.271722339
-72.03250479,0.021681243,0.525121486,0.308388479,10,1.737650313
-74.52751536,0.01606432,0.605929153,0.218096212,7,1.05336106
-74.90427119,0.015539938,0.634716627,0.184773857,7,0.916722547
-62.20000089,0.069336903,0.391769809,0.458168229,10,1.845047404
-53.71217316,0.155122728,0.408773945,0.420236705,10,5.907965771
-73.87892048,0.017355385,0.584249124,0.261178482,8.5,1.272164887
-55.96474736,0.131751506,0.396877594,0.441837365,8.5,3.030671614
-64.43632737,0.377647699,0.730428081,0.078683687,10,-57.53805089
-65.69721985,0.046312319,0.401707657,0.453020984,8.5,1.918259304
-54.89612068,0.142251062,0.404347212,0.42804165,10,4.387129537
-28.02038426,0.902118755,0.752261225,0.075790145,7,-44.63451897
-68.78893971,0.03205068,0.439364405,0.410677925,8.5,1.993997134
-58.18242941,0.107350439,0.386447576,0.460569719,8.5,1.922799613
-69.45381669,0.029606257,0.450534705,0.396872768,8.5,1.970871914
-74.34868121,0.016521632,0.628040573,0.190838748,10,1.147829749
18.77549485,0.98560075,0.658916664,0.171124626,7,-51.00843069
-32.24977899,0.870368597,0.752946925,0.07237983,8.5,-44.91267391
-57.46416135,0.521879854,0.738153105,0.073383641,10,-63.36551554
-70.55826015,0.025922463,0.472509158,0.371568581,8.5,1.881413626
21.52981356,0.672118419,0.437937836,0.40094998,7,269.6580326
-53.36253518,0.16261124,0.408364922,0.421695447,7,5.514559325
23.4978643,0.977510434,0.63510461,0.187043033,10,-46.38945674
-74.60787012,0.016546593,0.646568384,0.169641327,10,1.023554145
-48.46926691,0.210380452,0.419726587,0.401767106,7,17.54860369
-57.34761403,0.11575108,0.395753803,0.443998621,10,2.399680608
18.10893076,0.986496423,0.662482528,0.169087278,8.5,-51.53948194
-32.10814217,0.871310773,0.752654622,0.072239511,10,-44.48486161
-71.71225813,0.02255991,0.501206657,0.338533878,8.5,1.737764359
-73.30586708,0.018606523,0.556737864,0.27417002,8.5,1.421211542
-70.01016618,0.027698135,0.460970763,0.384793633,8.5,1.938593029
-64.16714896,0.055672327,0.37800268,0.484189936,7,1.642721513
-64.40708868,0.053933655,0.39168494,0.464367317,8.5,1.832012231
-73.1041042,0.019082113,0.531783721,0.303619639,7,1.426086424
-60.70124606,0.081959246,0.389124427,0.459159073,10,1.795707712
6.749071618,0.987940585,0.701260245,0.136990129,8.5,-53.38487663
-67.14820346,0.038921268,0.429733367,0.417117989,10,2.074957708
-28.19255615,0.900829764,0.752040928,0.075134982,10,-44.51822586
-69.6921649,0.028738585,0.468438601,0.373156814,10,2.047041717
-74.1749624,0.016753518,0.583518565,0.244155563,7,1.158737799
-74.09435067,0.016943027,0.612158103,0.208540073,10,1.234142846
-71.02216833,0.024510693,0.4832455,0.359037687,8.5,1.827502859
-60.28653381,0.086244197,0.380910129,0.472734683,8.5,1.612772901
-70.30619075,0.026679963,0.480828556,0.358966908,10,1.989654093
24.26287291,0.791111443,0.52165703,0.264759535,10,121.3061053
-67.836035,0.035838732,0.438373909,0.407178157,10,2.112550819
20.40505274,0.747728029,0.508148737,0.278073375,8.5,165.1040023
-64.92247311,0.0507635,0.395322687,0.460348563,8.5,1.868124999
-72.66488902,0.020091029,0.546333949,0.284386073,10,1.609552059
-71.18963095,0.023996448,0.501465578,0.335376777,10,1.876997674
-70.92812273,0.024832247,0.465679332,0.381655812,7,1.763711304
-55.83258982,0.133195779,0.397444927,0.440836135,8.5,3.145254028
-42.853113,0.756066701,0.74954199,0.069193496,7,-51.25515436
-61.72692295,0.073925589,0.371166804,0.490422215,7,1.419162964
-73.63653827,0.017887345,0.555058142,0.277281512,7,1.301254518
-73.75676445,0.017603063,0.593438308,0.230272732,10,1.345191232
-66.10125866,0.044155598,0.405478534,0.448704089,8.5,1.942599348
-65.35046684,0.048271535,0.398693147,0.456435652,8.5,1.899196939
25.67124668,0.970773565,0.621931532,0.196369953,10,-42.53568477
-74.8718127,0.032012627,0.686102033,0.124697472,10,-0.774398565
-75.01635646,0.018069112,0.665650693,0.14933868,8.5,0.678005318
-73.55793223,0.018046968,0.568153768,0.261013809,8.5,1.358365723
-74.06513658,0.016979203,0.577214768,0.251441047,7,1.189428147
-74.59055745,0.016041795,0.628337929,0.191886277,8.5,1.04852823
-72.07892471,0.021585382,0.51197848,0.327037231,8.5,1.679653687
-66.44701331,0.042537509,0.395590195,0.463901747,7,1.809256529
-57.99006713,0.109598951,0.387809859,0.458307698,8.5,1.916288626
-51.89513215,0.174010078,0.414012562,0.41101749,10,9.175496195
-74.55698194,0.016443726,0.642664033,0.174031162,10,1.056107795
-67.23358647,0.038731885,0.404252383,0.464737093,7,1.840337174
-62.68059706,0.065567526,0.393543908,0.456633455,10,1.859468246
-69.70211427,0.028789301,0.440403533,0.41128308,7,1.848283963
-53.89427248,0.154020451,0.404890577,0.427627486,8.5,5.472690051
-56.99967254,0.121984605,0.389715611,0.454954273,7,1.774819438
-70.70876222,0.025504141,0.460675204,0.387425048,7,1.785309059
24.22253906,0.976518505,0.631487078,0.191406846,7,-44.72463289
30.04049371,0.88107091,0.552326958,0.243415308,10,24.80690985
-75.04479628,0.031852616,0.686918117,0.125015962,8.5,-0.917574959
-73.91787903,0.01727903,0.586315704,0.240187941,8.5,1.261507234
-73.70796267,0.017723927,0.575432629,0.252948539,8.5,1.319226135
-30.70151775,0.882959242,0.75277015,0.073589701,7,-44.74178722
-72.83844003,0.019704541,0.521590427,0.316129137,7,1.478573675
15.48129251,0.987485955,0.671883827,0.15959699,10,-52.85790002
-65.19129291,0.049378027,0.384681694,0.476576835,7,1.7213315
-72.48855733,0.152778552,0.714307225,0.093867498,10,-21.93552584
-55.60912351,0.137753179,0.397519904,0.440978624,7,2.741781666
-69.37726478,0.029873107,0.449185047,0.398379763,8.5,1.973741384
-73.12938945,0.019008146,0.549286056,0.282800214,8.5,1.462928833
13.88916621,0.988121286,0.677740451,0.154953385,10,-53.02064066
-0.530287906,0.983744646,0.718121623,0.118868611,10,-52.08908822
-68.76554822,0.032142241,0.438978159,0.410169173,8.5,1.995770575
-8.000009566,0.531950434,0.471113694,0.312644139,10,201.2623896
9.450911956,0.991782766,0.71845927,0.165742203,10,-51.63097083
-56.63696559,0.124386201,0.393920363,0.447143008,8.5,2.531349431
-51.51383591,0.1777525,0.414709726,0.409807938,10,10.03293371
-58.0926466,0.512788257,0.739301959,0.074598029,7,-64.75870604
-68.05576336,0.034915211,0.441478591,0.403805127,10,2.108589665
-73.79457109,0.017538819,0.579820792,0.247622638,8.5,1.295629013
-63.03472623,0.063606581,0.373314353,0.489235685,7,1.533625127
-69.25626738,0.030256426,0.460597362,0.382139201,10,2.061390245
-67.0383463,0.039502301,0.415479247,0.437251408,8.5,1.98364394
-5.827950474,0.978101815,0.729569472,0.108952116,7,-50.47446556
-65.36664093,0.047997769,0.410738429,0.438472049,10,2.041414469
-66.15657812,0.044026135,0.392798539,0.467124164,7,1.789770995
-46.96537066,0.222827146,0.422842693,0.395800356,8.5,22.65834144
-10.94063323,0.969505079,0.739618672,0.100180525,8.5,-48.5825769
-58.51426773,0.104042153,0.385766052,0.462156147,8.5,1.774133149
-74.76215677,0.015669941,0.623121197,0.198301819,7,0.974378423
-66.94278957,0.039857413,0.426966449,0.420331583,10,2.10384576
-61.65899054,0.073703142,0.390325434,0.459186414,10,1.821737576
-59.12678532,0.097686338,0.383627086,0.466376512,8.5,1.67503003
-64.31214683,0.054304611,0.402451925,0.447734581,10,1.974732971
-58.63436756,0.102071424,0.391609234,0.451932214,10,1.985870224
-61.1105733,0.078760773,0.380524496,0.474151316,8.5,1.608558057
-74.55032412,0.016022893,0.607511289,0.216139039,7,1.046020479
-14.70565476,0.960599676,0.741935372,0.0925363,7,-47.56115654
-68.21259096,0.289886396,0.725663934,0.083562841,7,-47.70130247
-56.63491435,0.126104109,0.391576297,0.451586888,7,2.021798922
-47.43829531,0.691236433,0.747280888,0.069794089,8.5,-55.92667831
-56.86378193,0.121804929,0.392649303,0.449331273,8.5,2.421492899
-28.71247216,0.897270425,0.752271688,0.074737506,10,-44.46875068
-68.87986012,0.031711945,0.440935454,0.407932819,8.5,1.979447628
-58.6198293,0.103896488,0.379715195,0.472922813,7,1.42347444
-66.10484756,0.044312239,0.392312758,0.467685919,7,1.787354339
-72.30355689,0.021031532,0.503126389,0.337476436,7,1.583364712
-16.39804178,0.955812781,0.744850067,0.090191023,8.5,-46.92267595
-71.59213106,0.022888408,0.49793808,0.357512458,8.5,1.751956304
-61.68840353,0.073795138,0.380972553,0.474531905,8.5,1.630635085
-70.74000178,0.025364188,0.476586598,0.366969025,8.5,1.862394998
-67.86658054,0.035791627,0.425862999,0.425395319,8.5,2.001120576
-70.89581505,0.024858334,0.494186156,0.34400943,10,1.918732648
-74.79988844,0.053507576,0.697748806,0.113226717,8.5,-3.893692024
-65.42759732,0.047818245,0.399359223,0.455732473,8.5,1.901539389
13.45783384,0.988395783,0.680225596,0.154892173,8.5,-53.22283204
-73.8838206,0.017350766,0.584491126,0.242264322,8.5,1.271034651
22.12648988,0.764651152,0.512507928,0.274154081,8.5,149.3136252
-56.38705591,0.129003764,0.393258937,0.448571961,7,2.142265555
-66.1405905,0.043823342,0.417970037,0.430376294,10,2.095647254
-74.9089197,0.026581338,0.682259851,0.130806827,10,-0.121194844
-64.36449016,0.054422485,0.379212659,0.482837752,7,1.650971401
-64.63522962,0.052716098,0.38080241,0.490336473,7,1.698472892
-72.52239105,0.020443905,0.541185271,0.289921577,10,1.645994096
20.15823932,0.98534644,0.655389932,0.177758256,8.5,-50.21748123
-69.93708526,0.027886936,0.473203738,0.367740391,10,2.026820421
-48.81314407,0.669475234,0.745683185,0.069708013,10,-57.39619758
-65.22982231,0.048949362,0.397723762,0.457496275,8.5,1.888314127
-55.56625832,0.135199299,0.402441181,0.431530597,10,3.619456726
-50.07573406,0.192557881,0.415225222,0.409478349,8.5,13.49971602
-64.2828136,0.054579293,0.402133796,0.447961292,10,1.991410664
-0.834042472,0.983518183,0.719228852,0.118519289,10,-51.97649991
-34.79012298,0.327517467,0.438290732,0.367564271,7,76.4327634
-72.69095282,0.020061142,0.516247036,0.322291799,7,1.507309782
-71.83157282,0.022215014,0.519064582,0.315234967,10,1.773383957
-59.99370261,0.08957923,0.373150839,0.484756583,7,1.40746356
-56.17920418,0.131205534,0.394066425,0.447139427,7,2.32706129
17.76095375,0.986579842,0.663441289,0.167939387,7,-51.66092863
-70.73103832,0.025352778,0.490348957,0.348085889,10,1.934236306
-71.88143223,0.02210222,0.506103622,0.3326033,8.5,1.707441925
-73.02844038,0.019257097,0.528820275,0.307829785,7,1.439591567
-59.05125477,0.098425886,0.383769512,0.466011108,8.5,1.69437649
-22.41253903,0.933276864,0.750232884,0.082081147,7,-45.36522675
-65.86101678,0.04544275,0.403216507,0.451065316,8.5,1.926924655
-74.00202226,0.01711089,0.573718742,0.255314409,7,1.206609734
-61.7712311,0.073011324,0.380792612,0.474559205,8.5,1.661499478
-59.27928216,0.096925269,0.376724958,0.478337088,7,1.326112002
-56.44505179,0.125577004,0.399101317,0.437773043,10,2.91327409
-72.34383187,0.020901958,0.520453044,0.316033664,8.5,1.626871597
-20.6998736,0.940706936,0.748362698,0.083963242,7,-45.82553885
-57.16502185,0.118593986,0.391532234,0.451466128,8.5,2.232866065
-60.07236482,0.088944105,0.37337663,0.484495566,7,1.361000373
16.78773504,0.987955412,0.669319711,0.166417208,7,-52.39848672
-74.54707765,0.016032591,0.607289383,0.216613208,7,1.046744673
28.68160833,0.849675203,0.539732682,0.252005072,10,57.67475505
29.75159241,0.872127465,0.548454384,0.246135004,10,33.74830674
-69.98638576,0.027729632,0.474218491,0.366454003,10,2.019377021
-56.10745742,0.131812684,0.393952964,0.447358484,7,2.441173888
-67.74061415,0.036241375,0.43738371,0.408452134,10,2.077581527
-30.70588393,0.35984558,0.44424008,0.356321074,8.5,97.28006691
-54.23067762,0.150788613,0.404411782,0.428306067,8.5,4.890723395
-69.72305989,0.028613009,0.469085778,0.372319471,10,2.038101404
-68.34442471,0.033893843,0.418363156,0.437066586,7,1.879210238
-59.29218747,0.096775997,0.376395936,0.478948569,7,1.365730654
-61.78229065,0.072713529,0.390639267,0.458963202,10,1.824375463
-53.06647464,0.162585043,0.407430545,0.423308379,8.5,6.858368585
-55.1231534,0.142874923,0.399305473,0.437894728,7,3.305718262
-31.91740093,0.873065663,0.752565355,0.072238132,10,-44.75744242
-70.88274275,0.024968603,0.464627965,0.382697466,7,1.768087933
-65.90170565,0.045388271,0.39046215,0.469618983,7,1.774259592
-63.17611814,0.062232034,0.385097389,0.471165186,8.5,1.730096899
-59.39809919,0.094250155,0.390011925,0.455584791,10,1.845424288
-63.81134485,0.058097945,0.376289218,0.48586403,7,1.605689436
-64.15403003,0.05554565,0.390119797,0.465934905,8.5,1.808261161
-60.2932032,0.086827144,0.372852612,0.485737017,7,1.352472762
-73.5013845,0.018184359,0.548748226,0.284378734,7,1.33509675
-75.26672217,0.022669258,0.678630327,0.136099805,7,0.049465866
-59.93593476,0.090280547,0.373813192,0.483640818,7,1.360591463
-62.22976101,0.069025712,0.3916111,0.458388224,10,1.873448583
-74.89422519,0.025202154,0.679426851,0.132338833,10,0.02582368
-62.05791745,0.071145313,0.371247565,0.490487752,7,1.454472632
-74.35618225,0.016389083,0.594586073,0.231322727,7,1.106270118
-71.24408446,0.023843054,0.502831051,0.333880715,10,1.872443967
-73.90653597,0.01731021,0.568591955,0.261538297,7,1.232200135
-64.50500378,0.053549654,0.380056752,0.481881925,7,1.663295937
-47.28945628,0.22262609,0.42416287,0.393575377,7,20.9449462
-73.8982103,0.017317039,0.601029838,0.221506068,10,1.295242398
-67.81819187,0.035999324,0.425211847,0.426053569,8.5,2.000798998
-61.96349543,0.07147304,0.381256861,0.474303583,8.5,1.658541952
-64.15866631,0.055368724,0.401275033,0.448727133,10,1.984845521
-64.22224048,0.05536276,0.378407898,0.483734436,7,1.63990098
16.52530541,0.987181151,0.668105894,0.163739779,7,-52.34289928
-66.37533117,0.042734019,0.408222339,0.445735309,8.5,1.956412744
-70.45382861,0.026303524,0.45507681,0.393431037,7,1.812492268
-55.79351755,0.132275432,0.401276087,0.440389669,10,3.562993425
-62.58195447,0.066231316,0.392901055,0.457318652,10,1.880362499
-59.25655572,0.09715293,0.376533194,0.478798157,7,1.373680351
-47.63474773,0.215998158,0.420560815,0.399987309,8.5,20.62520159
-59.30783597,0.096503617,0.376388255,0.485059588,7,1.407687989
-39.8332254,0.793450311,0.751635475,0.069531211,8.5,-48.50918375
-48.9513772,0.202363271,0.416606736,0.411827725,8.5,16.97234985
-66.87290157,0.040418293,0.400038686,0.459003505,7,1.830180265
-72.09376817,0.021570745,0.496634214,0.360489064,7,1.616371341
-64.02219054,0.056402829,0.389342114,0.466754365,8.5,1.796919949
-51.51568199,0.177009951,0.414235011,0.416625174,10,10.27068182
-66.19881495,0.043822749,0.393188594,0.466836264,7,1.794012722
-52.56514321,0.612269267,0.759073411,0.0783414,8.5,-62.78452792
21.99261397,0.981340098,0.643873225,0.182163814,8.5,-48.3238648
-74.97650178,0.017268835,0.661198935,0.154255377,8.5,0.761829238
-74.83140599,0.015588598,0.62864883,0.191998603,7,0.947242971
-61.18756407,0.078077347,0.380496343,0.474523162,8.5,1.618036225
-75.15795344,0.01657405,0.659272832,0.15689544,7,0.710631548
-64.9338658,0.050947614,0.382822939,0.478401707,7,1.703128165
-73.58813275,0.017974339,0.585088129,0.239874425,10,1.383155606
-74.20284349,0.016705256,0.602602468,0.221475606,8.5,1.177928928
-72.3310268,0.020913714,0.534702236,0.297275331,10,1.679696014
-69.94298805,0.02797003,0.444958646,0.405386285,7,1.831886842
-74.47441494,0.016211025,0.620115689,0.202802104,8.5,1.09039777
-63.92954524,0.057287491,0.376923065,0.485683326,7,1.609868179
-66.99775002,0.039582127,0.427567523,0.419610596,10,2.110419122
-24.76685681,0.921418028,0.751357773,0.079050336,8.5,-44.84278616
-51.53201144,0.177767911,0.41083754,0.417061681,8.5,10.06529408
-35.47012319,0.32134709,0.438260593,0.36748345,8.5,72.73598543
-37.49900654,0.81988835,0.752469686,0.070079535,8.5,-46.9214817
-62.95977688,0.063806782,0.384229253,0.472007753,8.5,1.713661393
-68.80382563,0.031932706,0.452886907,0.390667372,10,2.089615616
-71.9297003,0.176630844,0.717286758,0.091841928,8.5,-27.15380831
-50.28710931,0.193047567,0.415917121,0.408469078,7,12.35419454
-72.54865146,0.020413612,0.511304551,0.32748716,7,1.533076596
-61.60467907,0.074895237,0.370942183,0.490438652,7,1.427382185
-72.04545793,0.021673354,0.510948733,0.328222971,8.5,1.685886247
-59.69360325,0.09271118,0.374824307,0.482019237,7,1.346675599
-52.23421069,0.171191956,0.41001597,0.41860867,8.5,8.418079299
-73.21047739,0.018823068,0.552650219,0.279184269,8.5,1.444775679
-61.3641819,0.076537035,0.380577293,0.474487318,8.5,1.623688941
-72.60215388,0.020244324,0.544049038,0.286754462,10,1.6250657
-70.07455704,0.027527441,0.447551254,0.415980852,7,1.824603414
-68.71964987,0.032330686,0.438399365,0.411059856,8.5,1.982694443
-73.50859545,0.018143832,0.581276474,0.244066724,10,1.404787369
-67.09866639,0.039263125,0.416229509,0.43642739,8.5,1.982175464
-64.95962586,0.050342116,0.407311067,0.442239589,10,2.016055316
-69.96117096,0.02782464,0.473696753,0.367130249,10,2.023555822
-68.76877955,0.03206214,0.45228955,0.405919853,10,2.100990653
-74.72852026,0.016047929,0.655503183,0.181934327,10,1.012117485
-43.85882555,0.250360478,0.427054636,0.388277973,8.5,34.28190265
-73.19894723,0.018848797,0.552173742,0.279431946,8.5,1.446695314
-59.66760038,0.092212229,0.382028885,0.470054372,8.5,1.639988841
-62.3714775,0.067968187,0.39237286,0.457756091,10,1.847177923
-58.6877342,0.10222131,0.385117104,0.463400628,8.5,1.740414731
-75.03805743,0.046465198,0.694919874,0.115900438,7,-3.105418373
-59.44804162,0.095248263,0.375907936,0.480013358,7,1.345179067
-57.22988678,0.119358191,0.388068386,0.457869048,7,1.725759048
-62.9516158,0.063737754,0.383914449,0.472120215,8.5,1.735776146
-63.3905171,0.061002302,0.374525172,0.4879664,7,1.564606293
-60.77588322,0.08125841,0.389157122,0.45921865,10,1.792423044
-62.6424392,0.06589668,0.393354109,0.456766252,10,1.865229651
-51.73487925,0.178322951,0.411378474,0.416467114,7,8.982111454
-71.01999662,0.024560222,0.467865116,0.378964582,7,1.752119756
-61.19545321,0.078507509,0.371245526,0.489259597,7,1.389969902
-61.74620169,0.073759197,0.371072949,0.490497272,7,1.431618658
-26.23112859,0.913284431,0.751656431,0.077507761,7,-44.76211814
-71.26870405,0.023770635,0.50348478,0.333202746,10,1.867044988
1.126155235,0.985070896,0.715197773,0.123632372,7,-52.43759193
-57.72805964,0.113755466,0.384955234,0.463267733,7,1.57823538
-56.43379283,0.128236252,0.392379956,0.450228469,7,2.186101894
-63.31559298,0.06097748,0.396451682,0.453789584,10,1.903758971
-73.36643504,0.018485317,0.542735622,0.291381095,7,1.367363799
-71.16981215,0.024083363,0.486815368,0.354890221,8.5,1.814969323
-58.7773087,0.102203444,0.378862189,0.474239087,7,1.40610631
-69.16210829,0.03072114,0.430951201,0.422357809,7,1.871473038
-64.29046144,0.054659722,0.390970895,0.464990945,8.5,1.8177925
-38.79798651,0.294638689,0.437147014,0.369462585,10,55.79560521
-58.55874134,0.104635083,0.380157203,0.472112593,7,1.427480819
-56.51837101,0.125609257,0.394252082,0.446555966,8.5,2.633636189
-55.43756659,0.1374976,0.399095144,0.4378842,8.5,3.520482855
-68.61452732,0.032811346,0.422329587,0.43246905,7,1.878157026
18.4080041,0.985943219,0.660617655,0.169923023,7,-51.60900615
-44.749583,0.730078153,0.748704519,0.069231107,8.5,-52.90124436
-57.2786683,0.116332758,0.395563632,0.444064734,10,2.481516208
-66.01015337,0.044634226,0.404600379,0.44970476,8.5,1.937449925
29.73775084,0.864323597,0.543453915,0.251561555,7,41.53396097
-68.26450648,0.034127626,0.431410137,0.418904247,8.5,2.002558658
-44.11894935,0.739017395,0.74920161,0.069394972,7,-52.69054486
-59.01063225,0.098191047,0.390768344,0.453800579,10,1.902459674
-57.77271411,0.111055848,0.393935217,0.447118954,10,2.26264748
-65.88567536,0.045485889,0.390292014,0.469951414,7,1.776534735
-63.34302106,0.061041223,0.385723209,0.470570055,8.5,1.755309382
5.096778002,0.987314741,0.705035054,0.132626109,7,-53.31077211
-66.3482953,0.04275983,0.42026991,0.427767645,10,2.08857027
-48.08219393,0.215190948,0.422608396,0.396344829,7,18.38377485
-71.8723303,0.022153252,0.490122822,0.352380706,7,1.645455873
-63.38347971,0.403258144,0.732708709,0.07810931,8.5,-60.39724984
-5.689046195,0.978179146,0.729555363,0.109185811,8.5,-50.45265099
-33.18696097,0.861875215,0.753355487,0.072183147,8.5,-44.58962023
-74.07704838,0.016972431,0.611136821,0.209880612,10,1.240019545
-59.430032,0.093891706,0.39005771,0.46379057,10,1.908450522
-66.95661168,0.039784833,0.427131665,0.420061198,10,2.103688273
-65.58167795,0.046958685,0.400575947,0.464942496,8.5,1.938394342
-64.23426051,0.055020517,0.390618743,0.465374299,8.5,1.813405793
-63.19029344,0.062444403,0.373785683,0.489380812,7,1.551008298
-57.80211469,0.112945543,0.384578276,0.464085328,7,1.552566708
-12.86290067,0.965239279,0.740009428,0.09534584,10,-48.04872967
-66.23289988,0.043333107,0.419079404,0.429157236,10,2.080917251
-72.34336613,0.020931424,0.504400679,0.336209283,7,1.577088522
-61.04583967,0.079333263,0.380516002,0.474057113,8.5,1.606730822
-59.31442431,0.095099859,0.390156697,0.45521627,10,1.857302856
-16.33218819,0.956068621,0.744048748,0.08967642,10,-46.98244796
-59.5592823,0.093337766,0.382407608,0.468836941,8.5,1.633125983
-74.56951014,0.01606741,0.626809073,0.193638571,8.5,1.056527978
-60.21920484,0.469740696,0.736355829,0.075580227,8.5,-63.74896444
-71.60788221,0.022845897,0.498300433,0.341890297,8.5,1.753708621
-66.11376582,0.04427174,0.392342409,0.467700016,7,1.793335533
-70.31061827,0.026708156,0.467108981,0.377777075,8.5,1.912429866
-59.81349119,0.090254178,0.389390623,0.457172062,10,1.82883884
-53.63549492,0.155691621,0.408474987,0.420721794,10,6.100265997
-72.590286,0.161367905,0.731181492,0.100023431,10,-23.73472951
-63.83800124,0.395028854,0.732029626,0.078507712,7,-60.1212464
-73.96711062,0.017183247,0.571822009,0.257922216,7,1.216060869
-65.6840241,0.046578071,0.38854816,0.472093641,7,1.762635622
-60.09206938,0.088091653,0.381191741,0.471995075,8.5,1.618377724
-67.11148303,0.039291098,0.402629733,0.455590909,7,1.846523005
-57.95410571,0.109020914,0.393672871,0.455352775,10,2.241641773
-69.60517659,0.029130743,0.438794023,0.414076073,7,1.839468579
-56.59600443,0.126633685,0.392038475,0.450751995,7,2.016152537
2.131763519,0.985775673,0.713443291,0.126101199,8.5,-52.6421941
-58.34881066,0.105536297,0.38615823,0.467853688,8.5,1.904531942
-56.98187339,0.12060106,0.392361766,0.449959866,8.5,2.327706673
27.09974079,0.963783393,0.611654216,0.20340188,10,-38.58955868
-47.9747466,0.683697759,0.746583003,0.069912348,7,-56.87034902
-64.41206954,0.053682415,0.403119204,0.4467529,10,1.985361066
-61.49341489,0.074987033,0.389810293,0.459426662,10,1.830470876
-60.05547004,0.087906672,0.389120724,0.458100008,10,1.82119671
-57.96158949,0.110870905,0.38321701,0.471927655,7,1.619753401
-52.71604891,0.165519529,0.411679771,0.415156909,10,7.588940769
29.10448556,0.952739422,0.596629844,0.216276804,8.5,-31.5700291
-69.58528501,0.029087232,0.466559782,0.375341072,10,2.04001395
-4.538698657,0.979651028,0.727435964,0.111501431,8.5,-50.81438795
-6.560218085,0.976995921,0.73089202,0.107555454,7,-50.2358831
-56.78324382,0.121849341,0.397723849,0.440137802,10,2.707036902
-73.4358393,0.018305852,0.577883615,0.247963214,10,1.423886763
-72.1268959,0.021437075,0.528078086,0.304927357,10,1.719378406
-62.75045316,0.065364892,0.3834733,0.472711896,8.5,1.698460439
-70.88158354,0.024973112,0.46465947,0.382240814,7,1.762953724
-58.94650331,0.098747411,0.390507908,0.454070682,10,1.965859286
-65.45505636,0.047510809,0.411404364,0.437744721,10,2.060824552
-64.55850765,0.05319122,0.380323581,0.48161554,7,1.672897056
-71.63214529,0.022806692,0.483379674,0.361036902,7,1.682051027
-75.11340761,0.016066734,0.654320425,0.162583442,7,0.774916203
-66.58280181,0.04157203,0.422846436,0.424944816,10,2.092930369
-57.56339464,0.115574236,0.385889312,0.461751222,7,1.63426693
-49.54185571,0.658847693,0.745668394,0.070292227,8.5,-58.42811691
-75.19816681,0.033056985,0.687947833,0.123891852,7,-1.222425771
-16.55152998,0.955336185,0.745092303,0.090006632,8.5,-46.82137472
-58.64856471,0.103587042,0.379561547,0.473201534,7,1.420080826
-72.7724026,0.019846953,0.535385207,0.298798368,8.5,1.541771777
-51.46515236,0.178952991,0.412094133,0.414955117,8.5,10.06333359
-75.22799049,0.018680162,0.66896764,0.145313842,7,0.486805273
-60.04814153,0.088561399,0.381365959,0.471177198,8.5,1.607562286
-62.4919315,0.067297849,0.382299207,0.473729198,8.5,1.720248047
-22.07768648,0.934754155,0.749307528,0.082177426,7,-45.45602175
-67.69593495,0.036527628,0.423596095,0.427939972,8.5,1.999273252
-59.67148794,0.091651259,0.389619323,0.456690523,10,1.83299108
-54.05926437,0.154146318,0.403340019,0.430747553,7,4.741369482
-57.15507898,0.118658149,0.391455357,0.451670897,8.5,2.253878844
-69.05108719,0.031005767,0.457082204,0.386118233,10,2.069028728
-73.28470397,0.018637657,0.571083207,0.255502504,10,1.463532864
-70.94923863,0.02471234,0.495441778,0.342291991,10,1.915239734
-59.08243994,0.099005904,0.377497973,0.476951814,7,1.364581272
-68.38574199,0.033643877,0.433283015,0.429369474,8.5,1.998342643
-73.59370881,0.017978174,0.553013932,0.279459583,7,1.313117483
-73.28513304,0.018653279,0.555840516,0.275204295,8.5,1.426207966
-62.88271171,0.06472736,0.372872038,0.489643827,7,1.519382068
-62.79362041,0.065040766,0.383622404,0.47257474,8.5,1.701527427
-74.20551288,0.016692084,0.585323884,0.242030009,7,1.150070906
-70.43919068,0.026298429,0.469939898,0.374644916,8.5,1.890857315
-62.45837963,0.067966283,0.37188491,0.491008172,7,1.485231029
-55.82747549,0.13236195,0.401495308,0.433265004,10,3.381410468
-68.53009994,0.033043027,0.435739937,0.413644112,8.5,1.958951384
-63.39914621,0.060403402,0.39688075,0.453393717,10,1.911355019
-66.19772779,0.043816,0.393182997,0.46636113,7,1.792464885
-61.39512359,0.076758045,0.371119739,0.489880144,7,1.403408698
-19.31784,0.448217479,0.457092927,0.334211814,7,156.1574432
-67.2423221,0.038449621,0.430598721,0.416171808,10,2.109052887
-62.28473896,0.068952054,0.382106595,0.473917633,8.5,1.665812824
-74.2591608,0.08309224,0.704755969,0.104725796,8.5,-8.98753331
-75.24359201,0.02019618,0.672880856,0.141039,7,0.308283205
-69.7031085,0.028731781,0.455176508,0.391224823,8.5,1.948101971
-46.2832682,0.228019385,0.42511809,0.391363822,10,25.05544164
-75.02003872,0.018101946,0.666037672,0.149387005,8.5,0.672642042
-64.67435187,0.052060251,0.405088171,0.4455054,10,1.998891038
-73.66909684,0.017805598,0.573510492,0.254843757,8.5,1.329390358
-70.1250756,0.02736093,0.448467379,0.401674246,7,1.824743763
-61.8836574,0.071699463,0.390646339,0.459155601,10,1.84420315
-62.72485571,0.065582163,0.383304705,0.473007582,8.5,1.708974352
-66.08120888,0.044125597,0.417508548,0.430944602,10,2.076418678
-61.5845399,0.075133568,0.371064598,0.490271312,7,1.418710371
-57.55880232,0.11405846,0.38908026,0.455628632,8.5,2.134566009
-57.80818477,0.111589043,0.388668997,0.456714232,8.5,1.965833312
-67.60892128,0.037013035,0.408574005,0.448709949,7,1.862699844
2.767891408,0.986121711,0.710414951,0.126723619,7,-52.83116494
-61.07148805,0.079649765,0.371368549,0.488889329,7,1.387292908
-61.42751569,0.076004299,0.380690837,0.474500011,8.5,1.619184121
-67.78170027,0.036259341,0.410736596,0.446046703,7,1.869939954
-54.18287052,0.150893256,0.403719988,0.429717561,8.5,5.070749727
-72.02568344,0.021703746,0.524876452,0.308734588,10,1.742521583
-72.05706668,0.021614006,0.525890577,0.30751083,10,1.732264074
-58.02949183,0.110429743,0.383313788,0.466460844,7,1.488628688
-60.13697734,0.087184295,0.389168538,0.458096191,10,1.808528386
-74.84559778,0.015581928,0.629815631,0.190586524,7,0.941020145
-71.06406479,0.024401248,0.484140295,0.358031209,8.5,1.83456095
-71.0587683,0.024407858,0.484066725,0.358067218,8.5,1.829703166
-32.04714935,0.349731013,0.444812167,0.355069364,10,89.4822988
5.57150115,0.987549352,0.703958743,0.133931404,7,-53.28489247
-57.13743576,0.120311321,0.388274838,0.457353211,7,1.809532869
-70.70324288,0.025440368,0.489674637,0.348941749,10,1.94102738
-72.57087004,0.020355957,0.512039626,0.326726025,7,1.53117341
-59.29861936,0.09653161,0.375747996,0.479800104,7,1.427509024
-20.44465739,0.941193611,0.748751998,0.08446212,8.5,-46.32072067
-66.63504191,0.041623427,0.397514878,0.461737932,7,1.819387457
-70.91611854,0.024839222,0.480581461,0.363202167,8.5,1.852684302
-59.44221488,0.095282934,0.375835911,0.480066126,7,1.35517306
24.76636028,0.791214614,0.519250544,0.269287062,8.5,122.310149
-74.29258856,0.016527932,0.608147053,0.215007282,8.5,1.15038192
-73.67228777,0.017794307,0.589239343,0.235119771,10,1.359749857
-64.92248405,0.050567669,0.407025871,0.442553932,10,2.012407169
-58.62777271,0.102797253,0.385432984,0.462731285,8.5,1.723785216
-33.45813617,0.338664658,0.44353149,0.35749351,10,82.12491422
-66.48146726,0.042354235,0.395950035,0.463428652,7,1.809402569
-63.6944624,0.058870424,0.375748812,0.486387346,7,1.593977368
-71.296919,0.023717118,0.49004292,0.351193222,8.5,1.797359154
-51.19289864,0.185152903,0.415630544,0.408590947,7,9.805693475
-64.78126687,0.051542369,0.405849685,0.443789022,10,2.017277129
-69.47055329,0.029608144,0.436372494,0.415876303,7,1.847242864
-63.12561718,0.062362575,0.39546818,0.454783819,10,1.898083859
-74.47663965,0.016422729,0.636819316,0.180737565,10,1.09508428
-50.26552026,0.192947449,0.415441669,0.40969244,7,12.49906261
-68.57695338,0.032961932,0.42182651,0.433026332,7,1.87295644
-74.01005116,0.017094568,0.574158803,0.254876776,7,1.204427063
-73.71655615,0.017699159,0.591472971,0.23248804,10,1.347329187
-58.23471349,0.108082933,0.381931052,0.468967952,7,1.466391821
-74.73083581,0.017175424,0.656728013,0.158154091,10,0.915898661
-68.07504118,0.034910241,0.428719247,0.42200815,8.5,2.002642684
-72.04681812,0.021647566,0.525539044,0.307901349,10,1.73766693
-69.62050167,0.029015044,0.4535637,0.393320874,8.5,1.961055548
-71.81290746,0.022285776,0.504111984,0.33490347,8.5,1.718410345
22.64669355,0.979302441,0.639750647,0.18385053,10,-47.25297541
-56.64394822,0.124309613,0.393889108,0.44719926,8.5,2.526870849
-59.50649945,0.093139876,0.389941909,0.46413161,10,1.899346661
-61.04920485,0.079825532,0.371475903,0.489013848,7,1.374740572
-61.58366468,0.075118469,0.371087109,0.490879329,7,1.417047825
-75.05613395,0.01569532,0.648474427,0.170615379,7,0.83188093
-20.2526582,0.942135085,0.747800312,0.084098924,10,-46.19217865
-3.51818087,0.980878228,0.725267765,0.113687327,7,-51.17240014
-70.82233581,0.025079464,0.492439174,0.346906672,10,1.928166664
-56.91821191,0.122458999,0.388684704,0.45658758,7,2.012996238
-56.50530507,0.127456032,0.39202881,0.450762023,7,2.133228647
-67.9548708,0.03542748,0.427123399,0.423609375,8.5,1.995535134
-66.45684379,0.042481763,0.395683887,0.463734125,7,1.809966741
-52.54146931,0.168059902,0.409140113,0.420148539,8.5,7.80956821
-66.02102619,0.044432735,0.416880218,0.43185726,10,2.076350465
28.65393386,0.845005276,0.536771451,0.255605386,8.5,62.87775672
-69.53241488,0.029328193,0.451948126,0.395240574,8.5,1.966765164
-72.1509792,0.02139449,0.514266899,0.323176232,8.5,1.661819439
-67.15084924,0.038872866,0.429458509,0.417510799,10,2.108950241
-72.52216521,0.020481699,0.510329493,0.329281288,7,1.544393274
-74.73171373,0.057088417,0.698685498,0.111905542,8.5,-4.548148583
13.31306323,0.988424233,0.680733359,0.154478274,8.5,-53.24881013
-73.02656742,0.131771326,0.711936558,0.096454953,10,-17.90189187
-74.22303211,0.016709794,0.6199634,0.199924253,10,1.19227437
-73.53616866,0.018094893,0.567147121,0.280255441,8.5,1.363907307
-58.17571027,0.106686101,0.392993222,0.456797419,10,2.168673537
-68.02949765,0.03510108,0.428085792,0.422738643,8.5,2.00246917
-69.06928676,0.031075563,0.429497821,0.42394117,7,1.867211518
-43.71409497,0.251456591,0.426989384,0.388448857,8.5,34.9182037
-73.03567068,0.019243855,0.529060158,0.307427914,7,1.441744062
-69.34124729,0.030073302,0.434031165,0.418320908,7,1.86068761
-62.6607076,0.066027797,0.383153568,0.473014705,8.5,1.693465658
-70.36630642,0.026509745,0.482087913,0.357549951,10,1.986903127
-62.83080821,0.065111165,0.37268826,0.489843044,7,1.519205704
-60.89689959,0.080562955,0.380119517,0.474226657,8.5,1.645918995
-58.39290395,0.104607522,0.392334805,0.450518334,10,2.034568723
4.741855617,0.987102762,0.705466544,0.130827088,10,-53.23614435
-71.86415437,0.022174923,0.48986664,0.353447246,7,1.648638609
-68.79862988,0.031953394,0.452809382,0.391007028,10,2.089193405
-67.68134961,0.036605062,0.423506256,0.428222595,8.5,1.989188638
-74.95625323,0.040895674,0.692153253,0.118782789,8.5,-2.097763341
-74.96236738,0.051983107,0.696856048,0.113578097,7,-3.890236069
-57.93849438,0.091776196,0.328163421,0.586500758,10,8.975656359
-68.26957911,0.03421624,0.417356775,0.438399375,7,1.874086837
-72.00108372,0.021785262,0.509660885,0.328495151,8.5,1.687675417
-59.29017406,0.095927098,0.383129518,0.467308629,8.5,1.639730387
-55.25993527,0.138314117,0.403050697,0.430390812,10,3.98898237
-60.24479877,0.087158631,0.372435026,0.486199177,7,1.406972821
-43.4116935,0.748625587,0.749397002,0.069263719,7,-51.91096291
-57.77665406,0.111127552,0.394240859,0.446717322,10,2.223975441
-74.01353599,0.017080046,0.591571958,0.234381304,8.5,1.23434138
-73.53254726,0.018102569,0.566959513,0.262389687,8.5,1.364872284
-75.06423096,0.032159934,0.701900985,0.131036657,10,-0.649830469
-71.03867271,0.024436583,0.497723186,0.339724813,10,1.893266321
-12.89398761,0.965077218,0.74081728,0.095934525,8.5,-48.24330553
-58.93859258,0.098946059,0.390874234,0.453604211,10,1.928286907
-74.05376074,0.016995733,0.593852962,0.250473037,8.5,1.223175162
-67.30419088,0.038393377,0.404868746,0.453022389,7,1.853434398
-65.44919988,0.047532773,0.411472622,0.437648316,10,2.045846346
-60.68505357,0.083149914,0.371948465,0.487751857,7,1.368531272
-67.23469083,0.038589885,0.417804079,0.434579417,8.5,1.989533698
-74.58156145,0.015969664,0.609711582,0.213024282,7,1.03550763
-26.83458986,0.909358337,0.751572621,0.076451355,10,-44.42866315
-63.4537413,0.060555381,0.374766492,0.487717935,7,1.570787811
-14.14414569,0.962137938,0.741763843,0.093699742,7,-47.73370163
0.735451066,0.984794776,0.716195125,0.122826177,7,-52.33161962
-74.70479648,0.0159547,0.63697237,0.183527887,8.5,1.000489411
-71.94599002,0.021922381,0.507989686,0.330132029,8.5,1.698725322
-63.16433741,0.062316865,0.385047845,0.471214203,8.5,1.729186796
-61.88918522,0.072129423,0.381236755,0.474443933,8.5,1.645964123
-70.26950675,0.026840314,0.466253279,0.378657616,8.5,1.915690139
-55.25311613,0.141820091,0.399570963,0.437268792,7,3.05338863
11.15829641,0.98869651,0.687492103,0.148329089,7,-53.46955309
-72.37410272,0.02082567,0.521452195,0.314880152,8.5,1.621205499
-65.73044096,0.046365642,0.388962007,0.471266967,7,1.765285737
-59.6283239,0.092069275,0.389660631,0.456504378,10,1.83796488
-73.72616973,0.017692864,0.55939132,0.271433832,7,1.27975294
-57.41550657,0.117493291,0.387806387,0.458102346,7,1.535261835
17.98125529,0.986153957,0.662434604,0.168277452,8.5,-51.57165453
-72.69204433,0.020040637,0.532450284,0.302185073,8.5,1.558489462
-54.69253121,0.147570797,0.401249815,0.434452234,7,3.811475688
-64.28044348,0.054973522,0.378762713,0.483442153,7,1.641391651
-60.58289403,0.082960601,0.388821325,0.459300706,10,1.826630351
-48.59682353,0.206694564,0.418306653,0.404345392,8.5,17.69736749
-63.9051878,0.057432432,0.376767236,0.494379563,7,1.632335777
-58.75234158,0.102457987,0.378949581,0.474329811,7,1.416851821
30.19519321,0.882719778,0.552085777,0.244898754,7,23.42889136
-67.17549568,0.038992552,0.403376924,0.454950926,7,1.847987936
-71.68677685,0.02265637,0.484923205,0.359103096,7,1.670262372
-35.73032768,0.838156441,0.752198951,0.070212474,10,-45.91593746
-64.27120037,0.054780769,0.390859241,0.465133273,8.5,1.81511667
-72.18067036,0.163510805,0.715357827,0.092887599,10,-24.14633851
-69.1990577,0.030517398,0.446094616,0.401950093,8.5,1.981773992
-64.08951722,0.055956104,0.389749948,0.466334859,8.5,1.800634642
-60.45477161,0.084710273,0.380802404,0.472670598,8.5,1.599851765
-65.80846916,0.345210832,0.728806991,0.080348814,10,-54.31036258
-73.95666294,0.017203359,0.5712561,0.257548577,7,1.219053825
-71.67865601,0.022627213,0.514648103,0.320455031,10,1.798853819
-67.36543066,0.038115717,0.405629482,0.45205137,7,1.85245519
-68.91676869,0.031509062,0.454774289,0.388822786,10,2.08141937
-59.30118233,0.095209084,0.390068655,0.455232562,10,1.872882611
-58.21864952,0.108331746,0.38219766,0.468403083,7,1.451813649
-62.05029999,0.071241335,0.371294517,0.490646342,7,1.452044317
-9.522440197,0.97214022,0.736197625,0.10200629,8.5,-49.15357945
-64.93795225,0.05066618,0.395410895,0.460119088,8.5,1.871842283
-59.69286674,0.09267586,0.374913403,0.4817303,7,1.325396243
-55.23549923,0.138585194,0.403153686,0.430173776,10,4.011383817
-21.86587333,0.935676907,0.748953764,0.081938788,10,-45.41855133
-71.67435587,0.022690426,0.484530081,0.359528675,7,1.676488474
-63.73774274,0.058647855,0.375938317,0.486579797,7,1.604547284
-72.72314052,0.019965431,0.533578318,0.300883249,8.5,1.552046336
-58.42420096,0.104936033,0.386219667,0.46117834,8.5,1.761252057
-74.86056877,0.020080973,0.670320375,0.142575961,10,0.605464758
-67.57586151,0.037053846,0.422042538,0.42972894,8.5,1.997329549
-62.92885568,0.06375836,0.394595432,0.455645101,10,1.877859958
3.192889551,0.988146038,0.733836009,0.146784029,8.5,-50.49690517
-65.02671669,0.050087577,0.407852848,0.441754864,10,2.027271426
-75.02598457,0.018467821,0.667062534,0.147620218,8.5,0.630930813
-60.7991465,0.08200713,0.371738096,0.487924545,7,1.360094443
-65.07117821,0.050094103,0.38381858,0.477702714,7,1.71082004
-68.67407087,0.032506926,0.437629993,0.411479774,8.5,1.989309867
-72.89410811,0.019542903,0.554979011,0.292921979,10,1.558272281
-57.48043997,0.114890482,0.389387874,0.455159393,8.5,2.172102928
-59.93942573,0.089046695,0.389296406,0.457601264,10,1.8179855
-62.58981362,0.066956563,0.372114373,0.490316972,7,1.498821198
-63.11157172,0.062698127,0.384829146,0.471428855,8.5,1.725129417
-66.28253509,0.043084321,0.419555036,0.428635879,10,2.088085862
-73.96080674,0.017197537,0.57148129,0.257935655,7,1.217810353
-70.58186056,0.025814591,0.486896032,0.352168667,10,1.956782201
-59.84234668,0.090555515,0.381758895,0.470260632,8.5,1.616141234
-73.14705311,0.018968184,0.549991039,0.282031217,8.5,1.460912451
-72.35682693,0.020852244,0.535565895,0.296371352,10,1.674403127
28.80068676,0.956774377,0.600214909,0.214657813,7,-34.0157654
-57.30001995,0.118498966,0.387382653,0.459175233,7,1.73703943
-66.41397352,0.042704661,0.395276698,0.463902109,7,1.805527395
-68.93560219,0.031572071,0.42727223,0.426846996,7,1.876464993
-53.17931526,0.598739391,0.742194042,0.071181626,10,-61.40645579
-65.07722005,0.050042998,0.383828329,0.477277393,7,1.71317856
-60.51464086,0.084748944,0.372397042,0.486803874,7,1.350396432
-61.30624887,0.076639962,0.389710273,0.459405262,10,1.802554164
-50.18411902,0.191561515,0.415081494,0.409575739,8.5,13.19140392
-74.88132405,0.022672421,0.675524435,0.136685471,10,0.285315077
-64.70267934,0.051878028,0.405298728,0.444431916,10,1.999142356
-60.34156996,0.086359112,0.372724837,0.486132841,7,1.354018835
-33.81951112,0.85636971,0.752563872,0.071250295,10,-44.69957737
-59.08267748,0.097488488,0.390570136,0.454266007,10,1.904550319
-74.26923328,0.016565606,0.58916986,0.237662228,7,1.131495944
-75.11994498,0.016150412,0.655044724,0.161282649,7,0.765070463
-55.97845684,0.130670448,0.400835588,0.434499754,10,3.266484447
-66.22882014,0.043369096,0.419033457,0.42925945,10,2.081721301
-73.19898215,0.018838314,0.567374349,0.259998455,10,1.485229524
-54.71229805,0.147451085,0.401378067,0.434157359,7,3.758020462
-62.36266557,0.067921578,0.392101903,0.457957381,10,1.868193887
-11.81730243,0.502298233,0.464588553,0.322691009,8.5,189.7662195
-71.70123282,0.022587435,0.50092855,0.339049967,8.5,1.736394824
-72.44774598,0.020662074,0.507882109,0.331589384,7,1.553433083
-61.02354985,0.08005362,0.371408406,0.488970403,7,1.384840293
-69.68397253,0.028855687,0.440079039,0.411525868,7,1.848481025
-66.5190412,0.042022512,0.409714759,0.443863952,8.5,1.963892711
-57.62732167,0.112723718,0.39473465,0.445789104,10,2.282685068
-74.67963161,0.015967963,0.635017413,0.184189092,8.5,1.011913051
-71.97642042,0.021875092,0.49313873,0.349281532,7,1.631160026
-28.77627751,0.375972243,0.448892189,0.347586913,10,106.4476697
-62.57382941,0.066704646,0.382849979,0.473355671,8.5,1.692523715
-60.85421483,0.081047103,0.380537543,0.473711141,8.5,1.602468933
-64.81857606,0.051600289,0.382061908,0.479597143,7,1.689390648
30.41766093,0.895649136,0.558992419,0.239041672,10,10.5641668
-66.42294811,0.042370453,0.42105136,0.426928747,10,2.092969829
-65.23006439,0.048765751,0.409541632,0.439805799,10,2.034489221
-54.89737719,0.146215223,0.402359007,0.432158588,7,3.299258686
-68.58191866,0.032950878,0.421906071,0.432874411,7,1.87257453
-73.87904872,0.017369417,0.567135608,0.264492811,7,1.240812259
-67.18678351,0.038717317,0.429965893,0.416992087,10,2.102402779
-59.32921735,0.095636468,0.38302331,0.467549757,8.5,1.652581191
-68.69913377,0.032332508,0.451176263,0.392793847,10,2.096276163
-74.74844896,0.017365008,0.658314164,0.156189675,10,0.893187321
-61.58972376,0.075049832,0.37108804,0.490501725,7,1.413279549
-36.72778833,0.828019929,0.752763908,0.070377161,8.5,-46.51804214
-53.07339144,0.164045393,0.405923022,0.426161694,7,6.485776791
-58.79124227,0.087112317,0.327431515,0.587656877,8.5,7.354209022
-73.36204055,0.018469934,0.574517811,0.251957937,10,1.443743813
-72.78821884,0.141317443,0.713019613,0.095157779,10,-19.71640683
-59.08481183,0.09811609,0.383759556,0.466075042,8.5,1.679928403
-57.3903551,0.117525778,0.387168675,0.459529384,7,1.647559922
-68.04843181,0.034930963,0.441646051,0.403800444,10,2.078091385
-68.81675661,0.031881791,0.453102147,0.390645133,10,2.088644748
-68.57789194,0.032966116,0.42180745,0.432538212,7,1.87587969
17.08226085,0.987768625,0.668584302,0.16750509,8.5,-52.02194842
-70.38967199,0.026501786,0.453818672,0.395362175,7,1.809409749
17.37317378,0.98635951,0.664421598,0.165451501,10,-52.00491407
-68.74906236,0.032204315,0.438735293,0.411401932,8.5,1.994861949
-66.14303085,0.043797922,0.41812673,0.430269939,10,2.08017091
6.401988175,0.987825544,0.701348124,0.135104034,10,-53.37433257
-73.8051348,0.017512137,0.596052664,0.22723672,10,1.322113077
-61.58594031,0.074655845,0.380844939,0.474480766,8.5,1.625611568
-58.31478954,0.1072022,0.381362547,0.469708165,7,1.467713579
-72.6017347,0.020278946,0.513123472,0.326164766,7,1.523846781
-74.9447704,0.015532618,0.638217268,0.181111075,7,0.898167634
-65.26310536,0.048600838,0.40982287,0.439459402,10,2.037698792
-74.10745923,0.016893352,0.596936502,0.227986442,8.5,1.206686938
-63.84320248,0.057595825,0.388328809,0.467836956,8.5,1.783195081
-68.93791571,0.031394182,0.455276518,0.388299213,10,2.063303884
-63.50446598,0.059652635,0.397455622,0.452778048,10,1.916392489
-55.62475743,0.134569156,0.402245605,0.431948773,10,3.56373537
-58.13842604,0.107995445,0.387162372,0.459682226,8.5,1.878474498
-54.11056628,0.154075875,0.404222031,0.429177489,7,4.52520973
-71.59790971,0.022901607,0.482492822,0.376477845,7,1.685669556
-69.58369668,0.029144897,0.452970094,0.393751982,8.5,1.954945172
-67.08694865,0.039273198,0.416047016,0.436774134,8.5,1.985315288
-54.38319905,0.150942333,0.402615528,0.431843144,7,4.203263176
-42.57032129,0.263531484,0.429631877,0.384185081,7,39.32825342
-56.85269288,0.122018775,0.392948118,0.448898114,8.5,2.399901354
-74.46513534,0.016425637,0.636000605,0.18174136,10,1.100621802
-55.65925747,0.135087533,0.398178798,0.439515221,8.5,3.303423489
-65.08371996,0.049629469,0.408092473,0.441420328,10,2.052206861
-73.44794167,0.018279679,0.578440062,0.247473888,10,1.420960954
11.75664345,0.988457985,0.685158962,0.149045996,10,-53.41244636
-58.76334209,0.102394897,0.379056745,0.473920197,7,1.395638915
-68.00672065,0.035115687,0.440760656,0.404653256,10,2.111250328
-60.32656326,0.08648592,0.372652698,0.486204194,7,1.366390241
-51.22761849,0.181325836,0.412703415,0.413883402,8.5,10.60585268
-59.65786125,0.092302107,0.382017564,0.469369408,8.5,1.637851778
-58.56529559,0.103358879,0.385121251,0.46314563,8.5,1.812842143
-74.55516646,0.01608633,0.625777436,0.194776859,8.5,1.061850495
-62.80278723,0.064938009,0.383627692,0.472821776,8.5,1.703544125
-33.51050209,0.859281966,0.75252738,0.071283194,10,-45.12270122
-58.32763863,0.105972468,0.386411251,0.460991015,8.5,1.823456107
-71.99591655,0.021822962,0.493744297,0.348725037,7,1.625631482
-6.490318214,0.977068848,0.730975805,0.107603046,8.5,-50.19530935
-64.14269188,0.055613294,0.390057398,0.465983092,8.5,1.806268535
-56.59747322,0.126482395,0.391673029,0.451407101,7,2.057646526
-62.15047981,0.070423893,0.371386319,0.490617131,7,1.461338199
-72.0156197,0.02177651,0.494253303,0.348067086,7,1.629225312
-63.25761579,0.061970859,0.37401102,0.488532539,7,1.556860072
-48.91140628,0.203933364,0.418015124,0.404512406,8.5,16.70043483
-70.49139783,0.026094685,0.48491521,0.354301959,10,1.96296728
-69.58102427,0.02921013,0.438122817,0.41395917,7,1.861565542
-74.25038923,0.016615246,0.605517161,0.217738192,8.5,1.163026811
-70.17471407,0.027104313,0.478122822,0.362060615,10,1.995900402
27.42809305,0.965157154,0.611269807,0.206236481,8.5,-38.68083145
-70.64124198,0.025708667,0.459200541,0.389045899,7,1.789559999
-70.30752717,0.026717922,0.467047766,0.37773934,8.5,1.912317188
-66.02238917,0.044577957,0.404601869,0.44949738,8.5,1.950468983
-63.25169686,0.062053535,0.374014015,0.488461594,7,1.55662423
-24.56601989,0.408935414,0.453861251,0.33883516,10,128.2904355
-73.02271186,0.019253023,0.544997395,0.304980306,8.5,1.487086613
-68.29854739,0.034011089,0.431943198,0.418332034,8.5,1.998826184
-74.20081189,0.016743283,0.618579553,0.201533288,10,1.200102734
-71.00886018,0.024595784,0.467523859,0.379356737,7,1.760119448
-63.46366888,0.059941803,0.397194854,0.453136495,10,1.91908875
-73.25376322,0.018738408,0.537924246,0.297258896,7,1.392761985
-74.50614571,0.016111335,0.604471662,0.219519607,7,1.059475009
-59.03148874,0.098634309,0.383844979,0.466045608,8.5,1.69836209
-73.99451422,0.017131962,0.606385236,0.215505189,10,1.265578565
-55.66002961,0.137143522,0.397167002,0.441687853,7,2.707889288
-13.48176258,0.96377061,0.740709835,0.094244467,10,-47.90196241
-61.60147814,0.074524748,0.380862736,0.47448102,8.5,1.626325672
-21.44230642,0.937563725,0.748684603,0.082476495,10,-45.56361315
-74.37715711,0.016486448,0.62993628,0.188621156,10,1.137464032
-57.61348366,0.113694679,0.389741178,0.454697318,8.5,1.990622344
-74.06670955,0.0169702,0.594580195,0.23080004,8.5,1.219073488
-63.803765,0.058119359,0.3762613,0.486131695,7,1.602841179
-56.94895468,0.122937694,0.390952507,0.452444584,7,1.690589578
-71.08558954,0.024368117,0.46935733,0.377650111,7,1.752032016
-62.64036341,0.066198223,0.383108869,0.473035384,8.5,1.690812937
-73.07658737,0.139008552,0.712525507,0.09565443,7,-20.00784245
-59.66267055,0.091635849,0.389484719,0.456718887,10,1.840478321
27.22629673,0.961948127,0.609426995,0.204655148,7,-37.2117124
-71.06370556,0.02439334,0.484187564,0.357927542,8.5,1.829061179
-54.44909247,0.150197,0.402280411,0.432630082,7,4.127074969
-56.12525805,0.130225994,0.396760951,0.441915837,8.5,2.823918564
-69.59329958,0.029059224,0.466622939,0.375202025,10,2.048824503
-65.97694567,0.044823229,0.404307248,0.449822527,8.5,1.933323569
-62.64800881,0.065886336,0.393389522,0.456782905,10,1.866565756
-56.9821921,0.12218343,0.389622553,0.455050264,7,1.823371008
-73.11059447,0.019068825,0.53207516,0.303215706,7,1.422047023
-60.44403425,0.084308887,0.389086308,0.45894528,10,1.798579674
-69.58761967,0.029074032,0.46654997,0.376389106,10,2.045952361
-71.49760267,0.023123003,0.509597627,0.32614654,10,1.829374485
-59.96998936,0.089984073,0.373786019,0.483706652,7,1.354198455
-58.44986122,0.104000058,0.392150672,0.451029951,10,2.024692814
-63.80769173,0.05783001,0.388155315,0.468020477,8.5,1.777813256
-74.31085609,0.016495288,0.60930359,0.213713278,8.5,1.144626757
5.773514819,0.987619029,0.704039915,0.134653173,8.5,-53.26104228
-54.74232751,0.145003788,0.401839262,0.433016329,8.5,4.30393275
-64.71313734,0.052243609,0.381269048,0.481277549,7,1.691686304
30.5114875,0.87511254,0.546596302,0.250608988,8.5,30.32462384
-64.60157748,0.052925268,0.380592369,0.490553417,7,1.695550797
-59.74909322,0.479128858,0.736678627,0.075181903,8.5,-63.89457746
-50.04335156,0.192999041,0.415544308,0.408879388,8.5,13.54530787
-64.18402243,0.055341628,0.390319044,0.465777378,8.5,1.80832888
-48.73156734,0.207883085,0.41914929,0.402671683,7,16.74803191
-74.10009826,0.016919466,0.612482836,0.208394578,10,1.233718677
-71.53690341,0.023014576,0.510676324,0.324858588,10,1.822887611
-72.9591572,0.139505478,0.71342234,0.095809069,8.5,-19.77846895
-66.27738587,0.043105626,0.419528638,0.428653489,10,2.084515785
-61.58232232,0.074278483,0.390177776,0.459248302,10,1.810902537
-75.04515714,0.018899536,0.669544531,0.14640338,8.5,0.565681044
-62.43862143,0.068070591,0.371712565,0.490516551,7,1.4914057
-71.49596125,0.023154654,0.495302026,0.344847919,8.5,1.766037812
-63.35039668,0.0609782,0.385800082,0.470498711,8.5,1.750096093
-67.6143768,0.037009302,0.408705972,0.448491376,7,1.85740011
-70.58226861,0.025847059,0.473040185,0.370547488,8.5,1.878789055
19.63554756,0.994340634,0.683058729,0.200952312,8.5,-51.16160405
-70.30921614,0.026709337,0.467207265,0.39175286,8.5,1.903809099
-59.86198004,0.091006658,0.374110048,0.48325992,7,1.355279976
-69.53290939,0.029387938,0.437413591,0.414726099,7,1.85022659
-37.70818255,0.817544235,0.752309061,0.069991531,8.5,-47.07088186
-61.52831965,0.074719116,0.390092002,0.459280459,10,1.805044861
-62.10005383,0.070398358,0.381636024,0.474430786,8.5,1.658153004
-61.55014033,0.074602814,0.390102889,0.459302141,10,1.817008559
-59.6963648,0.092697112,0.374747463,0.481859103,7,1.355693219
-60.50102958,0.084803043,0.372212248,0.486983142,7,1.368041439
-58.7437586,0.101562135,0.384963888,0.463626989,8.5,1.706854191
-74.16306306,0.016778812,0.600209263,0.224213401,8.5,1.19021134
-62.72220555,0.065243853,0.393856352,0.46644437,10,1.880522075
-60.14395053,0.087122871,0.389190338,0.458142178,10,1.805440717
-59.87330822,0.089672763,0.389334735,0.457452997,10,1.824417932
-74.4216038,0.016267314,0.598815278,0.22621844,7,1.085987236
-74.44185583,0.016435395,0.634381682,0.183548235,10,1.10949189
-62.28859488,0.068583771,0.392105615,0.458076168,10,1.838817053
-56.04057413,0.133378773,0.396357452,0.442861856,7,2.241564523
-44.96156752,0.240601792,0.428098329,0.386102751,10,29.71090365
-74.04663219,0.017018121,0.576180956,0.252739913,7,1.19447464
-74.10181796,0.016905755,0.579290116,0.249062329,7,1.179149384
-62.89411909,0.064012736,0.39440711,0.455901441,10,1.88025156
-61.49250901,0.075448742,0.380748913,0.474525165,8.5,1.621762485
-19.75250694,0.443717735,0.456127746,0.335538089,8.5,154.2572328
-61.60759778,0.074437758,0.380839786,0.474501554,8.5,1.62666501
-63.88838141,0.05705048,0.399464129,0.450711331,10,1.971235288
-68.8393554,0.031939023,0.425828448,0.428317457,7,1.871070599
-58.35848708,0.10562654,0.386225093,0.461690168,8.5,1.829393042
-70.17840022,0.027135812,0.464373601,0.380830101,8.5,1.923452013
-50.13860748,0.649330069,0.744509885,0.070058723,10,-57.90101811
-50.96908013,0.18604455,0.413694326,0.412779563,7,10.72889251
-58.90932854,0.099262328,0.390997994,0.453357437,10,1.926200351
-66.74453176,0.040787919,0.424614013,0.422943557,10,2.103930017
-65.91072891,0.04534278,0.390535565,0.469787698,7,1.77596789
-71.24147282,0.023844354,0.502815297,0.333885634,10,1.867321181
-58.76384679,0.101340669,0.38489991,0.463706805,8.5,1.699221998
-59.07290805,0.097598516,0.39062461,0.454135119,10,1.901642843
-70.28243122,0.026798649,0.466522668,0.37834626,8.5,1.914553726
2.805013148,0.611958127,0.484447487,0.296796825,10,219.8108083
-72.94910413,0.019429679,0.542083589,0.291251991,8.5,1.503557163
-57.98183777,0.10971519,0.387923517,0.45811055,8.5,1.909888515
-63.32873582,0.060841619,0.39629653,0.454052358,10,1.93004691
-66.42148052,0.04269124,0.395324021,0.464052967,7,1.809644835
-56.01758806,0.131392508,0.397276653,0.440942861,8.5,2.89402417
-13.8102543,0.489938779,0.465520145,0.320419549,10,179.5374074
-57.6186631,0.11515928,0.386426844,0.460584084,7,1.49148802
-59.20414182,0.096843572,0.383218616,0.466953761,8.5,1.682278787
-55.06912688,0.140383771,0.403741603,0.429122503,10,4.191182286
-75.19397084,0.033191523,0.687826457,0.123624701,7,-1.246568775
-57.0762339,0.121285947,0.389654652,0.455055019,7,1.700332135
-50.04714421,0.195868405,0.417414229,0.405739461,7,12.84178737
-53.94710004,0.152623669,0.408010428,0.421630998,10,5.562766137
-65.66472318,0.046495509,0.401415249,0.453324472,8.5,1.91664136
-57.35126227,0.117917076,0.387042073,0.459664309,7,1.720642171
-73.07316884,0.019122374,0.562101866,0.266102796,10,1.516902115
-72.75324884,0.01990983,0.518478825,0.319817734,7,1.495161971
-72.01712613,0.021743107,0.510145741,0.327935219,8.5,1.684966139
-73.46113427,0.018250763,0.579051974,0.246702977,10,1.417467792
-24.13945418,0.924205399,0.75091313,0.079759089,8.5,-45.46504015
-65.12034033,0.049807787,0.384141374,0.476862263,7,1.717492372
-56.92329843,0.120381947,0.397344052,0.440780154,10,2.607273061
-65.69009815,0.04655164,0.388572571,0.472104807,7,1.766033016
-74.45350464,0.074254637,0.703337794,0.106741538,8.5,-7.264995742
-48.74826196,0.207448243,0.41858609,0.403741279,7,16.79193544
-10.45422963,0.970404773,0.737337581,0.10014616,8.5,-48.87622402
-64.67039261,0.05228268,0.393341947,0.462336675,8.5,1.865233697
-62.92653449,0.064018154,0.383964734,0.481239653,8.5,1.756884335
-50.63474235,0.189957492,0.415682236,0.408852691,7,11.37441796
-59.17410161,0.097173438,0.383397634,0.466800662,8.5,1.677665595
-64.0978384,0.055902222,0.389785549,0.466542509,8.5,1.803476619
-64.05951939,0.056154968,0.389296679,0.466780278,8.5,1.829386166
-8.321349652,0.97426911,0.733845457,0.104170469,7,-49.66015463
-51.03783369,0.182657485,0.416127449,0.407294416,10,11.0605712
-53.87292206,0.587555772,0.742177137,0.071891551,8.5,-62.50551115
-70.3480465,0.026588082,0.467901073,0.376753076,8.5,1.908637979
-57.07245744,0.12129115,0.389354907,0.45549726,7,1.758007529
-74.8998015,0.015537265,0.634328433,0.18543929,7,0.919290243
-74.61772789,0.016555434,0.647319208,0.168764759,10,1.018750818
-62.51809593,0.067134038,0.382735456,0.47335493,8.5,1.682021198
-56.12892753,0.128870004,0.399883141,0.436098472,10,3.192896066
-44.55934006,0.2462634,0.426817492,0.388922663,7,31.19941178
-72.7139649,0.019974463,0.548118203,0.282069801,10,1.600370334
-73.77859102,0.01756976,0.579008329,0.249072448,8.5,1.299345899
-50.80762497,0.185980501,0.414675577,0.410197826,8.5,11.46164337
-56.69924778,0.123644065,0.393480478,0.447877114,8.5,2.51065261
-72.02614822,0.021743868,0.49461656,0.347208937,7,1.623193385
-75.24983539,0.020409476,0.673654737,0.140249688,7,0.297169129
28.57996385,0.840462551,0.534348412,0.25825728,8.5,67.83661358
-56.4061418,0.127048013,0.395459255,0.44425119,8.5,2.602471057
-74.02267679,0.017067681,0.574853199,0.254281522,7,1.201026367
-57.61292198,0.113706208,0.389524744,0.455136428,8.5,2.036645141
4.334942825,0.988938389,0.731839868,0.15033795,10,-50.76629777
-60.79848289,0.081550892,0.380556793,0.47359176,8.5,1.601571875
-60.30173982,0.086811346,0.373030943,0.485531061,7,1.33497596
-70.52378303,0.026076966,0.45666424,0.392099973,7,1.798302217
-71.24000705,0.199538126,0.719370457,0.089809669,8.5,-31.59818338
-70.80240047,0.025173217,0.478037202,0.365465414,8.5,1.853974992
-73.78802401,0.017561623,0.562484991,0.268386234,7,1.26306569
-11.61248552,0.506168839,0.467901716,0.316848258,10,188.1358297
-58.56132255,0.10349118,0.385664112,0.46232839,8.5,1.739567678
-70.76626397,0.025282803,0.477176144,0.366216387,8.5,1.860665853
-59.71248561,0.091775962,0.381920063,0.469797608,8.5,1.633797127
-74.86387927,0.034846224,0.689227508,0.12297261,10,-1.136037692
-64.5160843,0.05313542,0.403815057,0.446153365,10,2.004180667
-65.46470769,0.047827008,0.386781717,0.474300157,7,1.744537332
-9.063871618,0.973013226,0.735327967,0.102738046,8.5,-49.34002877
-74.62606365,0.015887107,0.612894113,0.209897143,7,1.021348736
-71.53759345,0.023038551,0.496406155,0.343806104,8.5,1.76174616
-69.99381528,0.027699115,0.474422298,0.366342135,10,2.012791707
-68.93961598,0.031421008,0.455117026,0.38831433,10,2.084353248
-71.79693149,0.022355664,0.487966153,0.354996715,7,1.657139532
-53.98109978,0.153104451,0.404592194,0.428153567,8.5,5.342387587
-57.44559758,0.114557907,0.395036954,0.445105978,10,2.398208059
19.60619047,0.984230817,0.654702161,0.172738477,10,-50.49053621
-70.2355786,0.026999612,0.450716169,0.398617624,7,1.814343745
-73.24660487,0.018741099,0.554188716,0.277200478,8.5,1.435448933
-62.18833692,0.070093904,0.371480255,0.490807215,7,1.457737918
-69.67966398,0.249731632,0.723110152,0.086177449,7,-41.19302694
-41.78683706,0.769084397,0.750026083,0.068848495,10,-49.97224389
-72.71566775,0.019968358,0.548197306,0.28197743,10,1.598335528
-72.85382004,0.01964097,0.553416355,0.27604001,10,1.565994492
-62.00694337,0.07163106,0.371274573,0.490347011,7,1.448522315
-42.37586409,0.761758164,0.751583344,0.06979926,8.5,-50.82632166
-66.78184096,0.321375467,0.727308497,0.081576816,10,-51.27169927
-75.02377057,0.018382088,0.666759748,0.148142576,8.5,0.639898996
-60.23073043,0.087425802,0.372981582,0.485511008,7,1.357329782
1.57169158,0.600055205,0.47996153,0.303376741,8.5,222.5261267
-59.3533042,0.095394173,0.382955182,0.467691033,8.5,1.650300349
1.38303314,0.985373073,0.714731992,0.124268492,7,-52.47030046
-16.85432648,0.954473583,0.744095989,0.089035617,7,-46.9347511
-8.4952724,0.973894954,0.733585889,0.103086569,10,-49.57688753
2.092036018,0.985699595,0.712448619,0.124926047,10,-52.70952613
-61.62195701,0.073851988,0.390038674,0.459403687,10,1.832707312
-64.38095192,0.054081978,0.391558818,0.464369984,8.5,1.823839925
18.51208894,0.986177567,0.660769597,0.170387681,8.5,-51.36787928
-42.38764514,0.263550381,0.432033474,0.37899424,10,39.90130434
17.81203411,0.726651236,0.503896915,0.281017584,7,181.753112
-73.29047469,0.018654419,0.539491624,0.294765927,7,1.382924022
-72.66819183,0.02008422,0.546456847,0.283976167,10,1.608548038
-68.04632287,0.035148847,0.414414302,0.441712222,7,1.858620955
-64.87478476,0.050957475,0.406596641,0.443058359,10,2.020399953
-64.12404132,0.055998179,0.377916089,0.48459399,7,1.627522072
-69.0037042,0.031308432,0.42836905,0.425709148,7,1.874557614
21.58672133,0.98201719,0.645475712,0.179636044,10,-48.84702688
26.76270987,0.9664791,0.614640828,0.201735813,10,-39.63401491
-72.38961285,0.15650611,0.714716989,0.093477045,10,-22.64903826
-73.52855704,0.116801074,0.710600346,0.09883036,8.5,-15.29203003
-63.24559983,0.061733821,0.385394909,0.470869739,8.5,1.735495613
-45.22289251,0.23814587,0.424849899,0.392283111,8.5,29.01815759
-72.5749856,0.020326241,0.528290219,0.306986515,8.5,1.582253766
-22.90925981,0.930846951,0.74965712,0.080673474,10,-45.16389599
-56.76561844,0.122975119,0.393343457,0.448183499,8.5,2.451095267
-66.94955665,0.039909083,0.414496637,0.43839502,8.5,1.975929904
-62.10509926,0.070011825,0.391233656,0.458634979,10,1.866100345
-65.11339818,0.049832975,0.384114355,0.477311272,7,1.714542912
-53.5084207,0.157273039,0.409404828,0.419132307,10,6.225752947
29.06913154,0.84863547,0.537212361,0.256265733,8.5,58.81315856
-67.08765134,0.039412905,0.402414276,0.455820998,7,1.840625299
-61.39897654,0.076215946,0.380470659,0.474504819,8.5,1.63895508
-72.26956038,0.0210911,0.518032998,0.318905188,8.5,1.640723478
-65.34230456,0.048297293,0.398648451,0.456478923,8.5,1.895233347
-63.84077249,0.057612129,0.388315519,0.467851049,8.5,1.782999481
-74.57589382,0.016481029,0.644106533,0.172494991,10,1.043792283
-70.72199547,0.215712295,0.720439447,0.088406025,8.5,-34.63386417
-74.43168104,0.065972858,0.700449302,0.108783585,10,-5.78065438
-55.96868941,0.13081733,0.400968083,0.434261296,10,3.262315271
-61.64543638,0.074095405,0.380517001,0.474843318,8.5,1.672783705
-56.85279943,0.121157149,0.397640679,0.440364392,10,2.64453473
-72.44192083,0.020643293,0.538417288,0.294457558,10,1.660760774
-61.65565787,0.074069377,0.380930076,0.47453799,8.5,1.629043187
-62.98427561,0.063956138,0.373127783,0.489319353,7,1.530622567
-61.02261557,0.454689991,0.734990656,0.076057799,7,-63.61479707
-56.27043095,0.128404607,0.395545876,0.444221257,8.5,2.786776416
-58.35439573,0.105680624,0.386505181,0.460637807,8.5,1.775969833
-41.96467707,0.766822652,0.749970653,0.068858216,10,-50.0985749
-73.67663551,0.017789593,0.573873944,0.254516634,8.5,1.328087256
-38.53398594,0.808057244,0.751512889,0.069406547,10,-47.39644601
-64.74459275,0.05163504,0.405397306,0.444309205,10,2.028974836
-58.97250796,0.098577348,0.390732631,0.453894981,10,1.930335831
-43.24164047,0.255828969,0.428013553,0.386526685,8.5,36.77977158
-70.2471538,0.026891283,0.479546583,0.36045232,10,1.999091448
-72.37630587,0.020820128,0.521525225,0.314795839,8.5,1.620791028
-53.15448343,0.161742578,0.407291292,0.423399615,8.5,6.680128743
-74.98787749,0.015578865,0.642109216,0.176286961,7,0.872547965
8.815311795,0.988459478,0.694595817,0.14131584,10,-53.57167793
9.07443722,0.988529818,0.693886517,0.142678361,7,-53.51605516
-74.61042372,0.015922718,0.611775043,0.211065453,7,1.02577444
-59.47685312,0.094914517,0.375613886,0.480226474,7,1.360647801
-74.58899893,0.016043967,0.628223207,0.192064356,8.5,1.049208733
-59.26203554,0.097109969,0.376757291,0.478387268,7,1.336426976
-65.71903981,0.046385979,0.388845789,0.471746792,7,1.765034978
-67.5515032,0.037161518,0.42173121,0.430060826,8.5,1.996881212
-62.8756877,0.064428589,0.383915625,0.472303448,8.5,1.707459881
-63.951047,0.057130477,0.376948505,0.485083246,7,1.617849274
-61.75824479,0.073650764,0.371044282,0.490646618,7,1.436126303
-44.76582458,0.729919907,0.764526068,0.076534247,7,-53.87458232
-8.334041315,0.974240234,0.733410417,0.10386948,7,-49.68688205
-70.68056275,0.025585971,0.460054489,0.388251132,7,1.787316026
-72.81899155,0.019751884,0.520873761,0.317104847,7,1.482382595
-71.2058218,0.023979044,0.487720817,0.353843697,8.5,1.810056546
-61.3750265,0.076873427,0.370747076,0.490344777,7,1.442108978
-32.56510654,0.345060663,0.442066633,0.360392133,8.5,87.5616366
-60.33043885,0.08584209,0.380846039,0.472385414,8.5,1.610494308
-1.199542576,0.983142467,0.719968788,0.117723351,10,-51.85067161
-3.727535975,0.980606935,0.725884104,0.113164885,8.5,-51.06291672
-67.3630085,0.038138671,0.405576534,0.451725995,7,1.854646705
-69.35691699,0.029947608,0.448880119,0.398942185,8.5,1.969532614
-74.80872655,0.015620658,0.626824882,0.193668813,7,0.955448712
-55.25306281,0.138098294,0.40318201,0.436814253,10,4.098958936
-68.08866223,0.034853372,0.428909697,0.421788511,8.5,2.002680098
-46.26019011,0.230600968,0.423387611,0.395168533,7,24.9734543
20.60374156,0.9835764,0.650795104,0.177583562,7,-49.72507688
-59.37591857,0.094561511,0.390063314,0.455532381,10,1.86073887
-62.12630727,0.070160416,0.381590591,0.474102566,8.5,1.66797502
-74.20272129,0.016701375,0.602592835,0.221054624,8.5,1.178121248
-65.17946158,0.049450543,0.384591368,0.476773303,7,1.720950126
-74.71896394,0.047527119,0.694525343,0.115281955,10,-2.825845653
-52.85586946,0.166946639,0.408059629,0.42238554,7,6.695085324
-23.21486726,0.929351002,0.750698647,0.080923473,8.5,-45.1055656
-74.98745465,0.017468368,0.662409502,0.152874214,8.5,0.73909482
-61.53619617,0.074633101,0.390136029,0.459265421,10,1.799404842
-74.2616328,0.016586739,0.606208731,0.217233798,8.5,1.160057091
-67.83491057,0.035939334,0.425495506,0.4254872,8.5,1.994945249
-58.06965996,0.108732373,0.387437382,0.459029352,8.5,1.897768393
-58.63110097,0.103760146,0.37958215,0.472947963,7,1.428448754
-58.26462635,0.105958319,0.392727382,0.449807974,10,2.06660846
-58.40153215,0.105182518,0.386296171,0.461077235,8.5,1.77046874
-61.93683759,0.072117273,0.37120092,0.490328265,7,1.435729509
-61.65632457,0.074482019,0.371041058,0.490557051,7,1.423412383
-74.89324691,0.016334754,0.65281209,0.164469071,8.5,0.884437874
-57.75674858,0.112101365,0.388768705,0.456558621,8.5,1.998711437
-71.90287857,0.022070425,0.491010759,0.351820148,7,1.640439141
-37.27018786,0.822250221,0.752513901,0.07015506,8.5,-46.85393994
-71.93033989,0.021949469,0.522008238,0.311934408,10,1.755760387
-62.84647573,0.064986284,0.372823073,0.48964234,7,1.509549505
-58.74756385,0.100776678,0.390954368,0.453073515,10,2.004901513
-58.04807015,0.109003719,0.387643895,0.458617619,8.5,1.88995549
-67.48284661,0.037580686,0.406995888,0.450451205,7,1.861001679
-17.22583125,0.953247432,0.745013768,0.088354217,10,-46.69783233
-74.94055123,0.015540444,0.637860416,0.181149335,7,0.899206906
-55.33707657,0.138587574,0.399503984,0.43715737,8.5,3.624078919
-60.07589015,0.088294789,0.381318398,0.471292724,8.5,1.606659731
-62.04448933,0.07081668,0.381418444,0.474375533,8.5,1.663616634
-56.1165354,0.132023583,0.394714531,0.446056553,7,2.337025186
-57.5118077,0.114801052,0.390215717,0.453780267,8.5,2.024773749
-59.69858916,0.091285508,0.389437625,0.45685076,10,1.837918679
-63.37578609,0.060803288,0.385715285,0.470540631,8.5,1.775511223
-72.44049826,0.020665266,0.523615775,0.313636499,8.5,1.614078863
-60.29996496,0.086039942,0.380913506,0.472275615,8.5,1.594699805
-60.15587668,0.087512936,0.381117311,0.471906641,8.5,1.614196518
-70.43025038,0.026378741,0.454575152,0.394343602,7,1.814780003
-68.91957174,0.031561423,0.441578094,0.40719097,8.5,1.978254881
-68.41096872,0.033654097,0.419482493,0.436713181,7,1.865628948
-60.95927515,0.080608956,0.371451975,0.48884194,7,1.383536455
-16.17333766,0.956589717,0.744374615,0.090588496,7,-47.09525603
-63.84324287,0.05759066,0.388349987,0.467814218,8.5,1.780503069
-74.11364558,0.096350954,0.706800083,0.101875394,7,-11.66087427
-4.649568513,0.979526744,0.726508956,0.110274399,10,-50.88244978
-72.58781195,0.020279592,0.543555202,0.287228346,10,1.626223683
-66.91384348,0.04009207,0.414047051,0.438896152,8.5,1.97942737
-70.51437732,0.026061465,0.471477208,0.372619516,8.5,1.892589773
-59.61517559,0.093488293,0.375052485,0.48149079,7,1.356136298
-63.31755703,0.061521471,0.374288163,0.488269263,7,1.554324004
-53.9516575,0.15558797,0.404430398,0.428771709,7,4.812296795
-52.75390719,0.169152227,0.410816878,0.417181993,7,6.540597548
-58.36772108,0.104860225,0.392386792,0.4505498,10,2.044741322
-64.37243779,0.053928268,0.402892324,0.447065465,10,1.976233617
-59.97299724,0.089286145,0.381501296,0.47085456,8.5,1.610304384
-57.35329389,0.115692721,0.395735514,0.44395604,10,2.395816864
-71.27845918,0.023809377,0.474083754,0.371813716,7,1.731724056
-68.28276521,0.034144324,0.417528326,0.438174316,7,1.875112938
-55.33540408,0.140477573,0.398143605,0.439984159,7,3.100095634
-65.45624578,0.047659236,0.399547543,0.455449261,8.5,1.909297012
-24.94532867,0.405975679,0.453389125,0.339651166,10,126.3676117
-57.90962112,0.110493577,0.38823167,0.457524353,8.5,1.932289957
-42.41772848,0.761394674,0.75036372,0.069274413,8.5,-50.66438348
-74.87170778,0.016250671,0.650905806,0.166109685,8.5,0.8989127
-42.32734952,0.263681885,0.429074004,0.384514349,8.5,40.67312819
-47.31225194,0.222524521,0.424312453,0.393444972,7,20.85524538
-57.92660663,0.109517586,0.393715592,0.447699021,10,2.175217098
-28.20419272,0.900720678,0.75272961,0.075646817,8.5,-44.54227262
-71.96875663,0.021895176,0.492942799,0.349529351,7,1.629740191
-74.01160126,0.017098602,0.60735612,0.21427549,10,1.260310076
-74.8962658,0.026972603,0.681663408,0.129916213,10,-0.165002485
-61.82641843,0.072239355,0.390516849,0.459028257,10,1.84578636
-64.63734891,0.052277273,0.404805345,0.444976122,10,1.994893675
-61.61447716,0.074058128,0.390273638,0.459188067,10,1.812787652
-58.36992831,0.10553374,0.386225981,0.461306108,8.5,1.81809744
-75.10383941,0.016039719,0.653422441,0.163267216,7,0.777443996
-74.68732979,0.016871831,0.65300147,0.162322609,10,0.959712214
-61.2656822,0.07740271,0.38058093,0.474387663,8.5,1.613638322
-64.86392439,0.050907632,0.406547171,0.443069639,10,2.009841604
-60.16603606,0.086915972,0.389170128,0.45819873,10,1.80602233
-6.777602073,0.976667645,0.730764162,0.106348367,10,-50.16677859
-69.9708801,0.027875029,0.445447662,0.404891025,7,1.834515594
-59.79549599,0.091013636,0.38185811,0.470035778,8.5,1.618566997
-74.89749507,0.025484101,0.67993844,0.131864523,10,0.004215974
29.53352272,0.948337752,0.592178761,0.219286812,8.5,-28.97738388
-67.96965718,0.035489793,0.413275516,0.44292083,7,1.867744455
-22.57265609,0.932476822,0.749417067,0.081052688,10,-45.2685485
-67.45220433,0.037730547,0.406685552,0.450975524,7,1.854629602
-60.01829597,0.473849486,0.736448622,0.075366734,8.5,-63.77726045
-72.08318432,0.021598669,0.496272219,0.345656549,7,1.619389992
-74.51119238,0.016145099,0.622655,0.198507547,8.5,1.078440247
-45.91443779,0.230496783,0.422275478,0.401532574,8.5,26.96649142
-64.10861031,0.3871971,0.731989487,0.078889429,8.5,-59.1166074
-67.92441658,0.035651282,0.412663433,0.443820807,7,1.867311433
-64.63335331,0.052421658,0.404698321,0.445197364,10,2.010143909
-60.69307108,0.083071793,0.371917586,0.48774229,7,1.369900049
23.92628328,0.787708591,0.520780318,0.265348516,10,125.0341152
-34.44893546,0.329928655,0.439828385,0.364541334,8.5,77.86235982
-73.78707837,0.01755271,0.595107846,0.22838581,10,1.32721212
-74.00268404,0.101329034,0.708115609,0.101343123,7,-12.68036647
-70.25649684,0.026935689,0.451060054,0.398667135,7,1.820317427
-58.74342089,0.101639826,0.384915565,0.463804726,8.5,1.73070383
-72.38504002,0.172670542,0.731905829,0.098892859,8.5,-26.30251734
-67.06988202,0.039349519,0.415843322,0.436867064,8.5,1.984943791
-65.98769647,0.044621529,0.416418749,0.432183477,10,2.090043255
-72.13742149,0.021429549,0.513843208,0.323665474,8.5,1.664207778
-64.71901489,0.052209597,0.381433931,0.480641416,7,1.678707505
-59.12292379,0.096991027,0.390199327,0.454786314,10,1.931439214
-72.80756485,0.019762758,0.536690942,0.297418752,8.5,1.534325028
-65.87768081,0.045530752,0.390255167,0.47026501,7,1.773156938
7.471945714,0.988136825,0.698334617,0.137758796,10,-53.47103046
-72.82919714,0.019727778,0.521248363,0.316675076,7,1.480482221
-40.44466655,0.28054815,0.434881109,0.373574105,10,48.27324168
-63.33673039,0.060811844,0.396555623,0.453726283,10,1.904845489
-67.84263957,0.035995642,0.411525843,0.445275268,7,1.871469461
-75.23485699,0.019305037,0.670661963,0.143445192,7,0.410226259
-56.90378107,0.120537983,0.397288008,0.441018028,10,2.636027557
-58.53764146,0.10479075,0.380208213,0.47199046,7,1.426120599
-38.22967278,0.811711688,0.752148919,0.069865035,8.5,-47.44802023
-65.00015174,0.050103671,0.40763921,0.441879451,10,2.01864352
-64.17360717,0.055671125,0.378166889,0.484074818,7,1.632732112
-60.43576465,0.085499064,0.372471482,0.486348145,7,1.36156854
-64.71815811,0.051796293,0.405386653,0.444433388,10,2.004552779
-65.1373138,0.049494719,0.396776397,0.458535708,8.5,1.904882198
-71.75924258,0.022457599,0.48693208,0.356767268,7,1.660362935
3.869938557,0.986748298,0.708133378,0.129072342,10,-53.08259157
-62.02268516,0.071045334,0.381521765,0.474242569,8.5,1.6490188
-63.37356811,0.060562545,0.396705125,0.453508421,10,1.913177728
-73.10191689,0.019085894,0.531723247,0.304394113,7,1.424334435
-75.17863488,0.016965554,0.661813399,0.153819763,7,0.666000356
-64.1896148,0.055575133,0.378228958,0.483933842,7,1.637045407
-74.68764874,0.015977664,0.6356472,0.183122524,8.5,1.007426687
-75.22659326,0.029304133,0.685001199,0.127204227,7,-0.760386878
18.69951037,0.985753143,0.659797366,0.170969935,8.5,-51.22621416
-74.59000513,0.065486085,0.700931007,0.109387616,8.5,-5.925790988
-63.84029645,0.057368117,0.399389602,0.450980515,10,1.941145576
-72.61398524,0.02025483,0.513482363,0.325599969,7,1.527231703
-68.63737271,0.032646621,0.437040484,0.412179541,8.5,1.992110986
-72.59497687,0.02029599,0.512887732,0.326354743,7,1.525264929
-66.68397364,0.041077958,0.423937764,0.423689723,10,2.100766828
-53.95682542,0.156101487,0.405677253,0.426448493,7,4.634765005
-65.36182345,0.048009123,0.410787417,0.450306338,10,2.047919846
-72.02838941,0.021737309,0.494708942,0.347597046,7,1.6207015
-54.80947558,0.14358875,0.40065088,0.440553187,8.5,4.442303577
-59.65187021,0.091745625,0.389631009,0.456586379,10,1.821523166
17.2770426,0.986734238,0.665147679,0.166191002,7,-51.86540586
-63.75367709,0.058481692,0.376020286,0.486402835,7,1.600823973
-74.51118698,0.016418037,0.639280338,0.17793646,10,1.080692442
-72.08527666,0.021565525,0.512224379,0.32580991,8.5,1.673588572
-57.11730674,0.119210152,0.392224192,0.450110001,8.5,2.176773158
-68.18691299,0.034547488,0.416219383,0.439634971,7,1.871352604
-53.34751742,0.159738501,0.406684097,0.424468941,8.5,6.34854924
-64.26538115,0.054817926,0.390581479,0.465357678,8.5,1.841452189
-6.626687082,0.976872642,0.731213022,0.10733615,8.5,-50.15114558
-63.72148045,0.058162989,0.398684172,0.451544496,10,1.931643633
-66.28145909,0.04319033,0.419786324,0.428496144,10,2.063554653
-60.95361497,0.079722871,0.389329802,0.459443797,10,1.793246153
-73.90897823,0.017299718,0.58583876,0.242091764,8.5,1.263918034
-47.28414022,0.219149889,0.424082522,0.393255103,10,21.58333933
-13.09057332,0.964814821,0.741209685,0.095857328,7,-48.04522213
-54.94500756,0.144957645,0.400420326,0.4357163,7,3.465659496
-55.29472009,0.138117582,0.403366637,0.430036189,10,3.899427009
-57.95803378,0.111118191,0.383382231,0.466319761,7,1.546340139
-18.64801613,0.948425507,0.74726303,0.086941883,8.5,-46.2324161
12.24624421,0.988582428,0.684395985,0.151468849,8.5,-53.40082548
-74.07194045,0.016976902,0.610835669,0.21030872,10,1.241840553
-70.69260504,0.025548609,0.460322534,0.387937239,7,1.786144159
-59.0249403,0.098664668,0.383988256,0.465541573,8.5,1.669013605
-59.22533343,0.096605184,0.383225566,0.467181972,8.5,1.666913478
-67.88530926,0.035708912,0.426124224,0.425185429,8.5,2.000410688
-66.0001117,0.044857172,0.391337289,0.468952695,7,1.781802487
-35.7488111,0.31935703,0.438235621,0.367521615,8.5,71.30599544
-62.62981361,0.066245149,0.382731651,0.473359701,8.5,1.728341
-70.76028438,0.025301423,0.476989333,0.366247978,8.5,1.866130969
-71.88574019,0.022072663,0.520628998,0.313594062,10,1.768133733
-57.78287179,0.111844723,0.388966382,0.456083448,8.5,1.93227828
-74.08101658,0.016961298,0.611368136,0.20968196,10,1.238887837
-57.82371751,0.112793784,0.384711303,0.463835008,7,1.517412573
-75.24179666,0.026851316,0.682669954,0.129659883,7,-0.456951691
-10.10486422,0.519096727,0.470062777,0.314350276,7,193.2739208
-62.20350163,0.06995899,0.371416735,0.490448329,7,1.465157002
-56.68827968,0.125367698,0.39091691,0.452836574,7,2.033875906
-64.91550557,0.051023129,0.382692083,0.478921187,7,1.700890125
-73.93639098,0.01724872,0.570172355,0.259456607,7,1.224426244
-65.07765315,0.049651243,0.408270889,0.441202742,10,2.024072
-64.68263792,0.052204358,0.393590064,0.462111463,8.5,1.848227828
-55.77035001,0.1359507,0.396675224,0.442481673,7,2.600172859
-74.53904438,0.016045367,0.606729807,0.217059444,7,1.049410267
-63.39230638,0.06069828,0.38602507,0.47033381,8.5,1.750891214
-60.11065163,0.088583171,0.373312156,0.484880145,7,1.357916884
-75.13097599,0.016299929,0.656360619,0.159802638,7,0.741841102
16.03664515,0.988273224,0.672696842,0.164226684,8.5,-52.43806528
-63.78021173,0.396187765,0.731883068,0.078370988,7,-60.19296595
-68.45842768,0.033463812,0.420072693,0.434914088,7,1.874216605
-70.65182034,0.025607916,0.474663894,0.368648633,8.5,1.864146836
-59.10301261,0.097160491,0.390169547,0.454821691,10,1.941367928
-53.17475749,0.160799525,0.410457385,0.417295654,10,6.768214017
-55.42944158,0.136604457,0.402742947,0.431003996,10,3.778625497
-65.86723371,0.045403258,0.403131555,0.451172225,8.5,1.94226857
-75.24936568,0.024842046,0.68042725,0.132315762,7,-0.223749707
-74.42650952,0.016285053,0.61685689,0.205008536,8.5,1.107035672
-65.22573615,0.048938523,0.409553424,0.439884799,10,2.0350579
-71.75213312,0.022431087,0.516699655,0.318052238,10,1.79210435
-55.83932703,0.133367496,0.398062621,0.439536498,8.5,3.047806805
-70.73159242,0.215363297,0.720368488,0.088430948,8.5,-34.57163374
-74.621127,0.015913637,0.630491087,0.209700595,8.5,1.046116939
-55.302642,0.138068831,0.403412048,0.429837178,10,3.879342917
-68.67135436,0.032476683,0.437904971,0.411383502,8.5,1.956627806
-74.91215537,0.016525826,0.654681804,0.161380528,8.5,0.856850988
-49.89898803,0.197576803,0.418266604,0.404220154,7,13.16282006
-74.45071069,0.016430131,0.63498719,0.182792244,10,1.106885959
-51.23955475,0.632696646,0.744212531,0.070905458,7,-60.25156199
-71.38707783,0.023433767,0.506631381,0.329621619,10,1.8454026
-57.44114508,0.116923634,0.386539915,0.460413813,7,1.682110696
-64.47074353,0.053761161,0.379856888,0.482179529,7,1.659487777
-73.53440361,0.018098497,0.567046491,0.262289465,8.5,1.364397839
-60.1758063,0.086730351,0.388875105,0.458565528,10,1.83718846
-70.57172693,0.025923166,0.457724034,0.390278375,7,1.791807417
-59.63884134,0.092464926,0.38218602,0.469226947,8.5,1.617488295
-61.88135145,0.072196912,0.381262611,0.474375866,8.5,1.640741902
-61.99909085,0.071690926,0.37125417,0.490595979,7,1.450191772
-57.34159648,0.116673939,0.391049232,0.452208515,8.5,2.084744292
-60.84377602,0.08167592,0.371671966,0.488334128,7,1.373281797
-58.77124284,0.100541226,0.390920428,0.453141369,10,1.997135891
-62.13369978,0.070151988,0.381752382,0.474100432,8.5,1.655919997
-67.01380861,0.039761765,0.401585028,0.456796465,7,1.837341065
-62.33626404,0.068236809,0.39225391,0.457777012,10,1.844278254
-63.86680407,0.057717097,0.37657314,0.485757391,7,1.608632675
-74.84449905,0.019389723,0.66832744,0.145247124,10,0.667895774
-66.78923681,0.040646603,0.425406551,0.422096128,10,2.075385795
-65.16200514,0.049343763,0.397179566,0.458106514,8.5,1.883768168
-73.02780716,0.019259774,0.528761607,0.307539876,7,1.442563532
-66.24445087,0.043421117,0.406935071,0.44716933,8.5,1.946166093
-66.65282443,0.041492649,0.397709499,0.461735581,7,1.818167483
-73.69756338,0.01774054,0.590509388,0.233678805,10,1.35276652
-59.94585962,0.088994418,0.389320322,0.457648585,10,1.814956078
-70.87278687,0.024999708,0.464414079,0.382612497,7,1.767610527
-59.73895539,0.092231363,0.374521307,0.482416579,7,1.360185482
-71.05024609,0.024469033,0.46855207,0.378397371,7,1.751959261
-39.65788221,0.28873482,0.434068422,0.37558269,7,52.12227645
-61.91184214,0.07158417,0.390994832,0.458722104,10,1.818579692
-71.92252361,0.173545535,0.717556724,0.092235175,10,-26.14888732
-62.6311957,0.066268055,0.383079556,0.473061032,8.5,1.690188549
-54.11780637,0.153942621,0.404061132,0.429373177,7,4.528775591
-67.13881893,0.039032743,0.416658677,0.435897969,8.5,1.986779719
-51.15153502,0.182036369,0.412755756,0.413670539,8.5,10.80523084
-64.89603335,0.051123388,0.382508746,0.479124002,7,1.703315489
-59.55468149,0.092694355,0.389638415,0.456304937,10,1.848866182
-62.55464184,0.067202555,0.3720192,0.490083735,7,1.494602867
-69.26230454,0.030286901,0.4471786,0.400799824,8.5,1.979256118
-58.85140712,0.101451837,0.378661404,0.474901214,7,1.380509852
-59.53321093,0.09430731,0.375306059,0.481043044,7,1.367776323
-71.87638526,0.022122881,0.505874422,0.334066392,8.5,1.716291126
-59.44377854,0.094487578,0.382706971,0.468205193,8.5,1.642223525
-55.56763156,0.138003956,0.397198074,0.441430032,7,2.843539475
-58.00710525,0.109414555,0.387965727,0.457941467,8.5,1.866006941
-72.76976892,0.019870412,0.519074405,0.319211878,7,1.492156469
-54.86527664,0.14512717,0.399128513,0.438114396,7,3.769233329
-58.48998384,0.105292687,0.380386682,0.471471371,7,1.440905785
9.578207665,0.659349346,0.49007259,0.29334,8.5,217.3853292
-58.09749487,0.107719092,0.393218774,0.448744417,10,2.116010425
-71.82396397,0.022256059,0.50443114,0.334537295,8.5,1.716658428
-55.6910184,0.134741648,0.398045902,0.43975204,8.5,3.273616698
-63.07937607,0.062931798,0.38469828,0.471556476,8.5,1.722670644
-66.80990723,0.040728518,0.399311959,0.459581952,7,1.83146225
-57.48169948,0.116161346,0.38592752,0.46685864,7,1.775464515
-62.64711831,0.066146765,0.383130842,0.473035466,8.5,1.691313184
-74.48689205,0.016141281,0.603158728,0.221242208,7,1.065943118
-67.87575013,0.035839391,0.41201362,0.444932354,7,1.866894777
-72.62910107,0.020178247,0.545027982,0.285678149,10,1.618186267
-57.86283552,0.111955246,0.383772104,0.470885266,7,1.64728138
-62.79542985,0.065360345,0.372700422,0.497808968,7,1.533358037
-64.89361262,0.050927104,0.395116723,0.460415012,8.5,1.864223134
-59.98727371,0.089828217,0.373862409,0.483909948,7,1.340301263
-58.55697024,0.103592638,0.385603572,0.462466419,8.5,1.765400794
-64.2980208,0.054626403,0.390979438,0.46513675,8.5,1.82397641
-54.88358941,0.145716149,0.400922008,0.434927816,7,3.510723011
25.45963524,0.971305731,0.623170342,0.195518973,10,-42.60646551
-70.0383676,0.027645527,0.446708326,0.40386799,7,1.83490541
-67.25180253,0.314501776,0.727223199,0.082265975,7,-51.28885359
4.690925468,0.987148715,0.706814223,0.131950429,8.5,-53.10899698
-56.49049231,0.541113757,0.739850804,0.07318311,8.5,-63.92505771
-66.1543027,0.341173239,0.728382915,0.080742173,7,-54.6807936
-73.86605293,0.107561176,0.709099744,0.100320199,7,-13.82942287
-46.79067843,0.700154721,0.747069315,0.06921819,10,-55.09731155
-70.11146919,0.027405854,0.448271803,0.415166496,7,1.822909505
-55.01682862,0.141163896,0.404425284,0.427969273,10,4.185150424
-75.16554733,0.016763501,0.660310787,0.155484776,7,0.686074274
-46.2552178,0.708578616,0.748008336,0.069541396,8.5,-54.67294492
-74.57039025,0.01598795,0.60892009,0.214518105,7,1.039356452
-73.19325223,0.018845486,0.567124545,0.260358309,10,1.487192411
-51.34526442,0.629231333,0.74365119,0.070448643,10,-59.92387764
-30.57261874,0.360896851,0.444393273,0.356039,8.5,97.98075341
0.514030998,0.984603825,0.716498649,0.122193211,7,-52.28937292
30.61929753,0.91924494,0.5707979,0.232882358,7,-9.062826673
-19.68377017,0.944687966,0.747874823,0.085513424,7,-46.05990293
-73.29556973,0.018630071,0.556291642,0.274986752,8.5,1.423709324
-58.92426002,0.09968146,0.384194435,0.465251024,8.5,1.702999123
-59.22503379,0.096653853,0.383236723,0.467090518,8.5,1.672234068
-74.71681723,0.016926057,0.655366696,0.161233138,10,0.943902836
-31.34594189,0.355779247,0.446187413,0.35260538,10,92.94905856
-38.41835254,0.297411714,0.436980879,0.369645644,10,57.73805771
-8.797573407,0.973433671,0.734050264,0.102493113,10,-49.49891461
-57.07577143,0.1195687,0.391932849,0.450782981,8.5,2.278959891
-58.90173494,0.099997637,0.384361827,0.464868962,8.5,1.705066609
-14.61891801,0.960899996,0.742501774,0.093020495,7,-47.53953657
-70.42114001,0.026355401,0.469457957,0.374953531,8.5,1.901768591
-6.531840113,0.977044048,0.729877294,0.106989,7,-50.34906598
-70.82230512,0.025151568,0.463242195,0.384512632,7,1.773944858
-63.74276066,0.058533338,0.376015918,0.495089243,7,1.617306451
-58.9100332,0.100901474,0.378545532,0.475028491,7,1.358164494
-60.77903724,0.082289903,0.37173855,0.488264031,7,1.379180243
-54.08253321,0.151930345,0.404020086,0.429240859,8.5,5.223618047
-40.15522897,0.789434379,0.751403577,0.069476375,8.5,-48.81696311
-74.95263266,0.016904236,0.658632802,0.157294947,8.5,0.807334685
-68.93140333,0.031599449,0.427340636,0.426566243,7,1.86433219
-74.59491993,0.016503799,0.645540045,0.170847599,10,1.034219123
-67.11713629,0.039266433,0.402719482,0.455464913,7,1.84440846
-53.06632883,0.161902015,0.410713845,0.416851388,10,6.96222647
-1.871997339,0.982577043,0.721440415,0.116306118,10,-51.64631753
-64.09671608,0.055913253,0.389781351,0.466281372,8.5,1.80269406
-72.98529796,0.019328841,0.55855692,0.270114917,10,1.53659673
-71.96826986,0.021896416,0.492917982,0.349589165,7,1.630731237
-62.29741368,0.068490662,0.392133313,0.45786366,10,1.836568535
-74.15530617,0.016795083,0.599748467,0.224325042,8.5,1.192463572
-54.22924088,0.15299355,0.404159521,0.429134465,7,4.297969378
-71.5303585,0.023090167,0.480683757,0.378523162,7,1.694731394
-4.300051595,0.980047682,0.728222448,0.113025398,7,-50.79066821
-71.66271736,0.181515281,0.717093747,0.091134889,10,-27.67127309
-62.29234522,0.069227358,0.371468027,0.490657957,7,1.479581715
-73.65230112,0.017837941,0.588243307,0.23587157,10,1.365205557
-73.00705427,0.019279041,0.559422892,0.269211232,10,1.532076159
-73.86713335,0.017385199,0.583605692,0.243305909,8.5,1.275687034
-61.05125814,0.07876106,0.389126467,0.45971192,10,1.824379033
-57.85550946,0.111077558,0.388464281,0.457093079,8.5,1.949915229
-63.03109386,0.062942369,0.394824923,0.455444606,10,1.909429659
30.33697542,0.928503999,0.577547423,0.226998157,10,-16.60466366
-73.94574539,0.017212976,0.603650445,0.239128326,10,1.281964022
-71.72982365,0.022510336,0.501740204,0.337642738,8.5,1.731362869
-75.17899716,0.017024958,0.661978008,0.153571001,7,0.656194717
18.11880079,0.987124558,0.664331004,0.17085235,8.5,-51.51323657
-73.84808672,0.10817975,0.709226735,0.100241246,7,-13.9884562
26.80262269,0.967524559,0.615219824,0.203134801,7,-40.56168878
-56.81105515,0.121603215,0.397761358,0.440067861,10,2.672895509
-55.61014844,0.135549078,0.398210258,0.439531811,8.5,3.373495368
-74.52157398,0.016412422,0.640030985,0.177073034,10,1.076078743
-60.94468797,0.080755293,0.371526423,0.488497014,7,1.376071028
-56.87985953,0.120696561,0.397103751,0.441154993,10,2.680869774
-18.92476481,0.947477005,0.746596256,0.085861683,10,-46.19383063
-75.25742644,0.022078305,0.676735377,0.136617295,7,0.121956068
-70.12710968,0.02728008,0.477048785,0.363304528,10,2.010209603
-72.79675574,0.019805134,0.520058307,0.317828258,7,1.486743362
-58.2762983,0.107642796,0.381672177,0.469339914,7,1.464944444
-68.80490513,0.031927151,0.452910237,0.390830505,10,2.088999484
-75.08285428,0.042926426,0.693291602,0.117667792,7,-2.60032376
30.59443408,0.927967989,0.575915815,0.230077532,8.5,-14.97978403
-73.88294268,0.017357816,0.567350773,0.262092815,7,1.238628351
-60.85202347,0.081066864,0.380538188,0.473706607,8.5,1.602430691
28.69368451,0.844498446,0.536108475,0.256625627,7,62.93099905
-70.16656615,0.027131503,0.477943797,0.362275916,10,1.997739164
-58.11025641,0.109447849,0.382554424,0.467842743,7,1.505752539
-39.89752396,0.286739259,0.433763277,0.376260998,7,51.057892
-54.64725541,0.144852793,0.405034301,0.426853549,10,4.70884589
-73.46507556,0.018251176,0.563835387,0.265989388,8.5,1.381971524
-69.0651979,0.031081839,0.429353432,0.42420523,7,1.87425769
-68.65144677,0.032671864,0.423167286,0.44350423,7,1.858214255
-72.58511672,0.020301366,0.528644987,0.306577225,8.5,1.580227837
-65.36235382,0.048389004,0.385986526,0.475182959,7,1.734604329
-64.25429051,0.055131957,0.37855392,0.483571326,7,1.644567467
-55.52421609,0.135623908,0.402533828,0.431534668,10,3.670845192
-67.10733568,0.039179006,0.416288115,0.436412059,8.5,1.985755669
-71.23926082,0.023854244,0.50273207,0.334025176,10,1.870450381
-52.1651014,0.171213175,0.413223195,0.41240415,10,8.637494332
-60.37690328,0.084928141,0.389073755,0.458652876,10,1.801096643
-59.21360169,0.096177914,0.390349364,0.454822873,10,1.880785751
27.46909472,0.962762648,0.609421313,0.205476748,10,-37.54401313
-61.12672806,0.079124022,0.371283436,0.489384311,7,1.391753513
-69.97495393,0.235215653,0.721588322,0.086693348,10,-37.65102051
-55.90067553,0.13208811,0.396233686,0.442860096,8.5,3.197083283
-66.22803466,0.043519526,0.406760487,0.447204028,8.5,1.946719614
-74.08658901,0.016948746,0.611693086,0.209302236,10,1.237347699
-69.64129271,0.028894455,0.467537627,0.374086218,10,2.043797867
-64.2430307,0.055207354,0.378483407,0.483378406,7,1.643899683
-61.72840583,0.073419792,0.380957755,0.474587484,8.5,1.637165968
-61.76108103,0.073629078,0.371111681,0.490247085,7,1.42696161
-60.02222008,0.089442411,0.37359583,0.484289029,7,1.355023949
-56.47853383,0.127910567,0.392840671,0.449320102,7,2.043923153
14.09669723,0.988047104,0.677019356,0.155570895,10,-53.0210119
-69.22244457,0.03043239,0.4465315,0.40149156,8.5,1.977116359
-62.69743628,0.065752877,0.383297671,0.472863801,8.5,1.693391902
-64.52490209,0.052970581,0.403978856,0.445862371,10,1.986821252
22.49681915,0.980922677,0.641902494,0.184506609,8.5,-47.93526654
-60.90559691,0.080584768,0.380524972,0.473813811,8.5,1.603436405
-65.30609779,0.04851736,0.398355413,0.456782388,8.5,1.892706826
-52.75163934,0.165069001,0.411397222,0.415637384,10,7.550837173
-62.29013485,0.068860653,0.381979357,0.473827294,8.5,1.677990341
-61.73054918,0.073416278,0.380811017,0.474546853,8.5,1.656733566
-75.34689673,0.034329422,0.703120578,0.128924892,7,-1.182741788
-63.14416273,0.062432923,0.384865821,0.471406668,8.5,1.736914533
-73.8351261,0.017463291,0.56488095,0.265892992,7,1.250816011
-71.12138392,0.024258024,0.470288119,0.37618507,7,1.742241385
-70.11830185,0.027330821,0.463214737,0.382222039,8.5,1.922119374
-74.31092691,0.016562404,0.625549763,0.193516185,10,1.162831771
-19.92215443,0.943699415,0.748170811,0.085054239,8.5,-45.89467512
-58.91516579,0.099695432,0.383787635,0.465529629,8.5,1.758758251
-55.15325934,0.143378995,0.401120655,0.434361767,7,3.020633269
30.62085905,0.92495546,0.573952246,0.231355118,7,-13.19165882
-69.98263202,0.02783262,0.445633038,0.40499063,7,1.837598796
-73.31353105,0.018589431,0.55708687,0.291483543,8.5,1.419591845
-67.87750566,0.035678848,0.439001753,0.406681434,10,2.106738215
-53.10811524,0.162222891,0.407435277,0.4231463,8.5,6.761512147
-61.98558727,0.0717404,0.371183737,0.490718399,7,1.450042802
26.19447237,0.970549557,0.620909671,0.200983231,10,-41.45361366
-63.84561482,0.057805294,0.376364594,0.485991573,7,1.614252618
0.450472688,0.984323385,0.716200953,0.121296869,10,-52.23248463
-62.28566193,0.06931266,0.371573275,0.490590034,7,1.469242547
-69.07509218,0.030973589,0.444002783,0.404366432,8.5,1.9865709
-71.73842532,0.022514251,0.486349122,0.357245265,7,1.663407097
-3.380246175,0.980996215,0.725204983,0.113884814,8.5,-51.16741681
-64.97739362,0.050429607,0.395776398,0.459685575,8.5,1.867213982
-60.50987771,0.084757332,0.372216074,0.486862717,7,1.369318729
-64.92652933,0.050719205,0.395370461,0.460153797,8.5,1.865282562
-72.3306891,0.020919559,0.534655832,0.297408644,10,1.683421424
-72.05093059,0.021683639,0.495296558,0.346797153,7,1.624779522
-62.87699793,0.064757107,0.372904859,0.489569602,7,1.512347698
29.62739524,0.94637112,0.590584113,0.220191394,8.5,-27.42808761
-66.00968278,0.044684859,0.404604197,0.45050676,8.5,1.939345104
-61.62405473,0.074808278,0.371050942,0.490476918,7,1.425196359
-62.85992202,0.064545583,0.383756489,0.47249207,8.5,1.718508565
-71.78775944,0.022353513,0.50338924,0.335772661,8.5,1.722370187
-56.27273767,0.130523922,0.394492319,0.446340149,7,2.147387708
-67.76333333,0.036324947,0.410559334,0.446642043,7,1.863928355
-66.6141604,0.041417826,0.423195324,0.424531085,10,2.093897042
-42.71547052,0.757385893,0.750395687,0.069382041,8.5,-50.97622324
-63.92188686,0.057068372,0.388767012,0.467370364,8.5,1.789201339
-55.38520655,0.138065718,0.399308658,0.437504514,8.5,3.574056925
-63.0940038,0.062538032,0.395356962,0.454902652,10,1.88717789
-68.06349483,0.03504356,0.414508476,0.441999312,7,1.871157415
-73.26601649,0.127174122,0.711719631,0.09727174,8.5,-17.37215705
-68.63350491,0.032586642,0.45016841,0.394999687,10,2.095305679
-63.30818323,0.061288135,0.38556633,0.470728524,8.5,1.752615156
-69.43378577,0.0296774,0.45030586,0.397319585,8.5,1.959145382
-62.07691826,0.070223204,0.391447292,0.45841498,10,1.824037225
-68.04824578,0.034947701,0.441350862,0.403993001,10,2.110993533
10.86058653,0.670672356,0.492710425,0.29066625,7,212.847457
-58.94260926,0.10043575,0.377974638,0.475871596,7,1.397504958
-64.89857201,0.050882533,0.395168915,0.460378399,8.5,1.862221144
-49.8965424,0.19398605,0.418772241,0.402714556,10,13.88122158
-64.68366572,0.052204843,0.393597131,0.462378686,8.5,1.849216405
-69.69875425,0.028744084,0.455010707,0.391649273,8.5,1.956808647
-41.7073435,0.770777858,0.750868598,0.069540333,7,-50.2418623
-69.3881227,0.029781442,0.462859384,0.379495359,10,2.062655959
-74.80198849,0.018298169,0.663734162,0.150053623,10,0.777266854
-74.85665541,0.020145856,0.670319919,0.142631819,10,0.57606424
-64.87873136,0.050821325,0.4066648,0.442947756,10,2.010834961
-74.68464212,0.015798264,0.617217666,0.204301966,7,1.000547549
-59.53671977,0.092954726,0.389750759,0.45619832,10,1.85031357
-69.12412805,0.030858014,0.430318296,0.422555633,7,1.872619423
-70.13492731,0.027277919,0.463488505,0.381853033,8.5,1.926995072
-69.48871662,0.252579275,0.723599886,0.085985616,8.5,-41.23945786
-59.19181874,0.096990822,0.383337762,0.466886678,8.5,1.675769781
-62.97056929,0.063393501,0.394649114,0.455585549,10,1.893174406
11.68554174,0.988622372,0.686265237,0.149916308,8.5,-53.45734314
-58.83786945,0.100658519,0.384581662,0.464439013,8.5,1.714929051
-71.69088402,0.022644441,0.48500317,0.358814008,7,1.672554337
-58.50210811,0.103315744,0.391595983,0.451741238,10,2.057615092
-73.67023548,0.017803539,0.573559195,0.254913611,8.5,1.329759516
-61.07159726,0.07910508,0.380518429,0.474095972,8.5,1.60743527
-72.24519143,0.0211583,0.517190921,0.321034124,8.5,1.650899973
-61.39245125,0.075844682,0.389875732,0.459370119,10,1.794738148
-74.39266089,0.016324077,0.596931246,0.230000906,7,1.094900488
-59.97865343,0.089092376,0.381048204,0.471235613,8.5,1.652917665
-57.63470093,0.112534708,0.394403049,0.44622223,10,2.315273412
-69.2386277,0.030375774,0.44682651,0.401312276,8.5,1.974796338
-60.31985983,0.085912465,0.380804164,0.472308686,8.5,1.613577197
-62.76552165,0.064949648,0.393872636,0.456332395,10,1.868576184
-57.96775983,0.10909684,0.393631162,0.447932096,10,2.15662643
-71.79888378,0.022323525,0.50370838,0.335369601,8.5,1.72062334
-67.96528756,0.035369221,0.42721506,0.423928999,8.5,2.00075635
-74.11823831,0.016867999,0.59756361,0.227170653,8.5,1.203620734
-74.50527606,0.016421586,0.638870251,0.178329102,10,1.081863577
-74.77938233,0.017820984,0.661362613,0.152821651,10,0.832280882
-74.86414436,0.033085635,0.68686195,0.1239605,10,-0.907514518
-74.70850399,0.015961145,0.637258939,0.181973987,8.5,0.999037867
-47.79515125,0.21426166,0.423080489,0.395077629,10,19.93774881
-28.43704742,0.378945383,0.449650426,0.346290894,10,108.1110174
-59.20075491,0.096208822,0.390046433,0.455138704,10,1.920497254
-69.14593634,0.030658201,0.458628843,0.384247041,10,2.072522132
-58.1235526,0.1094388,0.38312743,0.466524487,7,1.409181891
38.15243271,0.953609917,0.552603655,0.309292171,7,-26.01614057
-2.947505784,0.981526055,0.724080648,0.11457656,8.5,-51.36367167
-68.00652876,0.035295906,0.413690026,0.442569003,7,1.874877307
-55.67340323,0.136800448,0.396615737,0.442666748,7,2.75517874
-73.33506953,0.018531233,0.573312484,0.253326408,10,1.450476106
-49.31065498,0.662264218,0.745792621,0.070304194,8.5,-58.04604796
-63.40762742,0.060293409,0.396724844,0.453555751,10,1.933710025
-56.61386872,0.126136478,0.391150968,0.452341535,7,2.098530494
-22.77964066,0.931449099,0.750244674,0.081355401,8.5,-45.2071395
-62.75963878,0.065295801,0.383504711,0.472682058,8.5,1.699108885
-68.33484334,0.033853658,0.432511217,0.417638689,8.5,1.994427234
-73.98589656,0.017154918,0.605890801,0.216023326,10,1.268941098
-59.18995468,0.097851963,0.376827275,0.478114676,7,1.378370282
-57.88438478,0.112114306,0.384341398,0.464501293,7,1.50355386
-68.66853592,0.03259718,0.423123529,0.431628607,7,1.879713054
-72.78772097,0.019793027,0.550885325,0.278752907,10,1.582409115
-41.26883644,0.775444025,0.750347648,0.068966181,10,-49.49320679
-47.8948151,0.21299532,0.422298757,0.396348293,10,19.71608738
-71.85524746,0.022196818,0.489630286,0.353564684,7,1.648252434
-70.57273085,0.025919201,0.457716113,0.390856234,7,1.794499234
-61.10013356,0.079345424,0.371258578,0.489397763,7,1.395017146
-23.88285152,0.926033095,0.750254378,0.079543711,10,-44.98524675
-67.94532546,0.035551799,0.412906325,0.443612279,7,1.870678796
-53.46733123,0.158038977,0.405270955,0.426829105,8.5,6.285077183
-68.91027492,0.031682674,0.426905996,0.426868243,7,1.873704803
-57.81930259,0.111392461,0.388447731,0.457532372,8.5,1.986313831
-4.193818401,0.980091914,0.72667311,0.112364525,7,-50.95398483
-61.06565427,0.079654509,0.3713171,0.489299667,7,1.390772566
-65.62765888,0.046897284,0.38810994,0.47261914,7,1.755634929
26.21577966,0.970466549,0.619754911,0.200134977,8.5,-41.79407473
-60.54313845,0.084447882,0.372175928,0.487151206,7,1.367759525
-56.60396334,0.125914609,0.390849426,0.457760393,7,2.216285891
-68.08789451,0.034854456,0.429316458,0.421060577,8.5,1.959852107
-75.02856671,0.018599146,0.667504367,0.147216562,8.5,0.613104186
-62.79456698,0.064712065,0.393947554,0.456223895,10,1.874622615
4.597555014,0.987068215,0.706227358,0.130775558,10,-53.21301361
-54.40687754,0.14773119,0.406526763,0.424233368,10,4.924506018
-68.6189434,0.032710883,0.4366936,0.412808717,8.5,1.99877267
-61.82392228,0.07232583,0.390770392,0.458909401,10,1.817610791
-74.24990741,0.016656401,0.621639544,0.198036425,10,1.184194954
-51.0380024,0.15359829,0.344297814,0.558681088,10,20.40445933
-69.47135573,0.02960341,0.436265195,0.415983241,7,1.85816011
26.8221461,0.968305711,0.61577984,0.203077541,8.5,-40.45568886
-60.14229278,0.087659038,0.381209926,0.471561151,8.5,1.604734603
-70.671065,0.025538248,0.488921343,0.349736069,10,1.946327532
-56.65844881,0.125890621,0.391572166,0.451564603,7,1.992726313
-66.81667507,0.040704959,0.399378195,0.459416374,7,1.832615112
-64.8235263,0.051149068,0.406230105,0.443416215,10,2.007175798
-71.38193961,0.023515073,0.476699044,0.368401315,7,1.720376256
-21.82886343,0.93589342,0.749433755,0.082622975,7,-45.51452504
-68.16520009,0.034534415,0.43000999,0.420708769,8.5,2.000659316
-62.27923803,0.068543169,0.391807697,0.458133863,10,1.862626
-12.59367169,0.965872215,0.740319165,0.096386958,8.5,-48.15680591
-60.043895,0.088432265,0.380869921,0.471722623,8.5,1.656038546
-67.69613257,0.036437504,0.436449502,0.409572683,10,2.115168156
-74.48704829,0.01642092,0.637557404,0.179967978,10,1.090681723
-21.1390517,0.938830186,0.748781329,0.083448684,7,-45.66266555
-59.99856982,0.089659501,0.373606908,0.484293225,7,1.36237167
-74.59312334,0.01649803,0.645364954,0.171039739,10,1.038767414
-71.1098262,0.024258127,0.485322472,0.356615756,8.5,1.823006926
-66.35116502,0.04286801,0.407970509,0.445859421,8.5,1.955867181
-68.89557036,0.031646134,0.441054947,0.407799737,8.5,1.992390916
-71.75324869,0.022446798,0.502404292,0.336910134,8.5,1.727748364
-61.91843867,0.072270504,0.371182845,0.49067109,7,1.436751281
25.87444249,0.970689099,0.621019235,0.19745803,10,-42.08225073
-68.67527868,0.032581334,0.423299174,0.431302933,7,1.873097553
-74.75261423,0.015686508,0.62238447,0.199007119,7,0.977383568
-65.6621931,0.046354571,0.413432369,0.435459628,10,2.055905489
-66.97902406,0.039926275,0.401209696,0.457248955,7,1.834673268
-73.91661211,0.017289398,0.569123951,0.260788076,7,1.229526223
-65.84227631,0.045723107,0.389944289,0.470627751,7,1.770771032
-66.03506745,0.044515494,0.404865449,0.449401948,8.5,1.936527325
-66.49156908,0.042056257,0.421757361,0.426173094,10,2.100708836
-66.26468999,0.043503289,0.393793705,0.465602175,7,1.800455061
-67.55579081,0.037265239,0.407954411,0.449410023,7,1.857772511
15.38266342,0.987869067,0.673327159,0.160621169,8.5,-52.78350392
-70.1800517,0.027088181,0.478213307,0.361987947,10,1.997626294
-34.01578135,0.333428053,0.44035099,0.363565133,8.5,80.07246131
-61.29991524,0.07710079,0.380505781,0.474496911,8.5,1.626449438
-69.76617025,0.028512604,0.456274847,0.390188967,8.5,1.952880735
-68.02693535,0.035112509,0.428053039,0.422871497,8.5,2.002251171
-17.0110045,0.466184706,0.462112712,0.325436189,10,165.4344207
-56.09632741,0.132179938,0.394618158,0.446013456,7,2.373866984
-70.71793172,0.025372496,0.490071396,0.348384794,10,1.932858004
-75.16129866,0.016654636,0.659702989,0.156170098,7,0.701824691
-67.70924315,0.036383782,0.436643277,0.409143044,10,2.113162557
-21.74976106,0.936139488,0.749560474,0.082638433,8.5,-45.43466348
-68.29621569,0.033998672,0.431900559,0.418379036,8.5,1.999276649
-73.40952,0.018374431,0.561316043,0.26889274,8.5,1.395840291
-64.21422388,0.054937809,0.401750352,0.448224705,10,1.971905437
-59.26051072,0.097154163,0.376630029,0.478377391,7,1.359886911
-65.47379416,0.047754346,0.38689363,0.474363471,7,1.740711492
-70.57846045,0.025861191,0.472976502,0.371305415,8.5,1.877352873
-72.61664807,0.020224137,0.529755463,0.305295491,8.5,1.573884962
-58.2751181,0.107734085,0.382013912,0.468846019,7,1.423647979
-74.81503583,0.015602148,0.627310923,0.193684569,7,0.954661109
-69.64435207,0.028932194,0.454002612,0.392843855,8.5,1.959789601
15.77521691,0.987150882,0.670760501,0.160637369,10,-52.51451201
-71.21188262,0.023934396,0.502046978,0.334700733,10,1.872470661
-67.20794599,0.038742385,0.41762006,0.434755412,8.5,1.975328421
-49.89663054,0.193668435,0.418153845,0.40375849,10,13.97632338
3.732014549,0.986685612,0.708406316,0.128712256,10,-52.9192599
-60.75352372,0.082526352,0.371823796,0.488016161,7,1.372313803
-67.78859047,0.036125447,0.424842034,0.4273753,8.5,1.998518906
-67.39795127,0.037758204,0.432623311,0.413985827,10,2.104397357
-68.93395924,0.264504306,0.723642636,0.084807715,10,-42.86806331
-61.93345515,0.071431513,0.391038531,0.458734873,10,1.823650022
-69.68142783,0.028754314,0.468309559,0.373245652,10,2.039409482
-58.95773735,0.099383812,0.38409241,0.465385236,8.5,1.704087523
-69.5826834,0.029209479,0.438236959,0.41366513,7,1.853894183
29.75430515,0.937432007,0.585007885,0.221492018,10,-22.07951157
-68.95297669,0.031375407,0.455389436,0.387988056,10,2.07834156
-73.5823985,0.017986389,0.584810647,0.240025557,10,1.384629588
-68.11563021,0.034750432,0.429609952,0.420951135,8.5,1.970089246
-55.7900336,0.132761269,0.401609046,0.432976258,10,3.41535465
-63.02409687,0.063323039,0.384463721,0.471801355,8.5,1.719330613
-74.2299075,0.01664815,0.604249365,0.219816373,8.5,1.169911868
-63.63743652,0.059306529,0.375534584,0.48659569,7,1.588007724
-69.89505908,0.028075004,0.458828642,0.386978664,8.5,1.935586814
-63.31207572,0.061603558,0.374243904,0.488324122,7,1.559676482
-53.38750484,0.158512045,0.409694151,0.418583313,10,6.430682689
-46.02349895,0.712310036,0.747764211,0.069490176,7,-54.7721742
-69.75190991,0.028512596,0.46957575,0.372111678,10,2.04282152
-73.33815159,0.018522468,0.573452445,0.253377473,10,1.449446871
-74.48858405,0.016416892,0.637660349,0.17981972,10,1.090608477
-55.90853827,0.132361923,0.397114213,0.441456972,8.5,3.079940033
-70.6005353,0.025835647,0.458322162,0.390208704,7,1.792024517
9.766588283,0.662065245,0.490959321,0.292356972,7,215.8891824
-70.20306312,0.027054123,0.464967085,0.379881655,8.5,1.912621528
-71.93265897,0.021944138,0.522080174,0.311813498,10,1.75513411
-59.28343246,0.096911186,0.376532842,0.478724672,7,1.358904963
-60.34381372,0.085236062,0.389123117,0.459199804,10,1.800878835
-51.58047805,0.177195379,0.414784019,0.409590264,10,9.845157618
-58.05057609,0.10822539,0.393382243,0.448322513,10,2.127352569
-55.43255272,0.137819952,0.399738043,0.43659667,8.5,3.445369006
-68.6868866,0.032377575,0.450936737,0.393088179,10,2.101560322
-67.27907651,0.038499076,0.404617962,0.453625687,7,1.848278565
-62.18301677,0.429304413,0.734049774,0.077021737,8.5,-61.99553173
-73.31953058,0.018577006,0.557324138,0.273186766,8.5,1.418649408
-60.13356318,0.087742455,0.381223774,0.471526575,8.5,1.604969781
-64.04410805,0.056512446,0.37729529,0.485008922,7,1.639792606
-36.6898397,0.311493045,0.436926845,0.369982159,8.5,66.62518207
-71.71736266,0.02252018,0.515750661,0.319053085,10,1.792542059
-61.73149853,0.073108413,0.390485956,0.45909299,10,1.824998021
-63.81462825,0.058046871,0.376320356,0.486040945,7,1.602975107
-73.07216611,0.019153611,0.530537578,0.305649121,7,1.430732849
-68.5678249,0.033004908,0.421685951,0.433335883,7,1.873622538
-63.03786843,0.063234222,0.384532447,0.47171717,8.5,1.719520841
-62.65422707,0.065790409,0.393401942,0.456721922,10,1.86439006
-73.01059249,0.019299838,0.528121044,0.308576698,7,1.443566257
-58.39834899,0.105205551,0.386020888,0.461514667,8.5,1.820429537
-74.26364256,0.075564912,0.702785082,0.106131016,10,-7.388699707
-15.5257203,0.958389669,0.743183626,0.090952054,10,-47.22905048
-61.9973854,0.071224405,0.381247025,0.474358008,8.5,1.672428113
-74.38586142,0.016483069,0.630534073,0.187748198,10,1.133021611
-53.62984271,0.156691292,0.405548949,0.426546857,8.5,5.917235045
-59.70536862,0.091746992,0.381648756,0.470069909,8.5,1.661743344
-53.90185818,0.153940641,0.404864839,0.427672861,8.5,5.461204748
22.98110919,0.978802417,0.638001637,0.185001572,10,-47.09027735
-58.64928829,0.101797567,0.391226802,0.452496579,10,2.021904662
-71.73688216,0.022491172,0.501939904,0.337412097,8.5,1.730277178
-66.03050515,0.044711027,0.391596314,0.468151307,7,1.785451986
-6.321642025,0.977336786,0.73047401,0.108022637,7,-50.31290567
-9.596225611,0.972063133,0.735501258,0.101584878,7,-49.2558561
-59.4787049,0.094058401,0.382601059,0.468348877,8.5,1.627487561
-72.79165515,0.149577898,0.713790579,0.094461975,7,-22.15196302
-64.91906353,0.050775029,0.39530648,0.460203253,8.5,1.866125023
-64.21029834,0.055014582,0.401634872,0.448426255,10,1.98553247
-57.3350052,0.117787374,0.386759086,0.465312819,7,1.834467607
-72.91166503,0.019533548,0.524291749,0.312755383,7,1.466951871
-59.72604895,0.092395835,0.374696222,0.482135789,7,1.347506096
-70.19588703,0.027029398,0.478599136,0.361572113,10,1.99001943
-73.30979457,0.018611608,0.540288229,0.294098453,7,1.380768943
-70.99897156,0.024620534,0.467340924,0.379570663,7,1.756577371
-2.703217432,0.981722287,0.723855687,0.115301603,8.5,-51.36751448
-71.46391016,0.023217572,0.508681804,0.327140302,10,1.834715428
-26.90595216,0.909073009,0.752257635,0.07682642,8.5,-44.59473256
-53.15081097,0.161443017,0.406557825,0.424663179,8.5,6.78715608
-73.62246954,0.017887748,0.586754132,0.237914971,10,1.374870294
-52.62254054,0.166522296,0.412000589,0.41464395,10,7.759154901
-72.70234454,0.020001985,0.547675869,0.282619021,10,1.604347585
-56.74944169,0.123093638,0.393255115,0.4482834,8.5,2.479643572
-73.63195617,0.017899769,0.554844335,0.277517211,7,1.302013346
-59.99060226,0.089798858,0.373751369,0.483999845,7,1.354308416
-60.22587201,0.086234064,0.388779011,0.45869847,10,1.842453482
-58.97566564,0.099030648,0.383961512,0.472387741,8.5,1.769211196
-75.07787072,0.023120667,0.677762504,0.135392419,8.5,0.127052383
6.639661823,0.987936505,0.701036403,0.136557968,7,-53.41271505
-52.22267643,0.173652936,0.410476551,0.417979275,7,7.873179782
-59.34003967,0.096359033,0.376377307,0.479135873,7,1.348575872
-71.10686955,0.024235763,0.499383445,0.337820548,10,1.887686967
-63.62231815,0.059095039,0.387166156,0.469059868,8.5,1.765413063
-63.32133446,0.061498152,0.374251078,0.488218814,7,1.560090291
-58.51186385,0.10337151,0.392020678,0.451196028,10,2.004044976
-74.72664319,0.015724854,0.620384502,0.201349837,7,0.986605915
-62.96684993,0.063456657,0.394767107,0.45545947,10,1.878366957
-40.5298153,0.784676332,0.750547865,0.068998087,10,-48.65016518
-62.20733499,0.069881416,0.371481682,0.490655458,7,1.455358511
-35.57181389,0.839696729,0.752881025,0.070794514,8.5,-45.92748405
29.87213663,0.935068878,0.583175337,0.222723479,10,-20.46454023
-67.91747443,0.035490024,0.439524459,0.40705949,10,2.110428575
-60.20597911,0.087660061,0.373097443,0.485377605,7,1.350544412
-68.9454029,0.03145802,0.441863688,0.406837052,8.5,1.990904164
-74.34113377,0.016421453,0.593635382,0.23239275,7,1.110535413
-71.6462576,0.022767049,0.483779869,0.360235839,7,1.6786756
-57.62341032,0.114850254,0.385365156,0.462552261,7,1.632929634
-67.49904814,0.037304726,0.433848905,0.412503629,10,2.11386824
-72.78714179,0.019812713,0.535906645,0.298273732,8.5,1.540939638
-62.60652225,0.066456163,0.383002207,0.473128183,8.5,1.688412868
-28.37701239,0.89969333,0.752240155,0.075430763,7,-44.64332504
-60.15187815,0.088198627,0.373262117,0.484788438,7,1.348491656
-74.14867234,0.016805605,0.599351575,0.225203355,8.5,1.194785877
-73.205075,0.018823008,0.567624972,0.259724971,10,1.484667965
-61.2928947,0.076735415,0.389675764,0.459433414,10,1.80224901
-62.03300647,0.070582344,0.391306621,0.458506376,10,1.824429246
-64.5346696,0.053118162,0.392568536,0.463239837,8.5,1.836814522
-72.40550941,0.020745892,0.522492266,0.314174424,8.5,1.615802764
-68.2976277,0.034080996,0.417727568,0.437394937,7,1.875863781
-70.90278604,0.024837697,0.494359641,0.34356539,10,1.917113622
-55.21753366,0.140159982,0.400621983,0.435024022,8.5,3.668969579
-51.92931321,0.176621176,0.411361884,0.416545482,7,8.48633834
-71.52697524,0.023068905,0.496097016,0.344191361,8.5,1.765430358
-64.84155219,0.051050655,0.406182015,0.443311922,10,2.031125264
-12.5463675,0.965846224,0.76005939,0.108449837,7,-46.51886731
-4.657465414,0.97951012,0.727750325,0.111319198,8.5,-50.7687791
-74.83336223,0.01907284,0.667077535,0.146274802,10,0.69999259
-64.36481007,0.054451525,0.379235526,0.482926611,7,1.650947106
-69.85904142,0.028249705,0.443272624,0.407943458,7,1.844714772
-75.0098467,0.035820338,0.689594518,0.121994661,8.5,-1.434770489
-71.87928245,0.178076014,0.717512878,0.091845284,8.5,-27.53056364
-70.42055172,0.026403231,0.454480013,0.394715638,7,1.805808278
-61.42977223,0.07598435,0.380691494,0.474440919,8.5,1.619002953
-74.68585589,0.016817763,0.652790078,0.162551455,10,0.969131921
-60.6066747,0.082835344,0.389111832,0.459021448,10,1.795873416
-58.76421654,0.10073938,0.391303999,0.452725338,10,1.958530013
-74.54536175,0.016442693,0.641809695,0.175058535,10,1.061322776
-3.158943244,0.981392524,0.725039583,0.114720455,7,-51.25196119
-70.84819233,0.025003741,0.49303201,0.345056915,10,1.926715519
-0.170090981,0.588983112,0.478867549,0.3044033,7,219.7290191
-74.80149709,0.016031586,0.644804325,0.172987031,8.5,0.949384135
-72.32418126,0.020972717,0.503851393,0.336903453,7,1.574366995
-56.35000439,0.12934922,0.393280589,0.448507458,7,2.188267641
-40.74961505,0.277823649,0.43433822,0.374653474,10,46.95214163
-74.97920607,0.017291496,0.66146888,0.154313254,8.5,0.758578816
-62.91890191,0.063752944,0.394309978,0.455941836,10,1.902203263
-60.04476367,0.088037956,0.389199558,0.457915504,10,1.814180862
-74.21270029,0.092651462,0.722023336,0.109397058,10,-10.02965506
-72.84282969,0.019696457,0.521724006,0.315367232,7,1.480106995
-64.45785702,0.053599384,0.392080843,0.463780181,8.5,1.827940209
-61.57091094,0.074410347,0.390196858,0.459254986,10,1.808662405
-65.08713728,0.049787009,0.396561462,0.458831927,8.5,1.881925773
-72.83370157,0.140276662,0.714052254,0.095820034,10,-19.56302659
24.90568897,0.800331931,0.524898024,0.261555948,10,111.4916981
-60.72050085,0.082746402,0.371941734,0.494640911,7,1.403476205
-73.22829354,0.018797888,0.536854611,0.298234144,7,1.398871738
-56.98323279,0.120583131,0.392352055,0.450022188,8.5,2.3279781
-64.23653009,0.385601713,0.730736936,0.078613805,7,-59.27468933
-65.1206881,0.04979971,0.38414345,0.477249213,7,1.717934811
-42.79350628,0.262531977,0.430763621,0.381780818,7,38.04152002
-40.42883183,0.281877044,0.43257381,0.378525209,7,48.70518551
-62.1313002,0.070583828,0.3713735,0.49059721,7,1.45911089
-58.79289251,0.101893694,0.37879044,0.480352587,7,1.458033091
-65.35971695,0.04802938,0.410673214,0.438760236,10,2.041544392
-58.60511305,0.104052506,0.37982877,0.472780694,7,1.419731409
-74.70917153,0.015753061,0.619052224,0.202091338,7,0.992898887
-74.30247173,0.016502298,0.591218707,0.234432532,7,1.121635859
-60.55940499,0.084300904,0.372203232,0.487226594,7,1.361426213
-72.24773738,0.021127098,0.531961752,0.300477218,10,1.695762552
-74.34140137,0.016436867,0.611259068,0.211433784,8.5,1.134889439
-56.71245321,0.122652564,0.398066484,0.43948545,10,2.739774693
-59.66594122,0.09170337,0.389625916,0.456633751,10,1.832838839
-60.13151956,0.088322509,0.373345187,0.484568589,7,1.333394326
-74.6380899,0.07062337,0.702150682,0.10768417,7,-7.028713807
3.305810597,0.616815862,0.485965546,0.294499771,10,218.7025408
-71.60801788,0.022880922,0.482656179,0.36107383,7,1.69130329
-58.17645496,0.106870052,0.392940433,0.449319268,10,2.097090638
-52.79771286,0.167922442,0.409053022,0.420570124,7,6.691344632
-60.97191176,0.079548661,0.389278049,0.459425775,10,1.801028369
-71.65575641,0.022749083,0.483958743,0.36005877,7,1.684489089
17.66961841,0.986570808,0.664163351,0.167618987,8.5,-51.81893622
-74.81750784,0.015605045,0.627523809,0.193770971,7,0.952670438
-60.21574381,0.086358566,0.389141802,0.45828416,10,1.792474376
-58.36460735,0.104888538,0.392389938,0.450471411,10,2.044742849
21.70317224,0.982124611,0.645810415,0.181447917,8.5,-48.74933989
-18.71270017,0.948259794,0.74641254,0.086159553,10,-46.25843968
-10.4139072,0.970577072,0.737029626,0.100267266,7,-48.92106646
-58.35471876,0.105013005,0.392462022,0.450289688,10,2.042377856
-62.31997304,0.069108791,0.371642506,0.490492519,7,1.476438357
7.134903844,0.988122204,0.699884248,0.137975724,7,-53.47747768
8.894776247,0.988501764,0.694291871,0.142047176,7,-53.73300973
-59.90931245,0.089856627,0.381508112,0.470723967,8.5,1.623163542
-73.97459758,0.017160182,0.589408139,0.236545854,8.5,1.245477372
-5.957015936,0.97782816,0.729336433,0.107956258,10,-50.44149528
-64.23689772,0.054793972,0.401948802,0.448875769,10,1.969993106
-65.48613201,0.047487775,0.399856836,0.455088806,8.5,1.905229127
-51.22511511,0.180765566,0.415620175,0.408215866,10,10.64904191
-62.36242167,0.068325341,0.382292788,0.473708904,8.5,1.670770669
-58.72469885,0.102760001,0.379141462,0.474018857,7,1.413477942
-23.62177791,0.927359835,0.750749318,0.080350868,8.5,-45.03939793
12.24969855,0.682504672,0.495577836,0.287550879,7,207.3304805
-73.54397039,0.018089305,0.550693905,0.28156445,7,1.325396591
-67.72740727,0.036411,0.42441251,0.42671721,8.5,1.95852813
-62.62271742,0.066692709,0.372191342,0.490133982,7,1.499615457
-60.81319451,0.081417678,0.380551153,0.47362409,8.5,1.601792881
-73.21654514,0.018808722,0.552914335,0.27861658,8.5,1.442549488
-74.88403838,0.022213521,0.674915458,0.137533571,10,0.362319642
-64.5791021,0.052842179,0.392871035,0.46290634,8.5,1.840254577
-59.42525192,0.093980994,0.389965508,0.455686997,10,1.842722895
-74.14870426,0.016807332,0.599356321,0.225107068,8.5,1.19452222
-67.12185645,0.039123027,0.416437673,0.435936528,8.5,1.98852197
-63.66263276,0.059089709,0.375609408,0.486536729,7,1.591005869
-59.04013345,0.098528357,0.383766025,0.465928948,8.5,1.699422406
-70.00546484,0.027660462,0.47464762,0.366011277,10,2.01272263
-56.9846129,0.122067421,0.38929113,0.455715743,7,1.867988983
30.90716768,0.907913319,0.563421491,0.238464809,8.5,0.341141484
-61.94034412,0.07213101,0.371246679,0.490568017,7,1.436799674
-54.03862346,0.152424087,0.40425193,0.428908915,8.5,5.278941964
-60.31256256,0.086642196,0.372759719,0.485961918,7,1.359151976
-74.90963015,0.02513698,0.680532377,0.132754003,10,0.043852751
-74.52631977,0.016425746,0.640404598,0.176660382,10,1.071250283
-71.22652812,0.02389143,0.502396107,0.334440001,10,1.87318893
-66.95351419,0.039903189,0.414499901,0.438376213,8.5,1.980809597
-66.06847658,0.044503546,0.391937629,0.468176376,7,1.788828115
-3.106731171,0.562657771,0.472691657,0.316130927,8.5,219.1703016
-46.20126777,0.709929569,0.747151564,0.069302763,7,-54.71872628
-13.66654901,0.963320761,0.741022063,0.094402488,7,-47.95410645
-67.528168,0.037304733,0.421821108,0.429703755,8.5,1.957395899
-66.40560212,0.042554923,0.421122745,0.426996892,10,2.06596478
-18.94542189,0.946662269,0.766135127,0.09670716,7,-44.90045685
-63.33145445,0.061492316,0.374262683,0.488332288,7,1.569133213
-63.78235578,0.392659135,0.731484857,0.078086714,10,-58.86926285
-56.23291495,0.12881563,0.395710558,0.443926021,8.5,2.815185447
-35.83791823,0.836968956,0.752273943,0.070241457,10,-45.93153057
4.020366395,0.620875365,0.485852813,0.295305542,10,219.9209978
-43.88906554,0.742266724,0.748961754,0.06921824,7,-52.2923913
-55.56790864,0.138188271,0.397673545,0.440691771,7,2.786078757
-74.09409588,0.016916455,0.59615914,0.228785227,8.5,1.210772879
-64.66974773,0.052279313,0.393418638,0.462314115,8.5,1.85597017
29.53551066,0.943447765,0.589379755,0.219101783,10,-26.12717533
-72.87877699,0.019593376,0.539375126,0.2941944,8.5,1.51907889
-72.80468753,0.019751709,0.551526294,0.278087667,10,1.57863201
-74.14662339,0.016842726,0.615274551,0.205322428,10,1.21759853
-37.82246814,0.816543341,0.752192204,0.070090781,7,-47.322651
-60.40187864,0.085789282,0.372569897,0.486315668,7,1.355403117
-68.22878851,0.034375491,0.416818287,0.438977206,7,1.870386419
-74.68265336,0.015793645,0.617059618,0.205110446,7,1.001993552
-5.669727556,0.978208548,0.729610802,0.109282165,8.5,-50.44944966
-64.65622131,0.052610321,0.381003552,0.481024241,7,1.676488986
-65.01967626,0.368244147,0.730463305,0.079662544,7,-57.69916277
-74.8536396,0.034632347,0.687980494,0.122658852,10,-1.098073984
-67.92656271,0.035647457,0.412721669,0.443349709,7,1.864459119
-60.68502376,0.082562722,0.380530346,0.473429699,8.5,1.609150914
-40.32024555,0.281616103,0.435068657,0.373273064,10,48.82305402
34.41292627,0.981178355,0.596720911,0.276417487,8.5,-38.30449998
-51.39613632,0.179644464,0.412273487,0.414640532,8.5,10.21949119
5.296975488,0.987418393,0.704378166,0.132439923,10,-53.23955002
-68.47900673,0.033358482,0.4203925,0.4343826,7,1.871916459
-74.87762998,0.015564915,0.632486634,0.186652362,7,0.926580035
-68.21490692,0.034342801,0.430772316,0.419644361,8.5,1.995292792
-72.97521189,0.019367,0.54308674,0.290207481,8.5,1.499269082
-62.88846227,0.064707596,0.37288517,0.489590643,7,1.521974767
-61.39764947,0.076717471,0.371058384,0.490054016,7,1.409358477
-44.47839177,0.244783253,0.425905092,0.390341441,8.5,31.90879671
-72.95670183,0.019424332,0.526041998,0.310893306,7,1.454606166
-60.05459367,0.08795841,0.389238749,0.457958786,10,1.809193052
-12.41158887,0.966247038,0.739383087,0.096083277,10,-48.34650427
-56.53657002,0.124701687,0.39931781,0.436989774,10,2.743685877
-62.291993,0.068541128,0.391814338,0.458164565,10,1.876609095
-61.57369568,0.074330388,0.39037205,0.46845359,10,1.831169511
37.19798815,0.966940796,0.568027018,0.299395047,8.5,-31.15422474
-61.65613685,0.074006226,0.380771801,0.474642618,8.5,1.642844695
-74.49330672,0.016129314,0.603591875,0.220860159,7,1.06403203
29.22965265,0.945800423,0.591883164,0.216923128,10,-26.99892619
-59.40870487,0.095611568,0.375991591,0.479735916,7,1.351252827
-75.06040295,0.020329215,0.672510933,0.141363521,8.5,0.433208646
-74.81524699,0.01606073,0.645968707,0.171655212,8.5,0.940580772
-46.43657939,0.705534052,0.747335254,0.069156962,10,-54.53512406
-55.71747053,0.136542475,0.396954309,0.441984943,7,2.64562822
-63.16875994,0.062586262,0.373788563,0.497031396,7,1.565332659
-64.7082806,0.051836059,0.405337694,0.444377157,10,1.99953677
-59.76829338,0.091211998,0.38175381,0.470024105,8.5,1.633301799
27.61877301,0.961525652,0.60812015,0.206393193,10,-36.91099408
-62.4687345,0.067927743,0.371910709,0.490383802,7,1.486703663
-55.24766691,0.139556083,0.399864446,0.436517073,8.5,3.718976656
-64.10606769,0.055615077,0.400823241,0.449318089,10,1.988974802
-62.24457532,0.069269531,0.382006534,0.473926949,8.5,1.663128906
19.03618237,0.9846205,0.657150854,0.170876539,10,-50.71745515
-70.76897731,0.025321049,0.461960416,0.386309031,7,1.785583182
-15.98057429,0.957076311,0.743825368,0.090314568,10,-47.07234529
-62.66920085,0.065656652,0.393195325,0.45694596,10,1.898121322
-61.54280588,0.075457446,0.37103708,0.490399464,7,1.416680812
-62.69901618,0.065722385,0.382963239,0.473155068,8.5,1.732441876
-71.73904058,0.022494101,0.501904281,0.338638794,8.5,1.739496299
-57.48833312,0.116377055,0.3862187,0.461137866,7,1.672630482
-60.12701927,0.088464847,0.373343226,0.484846469,7,1.352872253
-57.75235403,0.11219332,0.38891195,0.456265437,8.5,1.985226887
-56.87428232,0.12329458,0.389888084,0.454579043,7,1.926909568
-67.01051473,0.039546947,0.427843553,0.419299095,10,2.097335539
-67.33733568,0.038123977,0.419054663,0.433177575,8.5,1.992076228
3.156489559,0.986391937,0.710039601,0.127487475,10,-52.94301091
-57.7899641,0.113035796,0.384529182,0.464192959,7,1.568862123
-59.73739297,0.091582588,0.381985451,0.469752434,8.5,1.621752629
-61.5693838,0.075245333,0.371012051,0.490144839,7,1.421126537
-61.24607288,0.077167741,0.389654463,0.459428212,10,1.798101733
-65.52961513,0.047089765,0.412182626,0.436947764,10,2.052434809
-57.62404277,0.114583587,0.384600463,0.463850931,7,1.717755684
-72.96583054,0.01938819,0.542734352,0.290542581,8.5,1.499969385
-73.98979434,0.017136494,0.573051683,0.256224486,7,1.209908863
-57.56791261,0.113944038,0.389010481,0.455847655,8.5,2.134996642
-65.73881297,0.045932645,0.414168536,0.434650265,10,2.0579016
-72.52384051,0.020452275,0.526514091,0.309036682,8.5,1.592391889
-60.59592979,0.083951898,0.372055326,0.487523487,7,1.371319493
-64.87907786,0.051014149,0.395008889,0.460535076,8.5,1.863134616
-56.7223987,0.123449158,0.39353756,0.447833162,8.5,2.477520293
-51.72834916,0.176308489,0.411399515,0.416176344,8.5,9.480770636
-46.5791087,0.225726038,0.425335039,0.391068928,10,23.93816714
-29.89297803,0.888891671,0.752406679,0.07371044,10,-44.52696188
-64.30737734,0.054551511,0.391078613,0.464949077,8.5,1.819212122
-64.67867676,0.052228872,0.393513435,0.462229159,8.5,1.853379406
-75.23746321,0.020946373,0.673724661,0.139104385,7,0.197595694
-54.80458106,0.146610003,0.40135066,0.434166033,7,3.595511117
-71.520133,0.023086689,0.495949822,0.344404914,8.5,1.762810409
-67.07296341,0.039479534,0.402249424,0.456201909,7,1.83997176
-28.53510193,0.898550627,0.752081066,0.074805884,10,-44.5014297
-60.16857343,0.086897829,0.389200043,0.458162279,10,1.801890032
-72.93284954,0.019451545,0.556446875,0.272411263,10,1.552001769
-74.4820647,0.01619334,0.620641848,0.200756025,8.5,1.087693995
-69.71251582,0.028645692,0.468910209,0.372392903,10,2.036009378
-68.94196149,0.031408957,0.455164082,0.388296836,10,2.083329498
-66.01565209,0.044618054,0.404677374,0.449400361,8.5,1.93538071
-54.18734057,0.150793463,0.403570728,0.429890559,8.5,5.080222772
-59.36754699,0.094649213,0.390050712,0.455474846,10,1.866200792
-63.34207126,0.061065738,0.385742695,0.470666101,8.5,1.754107845
-67.24573891,0.038461273,0.430649534,0.416145443,10,2.108898607
-72.67196411,0.020115561,0.515472564,0.323333601,7,1.519750762
-67.79070348,0.036030335,0.437770469,0.409043292,10,2.111363273
-61.74063418,0.073788172,0.371036588,0.490348846,7,1.432410427
-73.43139392,0.018338688,0.545589943,0.288698318,7,1.352534055
-67.05071309,0.03958704,0.40199799,0.456310706,7,1.838999228
-61.76564875,0.073535486,0.371105656,0.49022736,7,1.422132982
-62.9310487,0.063735132,0.394565802,0.455680036,10,1.882524962
-74.36814145,0.077878349,0.703920735,0.106053929,8.5,-8.024658619
0.318327064,0.984488978,0.716758299,0.121076564,10,-52.2942041
-74.92360075,0.043503314,0.69360464,0.117482676,8.5,-2.498526489
-61.01906607,0.079455971,0.380487493,0.481911501,8.5,1.648489883
-59.81672583,0.090805918,0.381812741,0.47013779,8.5,1.617444613
-65.93037378,0.044903685,0.415986368,0.432615731,10,2.070963828
-66.38724086,0.042850409,0.395006355,0.464698084,7,1.805446539
-52.51921728,0.167557934,0.412215435,0.414137865,10,7.957161314
-55.6348617,0.135305974,0.398165995,0.439552166,8.5,3.341237521
2.115036527,0.985750319,0.712424737,0.124995612,10,-52.67256321
-51.93987974,0.177082052,0.412472535,0.414457176,7,8.30167925
-67.11852703,0.039026551,0.4290731,0.417895391,10,2.107382327
-61.52967371,0.074767454,0.390134399,0.459352122,10,1.806383945
-63.35898625,0.061226315,0.374407883,0.488086218,7,1.561527249
-57.01031556,0.119413473,0.396976502,0.441539041,10,2.565959518
-73.59569802,0.017966001,0.569935738,0.259017337,8.5,1.349926622
-64.94104877,0.050853021,0.382862732,0.478391439,7,1.702144021
-61.37739767,0.076036727,0.389823375,0.459376111,10,1.804752175
-60.18989523,0.087797778,0.373025072,0.485447004,7,1.363993079
-64.60463299,0.052478707,0.404567432,0.44522405,10,1.991986002
-68.05239291,0.035106337,0.414367329,0.441806336,7,1.870280811
16.02643763,0.987772805,0.670902541,0.162530571,8.5,-52.52338373
-52.15843776,0.616539476,0.743609478,0.071181252,8.5,-61.1069282
-65.53719663,0.047055198,0.41215213,0.436915289,10,2.064714379
-61.12790331,0.078525518,0.380147925,0.474570548,8.5,1.649779716
-70.84621763,0.025080083,0.463848232,0.383193077,7,1.766231434
-70.49968087,0.026098085,0.471314448,0.372822383,8.5,1.87843966
-74.58642932,0.073923414,0.703083056,0.106871902,7,-7.530532003
-59.79843083,0.091493782,0.373784637,0.483512212,7,1.410799165
-69.69272513,0.028764698,0.454951495,0.391766859,8.5,1.951885776
-71.70505334,0.022584993,0.500958155,0.338609481,8.5,1.743272709
-74.83992912,0.019430692,0.668070643,0.145010104,10,0.657607337
-71.59710828,0.022848447,0.512349782,0.322854676,10,1.812542405
-64.00852258,0.056266513,0.400447802,0.449658373,10,1.951756389
-64.35183977,0.054053968,0.402727398,0.447439106,10,1.977528906
-65.06408903,0.050119899,0.383769967,0.477725062,7,1.709147519
-61.80145207,0.072773656,0.381097479,0.475064132,8.5,1.635715553
-54.51008231,0.147839448,0.403456189,0.42994888,8.5,4.503797468
-62.26689299,0.427525727,0.733954192,0.077091547,8.5,-61.89490567
-57.82394455,0.112606776,0.384171326,0.464907819,7,1.579453356
-35.9836857,0.318123308,0.440671368,0.362986391,10,69.37231614
-56.86112215,0.12105888,0.397577348,0.440407148,10,2.643404819
-56.4270704,0.125923826,0.399750473,0.436194205,10,2.818760384
-59.18315634,0.09641,0.390172618,0.454849867,10,1.910469094
-74.95708184,0.015536959,0.639307605,0.17954636,7,0.891718862
-66.39309962,0.042655524,0.408400726,0.445367452,8.5,1.957962521
-64.12548235,0.055725391,0.389953614,0.466095332,8.5,1.804929848
4.033785523,0.986883283,0.708297073,0.130466031,7,-53.06196345
-61.6557662,0.074068257,0.380928571,0.474477118,8.5,1.628895438
-62.97413653,0.06342918,0.394799705,0.455423356,10,1.880800859
-17.47887089,0.952412129,0.745275491,0.08798993,10,-46.59584904
-61.4641354,0.076197852,0.371103674,0.489832206,7,1.410220659
-65.25798021,0.048985139,0.385092873,0.476905875,7,1.736470663
-54.80576443,0.144260954,0.401470342,0.433826067,8.5,4.245661734
-67.00134383,0.039813947,0.40139671,0.457165034,7,1.84135177
-69.47572145,0.25584673,0.724503148,0.086272043,7,-42.39555042
-52.41782065,0.612355102,0.743447981,0.07127885,8.5,-61.29049121
-70.32426474,0.026711006,0.452496635,0.397089353,7,1.811130741
-73.58181047,0.018006956,0.552472434,0.280037701,7,1.314661161
-65.20354251,0.048923179,0.409330464,0.440017795,10,2.031325538
-56.02894799,0.130694393,0.395696237,0.44381634,8.5,3.086293628
-55.59222065,0.13820322,0.398243005,0.43964495,7,2.677783858
-67.53687195,0.037262539,0.42159649,0.430255061,8.5,1.99224182
-72.53159268,0.020417725,0.541549625,0.289657694,10,1.639802188
30.31488953,0.892343148,0.557505192,0.239989151,10,14.18704424
-58.12789435,0.109278013,0.382529264,0.46779281,7,1.491931585
-72.06558868,0.021639951,0.495814,0.346202139,7,1.615795443
-67.85652415,0.03583178,0.425738963,0.425481935,8.5,1.999766204
-55.37350178,0.137263884,0.403067365,0.430369635,10,3.816826585
25.93490037,0.969522833,0.62004683,0.197641148,10,-41.68598924
17.81033502,0.986470659,0.663578449,0.168070319,8.5,-51.74408052
-55.2228608,0.138801622,0.403379354,0.429747755,10,4.000880745
-52.10822275,0.17465723,0.410566468,0.418297867,7,8.158316793
-70.91785008,0.02486906,0.46537153,0.381343705,7,1.770735989
-69.38479736,0.029850511,0.449384119,0.398313037,8.5,1.966881882
-58.28995908,0.106227008,0.386056789,0.461207527,8.5,1.889322545
-69.31201635,0.030053334,0.461526349,0.380982995,10,2.064233367
-75.20450096,0.019260531,0.684748731,0.149604688,8.5,0.546803747
-62.66388474,0.06572677,0.393474112,0.457429919,10,1.864312339
-65.324938,0.048237265,0.41035618,0.438972592,10,2.04127189
-73.22712918,0.018801268,0.536800613,0.298401022,7,1.399611009
-62.9805715,0.063356732,0.394829452,0.455416937,10,1.879338225
-66.12543008,0.044198712,0.392480612,0.46751179,7,1.790743858
-61.1246244,0.079064933,0.371304273,0.489033096,7,1.377631955
-64.52214432,0.053196205,0.392483924,0.463333147,8.5,1.835842943
-61.69965573,0.073700948,0.380985909,0.474468143,8.5,1.631056952
-74.53385949,0.016113384,0.624253698,0.196618831,8.5,1.07012511
-62.7349319,0.065481801,0.383420508,0.472758239,8.5,1.697365353
-50.44509588,0.188001786,0.413347909,0.417689691,8.5,12.86084147
-70.46329252,0.026188645,0.484250493,0.354991876,10,1.970933305
-59.72312138,0.092450564,0.374727745,0.482164629,7,1.349493916
-66.48842106,0.042040904,0.421805711,0.426095324,10,2.090109234
-52.42906367,0.171362336,0.40949912,0.419901777,7,7.506839579
-52.65737524,0.167293983,0.409656623,0.419019571,8.5,7.465278875
10.1477182,0.988536256,0.690303165,0.144646848,10,-53.53189174
-73.16204197,0.018933151,0.550633851,0.281207838,8.5,1.455338772
-55.48086821,0.136666114,0.398018696,0.439607889,8.5,3.585999539
-66.57979783,0.04185535,0.396958802,0.462615554,7,1.813966579
-59.92958845,0.089654507,0.381477592,0.471303281,8.5,1.624880117
-74.04457607,0.017022877,0.576071872,0.252648829,7,1.194585921
-64.58535596,0.053060774,0.380550687,0.481464639,7,1.671428157
-73.77859997,0.017569365,0.594666537,0.228671,10,1.32955788
-63.38898358,0.060748912,0.386015134,0.47092261,8.5,1.753696906
-65.55057939,0.047327388,0.387410037,0.473458877,7,1.75638173
-65.2318307,0.048771202,0.409549117,0.439781472,10,2.036144945
-72.30710765,0.02101607,0.503304488,0.337402062,7,1.577173991
-65.23876414,0.049102894,0.384962557,0.476298272,7,1.73256982
-59.22811331,0.096029125,0.390281337,0.454999015,10,1.885792435
-70.75939519,0.02526899,0.490963102,0.347439635,10,1.935625252
-70.37701845,0.026450582,0.482440657,0.357243566,10,1.972496245
-71.59568155,0.022877659,0.497993691,0.341971623,8.5,1.75273366
-71.44151219,0.02330753,0.493816836,0.346825833,8.5,1.777113006
-74.45877281,0.016425974,0.635552321,0.182185808,10,1.103423109
-64.50349033,0.053110668,0.403570991,0.446289062,10,2.016134493
-73.86286777,0.01739242,0.58337927,0.243801753,8.5,1.276975119
-67.54043484,0.037138869,0.434434979,0.41185982,10,2.109375074
-62.2808814,0.068702615,0.392053053,0.45791505,10,1.846181767
-75.25209738,0.024282836,0.679771339,0.133163789,7,-0.151747679
-58.47235519,0.105569751,0.380631315,0.471253316,7,1.438570324
-71.27707294,0.023747779,0.503700313,0.334066947,10,1.866216641
-50.1729564,0.64824353,0.74459327,0.070049348,10,-58.75086971
-60.6262555,0.082622273,0.389109366,0.459094111,10,1.792748604
-1.7623677,0.982684032,0.721275305,0.116573086,10,-51.73085569
-56.04094889,0.132657801,0.394558261,0.446165027,7,2.460340771
-64.63044394,0.052799552,0.38081524,0.480705211,7,1.677310426
-63.05845248,0.063073225,0.384600539,0.471669114,8.5,1.721925942
-64.64991502,0.052628797,0.380928282,0.480888584,7,1.677905078
-73.35274589,0.01851417,0.542162026,0.292060765,7,1.368771323
-12.36962898,0.966406415,0.738867348,0.096319624,7,-48.39123765
-68.84455053,0.031927013,0.425913954,0.428157666,7,1.870732672
-66.90994057,0.318020998,0.727078756,0.081687614,10,-50.90002727
-10.5729493,0.509739704,0.464536265,0.326116101,7,196.4550864
-73.04252373,0.019222066,0.529368268,0.307054735,7,1.436957377
-69.8067313,0.028321856,0.470714167,0.370566246,10,2.029762184
-71.7524004,0.022419728,0.51675668,0.317689748,10,1.786785814
-66.66579305,0.041293975,0.411288502,0.442060928,8.5,1.970020968
-55.04746661,0.141649563,0.400503665,0.435432184,8.5,3.960998096
-69.07526012,0.030918348,0.457473713,0.385726025,10,2.070026068
-70.96594555,0.024640335,0.495899936,0.34183973,10,1.907268354
-70.46653704,0.026211886,0.470436391,0.373822589,8.5,1.897359499
-61.41274958,0.076130364,0.38067757,0.474432597,8.5,1.618347748
-74.80653953,0.015624632,0.62664814,0.19330759,7,0.956368863
-74.67825457,0.015968576,0.634911433,0.184310484,8.5,1.012518345
-71.7524672,0.022483589,0.486643956,0.35711624,7,1.669991891
-44.82642654,0.729213917,0.748851184,0.069491115,7,-53.48590395
-59.11932289,0.09773,0.383555339,0.466438744,8.5,1.685407773
-67.78410851,0.036051349,0.437614236,0.408217386,10,2.117961589
-68.28328929,0.03415516,0.417589935,0.437965953,7,1.870332544
-73.54912706,0.115657262,0.710098736,0.09895248,8.5,-15.07243103
-55.50952202,0.13579719,0.402656191,0.431664012,10,3.682352235
-65.11969329,0.049797,0.384166481,0.477286665,7,1.714546703
21.05173563,0.982916928,0.64854286,0.178625455,8.5,-49.35961356
-72.00189952,0.021761718,0.524207643,0.326912586,10,1.742978334
-73.37623869,0.128041403,0.711875891,0.09722209,7,-17.78823884
-14.88518313,0.960141331,0.742815278,0.09238892,8.5,-47.43136812
-67.48326116,0.037384068,0.43362723,0.412719991,10,2.115834673
-14.35863201,0.961532207,0.742793037,0.093576045,8.5,-47.54643146
-61.70895992,0.074010498,0.371087927,0.490173891,7,1.417764619
-71.63790456,0.022737478,0.513489766,0.321627037,10,1.806196068
30.88877791,0.927645087,0.574543596,0.231834741,8.5,-15.8930878
-60.45414773,0.084232578,0.389096634,0.45881506,10,1.797921422
-67.17806423,0.038892961,0.41717241,0.435343836,8.5,1.984240384
-57.13220989,0.118953279,0.391680634,0.45119628,8.5,2.249216293
-64.34362262,0.054320538,0.391309339,0.464621567,8.5,1.821942467
-62.6109444,0.066784643,0.372177326,0.490175994,7,1.497547794
-60.10480391,0.087401413,0.389197758,0.45800447,10,1.796178512
-36.03999657,0.280131664,0.373596309,0.501952035,7,86.69414941
14.1581701,0.987777354,0.676783078,0.155852643,10,-53.00993159
-58.08633926,0.107720014,0.392924628,0.449084872,10,2.156671678
-60.20123744,0.086525448,0.389039015,0.458472576,10,1.81456525
-71.23420685,0.023931181,0.473034684,0.37305132,7,1.731821715
-67.21540281,0.038572104,0.430265258,0.416571695,10,2.10856576
-60.38184041,0.085378708,0.38081502,0.472721276,8.5,1.609804357
-60.29812978,0.08677513,0.372838989,0.485808611,7,1.352325034
-67.37902102,0.037841915,0.432329991,0.414182699,10,2.109908796
-73.18152492,0.018889108,0.551436165,0.280583298,8.5,1.451593824
-60.45935489,0.084639159,0.380704462,0.472803986,8.5,1.609219724
-71.61270758,0.02285964,0.482869324,0.361301954,7,1.683134557
-53.22504613,0.1610109,0.407070901,0.423787465,8.5,6.557555547
-74.41677393,0.016450971,0.63263343,0.185604123,10,1.121239199
-58.14765189,0.109115489,0.382612744,0.46772718,7,1.465444893
29.30330257,0.857489893,0.5413053,0.252597498,7,48.87347361
-68.08155951,0.034980034,0.414703101,0.441376114,7,1.876161701
-59.20126822,0.096876044,0.383271682,0.467445494,8.5,1.682834425
-74.74213402,0.015701752,0.621575422,0.199891707,7,0.98100573
-63.12739841,0.062583549,0.384894216,0.471366543,8.5,1.726344818
-67.32978461,0.038217148,0.419323089,0.432580461,8.5,1.955887795
-66.48041442,0.042356543,0.395907128,0.463578699,7,1.812424575
-52.05960781,0.175308156,0.410960111,0.417128203,7,8.212153039
-29.05539848,0.894916,0.752975205,0.074922161,8.5,-44.52689962
-72.44942331,0.02061959,0.538710895,0.292782025,10,1.655310521
-70.98159953,0.024604499,0.496268624,0.357716676,10,1.910154867
-61.37870692,0.075988392,0.389824428,0.459424672,10,1.801265457
30.30529766,0.924156662,0.575244834,0.228101217,10,-12.9103516
-72.46415988,0.020601445,0.524472706,0.31147147,8.5,1.604012575
-59.15833192,0.097366352,0.383529335,0.46652122,8.5,1.670881591
-60.33819155,0.085279487,0.38909083,0.458604412,10,1.799791743
-69.94723816,0.027852393,0.473410518,0.367440994,10,2.025416777
-67.89690659,0.035784474,0.412414627,0.444066411,7,1.856531081
-58.20101973,0.108448216,0.382031044,0.468785797,7,1.488190715
-54.62416331,0.14849158,0.401956955,0.433093739,7,3.842457097
-59.55490673,0.092790182,0.389775293,0.4562233,10,1.84275517
-29.56554059,0.891364412,0.752708511,0.074315497,8.5,-44.58793733
-57.30779426,0.118540644,0.387692091,0.458614362,7,1.693671051
-63.0324956,0.06324248,0.384365573,0.480922662,8.5,1.764891924
-73.79908647,0.017524124,0.595734526,0.227545188,10,1.323904115
-74.81682501,0.018569724,0.665161574,0.148619464,10,0.754225392
-56.15079853,0.546194261,0.739635871,0.072663828,10,-63.2808853
-58.46953848,0.105505291,0.380462781,0.47158238,7,1.452011189
-54.17584014,0.151042631,0.403909669,0.429357555,8.5,5.058977956
-74.5049219,0.016420028,0.638843832,0.178529347,10,1.082118227
-44.68160513,0.244944665,0.426334251,0.390215166,7,30.80323595
-62.79766053,0.065392849,0.372642912,0.489805843,7,1.514217506
-61.38049389,0.076061955,0.389825018,0.459402265,10,1.810952497
-60.46749593,0.084113529,0.389108813,0.458835386,10,1.796441313
-57.57975911,0.115439462,0.385926375,0.461662908,7,1.61377283
-13.29032771,0.494186483,0.464985051,0.321905955,7,182.5167447
-72.75728165,0.01990016,0.518623783,0.319583174,7,1.494434306
-8.835806929,0.973348724,0.73413539,0.102445717,10,-49.4679212
-72.44543991,0.020666886,0.507825744,0.332161716,7,1.552163128
-73.20417384,0.018837308,0.552385269,0.28053149,8.5,1.446337479
-16.3984862,0.470701976,0.4627174,0.324482716,10,168.2187199
-60.89893221,0.080591376,0.380460978,0.474424937,8.5,1.609450248
-60.71131132,0.082873875,0.371806464,0.488025257,7,1.377602959
-68.97496353,0.031346941,0.442346951,0.406307757,8.5,1.989984363
-58.22907192,0.108208666,0.382107677,0.468557603,7,1.453477067
-61.48815528,0.07548537,0.380743438,0.474463598,8.5,1.621349648
-65.79034251,0.045792854,0.414767473,0.434105678,10,2.053316162
-19.98458271,0.943456509,0.748221997,0.08496885,8.5,-45.87793895
-72.37619733,0.020822219,0.521492151,0.314906103,8.5,1.623619936
-69.7532014,0.028506546,0.469690058,0.371502658,10,2.032833703
-68.70941364,0.032357855,0.438109733,0.411193485,8.5,1.995663727
-66.72602201,0.04113223,0.398472986,0.460840309,7,1.822274562
-59.34269188,0.094792724,0.389800758,0.455688277,10,1.9000303
-58.28755152,0.107458608,0.38138502,0.469827912,7,1.489567776
-58.87817173,0.494895401,0.736963862,0.074226231,10,-63.54464576
-58.32213479,0.10607543,0.386518175,0.460729486,8.5,1.817174691
-74.87458712,0.021744482,0.673821439,0.138613619,10,0.390339133
-56.80596254,0.121322984,0.397611185,0.447415376,10,2.79197462
-72.34395622,0.020883312,0.535155228,0.314825583,10,1.677309729
-67.96000873,0.294079649,0.726237237,0.083387636,8.5,-47.94020532
8.271801031,0.988750488,0.698303465,0.142192561,7,-53.48478605
-62.38749111,0.067795971,0.392373515,0.457648563,10,1.850690076
-61.69560021,0.07331893,0.390158244,0.459387773,10,1.848745112
-57.2217807,0.117972825,0.391275882,0.451932699,8.5,2.205228166
-65.9855149,0.044621371,0.416537178,0.432014521,10,2.073233189
-58.92202072,0.099112999,0.390901699,0.453500424,10,1.932044262
23.20585756,0.979024977,0.63728702,0.187081505,7,-46.84756258
-74.98945921,0.015607428,0.642293883,0.175244125,7,0.868537613
-61.48442604,0.076003602,0.371090334,0.490103869,7,1.411692683
-56.42369522,0.128564589,0.392990501,0.449099103,7,2.126488208
-74.74962422,0.015694421,0.622157925,0.199425685,7,0.978065779
-74.7544598,0.015683043,0.622528843,0.199062499,7,0.976643438
-60.32624992,0.085914425,0.38094921,0.472245272,8.5,1.601058091
-62.59992591,0.066473133,0.382954055,0.473420591,8.5,1.689421121
-73.66029301,0.017816314,0.58864814,0.235575751,10,1.362286249
-69.72558667,0.028706897,0.440783592,0.410689294,7,1.851681525
-74.5706882,0.015984561,0.608935526,0.214708813,7,1.039704611
-26.33773237,0.912664892,0.75187817,0.077474525,7,-44.76848681
-70.12313292,0.027273365,0.476998042,0.363363309,10,2.006991698
-67.9174548,0.035501674,0.439528944,0.406107824,10,2.109549261
30.38120205,0.877491503,0.548543776,0.248500752,8.5,28.34407806
-62.06090016,0.070704552,0.381278883,0.474513955,8.5,1.687939136
-62.22235993,0.069443833,0.38191049,0.474041066,8.5,1.666970587
-71.66893831,0.022650608,0.514354087,0.320707689,10,1.802343702
-38.1769621,0.299857953,0.437936174,0.368037845,10,58.72122695
-69.38733412,0.029749709,0.463016009,0.379279003,10,2.043540863
-58.98767209,0.099112123,0.384073867,0.465435941,8.5,1.692667841
-27.45210173,0.905645871,0.752438625,0.07630289,8.5,-44.56042484
-55.40973069,0.137799672,0.399208771,0.437682088,8.5,3.548856148
-74.76670594,0.016001435,0.641940074,0.17591508,8.5,0.967857021
-72.53310018,0.020429227,0.526835043,0.308882037,8.5,1.590479278
-63.59898933,0.059292164,0.387031749,0.46988675,8.5,1.769916738
-74.43552412,0.016269685,0.617463269,0.204312734,8.5,1.104008905
-73.18820491,0.018862489,0.566915228,0.260641845,10,1.487924077
-58.32436524,0.105989037,0.386310374,0.460968271,8.5,1.838271308
-59.17316623,0.096558302,0.390340307,0.454721389,10,1.896227867
18.3416045,0.985349862,0.660297654,0.168667763,10,-51.24903857
30.4519726,0.906068979,0.56458163,0.23513885,10,1.807419032
-67.19309444,0.038678891,0.429978689,0.416922817,10,2.109573998
-63.08274654,0.062889915,0.38442008,0.471792643,8.5,1.755709353
30.32569993,0.882041745,0.551368838,0.245615911,8.5,23.92237743
-64.14515139,0.055597292,0.390072275,0.465966996,8.5,1.80645997
-58.69029301,0.103152233,0.379408873,0.473924993,7,1.412742514
-60.29453973,0.086085335,0.380908927,0.472171775,8.5,1.594801424
-54.19574161,0.14997213,0.407190719,0.423059308,10,5.212693252
-59.24142609,0.096489778,0.383196197,0.467208385,8.5,1.669822871
-73.4609213,0.018269589,0.546916878,0.286558815,7,1.344869287
-72.55281244,0.020383145,0.527491562,0.307940792,8.5,1.589096055
-67.74019392,0.036475678,0.410300889,0.447481187,7,1.861441525
-58.2711994,0.105764482,0.392345197,0.450267445,10,2.105951761
-73.48846757,0.11268829,0.709330524,0.099133276,10,-14.17453837
-56.1082931,0.129281908,0.400415652,0.435196957,10,3.152273402
-70.89607051,0.024859071,0.494203351,0.343766489,10,1.917486496
9.414943326,0.988867244,0.693949248,0.144072198,8.5,-53.60071481
25.71763461,0.97069389,0.621653382,0.196644244,10,-42.2082841
-64.98388945,0.050639685,0.383164848,0.478479037,7,1.708363196
-43.08410364,0.752309348,0.749384707,0.068840479,10,-51.04328478
-71.42944085,0.023314031,0.507758602,0.328197133,10,1.839425794
-62.18905709,0.069710184,0.381876292,0.474017261,8.5,1.659480179
-64.60513186,0.052682513,0.393077753,0.462682945,8.5,1.839271365
-73.02522851,0.019236389,0.560127112,0.268199695,10,1.530616691
-65.8948981,0.04543252,0.390377833,0.469959137,7,1.776740437
-74.86718176,0.032373928,0.686354223,0.12452324,10,-0.835751523
-74.8948455,0.016400753,0.653049807,0.163245818,8.5,0.875360337
-61.54791611,0.074970465,0.380744337,0.47461429,8.5,1.631171886
-69.59671555,0.029046407,0.466675306,0.375146348,10,2.049815905
-54.11259128,0.154076925,0.404268089,0.42906213,7,4.513246601
-74.07750735,0.098469714,0.707584408,0.101702129,7,-12.02450551
-5.684263972,0.547057699,0.471424306,0.31356872,8.5,210.1213332
-60.28242606,0.085750642,0.389099213,0.458405109,10,1.795028022
-56.91940201,0.120411323,0.397342316,0.440884602,10,2.612126861
-25.11144753,0.919644885,0.750358446,0.078313603,7,-44.94424497
-74.7166977,0.05800206,0.698933528,0.111525727,8.5,-4.695248602
-68.78371764,0.032072455,0.439265476,0.409837419,8.5,1.99533844
-59.12425496,0.097027155,0.390525977,0.454348347,10,1.883834733
-73.51521075,0.018152557,0.549391739,0.283809099,7,1.330743838
-45.64247272,0.236430626,0.424921975,0.392464372,7,27.10096483
-65.36170215,0.048405273,0.38595775,0.47475068,7,1.736730183
-70.49663069,0.026075059,0.48505315,0.354138034,10,1.959974094
-65.64194223,0.351841443,0.729730648,0.080368354,8.5,-55.49762112
-63.95230971,0.056858391,0.388875069,0.467289102,8.5,1.7984617
-74.77795584,0.015649883,0.624362861,0.196846113,7,0.968327498
-67.24552808,0.038540141,0.417934794,0.434429113,8.5,1.989830188
-70.5544512,0.025936109,0.472356812,0.37160278,8.5,1.8884993
-57.06824471,0.119608445,0.39183016,0.450743585,8.5,2.29635984
-66.12603627,0.044068823,0.405732501,0.449226233,8.5,1.945178613
-60.76074891,0.081341788,0.388899371,0.459570785,10,1.823036803
-64.80507558,0.05126146,0.406095842,0.443559036,10,2.004884156
-18.94714115,0.947434438,0.747078978,0.086469362,7,-46.2273306
-73.86877517,0.017389783,0.566616422,0.263968897,7,1.242142403
-65.36997991,0.047979224,0.410763451,0.438444803,10,2.042133334
-75.0541769,0.015728934,0.648319466,0.16922077,7,0.830653363
-52.67560542,0.166684884,0.408746823,0.420839963,8.5,7.552681046
-63.74598519,0.058243469,0.387823242,0.468502951,8.5,1.773212893
-25.85719779,0.39759641,0.449682092,0.346463922,8.5,122.8792766
30.11176002,0.876782221,0.549090072,0.247372801,7,29.05371711
-61.90362306,0.071611115,0.390638822,0.459105541,10,1.859673523
-70.86851017,0.024973799,0.479504776,0.363340321,8.5,1.853459762
-66.99989913,0.039573108,0.427639941,0.419508164,10,2.105164048
-60.89971753,0.080177637,0.389291878,0.459292706,10,1.788463231
-70.07001127,0.027542197,0.447381977,0.402919339,7,1.828073222
-58.19266569,0.106720327,0.392950432,0.449280767,10,2.08479776
-59.36705235,0.096080462,0.376258152,0.479358248,7,1.347643001
-58.6633808,0.102413662,0.385271199,0.463082718,8.5,1.721172942
-56.38104181,0.126695539,0.394404582,0.452036383,8.5,2.868576966
-60.31110151,0.085935084,0.380888223,0.472277977,8.5,1.595720059
-57.30068424,0.118566632,0.387560376,0.458600686,7,1.713042449
-72.59944753,0.020270516,0.529094883,0.306097294,8.5,1.58242151
-72.75173165,0.01988284,0.549509797,0.280478226,10,1.593068472
-15.2309386,0.478513277,0.461479473,0.327369532,7,175.1704702
-25.73973528,0.916167512,0.751390445,0.077975322,7,-44.83860987
-59.14078114,0.097545093,0.383583606,0.466412161,8.5,1.672954698
-56.31864562,0.129074443,0.392363962,0.454982827,7,2.412573448
6.555264482,0.987880578,0.701029307,0.135585477,10,-53.29501363
-67.16145211,0.03893897,0.416912459,0.435390776,8.5,1.989124345
-73.26084358,0.018696693,0.570032968,0.256969565,10,1.470413185
-47.3810784,0.218362012,0.421039108,0.399133031,8.5,21.4482379
-61.96724178,0.07109903,0.391138807,0.458645123,10,1.818262278
-56.78110759,0.124256245,0.390193659,0.454046781,7,2.003498847
-14.01221011,0.962479004,0.741782025,0.093800177,8.5,-47.7299151
-39.1129879,0.80176536,0.751819423,0.069644924,8.5,-48.00279477
-53.94300477,0.586400065,0.741901951,0.07180358,8.5,-62.51549058
-54.79594557,0.146877745,0.401771264,0.433411291,7,3.560717556
-2.540982959,0.572663677,0.478050053,0.3038647,10,214.2449324
-67.92219944,0.035470393,0.439569677,0.406005636,10,2.112092176
-5.601872337,0.978333625,0.728835034,0.109212554,7,-50.57517056
-10.57828975,0.97020056,0.736970339,0.099806177,7,-48.92645375
-58.75308376,0.102456119,0.378992902,0.474289255,7,1.410542196
-74.88974019,0.028415433,0.683032823,0.128181468,10,-0.344022595
-69.11711664,0.030828379,0.444847486,0.403619642,8.5,1.971149507
-74.96161237,0.017060342,0.659615602,0.155744396,8.5,0.78845854
-67.58587598,0.03712566,0.408293305,0.44852171,7,1.861334848
-69.53142726,0.029275835,0.465556402,0.376398115,10,2.044141251
-59.76468974,0.092000483,0.374548187,0.483003111,7,1.352466949
-60.19372498,0.086632143,0.389135008,0.458283789,10,1.805087476
-37.70534783,0.81637023,0.768475382,0.077556551,7,-47.25248152
-74.74504171,0.017358763,0.658110117,0.156490174,10,0.888031634
-66.63713878,0.041448165,0.411025193,0.442494545,8.5,1.964441472
-61.3712212,0.076958518,0.371061395,0.489794954,7,1.408730343
-37.91827248,0.815330246,0.752350269,0.069953565,8.5,-47.20609789
-71.18052616,0.024086199,0.47173144,0.374359697,7,1.735766712
-64.91031883,0.050831834,0.395040943,0.460479178,8.5,1.887569532
-55.38028156,0.138119128,0.399328673,0.437468935,8.5,3.579143133
-54.59709902,0.573893968,0.740934334,0.07182152,10,-62.615175
-60.16303171,0.086933513,0.389176621,0.45824088,10,1.804378252
-58.98287687,0.099127676,0.383990794,0.465572424,8.5,1.703948142
17.68692791,0.726604882,0.504377857,0.280038035,7,181.3224372
-61.81013813,0.07236324,0.39073587,0.458952641,10,1.809959242
-64.27645502,0.054541494,0.402218384,0.448588759,10,1.972702265
-59.06389234,0.0981466,0.38326983,0.466636079,8.5,1.739881014
18.04419536,0.985846629,0.661586232,0.167603746,10,-51.4307219
-71.46915434,0.023209889,0.508776936,0.327044694,10,1.83887951
-58.24681585,0.107966795,0.381841093,0.469034767,7,1.470007531
-62.20572153,0.069118023,0.39156896,0.4583298,10,1.858733703
-59.96320296,0.090012242,0.373723018,0.483816189,7,1.360599328
-51.76212106,0.178109166,0.411451467,0.416463027,7,8.903740471
-56.97986576,0.119736662,0.397066002,0.441338929,10,2.584876603
-49.98433979,0.193090153,0.418516594,0.40322414,10,13.66629363
-59.4699289,0.0942265,0.38263746,0.468350799,8.5,1.640046565
-67.58335757,0.037020808,0.422138393,0.429591999,8.5,1.997462957
-71.81528812,0.022315178,0.488387734,0.354975746,7,1.663186409
-60.56433936,0.083693413,0.380700638,0.472998562,8.5,1.599649831
-74.26708194,0.016570332,0.589038233,0.237605799,7,1.132118598
-66.39266842,0.042826636,0.395066463,0.464468967,7,1.805094635
11.55312661,0.988599257,0.686093663,0.149312159,7,-53.59163139
-73.23762749,0.018776526,0.537268792,0.297911435,7,1.394694451
-66.3210405,0.04319299,0.39435997,0.465297605,7,1.801401191
-67.68209147,0.036724879,0.409572074,0.447451655,7,1.858254646
-53.88807136,0.155550923,0.40306247,0.43118926,7,5.118345978
-53.8437489,0.1569684,0.405370999,0.427064376,7,4.905008744
-55.75663834,0.136603393,0.39795854,0.440000436,7,2.459718178
-74.23087069,0.016645982,0.604308711,0.21941623,8.5,1.169568375
-74.44550663,0.016426016,0.634614414,0.183362537,10,1.109972026
-57.01597319,0.12185595,0.389509876,0.455275771,7,1.803827219
-66.03207514,0.044382096,0.416985314,0.43151676,10,2.077482748
-71.71518131,0.022579262,0.485630622,0.35816076,7,1.673039123
-71.36415006,0.023525047,0.491818679,0.34926617,8.5,1.78461475
-74.17342989,0.01678675,0.616884972,0.203369754,10,1.210383887
-66.46484108,0.042453716,0.395736018,0.463724522,7,1.813563248
-64.26391453,0.054615571,0.401863384,0.448124371,10,2.002358676
-71.54010926,0.023061863,0.480895986,0.364831206,7,1.695158911
-60.53146068,0.084558825,0.372204097,0.487129582,7,1.367518242
-68.18243632,0.034391926,0.44331078,0.401723164,10,2.106661534
-63.94946736,0.057164104,0.376963564,0.485413111,7,1.617722074
-74.35668526,0.016391638,0.594621581,0.231069174,7,1.10583351
-64.12794157,0.055709358,0.389968413,0.466079323,8.5,1.805120815
-68.42458642,0.033480271,0.433755267,0.416198255,8.5,2.001446192
-72.67607914,0.165325722,0.730687785,0.099522056,7,-25.26867332
-56.62098835,0.126191896,0.391515383,0.452091352,7,2.052236095
30.76778781,0.921194688,0.571381906,0.233130295,8.5,-9.97678609
-74.90211429,0.016438017,0.653723394,0.162794039,8.5,0.868418114
-59.58912938,0.092912536,0.382290737,0.469001472,8.5,1.616326934
-65.60514791,0.046657923,0.412880176,0.436065972,10,2.055142157
-69.80952242,0.028363964,0.457153031,0.389224148,8.5,1.94461211
-72.35648219,0.020856537,0.535495844,0.296431127,10,1.680504995
-58.97218105,0.099271417,0.384125079,0.465334702,8.5,1.694831604
-73.70279781,0.017733085,0.575176807,0.252924893,8.5,1.320448058
-74.89729513,0.045605633,0.694563799,0.11645542,8.5,-2.802149998
-56.77586623,0.124965298,0.392068468,0.450440487,7,1.772284735
-63.76914998,0.058371159,0.376161207,0.486506899,7,1.59526541
-61.98134535,0.071779619,0.371331539,0.498112264,7,1.470162798
-15.60951661,0.958128173,0.744077077,0.091471694,8.5,-47.14381413
-68.63640035,0.032577824,0.4502019,0.393725729,10,2.095994737
-72.72438568,0.019953685,0.548456374,0.281853247,10,1.602913725
33.44782202,0.982616347,0.603403766,0.26896015,7,-39.60647163
-27.49269055,0.905557495,0.75225298,0.076332435,7,-44.69048024
-73.91779817,0.017281137,0.602104941,0.220024937,10,1.28904106
-74.85728241,0.033604589,0.687124124,0.12356544,10,-0.987797736
-56.91983568,0.120985032,0.391842018,0.450715655,8.5,2.45509271
-61.6896701,0.074211531,0.371075207,0.490499163,7,1.423325919
-69.96566409,0.02780977,0.473786105,0.367029445,10,2.023215622
-71.13354678,0.024167509,0.485990768,0.355554845,8.5,1.811799911
22.66961633,0.99417798,0.669971707,0.213299888,8.5,-50.14160018
-58.08066115,0.108653901,0.387507102,0.458872965,8.5,1.880562204
-60.19539305,0.087843317,0.373352715,0.484887165,7,1.330229265
-58.30636015,0.10730023,0.381411169,0.469773786,7,1.472624763
-72.11254679,0.021524359,0.497154199,0.344459201,7,1.615556924
-47.0109814,0.698016581,0.747437821,0.069796948,7,-55.83143832
-68.04113279,0.034966411,0.441229069,0.404102194,10,2.113089737
4.33036044,0.986802519,0.706828966,0.130137693,10,-53.10805364
-72.43837205,0.02068451,0.507581145,0.332037574,7,1.554239138
-70.19456653,0.027130504,0.44978166,0.400406982,7,1.826832482
-59.41917644,0.094033936,0.389672713,0.456003062,10,1.891324548
-55.03273838,0.14400519,0.400057923,0.436499678,7,3.362562134
-55.15109803,0.139480905,0.403422908,0.429775593,10,4.106954113
-71.38118135,0.02351412,0.47670392,0.36874682,7,1.71836836
-74.04940848,0.017025171,0.609528295,0.211832447,10,1.248591072
-65.62089068,0.046580361,0.413048487,0.435886713,10,2.053683903
-74.32912982,0.016540906,0.626741314,0.192140306,10,1.155994093
-61.01639463,0.080094994,0.371350226,0.489141968,7,1.390794404
-64.17965034,0.055364926,0.390235468,0.465599616,8.5,1.813448038
-74.35112479,0.016403124,0.594269082,0.23174372,7,1.107459396
-71.51476812,0.023075993,0.510074964,0.325593624,10,1.825783681
-74.40325915,0.076016317,0.703560469,0.106411358,8.5,-7.706582159
-55.00106043,0.141077893,0.403881236,0.428889375,10,4.281574034
-22.99822047,0.419374468,0.452675398,0.341172394,8.5,137.8792477
-55.03144306,0.141893313,0.400723569,0.434992667,8.5,3.959077778
-70.44746075,0.026315523,0.455001149,0.39428246,7,1.807837155
-62.60727174,0.066449137,0.382954565,0.47326598,8.5,1.694728547
-58.77270574,0.102255485,0.37892984,0.474419114,7,1.403985372
-75.22102676,0.029025479,0.684110873,0.127235815,7,-0.73436218
-62.89388677,0.064019186,0.394424145,0.455801141,10,1.877986291
-59.34219736,0.094876843,0.390053428,0.455361586,10,1.871267788
25.31256041,0.972034069,0.624225011,0.194832091,10,-43.0456242
-74.61873611,0.016570671,0.647427592,0.168592187,10,1.015362864
-74.52247302,0.016132046,0.623453821,0.197789522,8.5,1.073861824
-61.06359311,0.078778738,0.389453872,0.459406837,10,1.794295485
-63.88863947,0.057059445,0.39965595,0.450583987,10,1.948665581
-66.23959569,0.043594265,0.393568872,0.466214863,7,1.796412541
-69.70293942,0.028685632,0.468673817,0.372784611,10,2.042709445
-74.76814341,0.01598848,0.642042421,0.176506597,8.5,0.96838272
-66.42503,0.042503815,0.408770151,0.444943137,8.5,1.9556905
-73.18305911,0.018899619,0.534988846,0.30103723,7,1.408627845
-12.81803412,0.965350332,0.739866229,0.095364881,10,-48.11978805
21.1305941,0.754765469,0.509918281,0.276419124,8.5,158.7397929
-66.69703226,0.041097436,0.424371218,0.423344819,10,2.071092504
-39.4591059,0.288350969,0.433262891,0.376789803,8.5,53.37223203
-59.62704818,0.09209527,0.38965423,0.456499577,10,1.841338019
-54.84233284,0.145188191,0.39937663,0.442226371,7,3.866909321
-74.89747945,0.024401537,0.678523307,0.133434709,10,0.134701003
-58.65911563,0.103524323,0.379796486,0.472881284,7,1.380751363
-48.62329055,0.67406261,0.746187259,0.07010995,7,-57.31737
-57.65016099,0.114598206,0.385373983,0.462674777,7,1.605950793
6.39912343,0.63753921,0.487144362,0.295613247,7,220.4731599
-64.5341038,0.053370712,0.380198482,0.481767562,7,1.669766548
25.56925061,0.974018038,0.624775169,0.197314987,8.5,-43.57155854
-72.46023967,0.02062976,0.508321168,0.331752269,7,1.549280549
-73.8843142,0.017349802,0.584517633,0.241850497,8.5,1.270846596
-66.31907521,0.043023251,0.407684997,0.446198481,8.5,1.949611886
-67.87905282,0.035757438,0.426289701,0.424777056,8.5,1.975119965
-63.70612273,0.05886502,0.375795814,0.486732281,7,1.601794939
-61.85635997,0.072419371,0.3811352,0.474609349,8.5,1.65249799
-40.78366478,0.782182035,0.752044194,0.069951594,7,-49.44909514
-62.02246978,0.070571579,0.391018387,0.458759565,10,1.849582187
-70.3448886,0.026650131,0.452807824,0.396097052,7,1.819787677
-57.35595039,0.116506363,0.390671842,0.453034309,8.5,2.143129618
-58.22662664,0.108124051,0.381725297,0.469213373,7,1.500969361
-69.92672866,0.027968527,0.459352382,0.386632871,8.5,1.942527036
-16.85091177,0.954473002,0.744595996,0.088887969,10,-46.82228864
-60.27510962,0.086396943,0.381015747,0.472063882,8.5,1.601842808
-49.9594982,0.197321342,0.418707366,0.40339562,7,12.92364142
-46.55952698,0.225929309,0.42543151,0.39085336,10,23.97821876
-35.17434563,0.843716477,0.752930413,0.070924033,8.5,-45.79310403
-64.75216062,0.374111113,0.73070656,0.079381152,7,-58.35902952
-72.10016871,0.021550743,0.496847019,0.344505557,7,1.611416231
-70.04113843,0.027584743,0.461731351,0.397842436,8.5,1.925924309
-53.80385528,0.15705097,0.404758185,0.428201342,7,5.069743449
-71.80589725,0.022304639,0.503910062,0.335136677,8.5,1.719517886
11.55864253,0.989013333,0.687175834,0.149833252,8.5,-53.53831553
-73.82431658,0.017475605,0.58135937,0.245839515,8.5,1.28753534
-50.23193948,0.647913601,0.745140732,0.070503295,8.5,-59.18272898
-73.67090224,0.017801706,0.573599246,0.254741553,8.5,1.328913197
-60.09060842,0.473651512,0.736227113,0.075462365,7,-64.20337557
-67.65981544,0.03679951,0.409198569,0.448105738,7,1.865785663
-65.24352196,0.049083122,0.385084617,0.476241544,7,1.724962249
-69.06449611,0.031093128,0.429398023,0.424254666,7,1.869373458
-16.16165539,0.95658734,0.744384995,0.090629463,7,-47.09654148
-74.141807,0.01685319,0.614787199,0.205891779,10,1.23803704
-71.65226094,0.022757171,0.483878378,0.360351252,7,1.683665201
-65.64252037,0.046812949,0.388212197,0.472527465,7,1.758765109
-63.01241895,0.063735974,0.373297221,0.497405331,7,1.551920566
-62.29944055,0.068783366,0.382046163,0.482518268,8.5,1.711303869
-57.53063789,0.11460136,0.38989005,0.454465466,8.5,2.069030947
-61.00113588,0.080264598,0.371426691,0.488933668,7,1.386164093
-61.6252781,0.074324326,0.380890902,0.474480287,8.5,1.627438135
-57.15248182,0.117884425,0.396497012,0.442442689,10,2.486520609
-74.67745043,0.016793144,0.65214346,0.163276114,10,0.971730314
-66.8222966,0.040672617,0.399462526,0.459295526,7,1.830446944
4.423136145,0.987036235,0.706751746,0.130428803,10,-53.02500378
-23.67437837,0.927148561,0.750105782,0.079752037,10,-45.0357731
-65.7129427,0.046413607,0.388827665,0.471880281,7,1.761239324
-70.6564777,0.025623607,0.474620602,0.369027254,8.5,1.87854434
-30.7040846,0.882889796,0.752903858,0.073658879,7,-44.73075542
-72.38319605,0.020823347,0.505775803,0.334556973,7,1.563148676
-74.33770756,0.016536664,0.627316247,0.191536125,10,1.15182652
17.8407852,0.729958917,0.506856733,0.276107829,10,177.4266845
-45.75185617,0.232908662,0.426030492,0.389724347,10,26.92430826
-75.0741675,0.047041039,0.709853761,0.12206114,8.5,-2.710447193
-64.09995746,0.05589439,0.389794924,0.466372197,8.5,1.803986454
-47.89451047,0.214000864,0.420861421,0.399301433,8.5,19.64709277
-43.77010433,0.743677452,0.749480336,0.069418774,7,-52.37565962
-57.42701036,0.115730885,0.390353311,0.453616578,8.5,2.112049454
-62.59960853,0.066508945,0.382980803,0.473146651,8.5,1.687908864
-73.24443968,0.018758888,0.537552591,0.297571337,7,1.393237165
-73.0873703,0.01909496,0.562687787,0.265401982,10,1.513292713
-8.489514533,0.973950689,0.733603261,0.103081245,10,-49.69187124
-69.47703954,0.029489802,0.46441868,0.377717453,10,2.063170959
-60.53436445,0.083970699,0.380726312,0.472911998,8.5,1.599632009
-57.8633704,0.112168516,0.383938416,0.46532092,7,1.569307601
-74.80097815,0.016016348,0.644728495,0.173344469,8.5,0.952426911
-69.65433961,0.028897575,0.454186763,0.392601129,8.5,1.959259653
-54.75497472,0.143992526,0.405343254,0.426329576,10,4.487955989
-57.51812998,0.113915545,0.395199285,0.445456084,10,2.323543386
-58.48833265,0.104315599,0.385865598,0.461966444,8.5,1.779580946
-67.38932151,0.037805926,0.432548885,0.413977754,10,2.100426239
-67.66696818,0.036567158,0.436074514,0.409788518,10,2.113243725
-62.67733337,0.066310633,0.372348583,0.490054129,7,1.504042607
-63.13905639,0.062825382,0.373648664,0.48890107,7,1.541349717
-66.99550451,0.039710876,0.414997636,0.438122745,8.5,1.981161822
-69.74365278,0.028546434,0.469452236,0.371896084,10,2.039610768
-56.92558654,0.121217883,0.392616543,0.449511124,8.5,2.358865676
-65.44619888,0.047543868,0.411471536,0.437648114,10,2.042413895
-70.5890402,0.025790862,0.48708818,0.351878097,10,1.95266638
-67.12912729,0.039107595,0.416669745,0.435847611,8.5,1.97424667
-58.78769986,0.10208016,0.378766223,0.474657669,7,1.413166922
-55.7435102,0.134096231,0.397650418,0.440529121,8.5,3.248365812
25.12616322,0.972806259,0.625478726,0.193911287,10,-43.72291025
-70.61655142,0.025782971,0.458658569,0.389843281,7,1.791794723
-72.92697786,0.019479489,0.541224126,0.292061173,8.5,1.508569993
-70.73811424,0.025408871,0.461380973,0.386522909,7,1.778112729
-66.97946839,0.039667793,0.427359596,0.419830007,10,2.108885849
-62.04400926,0.071294157,0.371280569,0.490607499,7,1.452376917
-64.22210522,0.055358229,0.37844548,0.48400738,7,1.636370049
-72.26274378,0.021092727,0.532402962,0.300124116,10,1.697915304
-73.80906225,0.017506443,0.580567399,0.246718788,8.5,1.291757225
-60.64257864,0.082509407,0.3891222,0.459070622,10,1.795597532
-64.21164044,0.055475412,0.378319229,0.483980904,7,1.645094862
-61.42094729,0.443532229,0.734286376,0.07607876,10,-62.18412085
-54.34875279,0.148044685,0.406030489,0.425084415,10,5.092777726
-64.78657327,0.05137971,0.405707888,0.44405209,10,2.033344752
-70.1012262,0.027437944,0.447994252,0.401710912,7,1.826177527
-57.87886025,0.112112545,0.384218374,0.464829189,7,1.52192743
-71.21100946,0.023999519,0.472444853,0.373541306,7,1.73571937
-58.28111822,0.107700301,0.38222664,0.468286572,7,1.382231173
-68.2084058,0.034350505,0.431020819,0.419093406,8.5,1.959945842
-65.78609207,0.04601012,0.389455099,0.471149968,7,1.766149039
-71.41928097,0.193520232,0.718968571,0.090539545,8.5,-30.51603384
-65.62536254,0.046560813,0.4130865,0.435880593,10,2.054569027
-62.85951497,0.064242873,0.39399563,0.45619777,10,1.909148743
-54.0910885,0.584219568,0.742281817,0.07207839,8.5,-62.43631042
-68.87025754,0.031749643,0.440719136,0.408315075,8.5,1.986015418
-72.50952978,0.020507903,0.509951107,0.329168913,7,1.542374241
-66.67141853,0.041443396,0.397893686,0.46129319,7,1.821238152
-63.74617788,0.058009374,0.398831789,0.451374218,10,1.933878649
-73.72856339,0.017680055,0.576463624,0.252856082,8.5,1.313769406
-60.13772787,0.46988789,0.735663591,0.07509391,10,-63.11166746
-61.69246238,0.073778288,0.38089107,0.474684489,8.5,1.644022999
-72.65285868,0.146311831,0.713415365,0.094644995,10,-20.70033083
-3.264021294,0.981176654,0.724492797,0.114018492,7,-51.29283035
-63.21886823,0.061928901,0.385246551,0.471115174,8.5,1.737839605
-22.72780404,0.370503679,0.38289618,0.479850804,10,171.4958108
-61.23392293,0.077663804,0.380532778,0.474366811,8.5,1.614996388
-60.08722945,0.087640735,0.389179053,0.457988361,10,1.81156161
-60.4361823,0.08474327,0.380350797,0.473122582,8.5,1.647034201
-74.69841785,0.015961838,0.636472472,0.182522813,8.5,1.003495371
-58.01099282,0.108645996,0.393519282,0.448183376,10,2.13973154
-57.95158502,0.110013152,0.387973109,0.458004214,8.5,1.928205199
-59.03546197,0.099492341,0.377809075,0.476527988,7,1.35443231
-59.97598757,0.0898728,0.373871901,0.483843135,7,1.333542441
-61.91932876,0.071508522,0.390989053,0.458778638,10,1.821146713
-60.33191585,0.085275594,0.389106018,0.458557066,10,1.789464974
-69.2519441,0.030399242,0.432488768,0.420621037,7,1.865917681
-65.64531755,0.046446061,0.413260944,0.435703316,10,2.056710645
-67.17777975,0.038997685,0.403407196,0.45428381,7,1.847640399
-71.82997849,0.022266441,0.488902261,0.353900312,7,1.652444511
-71.90207822,0.022075815,0.490981671,0.351895974,7,1.641104002
-66.15543054,0.04387336,0.406008334,0.44810003,8.5,1.945584634
-68.08593808,0.034864738,0.428871571,0.421832481,8.5,2.002673148
-74.07585257,0.016957872,0.577817996,0.250823436,7,1.186428827
-73.17648555,0.126079582,0.71120085,0.097134184,10,-16.70508969
-70.93741798,0.024735857,0.495187741,0.343773398,10,1.913536257
-66.15720924,0.043729917,0.418253797,0.430095932,10,2.083031142
-72.32329045,0.02093676,0.53444573,0.297653287,10,1.681178643
-60.28527025,0.086902945,0.372832249,0.485813817,7,1.358508464
-73.85282752,0.017415537,0.582849895,0.244221526,8.5,1.279772865
-70.16280607,0.027186705,0.464055237,0.38119805,8.5,1.924735033
-21.25755947,0.938369361,0.748821515,0.08325501,7,-45.67686069
-36.8139502,0.827194326,0.752333471,0.070154053,8.5,-46.58087197
10.17793327,0.9886016,0.691113567,0.145833073,8.5,-53.53763412
-21.19864139,0.937695887,0.768890463,0.093395401,10,-44.16346761
-73.53996294,0.018086309,0.567307306,0.261988985,8.5,1.362975698
-54.82581817,0.144397986,0.402176086,0.432265395,8.5,4.114986668
-73.51186623,0.018140786,0.581454309,0.243942751,10,1.401638222
-54.12282538,0.15076441,0.4074599,0.422585105,10,5.310016252
3.270106933,0.986269344,0.709520587,0.12765143,10,-52.91344943
-69.45308919,0.029670567,0.435961544,0.416049104,7,1.857287212
-63.61931634,0.058885531,0.398077036,0.45214628,10,1.928331487
-62.93060233,0.063737222,0.394531048,0.455759608,10,1.886756313
-53.34740663,0.161826316,0.406344826,0.425325965,7,5.823414219
-60.63573025,0.082966657,0.380488959,0.473347952,8.5,1.612505142
-58.07545473,0.108545838,0.387039876,0.459542379,8.5,1.936710369
-64.67003143,0.052281625,0.393501459,0.462209701,8.5,1.84726033
-56.73776339,0.122470512,0.398486112,0.438528415,10,2.626658342
-55.87820201,0.131767017,0.401209363,0.433719144,10,3.348268095
-68.77893062,0.272296742,0.72488623,0.084692785,8.5,-44.53072522
8.480277636,0.988305826,0.695383721,0.140321213,10,-53.53309642
-74.50639058,0.016421432,0.638950263,0.178396333,10,1.081393111
-73.90093138,0.017314964,0.585404578,0.241184449,8.5,1.266274592
-61.77199887,0.073098916,0.381088481,0.474442015,8.5,1.634775264
-68.54995929,0.032923032,0.448926702,0.395403435,10,2.090144878
-74.80904342,0.015609496,0.626833909,0.193932654,7,0.956594793
-72.77034924,0.019851879,0.535309384,0.298888264,8.5,1.542203336
-67.51825636,0.037433732,0.407490715,0.450038198,7,1.856826555
-66.3454322,0.33475015,0.728950285,0.081349437,8.5,-53.61303429
-33.90660942,0.334776678,0.442659655,0.359017569,10,79.91765732
-72.54328702,0.020404264,0.527186511,0.308260499,8.5,1.588554801
-56.6551841,0.123890971,0.393045758,0.448463834,8.5,2.611711672
-59.82917674,0.090595339,0.381749498,0.470188055,8.5,1.608224151
-65.00269096,0.0505015,0.383331466,0.478263349,7,1.705145782
-60.96983327,0.079466066,0.38905038,0.45961198,10,1.821264749
-61.19654728,0.078521378,0.37122571,0.489507833,7,1.396662675
-17.06660674,0.95376915,0.744809362,0.088567285,10,-46.74499203
-62.07501532,0.070583793,0.381592224,0.474332103,8.5,1.653425682
-59.3375387,0.094845904,0.390001109,0.455394855,10,1.869048205
-66.86343513,0.040333386,0.413476312,0.439551428,8.5,1.977620335
-5.663653025,0.978232204,0.728383673,0.108256959,10,-50.56509275
-64.94208335,0.050857121,0.382900714,0.478633481,7,1.700209859
-59.04113929,0.09944632,0.377657848,0.476480175,7,1.372564439
-57.4548315,0.11459113,0.39535897,0.444578759,10,2.351155119
-41.98724114,0.269555187,0.431962535,0.379578615,7,41.45565384
-63.76707959,0.058108093,0.38791892,0.468343424,8.5,1.777097293
-74.83024118,0.050478373,0.696431406,0.114319467,8.5,-3.52566706
-73.85898954,0.017402529,0.583174418,0.243813018,8.5,1.278060421
-9.30092703,0.972539397,0.73488027,0.10159491,10,-49.3140945
-74.76834744,0.015984859,0.642054036,0.176133634,8.5,0.968674065
-49.48428617,0.197989109,0.419608005,0.40118908,10,14.98818908
-74.74637802,0.017374113,0.658188085,0.156510306,10,0.890277608
-57.16160344,0.118598,0.391456304,0.451609794,8.5,2.245720148
-69.23246273,0.030470964,0.432254533,0.420789245,7,1.857953496
-72.83619786,0.019676405,0.552725356,0.276715516,10,1.571531801
-45.08769003,0.725654368,0.748549563,0.06947376,7,-53.5795556
-67.49205062,0.037550595,0.407128842,0.449849098,7,1.859344152
-60.51248108,0.084056385,0.380660684,0.472901602,8.5,1.595673015
-57.79043993,0.11099725,0.394243563,0.446825029,10,2.214700136
-61.85957551,0.072375764,0.381226093,0.474391526,8.5,1.639522446
-63.30847919,0.061015719,0.396416398,0.453831445,10,1.902307441
-70.40646715,0.026401951,0.46914359,0.3753169,8.5,1.903171985
-61.42826051,0.076402329,0.37110125,0.489760782,7,1.39727285
-73.51025193,0.018165408,0.549167175,0.284051452,7,1.331768391
-72.36813697,0.020822794,0.535948241,0.296026151,10,1.671867693
-69.93453713,0.027997359,0.44466845,0.406575419,7,1.84415236
-39.12412212,0.291785281,0.436606646,0.370475456,10,54.29886976
-32.03164596,0.872236375,0.752292964,0.072441267,7,-45.01379023
-66.736419,0.041086269,0.398532794,0.46049708,7,1.827438424
-57.3967922,0.115084006,0.395208615,0.444781505,10,2.419956002
-73.60732074,0.017953707,0.553674122,0.278834739,7,1.308237344
-53.2381176,0.163044922,0.406967552,0.424644462,7,5.988104651
-68.65883186,0.032555181,0.437309297,0.412097939,8.5,1.998040655
-59.45084316,0.095146965,0.375646602,0.480404819,7,1.370281728
-73.51467426,0.018143759,0.566118196,0.263047094,8.5,1.370021642
-70.12982936,0.027345843,0.4485529,0.401671504,7,1.825266723
-67.42341596,0.037732632,0.420116838,0.431919022,8.5,1.994248228
-70.45378451,0.026252122,0.470160682,0.374143471,8.5,1.898605638
-74.9698378,0.039599048,0.691716336,0.119604859,8.5,-1.949577273
-60.47981728,0.085083094,0.372390329,0.486782114,7,1.361898907
-61.46239074,0.075704121,0.380622767,0.474595983,8.5,1.632960207
-54.57650671,0.146655586,0.402167148,0.432367107,8.5,4.550441903
-60.07927438,0.088873758,0.373395138,0.484654275,7,1.356637849
-35.02709151,0.325871358,0.441632781,0.361033416,10,74.18298536
-60.75461885,0.081811362,0.380551202,0.481243058,8.5,1.643159073
-63.59012979,0.059048984,0.397879759,0.452318277,10,1.927871225
-74.1876107,0.016729594,0.584264114,0.243359506,7,1.155090494
-57.67303937,0.112263004,0.394653562,0.445951452,10,2.255960225
-59.02864999,0.098507037,0.383380514,0.466417449,8.5,1.745023684
-53.85045042,0.153663914,0.408336449,0.420958331,10,5.700212073
22.97595832,0.978249501,0.637101471,0.185283921,7,-46.68811773
-61.10642158,0.078711531,0.380441396,0.47422278,8.5,1.609214318
-46.26474372,0.228510706,0.425702683,0.390392944,10,25.03198246
-74.84815636,0.034872587,0.688100137,0.122559028,10,-1.154484183
-63.37683219,0.060819956,0.385901986,0.470505257,8.5,1.756714375
-73.70817865,0.017721536,0.575444744,0.252616367,8.5,1.319013358
-71.61409184,0.022861006,0.482844646,0.361460967,7,1.688453387
-72.87525473,0.019601712,0.539241542,0.294570516,8.5,1.51981833
-73.03527905,0.019213933,0.560574419,0.267827059,10,1.524179365
-58.18429183,0.107493647,0.386930072,0.459930222,8.5,1.868722436
-68.46556994,0.033246722,0.447550612,0.396965513,10,2.100387224
-69.45656953,0.029658969,0.436162506,0.417159331,7,1.844993982
-70.42425203,0.026345724,0.469520231,0.374990824,8.5,1.901944791
-67.22794359,0.038606902,0.417762931,0.43464243,8.5,1.984826094
-70.33751564,0.026674285,0.452653461,0.39721252,7,1.82075346
-30.07938269,0.365982193,0.447811997,0.349650718,10,99.4843616
-71.81191467,0.022270113,0.518441174,0.315959688,10,1.781616155
17.74005315,0.985846311,0.662290851,0.166935302,7,-51.64891519
-73.77330784,0.106261661,0.709031812,0.100459734,8.5,-13.25545031
-68.2748565,0.034182298,0.417686749,0.449673859,7,1.856920232
-74.78297778,0.017834266,0.661589989,0.152590758,10,0.837123201
-58.85485203,0.100442098,0.384390758,0.464573112,8.5,1.724665736
-71.28728983,0.023783468,0.474307964,0.371408482,7,1.730453182
-72.19551514,0.021302227,0.499786668,0.341678879,7,1.595432605
-64.82817217,0.051552123,0.382097801,0.479335757,7,1.69316357
-63.43278708,0.060721454,0.374694641,0.487470882,7,1.568144419
-59.74668984,0.090825213,0.389513731,0.456910566,10,1.814719698
-63.77120093,0.058365866,0.376122802,0.486244902,7,1.600205679
-57.68464952,0.112137648,0.394633064,0.446036791,10,2.248238801
-72.5500857,0.020373354,0.542182066,0.288831274,10,1.637800728
-74.11933483,0.016883377,0.613629086,0.208678414,10,1.227315942
-63.31831341,0.061184594,0.385696499,0.470822743,8.5,1.741975912
-45.54174216,0.235181854,0.424189197,0.393613542,8.5,27.87790592
-64.37669439,0.05393905,0.402896328,0.447027054,10,1.981602689
-31.82689735,0.873620337,0.75267674,0.072408784,10,-44.64311131
-75.24453101,0.020340497,0.673164492,0.14052576,7,0.293949109
-72.63586986,0.020177199,0.530437156,0.304508486,8.5,1.569990505
-72.47533118,0.020592036,0.508823558,0.331036114,7,1.546702797
-60.50158732,0.083790365,0.389053637,0.45887253,10,1.802357503
-70.9325877,0.024816759,0.465808829,0.38129535,7,1.760943843
-42.44870703,0.264430668,0.429513999,0.384166543,7,39.88387266
-59.17213954,0.097119655,0.383486929,0.466534282,8.5,1.6500172
19.87746254,0.984186608,0.65378069,0.174757266,7,-50.25122813
-65.12291268,0.049393967,0.408651283,0.440764424,10,2.026609346
-19.06387587,0.946933654,0.747440107,0.086248452,8.5,-46.13071024
9.452412791,0.661729536,0.492171269,0.290140247,7,214.2940998
-14.22420152,0.961868712,0.741635331,0.093037556,10,-47.64282311
-57.76733221,0.11326444,0.384569837,0.463942106,7,1.58404002
-56.79243401,0.12267723,0.393217585,0.448455214,8.5,2.436204897
-44.21834129,0.737672788,0.749099518,0.069399023,7,-52.70370006
-69.44611153,0.029695085,0.435833996,0.416499123,7,1.858157095
-70.80514144,0.215841241,0.720418575,0.088617315,7,-35.23285339
-75.223331,0.018369486,0.668157546,0.146562901,7,0.513165108
-74.9426669,0.016801264,0.657667511,0.158286166,8.5,0.818221595
-74.24848202,0.016664865,0.62155834,0.198134991,10,1.183859521
-71.59101132,0.184531822,0.717471493,0.090754878,10,-28.12038117
-65.76935328,0.045773575,0.414429208,0.434402677,10,2.063202459
-65.14566719,0.04964047,0.384327473,0.47670012,7,1.718651336
-58.41075322,0.106144128,0.38078757,0.470995488,7,1.460726826
-10.28060441,0.97079973,0.738259651,0.101366044,7,-48.85819837
-60.36250942,0.085573915,0.380906973,0.472423765,8.5,1.600833662
-72.51788018,0.020467012,0.526308741,0.309310123,8.5,1.593564502
-71.86052498,0.022158066,0.505492509,0.333309268,8.5,1.710815537
-65.81726804,0.04585981,0.389701408,0.470374949,7,1.770772318
-74.31956449,0.016483352,0.609863591,0.212744004,8.5,1.141391975
-55.8449325,0.135068564,0.396163214,0.443378205,7,2.551088428
-62.47042465,0.067887813,0.371875571,0.490488638,7,1.488973857
-70.6263804,0.025753478,0.458856419,0.389760435,7,1.792526336
-61.22991877,0.07718945,0.389351658,0.459778881,10,1.824605967
-69.36251124,0.255936394,0.723645721,0.085682093,8.5,-41.83398031
-70.62673451,0.025671644,0.487961506,0.35090748,10,1.94606986
-64.62184935,0.377415374,0.731071872,0.079283703,7,-58.59855287
-60.98158005,0.080427538,0.371475009,0.488823148,7,1.380374777
-56.42600616,0.128416782,0.392655813,0.4496549,7,2.162579262
-65.84995792,0.045487737,0.403096198,0.451499583,8.5,1.928002571
-72.81198942,0.019770356,0.520592574,0.316727871,7,1.485727792
-72.46267424,0.157780659,0.715174886,0.093621913,8.5,-23.40892178
-57.14621075,0.119885799,0.38783343,0.463321159,7,1.917868781
-66.2522237,0.043373404,0.406969224,0.447003189,8.5,1.950772237
-54.03380796,0.58533661,0.741676235,0.072054094,7,-62.88986541
-68.61875935,0.278816343,0.724877642,0.084238715,7,-46.04940973
5.626821886,0.987503457,0.703462295,0.133223896,10,-53.31203026
-74.88284335,0.032337355,0.68747719,0.124937159,10,-0.816895178
-71.03927027,0.205762577,0.719796383,0.089399019,8.5,-32.79861618
-71.74166658,0.022512796,0.486334094,0.35676498,7,1.672126836
-68.27406444,0.034026188,0.444622885,0.400285992,10,2.109327031
-65.69238594,0.046194657,0.413715728,0.436040762,10,2.05882274
-66.36450195,0.042800323,0.408106952,0.445703315,8.5,1.956538319
-65.042032,0.050249355,0.383529017,0.487480025,7,1.732113255
-73.86316696,0.017402053,0.566324963,0.263980538,7,1.24362427
-72.3379283,0.020900422,0.534916102,0.297203235,10,1.680029777
-11.99498727,0.967256258,0.739614139,0.097461858,8.5,-48.35803292
-60.668953,0.083292755,0.37194917,0.487684472,7,1.370687528
-58.04035889,0.109086548,0.387676369,0.458557047,8.5,1.892207905
-73.956421,0.017197733,0.588409347,0.237694804,8.5,1.250658607
-67.17204965,0.03901097,0.403371086,0.454443739,7,1.844315068
-70.77052535,0.02523642,0.49128837,0.347079055,10,1.927290189
-67.53529468,0.037249245,0.421577854,0.430239892,8.5,1.991526779
-63.20476613,0.062336547,0.373892299,0.488857121,7,1.544565597
29.87678029,0.874589158,0.549443689,0.245592816,10,30.80370425
-60.05971916,0.089061402,0.373413588,0.484667694,7,1.362590745
-70.00617407,0.027676137,0.474594519,0.366106576,10,2.020168516
-67.91078961,0.035629627,0.4265388,0.424517435,8.5,1.994063735
-72.49392669,0.02054559,0.509440339,0.330229912,7,1.543952583
30.74851633,0.909589129,0.565035759,0.236418729,8.5,-1.406988179
-68.85179223,0.27014945,0.72462572,0.084784207,8.5,-44.20000887
27.70783745,0.961416084,0.607442526,0.20778404,7,-36.90468635
-62.93248093,0.064008022,0.384125983,0.472105703,8.5,1.711635672
-55.24852195,0.141521413,0.39881103,0.439084225,7,3.164192955
-67.55284038,0.03706455,0.434576281,0.411697002,10,2.111367325
-74.61169463,0.015914119,0.611859663,0.211117078,7,1.025882334
-74.52949624,0.01612163,0.62394987,0.196872513,8.5,1.071271656
-56.65838988,0.123686277,0.393216691,0.45425433,8.5,2.67155694
-53.62821182,0.155994622,0.409002243,0.419849507,10,6.042546411
-43.33589957,0.256852418,0.428472378,0.386314402,7,36.1536026
-67.54155753,0.037112482,0.434412728,0.411855548,10,2.113002066
-64.85896413,0.051347462,0.382343569,0.479362762,7,1.69159207
-28.91775177,0.374662736,0.448452252,0.348346578,10,105.8424247
-53.47673297,0.158805169,0.407123194,0.423548491,8.5,6.021032159
-62.61651572,0.066349174,0.383010163,0.473142291,8.5,1.689399885
-54.75878863,0.144737564,0.401576998,0.433556626,8.5,4.310729591
-74.73108754,0.015724588,0.620733404,0.200706075,7,0.984360374
-54.1294905,0.150666695,0.407387206,0.42274525,10,5.30766147
-62.06310995,0.070659216,0.381578954,0.474832307,8.5,1.651685389
-57.56353813,0.114243247,0.389743683,0.454734127,8.5,2.055897532
-61.96405182,0.07117964,0.391133591,0.459366452,10,1.826266904
-74.7350284,0.017187356,0.657024418,0.157673264,10,0.917820105
-57.92409733,0.109561985,0.393773097,0.447654379,10,2.170980449
-75.20045996,0.017522319,0.664716621,0.150416144,7,0.604636241
-71.99772331,0.021772203,0.524050839,0.309613423,10,1.744091741
-63.45778754,0.060208539,0.386345255,0.470165017,8.5,1.752860722
20.80748954,0.983446212,0.649846999,0.178224241,7,-49.66106621
-65.1623098,0.049342389,0.397182597,0.458183107,8.5,1.883874337
-56.01116496,0.13247283,0.393955921,0.452071911,7,2.652605619
11.75741131,0.988515461,0.68510347,0.148974798,10,-53.40429783
-70.24899304,0.026862798,0.479657179,0.36035591,10,1.990937557
-57.90202163,0.111846837,0.384046417,0.465059319,7,1.519681317
-59.96748547,0.089203754,0.38144162,0.470887181,8.5,1.600424495
-73.86235973,0.017404812,0.566278128,0.26398273,7,1.244245849
-52.09378509,0.175307979,0.411580647,0.416041893,7,8.040113928
-56.75704374,0.124765776,0.391296998,0.452116413,7,1.871618555
-27.23254878,0.907195443,0.752199901,0.076595396,7,-44.69964066
-65.74476851,0.046249789,0.38906445,0.471386077,7,1.766981492
-58.27659173,0.107625986,0.381579601,0.46947004,7,1.47769481
-65.44411406,0.047547063,0.411515102,0.449556104,10,2.052437441
-58.7699638,0.100678765,0.391297062,0.452810259,10,1.956748038
-72.78710762,0.019828335,0.519706236,0.318319604,7,1.488635093
13.53018889,0.988380886,0.67997083,0.155099548,8.5,-53.20936711
-30.00608887,0.888028931,0.753022697,0.074100452,8.5,-44.58677034
-72.9537984,0.019401524,0.557303664,0.271273641,10,1.544034432
-62.79130787,0.065058093,0.383614322,0.47258215,8.5,1.701362529
-70.26709486,0.026894274,0.451251938,0.398681497,7,1.82170213
-74.14355341,0.089193334,0.706192888,0.103528642,8.5,-10.05793905
-61.28777566,0.077198943,0.380534483,0.474482785,8.5,1.620770894
-57.17327474,0.117647727,0.3963969,0.44264945,10,2.479169082
-40.61248956,0.783195883,0.76707445,0.076779882,7,-49.58793435
-65.83960523,0.045728326,0.389911348,0.470517154,7,1.770937712
30.20264376,0.930095636,0.578845837,0.22596189,10,-16.72869329
-57.97448915,0.111107869,0.383795904,0.465484547,7,1.484217841
-64.4889793,0.053635969,0.379976979,0.482055278,7,1.65948884
-57.05989015,0.11887596,0.396802538,0.441898492,10,2.538764686
-2.073849332,0.982359003,0.722570847,0.116634501,8.5,-51.54883548
-69.32918437,0.029993285,0.461846418,0.380685822,10,2.061653544
-56.99806825,0.120446702,0.392661174,0.449355648,8.5,2.243347791
-42.39091097,0.761935676,0.750069952,0.06932905,7,-50.96760285
-57.40213448,0.117420272,0.386938625,0.459713469,7,1.677293429
-54.73842227,0.147053781,0.401011666,0.434915705,7,3.759760579
-58.48968665,0.105316559,0.380487265,0.471954897,7,1.438038618
20.78810628,0.983308687,0.649703207,0.178044722,7,-49.42858283
-58.50484261,0.103433642,0.392030286,0.451108899,10,2.004460142
-71.75800122,0.022422879,0.502521918,0.336740842,8.5,1.728607425
-58.81708839,0.100733917,0.384219224,0.464875057,8.5,1.764780683
-62.15541297,0.069976548,0.381757877,0.474145785,8.5,1.662531817
-58.00408603,0.108628493,0.393279254,0.44839487,10,2.17110907
-73.28512008,0.018670084,0.53923283,0.295512313,7,1.386852493
-63.44386472,0.060661213,0.374740989,0.487765768,7,1.57119171
-60.8625311,0.081526338,0.371604565,0.488581551,7,1.38280217
-34.44885297,0.329009144,0.44158196,0.366117044,10,77.90490039
-63.47573208,0.059850951,0.397299328,0.452955042,10,1.914339958
30.48653277,0.91591149,0.569366791,0.233135595,7,-5.665552284
-62.3946655,0.068090446,0.382388529,0.473636987,8.5,1.673314971
-74.47767423,0.016164874,0.602542197,0.221298174,7,1.0683841
-72.35376671,0.161912481,0.715896368,0.093298583,8.5,-24.23368419
-56.98742694,0.119514251,0.396681164,0.442024979,10,2.624859225
-65.23491179,0.048919904,0.397764921,0.457448358,8.5,1.888654282
-66.94610207,0.039834269,0.426990156,0.420341803,10,2.105500226
-69.42729654,0.029636538,0.463598877,0.378649299,10,2.056625445
-62.93545942,0.063978223,0.384141172,0.472087741,8.5,1.710758265
-72.76373259,0.019887032,0.518819618,0.319143429,7,1.496374222
-61.85607865,0.072400997,0.381181508,0.474467752,8.5,1.644039159
-28.87197731,0.896183287,0.75281615,0.075027738,8.5,-44.53462967
-62.8415598,0.064682523,0.383792144,0.472418346,8.5,1.704977738
-29.56917698,0.890923449,0.752855626,0.074512912,8.5,-44.36295978
-60.70256462,0.082952742,0.371968809,0.487753036,7,1.357555111
-46.99899381,0.698400747,0.747716981,0.06989467,7,-55.66380482
-67.87489246,0.035767916,0.426034293,0.42486575,8.5,1.995190312
-69.54455607,0.029282214,0.452257089,0.394576246,8.5,1.957094989
-72.00283423,0.178003571,0.716766189,0.091536012,7,-27.64355743
-63.74965535,0.058038825,0.398831802,0.45134016,10,1.939866498
-56.26648486,0.127558763,0.399835266,0.436310911,10,3.031336382
-59.16670056,0.097965837,0.377012468,0.483822176,7,1.418606836
-74.55601158,0.016089693,0.625842947,0.194842988,8.5,1.061130565
-66.22308408,0.043405064,0.418840862,0.429493793,10,2.097068963
-63.55039955,0.059890029,0.375152864,0.487277841,7,1.580835808
-69.26051171,0.030301958,0.4473301,0.400528452,8.5,1.96115862
-75.24765411,0.023660066,0.678395375,0.133891429,7,-0.080508424
-75.1218688,0.042831563,0.708023866,0.124051937,8.5,-2.128125727
-63.92818821,0.056843097,0.3997643,0.450327995,10,1.970615152
5.503001035,0.987537066,0.704066076,0.133101085,10,-53.33898615
-55.05561926,0.14361514,0.39962011,0.437337248,7,3.380648271
-73.03029264,0.019236616,0.54527828,0.287126531,8.5,1.485469194
-29.14194789,0.373394542,0.448850718,0.347750684,10,104.4255615
-46.83336507,0.223333767,0.424864666,0.391828922,10,23.06242637
-66.08539135,0.044238541,0.40532013,0.44891564,8.5,1.942205488
-64.52830741,0.05294641,0.403972096,0.445853639,10,1.990671342
-0.792701737,0.983492472,0.719038508,0.118561168,10,-51.98075314
-74.94983317,0.041210747,0.692308069,0.118563953,8.5,-2.165294457
-66.70679978,0.041238376,0.39822257,0.460894558,7,1.825988879
12.59633941,0.686443204,0.497772573,0.283927325,10,204.0856084
-59.00557788,0.098177074,0.390445347,0.454233205,10,1.949275483
-63.77361057,0.057837789,0.398979318,0.451209878,10,1.93847339
-59.04331047,0.099363868,0.377455839,0.476983932,7,1.394268323
-59.31081054,0.096613739,0.376319306,0.478911,7,1.36711214
-63.13468753,0.062854749,0.373600555,0.488787976,7,1.543847515
-54.11473339,0.151368532,0.403394586,0.430225376,8.5,5.240399624
-8.673183834,0.97374118,0.734718276,0.103450794,8.5,-49.49424436
-69.11510201,0.030771052,0.458167992,0.384858856,10,2.066530533
-70.35586851,0.026519831,0.481958893,0.357718284,10,1.977447006
17.38755307,0.993799938,0.690740466,0.191779331,7,-51.41204654
-56.58123004,0.539015212,0.739940476,0.073462099,8.5,-64.05956402
-57.46788533,0.114456789,0.395326047,0.444664477,10,2.344673862
-66.12287445,0.043909231,0.417932172,0.430470196,10,2.078204987
-72.39666774,0.020773156,0.522128934,0.314103641,8.5,1.623896613
-74.32234277,0.016472099,0.610035614,0.213173992,8.5,1.141009626
-58.98907464,0.098450902,0.390797063,0.453741192,10,1.916326215
-71.26783651,0.023800428,0.48929675,0.352022262,8.5,1.801439968
-61.14154465,0.078103001,0.389481557,0.459410512,10,1.804202395
-11.21201289,0.508947193,0.466794601,0.319421076,7,190.9094797
-71.79885963,0.022302904,0.518083643,0.316314135,10,1.781299818
-67.3077432,0.03824201,0.418728907,0.43353173,8.5,1.987106085
-63.90884268,0.056902566,0.399548923,0.450662841,10,1.977146085
-74.63960677,0.016650115,0.649092193,0.166783452,10,0.999539565
-75.25454065,0.022695574,0.67752109,0.135597622,7,0.039714705
-56.80338124,0.124216521,0.390629392,0.453239965,7,1.9251635
-59.60870729,0.093580691,0.375139654,0.481323303,7,1.351314997
-70.49699176,0.026119515,0.471097127,0.373123942,8.5,1.894459443
-55.10488162,0.141100272,0.400433738,0.435506681,8.5,3.875848187
-74.88464994,0.029862355,0.684362464,0.126657577,10,-0.508404079
-67.21638928,0.038674015,0.417584075,0.434858397,8.5,1.989029227
-52.56299845,0.167839695,0.409077628,0.420258401,8.5,7.767988145
-74.49995886,0.016408507,0.638464333,0.178857438,10,1.086455096
-70.47336164,0.026151824,0.484516605,0.354566467,10,1.964972613
-38.27003221,0.298501382,0.435022257,0.373547194,8.5,58.96666862
30.50148751,0.895835104,0.558701935,0.239506424,10,10.33373218
25.16415967,0.972683521,0.625233502,0.194082004,10,-43.60849046
-55.85768924,0.131987914,0.40127793,0.433621719,10,3.367705458
-32.5678956,0.345480965,0.444070315,0.356397085,10,86.86068792
-63.96085585,0.056804196,0.389003573,0.467251817,8.5,1.790504016
-60.01904474,0.08827847,0.389212169,0.457885838,10,1.816070759
-63.60499273,0.059493572,0.375353937,0.487201222,7,1.587962665
-62.76278455,0.065263093,0.38346863,0.472753479,8.5,1.704317813
-36.14793643,0.833881977,0.752170564,0.070083432,10,-46.1139275
-72.61160206,0.020222626,0.544373344,0.286322744,10,1.624505597
-74.93626427,0.016718933,0.656985619,0.159175306,8.5,0.830631149
-64.78046525,0.051829463,0.381709411,0.480777762,7,1.697376551
-65.45563419,0.047659335,0.399596844,0.455406056,8.5,1.903259768
-54.44028841,0.148182033,0.402845144,0.431255983,8.5,4.709342945
-64.61356257,0.052629074,0.393108153,0.462644535,8.5,1.842915559
-60.06088556,0.087787765,0.38884898,0.458332128,10,1.851925025
-62.3091702,0.068481117,0.392126295,0.457875396,10,1.85042767
-60.14434005,0.087016844,0.389318627,0.466506545,10,1.845768699
12.81472316,0.688224447,0.498085102,0.283497067,10,203.2043192
-67.24052487,0.038462133,0.430577799,0.416222117,10,2.108996972
-52.67251319,0.167158342,0.409649536,0.419101688,8.5,7.43641654
-60.53687412,0.083389078,0.389097726,0.458922278,10,1.786217804
-73.53427786,0.018110899,0.550266074,0.282204325,7,1.326157658
-70.83385083,0.025076841,0.478751023,0.364272379,8.5,1.851923379
-61.95192591,0.071619875,0.3813872,0.474315956,8.5,1.644799591
-59.78716364,0.09050848,0.389421143,0.457047801,10,1.829943688
-74.59188848,0.015947486,0.610439558,0.212750448,7,1.032593972
-57.58954012,0.115328089,0.385969618,0.461626456,7,1.591167574
-74.23152749,0.016639138,0.586890487,0.240091101,7,1.141767753
-70.45726581,0.026198361,0.484187278,0.355127403,10,1.964089721
-67.82293288,0.035892677,0.438176326,0.407614069,10,2.11463669
-74.86898284,0.015556205,0.631745053,0.188427063,7,0.931727835
-64.56739329,0.053162187,0.380403693,0.481534973,7,1.672642932
-60.51839172,0.083610976,0.389085817,0.458934106,10,1.7948376
-62.69462009,0.065777869,0.383240824,0.472958157,8.5,1.699343096
-74.14923683,0.016816398,0.582024748,0.245984703,7,1.165340206
-74.1522219,0.016802308,0.582191059,0.245550078,7,1.165040967
-70.2547174,0.026888071,0.465945836,0.37901296,8.5,1.916981971
-74.25902902,0.016643532,0.622219394,0.197297978,10,1.180831486
-65.1525939,0.049338428,0.408911565,0.440518049,10,2.032287341
-69.28061012,0.030220885,0.4474965,0.400330583,8.5,1.978265551
-61.61708181,0.073942256,0.390144748,0.459336172,10,1.821860471
-60.7875305,0.081650176,0.380561258,0.473567309,8.5,1.601414676
-73.46173584,0.018270791,0.546968364,0.286630641,7,1.343456925
-69.11125293,0.030846112,0.444692601,0.403319701,8.5,1.976762139
-66.96240499,0.040004534,0.401014842,0.457653031,7,1.835072928
-3.101851404,0.981299987,0.724654224,0.114465267,8.5,-51.25025626
-55.66380979,0.134973779,0.39800668,0.439841021,8.5,3.31834465
-74.67432657,0.068985683,0.701319798,0.107943076,7,-6.641738827
-68.985489,0.031307291,0.442518746,0.40618091,8.5,1.989761714
-69.38794308,0.029834925,0.449373416,0.398162128,8.5,1.973217618
-61.35279927,0.077117625,0.371068659,0.490039095,7,1.409338148
-42.87618042,0.755299131,0.75005955,0.069266757,8.5,-51.13765625
-70.79499555,0.025161414,0.491815662,0.346427317,10,1.929139939
-70.18810184,0.027104194,0.464572184,0.38060275,8.5,1.922645179
-57.42412132,0.115762406,0.390366281,0.453592931,8.5,2.113284795
-51.46141691,0.179459115,0.413033871,0.413150236,8.5,9.933936589
-65.89263895,0.045437252,0.390406601,0.469923893,7,1.771569817
-74.74130359,0.056438123,0.698449571,0.112064342,8.5,-4.446920793
-74.6740414,0.015972413,0.634583458,0.184792772,8.5,1.014738067
-22.71820439,0.931738081,0.750205861,0.08143031,8.5,-45.2199913
-57.29112246,0.117149057,0.39078626,0.452823555,8.5,2.193505387
-61.49239633,0.075954232,0.371097136,0.489881548,7,1.412044701
-70.58680932,0.025835317,0.473072277,0.370775768,8.5,1.88513319
-49.54105396,0.197499903,0.419596264,0.401181574,10,14.81751009
-66.03570966,0.044359491,0.417047624,0.431424833,10,2.074496961
-74.25586658,0.01665547,0.622027937,0.197529216,10,1.181079492
-60.85818835,0.080941726,0.380378783,0.473875381,8.5,1.615193154
-20.25000218,0.942473028,0.747951937,0.084555869,7,-45.90062858
-54.34838672,0.580261179,0.741581002,0.072139729,7,-63.15314812
-49.31678031,0.202187177,0.417693824,0.405384202,7,15.07248489
-63.18224333,0.061914129,0.395736889,0.454479925,10,1.899514515
-58.57634035,0.104379095,0.380017426,0.47281242,7,1.42627329
-68.47093771,0.033275912,0.434853198,0.414905561,8.5,1.959322429
-60.90493732,0.081102477,0.371529443,0.488648816,7,1.380721301
-56.71241619,0.122517603,0.397721635,0.440015169,10,2.781423972
-73.9351202,0.017250846,0.570106858,0.259642009,7,1.224588601
-62.0037589,0.070806379,0.391239105,0.458571758,10,1.820147845
-66.1634868,0.043831692,0.406082575,0.448046561,8.5,1.946598993
-74.60599808,0.016539361,0.646416004,0.169723427,10,1.025398779
28.27818626,0.963106622,0.60744131,0.212583054,8.5,-37.28632086
-61.27004718,0.077363724,0.380582378,0.474331947,8.5,1.613398184
-74.43094691,0.016441707,0.633611515,0.184361582,10,1.115289285
-51.96167263,0.173314799,0.413794906,0.411330503,10,9.042361514
-68.66646776,0.032623714,0.42325101,0.431376779,7,1.865504143
-57.0445147,0.11906416,0.396908036,0.441712627,10,2.541443123
-59.50817206,0.093788112,0.382391832,0.468715057,8.5,1.649874034
-59.15883566,0.097279833,0.38342896,0.46677168,8.5,1.673990153
-59.54391016,0.092800927,0.389781353,0.456176327,10,1.830107135
-72.98599716,0.138476104,0.713302378,0.095934295,8.5,-19.57354911
-62.08369553,0.07023433,0.391478301,0.458386532,10,1.828815004
-70.35132273,0.026532832,0.481889555,0.357844053,10,1.974855852
-60.8347286,0.080680507,0.38893464,0.459591198,10,1.82407911
-59.53157045,0.094400458,0.375458307,0.480744232,7,1.358200976
-65.51522787,0.047511258,0.387201012,0.473754281,7,1.745558956
-73.19885065,0.018848386,0.552186871,0.296953537,8.5,1.446865883
-57.85379557,0.112350535,0.384199782,0.46462396,7,1.54601692
-58.85540475,0.100475247,0.384520387,0.464609113,8.5,1.712618188
-52.81205929,0.164534903,0.411427801,0.415566821,10,7.410373478
-73.83657173,0.017448309,0.581998004,0.245072152,8.5,1.284202267
-64.98135002,0.050404642,0.395775983,0.459678988,8.5,1.870748991
-67.45062911,0.037727612,0.406638937,0.450850759,7,1.856737993
-68.49091378,0.033142896,0.447867496,0.396623155,10,2.107681156
-65.15688318,0.049203321,0.408940604,0.440496417,10,2.028506772
-65.11628049,0.049606888,0.396755443,0.458592892,8.5,1.887234553
-63.53088256,0.060066539,0.375084396,0.487364355,7,1.580729465
-69.99615594,0.027736375,0.460713051,0.385062652,8.5,1.937611488
-71.35618436,0.02354822,0.49157879,0.349384825,8.5,1.788837163
-67.89738526,0.035691095,0.426323627,0.424810826,8.5,1.997506565
28.85163089,0.950110198,0.596118623,0.214023214,10,-30.33677223
-59.39394332,0.095760527,0.375960672,0.479578354,7,1.363577767
-46.51118534,0.704940463,0.747869699,0.069611859,8.5,-54.80174383
-74.81977479,0.016052978,0.646350407,0.171849296,8.5,0.937987618
-52.29130399,0.170083246,0.408722833,0.42085319,8.5,8.461248706
-74.11430674,0.016878106,0.580029838,0.266393915,7,1.174812146
-60.16271242,0.088079348,0.373222814,0.485037143,7,1.349131751
-62.44472423,0.067334079,0.392402663,0.4577338,10,1.875274108
-61.13464073,0.079058988,0.371288173,0.489306045,7,1.390735521
-75.17203428,0.01707545,0.661403693,0.153372206,7,0.649853591
-58.5802676,0.103347672,0.385515607,0.462634757,8.5,1.760754166
-58.92514556,0.100680404,0.378255804,0.475588371,7,1.381248258
-60.55889016,0.083264577,0.389117867,0.459033426,10,1.793944571
-65.45080912,0.047518377,0.411512225,0.437604041,10,2.042752497
-62.78824817,0.064831235,0.393942801,0.456252441,10,1.8771159
-27.31267345,0.906515539,0.752468473,0.076470624,8.5,-44.57493373
-70.06668621,0.0274643,0.475843965,0.364597457,10,2.012022475
-27.66440647,0.384750026,0.450206276,0.345225089,10,112.2642468
-18.48881826,0.450700291,0.456028189,0.339636025,8.5,162.1801476
-61.71906422,0.074000527,0.371067423,0.490474728,7,1.430797835
-61.14111034,0.078902231,0.371247844,0.489429423,7,1.383668068
-30.86589941,0.881493359,0.75252781,0.072979409,10,-44.60722473
25.68708431,0.973089288,0.623277,0.197804858,7,-43.15148439
-61.80288274,0.073222666,0.37098852,0.490652747,7,1.441698097
-67.72089556,0.036519982,0.409986375,0.447048053,7,1.865728062
-66.87721189,0.040158756,0.426191216,0.421180501,10,2.102526358
-74.77448588,0.017713107,0.660764605,0.153334703,10,0.852260365
-57.58105854,0.113974345,0.389438138,0.455166801,8.5,2.074261877
-74.58772568,0.066783563,0.701551665,0.10871267,8.5,-5.99579698
-53.04724642,0.599915221,0.742221034,0.071107365,10,-62.25196467
-62.33288242,0.068551666,0.381929167,0.474055415,8.5,1.703319257
-60.16994775,0.087261035,0.381089716,0.471697179,8.5,1.595497354
-61.97894676,0.071835663,0.37121048,0.490633082,7,1.44969647
-61.53431816,0.074719441,0.390135172,0.459273359,10,1.806268453
-74.82713711,0.015599868,0.628312856,0.192424622,7,0.948103892
-50.34501143,0.190045952,0.414846185,0.41011004,8.5,12.75953359
-28.71443878,0.376762668,0.449324203,0.346846809,10,106.6584858
-64.16057588,0.055269597,0.401403704,0.448660059,10,1.966089981
28.03456854,0.964069517,0.608598208,0.211204599,7,-37.65318548
-72.89418872,0.019573727,0.523668901,0.313770348,7,1.467467704
-63.53057855,0.05946623,0.397591424,0.45284275,10,1.919388441
-62.45516109,0.067620204,0.382554866,0.473503768,8.5,1.677548384
-52.11180298,0.14694172,0.344309177,0.558818668,8.5,16.94685135
-58.12798494,0.109242767,0.382385053,0.46789603,7,1.50804396
-67.97292974,0.035260032,0.440288405,0.40518197,10,2.111010822
-65.57223719,0.047204959,0.387632548,0.473202499,7,1.753501701
-61.89560859,0.071739762,0.390926516,0.458829913,10,1.82390233
-60.20793519,0.086953036,0.381066022,0.471824362,8.5,1.597706892
-66.3148954,0.043192015,0.407790825,0.445815524,8.5,1.93857414
-57.26593322,0.117489935,0.391076768,0.452295472,8.5,2.184295146
-49.8998863,0.653405389,0.745434788,0.070418054,8.5,-58.5965433
-59.49617714,0.094730613,0.375607833,0.480493816,7,1.353737988
-62.57740779,0.067023871,0.372113045,0.490360639,7,1.492639231
-59.18016967,0.097979075,0.377028694,0.4778967,7,1.360342997
-67.0503506,0.039475794,0.415733965,0.436922727,8.5,1.972917575
-50.53745828,0.190164706,0.414484424,0.411152963,7,11.83598944
-59.40333053,0.09486509,0.382735297,0.468291077,8.5,1.656273998
-63.39844397,0.060370811,0.396829406,0.453392533,10,1.914590913
-72.61264688,0.020216304,0.544445258,0.286191138,10,1.620743019
-61.83474759,0.072992986,0.371230795,0.497958592,7,1.460563449
-74.93464986,0.015539783,0.637353444,0.181766947,7,0.901384671
-71.56085385,0.022955706,0.511269987,0.324205344,10,1.826133625
-62.25689636,0.068851961,0.392004229,0.458701377,10,1.840934987
-63.16328403,0.062060502,0.395689158,0.454551667,10,1.893380698
-62.81739614,0.065193959,0.372693424,0.489429293,7,1.510543286
-17.56457389,0.952204766,0.745644049,0.088396237,7,-46.70161587
-55.99559251,0.133377928,0.395349552,0.444826726,7,2.430579712
-47.20854551,0.219697281,0.424004457,0.393428409,10,21.84476354
-56.17584183,0.131365492,0.394415086,0.446490309,7,2.28703334
-73.80924257,0.017505202,0.596269214,0.227073442,10,1.320895588
-68.37818487,0.033568815,0.446468175,0.398130766,10,2.074548944
-65.00185791,0.050540574,0.383298508,0.477853064,7,1.708693026
26.82628047,0.817398801,0.527211405,0.263197819,7,93.58913026
-63.97451985,0.056537058,0.400065304,0.450159608,10,1.972873503
-64.68978369,0.052381765,0.381228565,0.480635796,7,1.676942313
-71.01005819,0.024551544,0.482881401,0.359439576,8.5,1.835958986
-53.30809713,0.159400034,0.410056258,0.418003903,10,6.545564983
-60.49440581,0.084926807,0.372347229,0.486880917,7,1.36112478
-70.60984709,0.02572624,0.487513517,0.351391949,10,1.955022889
-56.10598479,0.13270729,0.396171339,0.443087432,7,2.168045704
-74.09751176,0.016913423,0.57904399,0.249129032,7,1.180413573
-58.57935198,0.104316775,0.379865404,0.472668547,7,1.437080033
-59.30736617,0.095856586,0.383085789,0.467421558,8.5,1.654721003
-74.71280453,0.015745417,0.619327702,0.202694827,7,0.991675932
-63.38015847,0.060769234,0.385708217,0.470383331,8.5,1.778260953
-67.49176651,0.037340038,0.433782486,0.412622568,10,2.110747978
-73.12596866,0.019013184,0.564310042,0.263553658,10,1.501711568
-25.13439046,0.91953649,0.751446155,0.078775265,7,-44.90526404
-64.16494504,0.055247959,0.401242123,0.448829691,10,1.990000765
-66.16260626,0.043840842,0.40603629,0.459127749,8.5,1.963650178
-60.44265121,0.085383762,0.372366587,0.486795226,7,1.368987601
-62.12295426,0.070685603,0.3713924,0.490339389,7,1.45747559
-64.93635561,0.050671398,0.395437462,0.460135743,8.5,1.867378221
-74.0992057,0.016905793,0.596453689,0.22858716,8.5,1.209408583
-72.09302864,0.021567813,0.496652355,0.345324776,7,1.610708725
-62.07952894,0.070997222,0.371332699,0.490369249,7,1.451456426
-68.38947678,0.033712696,0.419080131,0.4362586,7,1.872944079
-62.29398024,0.068497941,0.39189326,0.458168892,10,1.865133652
-62.12736815,0.069825396,0.391287414,0.45862004,10,1.868146891
-74.6702578,0.015816327,0.61613951,0.206378866,7,1.006068356
17.61316971,0.986800782,0.664753358,0.167719852,8.5,-51.86021853
-59.86448732,0.090285582,0.381604958,0.471007358,8.5,1.627959138
9.813959181,0.988572863,0.692251133,0.144868854,8.5,-53.54234209
-71.11684322,0.024208893,0.499632443,0.337403117,10,1.886406438
-39.6611786,0.286773498,0.435205329,0.372953212,10,51.99309552
-74.78798939,0.054945136,0.699155744,0.112987753,8.5,-4.130609887
-7.617209142,0.533186705,0.469414993,0.31597073,8.5,204.3321828
-67.414367,0.037917636,0.406302627,0.451261552,7,1.846731641
-57.22890487,0.117054294,0.396220938,0.443055883,10,2.450043188
-51.03739842,0.182827602,0.412396467,0.414406767,8.5,11.16266481
-55.39757512,0.56012063,0.7414764,0.07272041,10,-63.14255315
21.13238712,0.982788379,0.648131327,0.178929165,8.5,-49.1861315
-72.78390809,0.019819089,0.535811459,0.298816881,8.5,1.539353947
-58.34759037,0.104963172,0.392124712,0.450767803,10,2.085942801
-64.93200737,0.36919054,0.731908079,0.080035082,8.5,-57.46470139
-59.90888625,0.090563134,0.374038739,0.483526191,7,1.346377079
-53.88395455,0.156728865,0.405602879,0.426627001,7,4.797554118
-53.09949581,0.161291698,0.410052557,0.418019186,10,6.984534506
28.76153585,0.84338768,0.535356284,0.257563819,8.5,64.59395881
-37.58465942,0.304718983,0.434794754,0.374131272,7,62.50222085
-75.15391547,0.037244127,0.690106203,0.12068252,7,-1.753817698
-54.41630998,0.577315819,0.741130754,0.071734936,10,-62.33331328
-64.05063164,0.056478003,0.377433031,0.485560726,7,1.631946129
-59.30060769,0.095924739,0.38310523,0.467381729,8.5,1.655398334
-68.03464779,0.035173944,0.414101747,0.441670823,7,1.87193778
-59.39177193,0.09564174,0.37602945,0.485776587,7,1.402620845
-67.89206967,0.035795652,0.412237905,0.444452955,7,1.866799347
-65.95432586,0.044936926,0.404035717,0.450358914,8.5,1.938161118
-55.17694582,0.140321295,0.400147376,0.436014793,8.5,3.795857366
-69.32585854,0.030005597,0.46182578,0.380652703,10,2.057619281
-72.10862231,0.021504208,0.512947954,0.324699262,8.5,1.669248335
-65.53099548,0.047079637,0.412207364,0.436842771,10,2.050869498
-5.312748724,0.978774531,0.73010031,0.110951341,7,-50.47703608
11.99560651,0.988608918,0.684680416,0.15058638,7,-53.44877401
-73.35504061,0.018484614,0.574207816,0.252221251,10,1.445098589
-60.97490541,0.455463186,0.734614386,0.07582774,7,-63.62970917
-73.77593135,0.017587046,0.561877057,0.269358618,7,1.266178005
-62.7479518,0.065365137,0.383447957,0.472804486,8.5,1.699025885
-61.17768655,0.078651813,0.371204638,0.489522252,7,1.395905181
-67.37856607,0.03805377,0.405750325,0.4519851,7,1.856289992
-19.51982263,0.945273042,0.747104752,0.085025375,10,-46.03250048
-60.47581695,0.083923327,0.388872593,0.458955032,10,1.815597314
-63.26057023,0.061349588,0.39616483,0.45411881,10,1.899754817
-69.73553184,0.028672207,0.440938958,0.410583275,7,1.853724234
-17.59028993,0.95214135,0.746132578,0.088391874,8.5,-46.56075529
-57.16650402,0.118575011,0.39152253,0.451528932,8.5,2.233061019
-73.03726296,0.019236118,0.529162553,0.307561223,7,1.438032918
-53.35453476,0.158889785,0.409864392,0.41825659,10,6.472787101
-65.60476502,0.047021348,0.387883705,0.472763837,7,1.757206377
-53.16369636,0.1616471,0.407262607,0.423450084,8.5,6.6640373
-66.7058075,0.328070165,0.728130814,0.081594774,7,-53.12647826
-59.1642771,0.098147349,0.377104345,0.477675833,7,1.360396275
-65.15427536,0.049201421,0.408904048,0.440469741,10,2.029218426
-63.55880287,0.059511485,0.386774598,0.469472979,8.5,1.767431399
-44.58097564,0.244186019,0.424523331,0.396908596,7,31.73827305
-58.87227429,0.099564991,0.39084405,0.453355217,10,1.959064662
-55.02603398,0.141951693,0.40074484,0.434954955,8.5,3.965276176
-65.08842501,0.049600651,0.408189007,0.441291272,10,2.045574358
-62.75731529,0.064988905,0.393791,0.456370792,10,1.872320622
-64.39656371,0.053776887,0.402806084,0.447178669,10,2.008950399
-68.42186587,0.033491171,0.433714859,0.416245054,8.5,2.001472693
-66.33289109,0.043123788,0.394455645,0.465424031,7,1.803941247
-67.72091149,0.036534465,0.410045292,0.446848907,7,1.860551536
-74.37789629,0.016352267,0.595980204,0.229503684,7,1.099225828
-61.20826924,0.077822606,0.380490685,0.474431844,8.5,1.611161558
-60.22483011,0.086273353,0.389138599,0.458318756,10,1.792227714
-67.9218964,0.035658195,0.412576151,0.444131941,7,1.872299041
-54.02146921,0.151812506,0.407722002,0.422157507,10,5.46364408
-68.35845853,0.033848856,0.41865747,0.436709203,7,1.870921967
-16.79689255,0.466858211,0.460487,0.328426724,8.5,167.6413028
8.979874276,0.988491715,0.694896306,0.142756209,8.5,-53.52889458
-70.9097485,0.024887517,0.465249627,0.382265882,7,1.765786772
-35.73460122,0.838080762,0.752381186,0.070453352,10,-44.96165765
-74.87651406,0.03128481,0.685623018,0.125467902,10,-0.691957298
-51.60645559,0.176910085,0.41468586,0.409829687,10,9.79551436
27.82204374,0.963247023,0.608394195,0.208668994,8.5,-36.83871457
-67.41408343,0.037700504,0.432788821,0.413724319,10,2.109479699
-57.62357916,0.114795523,0.385231867,0.462912014,7,1.648497917
-58.15523618,0.108754651,0.382144816,0.47394858,7,1.570998885
6.044677994,0.987703928,0.703204701,0.135243383,8.5,-53.30614763
-58.51909924,0.103991249,0.385747581,0.462191381,8.5,1.773130201
30.51762804,0.890085389,0.554827931,0.243605147,7,16.34647157
-71.19029853,0.201080113,0.719456511,0.089684516,8.5,-31.89575975
-60.32193446,0.085443267,0.389065962,0.45853478,10,1.805625178
-72.74123667,0.019904083,0.549144404,0.280813438,10,1.592755453
-64.51133452,0.053519034,0.38007678,0.481907423,7,1.666339411
-59.5559712,0.094183388,0.375582691,0.48054822,7,1.3288702
-69.8439517,0.028247767,0.457753835,0.388480143,8.5,1.948041358
-68.55233752,0.032977592,0.435729841,0.414273398,8.5,1.994601117
-61.85987949,0.072747599,0.37101745,0.490691672,7,1.44596237
-66.61035109,0.041721789,0.39725903,0.461881999,7,1.817164894
-57.58017914,0.115535961,0.386360335,0.460988002,7,1.553972758
-8.606220841,0.973748664,0.733718003,0.102834629,10,-49.57056925
-69.13595173,0.030822232,0.430563791,0.422688319,7,1.868046911
-73.98484803,0.017140949,0.589975785,0.235567574,8.5,1.242418033
-59.64660845,0.092289755,0.38167132,0.469909109,8.5,1.67715374
-57.87766038,0.112174678,0.384463064,0.464412793,7,1.488775876
-34.26097564,0.852425431,0.753065481,0.071359997,8.5,-45.45202794
-69.23674959,0.030446423,0.432195744,0.420894475,7,1.869571385
-68.31063421,0.033869655,0.445192263,0.399609848,10,2.105627069
-73.72191322,0.017691436,0.576130528,0.251913657,8.5,1.31539303
-67.18430584,0.038955124,0.403518547,0.454628507,7,1.844551918
-73.00507661,0.019283811,0.559325564,0.269329297,10,1.534342916
25.26653092,0.800257188,0.522811086,0.265595254,7,112.0422024
-68.58747823,0.032858554,0.436353936,0.413198755,8.5,1.985304594
-7.001923477,0.976419731,0.733480731,0.107606201,8.5,-49.88140655
-71.96698144,0.021853417,0.523141409,0.328089326,10,1.749348395
-66.32996211,0.042844765,0.420067904,0.42798542,10,2.088456615
-64.47241965,0.053737782,0.379817487,0.481873941,7,1.663163607
-70.66400642,0.025596392,0.474798265,0.368780671,8.5,1.876875565
-59.07595703,0.098159586,0.383657834,0.466204329,8.5,1.693990084
-57.36891337,0.116282599,0.39038045,0.453444807,8.5,2.163295865
-21.78922833,0.429556712,0.456185544,0.334821538,10,142.75937
-74.32020528,0.016551611,0.626154369,0.192887215,10,1.159501063
-63.04357589,0.063505228,0.373391203,0.497336176,7,1.554555315
-64.7983972,0.051311907,0.406005967,0.443757662,10,2.009668287
-53.35502198,0.158188666,0.409265882,0.425622159,10,6.700897145
-68.07876647,0.034999442,0.414748318,0.441413374,7,1.868668381
-74.87540731,0.021253751,0.673099072,0.139602968,10,0.462905518
-71.25642835,0.023804059,0.50320141,0.333453989,10,1.865169194
-69.05814314,0.031045119,0.443726659,0.404733625,8.5,1.98671225
-66.28872692,0.043186284,0.407336383,0.446583859,8.5,1.95267704
-74.7275694,0.015976887,0.63878126,0.179532292,8.5,0.988455261
-69.84457344,0.028301627,0.443047674,0.407527651,7,1.84101715
-69.17183307,0.030684549,0.431074724,0.422245243,7,1.874659347
-70.42437217,0.026304589,0.483385258,0.356045131,10,1.976471424
-73.72152791,0.017689683,0.591725349,0.232203643,10,1.346002916
-68.31542602,0.033920351,0.432148887,0.418051908,8.5,2.002309459
-73.42402058,0.018343518,0.561970222,0.26822337,8.5,1.3921492
-70.27443136,0.026871015,0.451424033,0.398190256,7,1.819109776
-74.9280417,0.016683896,0.656255483,0.159533477,8.5,0.834642609
-70.72330798,0.02545281,0.461020294,0.38707327,7,1.782094944
-71.81785782,0.022249518,0.518665056,0.316027655,10,1.775432402
-66.15451488,0.043749016,0.418160721,0.430016176,10,2.09043909
-74.59304499,0.016039396,0.628520378,0.19163294,8.5,1.047518203
8.24975109,0.988647513,0.697398748,0.14102132,8.5,-53.53675281
-57.66553769,0.112167175,0.39421041,0.44662642,10,2.313751356
-59.34044434,0.095523513,0.382991469,0.467615239,8.5,1.651506325
-27.97208959,0.382585633,0.450199934,0.345334154,10,110.5114116
-74.72471715,0.015952376,0.638541553,0.181735504,8.5,0.991046034
-72.45281053,0.020648273,0.508070328,0.331908191,7,1.550885653
-60.05628103,0.089112455,0.373478766,0.484549708,7,1.357407092
-68.41883554,0.033521881,0.433706156,0.416298427,8.5,1.998215428
-43.68680001,0.2554185,0.430534811,0.382005512,7,34.14348457
-73.5471544,0.018071842,0.56764097,0.261917165,8.5,1.361571948
-72.68200446,0.020087924,0.515872404,0.322813765,7,1.513972034
-64.21443726,0.054931784,0.401803041,0.448234081,10,1.965566063
-47.8936098,0.213486282,0.419910577,0.401024256,8.5,19.80755328
-61.83271135,0.07216758,0.390638603,0.459039595,10,1.830371462
-61.05376346,0.079779352,0.371389262,0.489149591,7,1.384733166
-62.99233849,0.063283155,0.394840272,0.455360728,10,1.8863249
-74.77656975,0.015649452,0.624249362,0.197217498,7,0.969191355
-34.52799043,0.849741928,0.752525141,0.070854988,10,-45.31823859
-62.92197829,0.064425071,0.372937266,0.489619824,7,1.527077365
-56.76825099,0.12263847,0.392509175,0.449515383,8.5,2.545878853
-74.37999419,0.069064508,0.701291675,0.107932183,10,-6.2892013
-58.96777002,0.098654717,0.390820022,0.453706441,10,1.922180159
-64.41958658,0.054111655,0.379543098,0.48260329,7,1.657629525
-58.52469197,0.103734562,0.385126347,0.463051978,8.5,1.836763607
-61.52178878,0.075607176,0.371049332,0.49023793,7,1.409993563
-57.92881451,0.11123041,0.383400634,0.471582557,7,1.628689218
-61.52514097,0.075170697,0.380779683,0.474473041,8.5,1.62291388
-69.58364978,0.029090471,0.466457702,0.375373081,10,2.047855946
-69.22043993,0.030386163,0.459917995,0.382864888,10,2.068997544
-58.65418514,0.504356155,0.753911715,0.081289474,10,-66.10823292
-72.72475543,0.019966366,0.533581162,0.300920954,8.5,1.556987054
-57.48926475,0.116353133,0.386167401,0.461117558,7,1.675846203
19.60067139,0.984763081,0.65544506,0.174097552,7,-50.5384308
-58.9339641,0.100572932,0.378236674,0.475677711,7,1.374491285
-57.29989933,0.116295395,0.395984558,0.443434806,10,2.412926513
-64.10534103,0.055854883,0.38984532,0.466348808,8.5,1.802166534
-63.91325583,0.057400971,0.376775799,0.48558394,7,1.614994378
-74.84118757,0.019372584,0.668061378,0.145111272,10,0.667736875
25.94878752,0.970217447,0.620374258,0.197760779,10,-41.78877522
-59.20081928,0.096934491,0.383399758,0.466782547,8.5,1.666010102
-73.73092112,0.017672807,0.576583011,0.251305729,8.5,1.312928233
-68.58402505,0.032945521,0.421948863,0.432834834,7,1.871590185
-59.25293043,0.096334008,0.383253699,0.467009157,8.5,1.645571272
-67.12265408,0.039244512,0.402779158,0.455446129,7,1.845097227
-71.27240993,0.02381992,0.474014078,0.371674086,7,1.725096306
-65.89090595,0.045132032,0.415594102,0.433009331,10,2.070354526
-58.83271919,0.099970161,0.390937804,0.45315328,10,1.96619461
30.6054916,0.929749494,0.576845649,0.22966504,8.5,-16.33216563
-60.41406791,0.085077218,0.380779242,0.472826712,8.5,1.609438817
-66.04026442,0.044648941,0.391699141,0.468567487,7,1.785033598
-73.86453616,0.017391031,0.599212412,0.223750852,10,1.304692706
-55.78563851,0.135758227,0.396541549,0.442705073,7,2.593137145
-74.78954929,0.017970473,0.662294177,0.151651635,10,0.819624588
-64.1565783,0.055768168,0.378017117,0.484170298,7,1.636107091
-64.88794209,0.051179244,0.382559388,0.479357492,7,1.692973594
-74.72649207,0.015961098,0.638680501,0.179994775,8.5,0.990266262
-64.91399112,0.051021,0.382714142,0.478956768,7,1.697058331
-58.63432179,0.103734113,0.379608488,0.472881893,7,1.422072072
-74.19800831,0.016704233,0.6023094,0.241052059,8.5,1.180738622
-67.3169148,0.03813677,0.43183975,0.414734985,10,2.076019304
-74.27949206,0.016614707,0.623533972,0.195862616,10,1.172770791
-63.58154827,0.059124131,0.397883111,0.452339265,10,1.92196184
-68.93710013,0.264892337,0.723676366,0.084687827,10,-42.7834443
-64.24909095,0.054925087,0.390711107,0.465273849,8.5,1.814563069
-54.13673703,0.150595003,0.407379319,0.422798984,10,5.296546963
-73.22976988,0.018778659,0.553473546,0.277933228,8.5,1.439420614
-72.33512052,0.020908763,0.534840824,0.297196131,10,1.67869568
-69.15150923,0.030691591,0.44528674,0.402883325,8.5,1.983689995
-71.16736138,0.024090479,0.486753988,0.354961171,8.5,1.815302313
28.70549848,0.954515836,0.59915681,0.213582821,8.5,-32.20463629
-74.29223321,0.016528956,0.608196739,0.215540987,8.5,1.144206105
-51.48912608,0.178589756,0.411784968,0.41553523,8.5,10.04589374
-68.71171997,0.032354847,0.438191342,0.411436156,8.5,1.991287225
-74.39106948,0.016346955,0.614498462,0.207715141,8.5,1.1187794
-68.65422432,0.032584228,0.437323127,0.412086494,8.5,1.989730851
-48.58774776,0.207016202,0.418681649,0.4033303,8.5,17.65926463
-6.859017775,0.53783849,0.469419662,0.31625228,8.5,207.3438707
-55.78950215,0.132565448,0.401134306,0.433834298,10,3.476938328
-67.78554969,0.036145155,0.424862416,0.438641863,8.5,1.999945513
-57.46913844,0.115271435,0.390164634,0.453962041,8.5,2.09425091
-53.12571635,0.161259154,0.410490766,0.417248253,10,6.867425767
-70.2217773,0.027045088,0.450459787,0.412693581,7,1.817169604
-26.35526897,0.393764586,0.449135949,0.347430661,8.5,120.2523084
19.92190565,0.984525693,0.654347154,0.175097029,8.5,-50.36551602
-74.88171181,0.015564667,0.632833285,0.186161884,7,0.924516407
-66.5555542,0.041724735,0.422576836,0.425326179,10,2.089034514
16.84139417,0.98710101,0.667536874,0.16500046,8.5,-52.21771392
-61.80935448,0.07249463,0.390702844,0.458961613,10,1.82613826
-55.35458312,0.140911867,0.39982726,0.436845906,7,2.825141017
-66.32846626,0.043143219,0.394405815,0.465398954,7,1.804112874
-15.32828298,0.959018761,0.742577278,0.091456588,7,-47.42042439
-63.69413096,0.058370835,0.398516737,0.45168807,10,1.932020266
-72.92662176,0.019494642,0.524893646,0.3122746,7,1.460901224
-73.85337483,0.017408868,0.582899931,0.262682911,8.5,1.279146991
-75.25348793,0.025834988,0.68183206,0.130834948,7,-0.298927353
-71.89442033,0.173468866,0.71635768,0.091831316,10,-26.14245817
-61.17643338,0.077751359,0.389490895,0.459549118,10,1.804835846
-64.87812653,0.050827942,0.40666025,0.44296484,10,2.010931992
-69.54687933,0.029221798,0.465796225,0.37618418,10,2.048109019
-65.53076506,0.356251916,0.729636756,0.080144196,7,-56.44488721
16.22675726,0.986826307,0.668540049,0.16242275,7,-52.02601342
-56.38693778,0.541312909,0.739428542,0.072921868,10,-63.57553805
-74.7742711,0.015988791,0.64253775,0.175629787,8.5,0.965588184
-57.07767319,0.118389332,0.396635481,0.449333199,10,2.633335521
-61.71622345,0.073960577,0.371063642,0.490500914,7,1.424193038
-72.35498264,0.166252852,0.716242183,0.092906131,7,-25.35291189
-70.28231418,0.229600752,0.721920158,0.087561397,8.5,-37.12489107
-69.85692206,0.028157463,0.471715169,0.369406969,10,2.023377437
25.3384408,0.974253601,0.625956511,0.196059082,8.5,-44.48932406
-75.02011907,0.015623193,0.645063539,0.17309081,7,0.854904098
-56.96970948,0.119874362,0.397168965,0.441167796,10,2.583025993
-73.78197073,0.017557679,0.594837258,0.228564545,10,1.32905552
-59.7783433,0.091130811,0.381775312,0.470117678,8.5,1.629861602
-50.42679845,0.188765569,0.417589912,0.404700795,10,12.52234981
-59.69596629,0.091292946,0.389691377,0.464926955,10,1.879476567
-44.99762597,0.726014719,0.748262886,0.068973359,10,-53.08956703
-59.9297638,0.089063978,0.389325909,0.45750882,10,1.804064851
-73.56526925,0.018021576,0.583982053,0.241343297,10,1.389390059
-61.80159869,0.072798838,0.380976991,0.474431334,8.5,1.649737895
-60.66056838,0.083349978,0.372010032,0.488165796,7,1.366160076
-69.36413022,0.029869238,0.462520777,0.379896514,10,2.054092162
-67.31988556,0.038102349,0.431562858,0.415131216,10,2.11112347
-47.61129916,0.215996524,0.423377007,0.394617729,10,20.55006098
-66.80111739,0.040511107,0.425270235,0.422177421,10,2.10451868
-72.98316564,0.019364648,0.527026124,0.310311383,7,1.45203772
-72.30741727,0.020993913,0.519262862,0.31761979,8.5,1.633517886
-72.03249366,0.0217028,0.510611991,0.32739679,8.5,1.682357788
-56.37996152,0.128984443,0.393047946,0.448961886,7,2.176439228
-54.09681793,0.153938726,0.403629227,0.43019278,7,4.628075117
-55.71586616,0.134347247,0.397681925,0.440796545,8.5,3.289635623
-72.3874401,0.020779197,0.536560842,0.295291494,10,1.671909864
-74.19100458,0.016724166,0.601884436,0.222247944,8.5,1.181723299
-67.66085376,0.036583702,0.435969201,0.410072031,10,2.11575538
-66.57195938,0.041748189,0.410281162,0.443381773,8.5,1.965585821
-65.07909387,0.050035983,0.383866096,0.477597653,7,1.71175845
24.07244401,0.976038085,0.631870353,0.189573602,10,-45.1376408
-65.76443244,0.045803339,0.414427435,0.434453261,10,2.057877289
-59.44898007,0.095171488,0.375691833,0.480363439,7,1.365969038
-58.46565349,0.103839508,0.392155924,0.451471634,10,2.01889269
-64.09535088,0.05616308,0.377696104,0.484561108,7,1.629842093
-63.38088482,0.060526713,0.396793075,0.454231303,10,1.910962283
-17.56410839,0.951994622,0.745345311,0.087857989,10,-46.82659091
-24.53141708,0.407537345,0.450880486,0.344372424,8.5,129.9496802
-58.69571421,0.102092805,0.384955721,0.463611742,8.5,1.752496122
-60.87077383,0.08035836,0.388960541,0.459619541,10,1.823972881
-71.7748294,0.022422249,0.48726532,0.355674238,7,1.667155113
-63.63250915,0.058771775,0.397890112,0.452311856,10,1.96021996
-75.07763729,0.025606887,0.681099157,0.131604916,8.5,-0.156439721
-46.08202378,0.230251783,0.423257205,0.395293093,8.5,25.91845124
-19.33524923,0.945755788,0.747055768,0.085765111,7,-46.4565726
-58.24719166,0.105988907,0.392346338,0.450258015,10,2.120546145
-64.97384855,0.050654954,0.383047789,0.487988897,7,1.726712594
-56.13610437,0.129875028,0.396132962,0.443181677,8.5,2.890769083
-64.84076655,0.051504533,0.382178151,0.479618356,7,1.696882789
-74.73897125,0.057057032,0.698999539,0.11212789,8.5,-4.518484891
-49.66313949,0.171416104,0.352694485,0.543798565,7,23.10818616
22.72347357,0.772238401,0.515179829,0.271279377,8.5,141.3935836
-65.09078145,0.049576194,0.408370157,0.441048337,10,2.026000602
-61.29797553,0.07712194,0.380598918,0.474415751,8.5,1.614640832
-64.43518111,0.053539171,0.403328244,0.447402046,10,1.98345252
25.49833351,0.971994727,0.623267028,0.196986493,7,-41.92144791
-74.37916843,0.01648611,0.63007783,0.188088311,10,1.136074808
-60.3982339,0.0851712,0.380705384,0.472494802,8.5,1.611978119
-62.67911335,0.065887708,0.382980618,0.473021224,8.5,1.721948428
-59.09919937,0.098800016,0.377282006,0.477364032,7,1.380192622
-67.20663419,0.038853241,0.403767751,0.454302316,7,1.846294428
-60.45696175,0.084689832,0.380800128,0.472677408,8.5,1.599840219
-62.60757926,0.066786503,0.372189251,0.489852259,7,1.491742355
-71.04239526,0.024416693,0.497766167,0.339706661,10,1.897882929
-71.98812149,0.021802411,0.523716597,0.309924554,10,1.75006307
-58.36831837,0.105585125,0.386334361,0.461076759,8.5,1.806253829
-69.615174,0.029033581,0.453465973,0.393433769,8.5,1.961332022
-74.96067378,0.016940035,0.659374339,0.156981382,8.5,0.801949281
-70.80908941,0.025191917,0.462981525,0.384646178,7,1.77160137
-61.82237116,0.072687651,0.381065484,0.474557607,8.5,1.650895092
-64.29888302,0.054875093,0.378858577,0.483349142,7,1.645115318
-73.67983219,0.017783779,0.574034284,0.253930645,8.5,1.326964322
-71.88763655,0.022061038,0.520715225,0.313454338,10,1.764659064
-46.89782512,0.222840572,0.421930325,0.397538003,8.5,23.05566761
-71.37964809,0.023481679,0.492192327,0.348675752,8.5,1.785423017
-57.55235212,0.11569712,0.385965685,0.461613202,7,1.635519177
6.929189252,0.987986564,0.699865893,0.136416407,10,-53.33230927
-74.22983654,0.01664639,0.58678135,0.240871736,7,1.142911495
-61.29208243,0.077670023,0.371142472,0.489763112,7,1.402747317
-52.97838856,0.165992583,0.408333221,0.421834694,7,6.373525183
-75.33262922,0.017291424,0.678246851,0.156463906,7,0.589553482
-73.06595729,0.019169302,0.530292902,0.306243547,7,1.431984428
-51.75527584,0.178379585,0.411862258,0.415664463,7,8.864242178
-61.58635411,0.074302026,0.39017468,0.459266856,10,1.818474309
-58.84627383,0.101505115,0.37867154,0.474797543,7,1.382220073
-2.423796046,0.982009378,0.723288876,0.115891488,8.5,-51.44860315
-63.13911294,0.062498864,0.384942642,0.471317628,8.5,1.727242991
-10.29525236,0.970739206,0.73689936,0.100524132,7,-48.9890142
3.016382697,0.986498196,0.711488549,0.128225654,8.5,-52.83808044
-71.99758662,0.021824124,0.493710767,0.349176672,7,1.632690398
-65.76546356,0.046125389,0.389284102,0.471234595,7,1.764011475
-75.08508883,0.025492677,0.681395991,0.131932007,8.5,-0.122712822
-62.52089553,0.067116301,0.382646031,0.473481841,8.5,1.694507392
-73.98651067,0.01714403,0.605930534,0.216172384,10,1.268249784
-63.00797404,0.06383665,0.373209754,0.489242676,7,1.536068413
-72.26550539,0.021122557,0.50197398,0.33903534,7,1.584693623
-10.5377384,0.970210032,0.73671569,0.099342111,10,-48.89721589
-59.47223413,0.094142482,0.382465454,0.468497743,8.5,1.654784982
-73.33731315,0.0185237,0.573414356,0.253058314,10,1.449693826
-75.05400398,0.020058286,0.671833906,0.142232597,8.5,0.441186825
-69.59195029,0.029114518,0.453041102,0.393924544,8.5,1.962522265
-66.28799188,0.043200407,0.407362863,0.446332499,8.5,1.949173774
22.34150784,0.981331111,0.642735817,0.183861381,8.5,-48.15436142
-62.2392886,0.069308773,0.381936916,0.474076779,8.5,1.669916529
-65.29325188,0.048792385,0.385428912,0.475762124,7,1.731863667
-74.22181836,0.016698875,0.619874457,0.199991076,10,1.193909379
-55.56846317,0.136074422,0.398555323,0.43885668,8.5,3.390761707
-60.75428813,0.081506245,0.389184918,0.459239625,10,1.793848347
-73.72926334,0.01766991,0.59211933,0.232046778,10,1.343904573
-57.78775792,0.11102939,0.394242665,0.446643997,10,2.215181273
-69.45824686,0.02958496,0.450664965,0.396717818,8.5,1.96545915
17.38761854,0.986762431,0.665325101,0.16672026,8.5,-51.96265672
-58.06405964,0.108789923,0.387447729,0.458777779,8.5,1.897464498
-51.20452521,0.180988148,0.415731532,0.407983245,10,10.6766368
-60.85357884,0.081570813,0.37166984,0.488954596,7,1.374356655
-69.53503824,0.029372954,0.437319283,0.414312179,7,1.861773687
-55.6802055,0.13395441,0.402012727,0.432325077,10,3.515485605
-58.22718418,0.108301117,0.382561707,0.467680358,7,1.38803686
-74.11805253,0.016868912,0.597552133,0.227280816,8.5,1.203739012
-65.39650062,0.047837399,0.41081797,0.438434809,10,2.065164947
-65.20740486,0.049079379,0.397542928,0.457698076,8.5,1.886813813
-50.26077669,0.190789641,0.414877573,0.410030401,8.5,12.9998657
-59.6178852,0.093447094,0.375018367,0.481526688,7,1.357058469
-56.82984054,0.122215675,0.392926006,0.449100341,8.5,2.430516162
28.73549231,0.850757923,0.540097399,0.251621916,10,56.52823627
-9.497879473,0.520524957,0.468355794,0.317010305,8.5,197.3131804
-57.42085306,0.11712108,0.386577169,0.460385157,7,1.699404208
-57.15147722,0.117844126,0.39636494,0.442666435,10,2.503909805
-58.01121359,0.108634642,0.393491463,0.448206341,10,2.142685005
-66.56636684,0.041786112,0.4102176,0.443287995,8.5,1.965910665
-67.08228565,0.039187523,0.428582985,0.41846329,10,2.112194792
-57.46852227,0.114460163,0.395352765,0.444641971,10,2.341158041
-74.28027703,0.016550158,0.607370984,0.216105773,8.5,1.154426123
-69.30492644,0.030130559,0.447918726,0.400829601,8.5,1.977492195
-53.60109371,0.59153194,0.741893911,0.071388309,10,-61.73142558
-58.10546173,0.108387982,0.387403517,0.459066543,8.5,1.87354979
-55.16004388,0.139586426,0.403854428,0.429011621,10,4.037379145
-72.88488019,0.019580392,0.539587388,0.2942424,8.5,1.519699033
-56.07540619,0.132446716,0.394825463,0.445754385,7,2.380210274
-39.5399996,0.28756611,0.431899395,0.383134916,7,53.51299163
-56.32507545,0.127694636,0.395065168,0.445483399,8.5,2.781488051
-66.89966542,0.040157436,0.413887114,0.439112999,8.5,1.978768037
-69.02654413,0.031228243,0.428801208,0.424820526,7,1.868252541
-33.44993776,0.337645358,0.440653583,0.363256451,8.5,83.12647238
-68.09092946,0.034753407,0.442252497,0.403111852,10,2.077865177
-62.49298075,0.067701262,0.371938406,0.490072713,7,1.486159946
-58.45665095,0.103925805,0.392113915,0.450925585,10,2.023184052
-56.42035526,0.126712967,0.394740247,0.445498731,8.5,2.692833026
-1.382535572,0.578301913,0.476320572,0.307659528,8.5,219.3536239
-61.10681811,0.079307153,0.371315891,0.489225607,7,1.389217509
-53.56327106,0.156713786,0.409276071,0.419382746,10,6.134805359
-62.07110237,0.071040631,0.371264849,0.490724178,7,1.456492662
-64.31010566,0.05431879,0.402441361,0.447569776,10,1.973841915
-61.17925692,0.077768754,0.389585649,0.45940442,10,1.796362339
12.11483303,0.988500312,0.684022682,0.150039357,10,-53.42431927
-69.54787373,0.029216911,0.465725688,0.376502227,10,2.057787946
-69.6724956,0.028785525,0.468150698,0.373478522,10,2.038956198
-22.65671868,0.932026012,0.750166739,0.081505508,8.5,-45.23291678
-75.07873536,0.024747654,0.679915496,0.132619916,8.5,-0.047401082
22.76031018,0.979191295,0.639142393,0.184126127,10,-47.38811557
-58.72503481,0.102808344,0.379331037,0.473601813,7,1.390202368
-50.94258011,0.186179232,0.413466794,0.412951647,7,10.82837267
-66.97977656,0.039778645,0.414801489,0.438031665,8.5,1.981706159
-50.99457169,0.185666204,0.413333645,0.413182843,7,10.70219888
-57.49979333,0.116374235,0.38652556,0.460677439,7,1.626505097
-64.40978777,0.054145946,0.379502818,0.4826095,7,1.653282465
-56.3935481,0.128856812,0.393030451,0.448953558,7,2.16020608
-63.51056998,0.060223738,0.374959826,0.487622709,7,1.58476081
-61.26565714,0.077401933,0.38058006,0.474327977,8.5,1.613261961
-68.06511423,0.034886266,0.441711066,0.403586552,10,2.097708082
-56.78870261,0.122778401,0.393717336,0.447351019,8.5,2.342985292
-70.87957855,0.02497043,0.46463796,0.383827705,7,1.761218384
-66.80671325,0.040616768,0.412910284,0.440392525,8.5,1.968705017
-67.89833297,0.035656694,0.426289834,0.424811197,8.5,2.001562433
-15.91133477,0.957307912,0.743590013,0.09032704,10,-47.12109495
-68.57129622,0.032991349,0.421702399,0.433285992,7,1.876826251
-65.41039834,0.047754711,0.411007152,0.43799998,10,2.057662701
20.453453,0.993885646,0.678545531,0.203530587,7,-50.70783564
-73.51626252,0.018150308,0.549440025,0.283827105,7,1.330483959
-61.23898865,0.07726814,0.389607666,0.459447174,10,1.807330972
-17.44014022,0.952374525,0.745306717,0.088083244,10,-46.92232208
-57.594779,0.113081343,0.394865727,0.445517845,10,2.293097251
-64.59954018,0.374039573,0.730501622,0.07897818,10,-57.22734851
25.75108607,0.970130682,0.621191233,0.196809931,10,-41.94946139
-61.26346726,0.077420989,0.380578911,0.474325977,8.5,1.613193989
-59.34096436,0.096359047,0.37627354,0.479223506,7,1.364663168
-73.69640159,0.017757091,0.557944485,0.273765896,7,1.286334224
-13.77970701,0.489262612,0.463839372,0.323316881,8.5,180.7783953
-48.67912585,0.208348481,0.41918848,0.402725827,7,16.93363575
-55.48575078,0.136974405,0.39889764,0.438235429,8.5,3.471964164
-53.92367163,0.156073725,0.404961615,0.427870797,7,4.801029978
-63.28492377,0.06175151,0.374114102,0.488098194,7,1.555900261
-58.43235053,0.104174032,0.392161649,0.450791178,10,2.031368331
-74.56163509,0.016001999,0.608301886,0.215398781,7,1.042419751
-42.79336696,0.756024599,0.749498986,0.068821696,10,-50.92181949
-63.84556312,0.057336692,0.399400532,0.450810906,10,1.943937265
-48.64534237,0.174467799,0.349070146,0.549896629,10,27.68667644
-5.405529104,0.978580499,0.728761541,0.109793617,7,-50.60962007
16.87809772,0.721569008,0.504988092,0.277751472,10,183.5850712
-62.51543923,0.067573814,0.371987633,0.490385651,7,1.493225706
-58.48477463,0.103504328,0.391666624,0.451589459,10,2.058779936
-62.02488565,0.071446156,0.37127814,0.490535541,7,1.448383825
-58.17832809,0.108826021,0.382783165,0.467145287,7,1.402315537
-25.33552026,0.401444317,0.45007319,0.345804776,8.5,125.7123671
9.360737297,0.988392264,0.693012201,0.143491523,7,-53.55217849
-74.92266295,0.016601337,0.655689701,0.160544707,8.5,0.844791055
-66.00056759,0.044717081,0.404517548,0.449833515,8.5,1.937233373
-74.91753834,0.016530942,0.655146641,0.161389564,8.5,0.854921148
-70.59171415,0.025780053,0.487154909,0.351783652,10,1.951638359
-63.53095013,0.060021771,0.37511763,0.48738428,7,1.574240428
-65.90966369,0.045354022,0.390522909,0.469837405,7,1.776472284
-73.52937925,0.018101333,0.58226241,0.243020056,10,1.399180147
-56.65401476,0.124142608,0.393699279,0.447553317,8.5,2.538032562
-72.99227511,0.019341259,0.527410299,0.30923619,7,1.447347158
-57.29487292,0.117141105,0.390856483,0.452701992,8.5,2.181787678
-60.28312985,0.085813918,0.389117842,0.458437724,10,1.801949404
-57.54030505,0.115797847,0.385940372,0.461758654,7,1.652356548
-73.46424839,0.018243148,0.579199214,0.246458714,10,1.416395978
-74.54595648,0.016031464,0.607207623,0.215805397,7,1.047335502
-67.56482754,0.037214741,0.408014094,0.449320799,7,1.862615908
-59.2830453,0.096899792,0.376441472,0.47868428,7,1.368430806
-74.93820374,0.016752642,0.657220263,0.158796838,8.5,0.824496126
-70.73299533,0.025424171,0.46122103,0.386987618,7,1.782668278
-58.68063106,0.102295555,0.385143042,0.463350603,8.5,1.741705787
29.44481244,0.94698361,0.591715626,0.218749508,8.5,-28.19352783
29.21410179,0.952709978,0.596031856,0.217148687,8.5,-30.78638404
-59.08193215,0.097416559,0.39051594,0.454195439,10,1.898954429
-60.68805384,0.08309475,0.371956953,0.488285255,7,1.367230641
-40.24852145,0.788157666,0.750757221,0.06899785,10,-48.71669381
-70.80774336,0.025156938,0.478161505,0.364658181,8.5,1.853162987
-67.37039233,0.038119256,0.405712385,0.452102201,7,1.851257307
-66.76058305,0.040964823,0.398795341,0.460208057,7,1.827961709
-68.08116984,0.034999518,0.414761611,0.441453347,7,1.870762993
-54.28813567,0.152170055,0.40350126,0.430451738,7,4.274049103
-60.94313424,0.080234223,0.380446147,0.473978493,8.5,1.612428229
-67.83174672,0.035941198,0.425393163,0.425842758,8.5,2.000936969
-75.25404487,0.021420067,0.675540558,0.13803194,7,0.18655376
-74.07882725,0.016963549,0.611238255,0.20991159,10,1.239723233
-73.17534032,0.018890716,0.56635858,0.261173376,10,1.492169772
-62.53200351,0.066687668,0.392965894,0.457158403,10,1.850234267
-54.49834407,0.149939497,0.402695012,0.431779831,7,3.979033735
-55.17478239,0.139418196,0.403782399,0.429187341,10,4.025715286
-65.71369188,0.046418268,0.388843878,0.47174057,7,1.76053915
-56.01221749,0.133206201,0.395304296,0.444971577,7,2.413304075
-67.58564885,0.036912734,0.435018069,0.424638722,10,2.119753648
-74.43387952,0.016276944,0.61735619,0.204100909,8.5,1.104225555
-58.5567575,0.502386876,0.737879904,0.074395255,8.5,-64.19418228
-68.32527154,0.033817884,0.445442541,0.399309016,10,2.101961283
-61.5004659,0.074944605,0.390230942,0.468473126,10,1.829464312
-59.98701602,0.089064982,0.381434763,0.470915039,8.5,1.602586825
-70.53857868,0.025930668,0.48598006,0.353174785,10,1.955734702
-65.65900817,0.046519131,0.401408131,0.453342529,8.5,1.911295191
-59.33370875,0.095591271,0.383010551,0.467575984,8.5,1.652149579
-63.86489802,0.057449948,0.388448698,0.467730688,8.5,1.784880287
-54.95659827,0.142700729,0.401016926,0.434472656,8.5,4.045678204
30.65572354,0.899154851,0.559444687,0.240404714,7,7.523357042
9.034326475,0.988479149,0.694630081,0.142816682,8.5,-53.53591457
-66.99197607,0.039616675,0.427545582,0.419621439,10,2.105160221
-62.61681106,0.066072869,0.393256104,0.456855181,10,1.861953559
-59.90995295,0.090396694,0.373413571,0.484236942,7,1.408659224
-55.83461398,0.132805017,0.396507913,0.442372661,8.5,3.256203179
-69.38556776,0.029791707,0.462848957,0.379524193,10,2.058957921
-64.45840808,0.053592405,0.39200214,0.46389588,8.5,1.837005052
-59.07595536,0.098206946,0.383787636,0.466004021,8.5,1.680933593
-66.06258882,0.044214501,0.417298351,0.431389611,10,2.0781163
-54.21718418,0.15060401,0.403762946,0.429616505,8.5,5.000373327
-63.35026542,0.060990156,0.385860241,0.470402033,8.5,1.743714059
-38.97939776,0.294679261,0.435347013,0.373298425,7,55.20216923
-61.99587769,0.071683955,0.371251879,0.490532505,7,1.446191085
-72.17964992,0.021301136,0.529760412,0.302996302,10,1.709016595
-68.07274056,0.034850673,0.441730726,0.403527614,10,2.107507039
-59.74208281,0.092305533,0.374854748,0.481936052,7,1.326949439
-69.22286734,0.030430251,0.446500419,0.401583061,8.5,1.980950369
-51.245621,0.182991663,0.412279349,0.415011548,7,10.1636073
-55.67135893,0.134846613,0.397853824,0.440011272,8.5,3.324557268
-67.71719893,0.036354792,0.43703203,0.408947905,10,2.081863142
-70.22794424,0.027027253,0.450426416,0.39982328,7,1.827242175
-55.39350881,0.137866391,0.399001809,0.437970979,8.5,3.598486745
-64.51817525,0.053215245,0.392459557,0.463379945,8.5,1.835002514
-74.45531445,0.016201174,0.601039406,0.223918631,7,1.075847314
-67.96324873,0.035385838,0.427264385,0.423702895,8.5,1.992922169
-64.26464809,0.054599356,0.401900204,0.448171665,10,1.998105289
-73.22410971,0.018791436,0.553234175,0.278341083,8.5,1.440748272
-72.50979702,0.020506149,0.509981745,0.329833066,7,1.540551253
-73.47580236,0.01822747,0.56432728,0.265422573,8.5,1.379271864
-48.89834816,0.203728116,0.420944308,0.398808536,10,16.60664323
-60.04554924,0.08845042,0.380934475,0.471508983,8.5,1.649844536
-60.18313297,0.08726959,0.381146959,0.47172061,8.5,1.603711381
-57.76254932,0.113480296,0.38508619,0.463160081,7,1.532090957
-67.29804179,0.038427714,0.4047829,0.453183091,7,1.854677219
-59.53544053,0.094342009,0.37547196,0.480754461,7,1.35074602
-69.10329059,0.030809143,0.45782659,0.385238777,10,2.082284861
-73.35223997,0.018502412,0.558767045,0.272134754,8.5,1.40995129
-67.25890476,0.312167805,0.727346356,0.082372829,8.5,-50.52951279
-62.8933369,0.064010514,0.394364528,0.45591886,10,1.884523678
-69.43868413,0.029569816,0.463934716,0.378433895,10,2.041485406
-54.89872873,0.142640468,0.400322786,0.441150366,8.5,4.331599154
-59.55736175,0.093228734,0.382372641,0.468827328,8.5,1.618247939
-30.90124432,0.881241721,0.752246523,0.072824647,10,-44.62496115
-39.41531251,0.797911623,0.751143042,0.069178017,10,-48.1511671
-74.02578315,0.01705727,0.592260339,0.233298376,8.5,1.230721872
-54.02081564,0.155058985,0.404634015,0.428415328,7,4.646953869
18.04192955,0.985507625,0.660834445,0.167794341,7,-51.33189715
-75.14970322,0.016491872,0.658345575,0.157488943,7,0.722573631
-59.30996164,0.095117491,0.389851646,0.455665119,10,1.906052221
-71.05886825,0.024402948,0.484132589,0.358012835,8.5,1.82348091
-73.5785795,0.018014278,0.552310635,0.280509797,7,1.316362034
-63.7637439,0.058399028,0.376058862,0.486236273,7,1.601219958
-34.21040544,0.331728543,0.439942384,0.364272266,8.5,79.11271106
-20.08424877,0.943078425,0.747631693,0.084288968,10,-45.86309357
-67.57088058,0.036988244,0.435117956,0.411021591,10,2.077207481
-70.3497126,0.02662889,0.452963104,0.396583431,7,1.814601023
-54.69903932,0.144450101,0.405205246,0.426488965,10,4.596745156
-18.49551781,0.949047378,0.746532202,0.087035634,7,-46.42325199
29.3183034,0.865897352,0.546612378,0.246383416,10,40.1862367
-60.83952914,0.081696364,0.371730943,0.488301555,7,1.364328273
-61.05839799,0.079659322,0.371349054,0.489117525,7,1.379029043
-57.18172095,0.118361612,0.391325729,0.451847461,8.5,2.240168125
-69.17726485,0.030604863,0.445724155,0.402427436,8.5,1.982742052
-75.20865496,0.018168822,0.666545602,0.147430529,7,0.526679091
-55.39312883,0.561951938,0.740827063,0.072708014,7,-63.81395897
-62.12136129,0.070659796,0.371352145,0.490625088,7,1.459096064
-74.68309533,0.015790191,0.617087727,0.205271707,7,1.002230953
-59.66898823,0.092971731,0.374851083,0.481662553,7,1.356113314
-57.50645918,0.116199527,0.386230815,0.461566912,7,1.658047703
-54.54345698,0.146279445,0.406092635,0.425017182,10,4.746216844
-58.15750421,0.10898131,0.382405734,0.467852249,7,1.481198241
-59.23250899,0.095890887,0.389991847,0.455330922,10,1.916037228
-59.87271611,0.089579556,0.388993719,0.457799138,10,1.863030765
-69.1474501,0.0307828,0.430771931,0.422452383,7,1.866163023
-65.50586975,0.04737005,0.400068654,0.454858522,8.5,1.901647914
-35.6481561,0.321667371,0.438828349,0.366830613,7,71.65302358
-72.4753156,0.020555146,0.539603755,0.291801582,10,1.649937101
-70.36810155,0.026482003,0.482195141,0.357457434,10,1.979130125
-50.50646218,0.190779978,0.415146169,0.409875761,7,11.82814683
-65.35241132,0.048443095,0.385891301,0.474886318,7,1.734829042
-74.64814844,0.015848982,0.614503124,0.208326029,7,1.014028272
-50.51067601,0.18793068,0.417393167,0.405057992,10,12.31622927
-68.25911535,0.034149644,0.431332313,0.418995959,8.5,2.002580293
-56.83410172,0.122273579,0.393499594,0.447745545,8.5,2.317798916
-74.87525481,0.016276951,0.651241624,0.165626643,8.5,0.894561866
21.40324873,0.98241308,0.646745367,0.180334654,7,-48.77323239
-60.10858625,0.087365695,0.389195107,0.458016177,10,1.796108046
-74.87643301,0.015566442,0.632385666,0.186803373,7,0.927146852
-62.72437211,0.065965814,0.37244399,0.490034527,7,1.51131047
-74.8002074,0.01602917,0.644695853,0.173111109,8.5,0.950183433
24.22388031,0.976841719,0.631895661,0.191367704,7,-45.82785173
-62.02120115,0.071479346,0.371267428,0.490644457,7,1.4497492
-64.59407206,0.052957385,0.380499202,0.481381681,7,1.679826885
-69.5359178,0.029309979,0.452130976,0.408505651,8.5,1.959452631
-54.20324999,0.14976022,0.406867772,0.423535972,10,5.239637665
-61.62711206,0.074325919,0.380808346,0.474694072,8.5,1.64085996
-64.29362831,0.054423218,0.402335342,0.447681775,10,1.971768598
24.78978452,0.795857397,0.522436181,0.264597289,10,116.7625441
-56.1934576,0.128281278,0.399923817,0.436101835,10,3.108918608
-13.70726634,0.96321393,0.741841504,0.094553495,8.5,-47.81454694
-52.82449578,0.165152407,0.408301439,0.421622956,8.5,7.273813029
-69.5728579,0.029244787,0.438073594,0.413882316,7,1.853199908
-58.9035146,0.099935083,0.384221197,0.465034911,8.5,1.718667231
-71.75245486,0.022430934,0.516710444,0.319227009,10,1.79209448
-23.63512828,0.414589394,0.452118822,0.342210593,8.5,134.4813967
-44.61151541,0.243644173,0.425854013,0.39046282,8.5,31.33301243
16.31828275,0.987380707,0.669139089,0.163332176,7,-52.232312
-61.5179519,0.075183415,0.380696273,0.474553819,8.5,1.627234287
-65.41826683,0.047873152,0.399224776,0.45581374,8.5,1.906918471
-65.82513707,0.04579788,0.389826187,0.470954652,7,1.766043151
-74.96007115,0.015545827,0.639592209,0.179382185,7,0.88874137
-70.73077509,0.025391477,0.476313179,0.367029547,8.5,1.86947542
-60.38804936,0.084773661,0.389075943,0.458630034,10,1.793246745
-71.71627565,0.022527884,0.515668844,0.319231182,10,1.798069153
-66.37824439,0.042888301,0.394889406,0.464688252,7,1.807187967
-69.72258697,0.028633847,0.469019915,0.372468702,10,2.044581695
-57.46373111,0.114501155,0.395344603,0.444633795,10,2.345625581
-65.02764499,0.050116244,0.396145551,0.459412154,8.5,1.871970412
-69.46003099,0.029639224,0.43602361,0.416394595,7,1.862457094
-62.08804884,0.070201373,0.391454614,0.458393357,10,1.833962209
-49.30644448,0.662539911,0.745845719,0.07022424,8.5,-58.16542814
-56.97571244,0.120612319,0.392244966,0.4502082,8.5,2.348783848
-73.98436773,0.017142295,0.589948921,0.235985822,8.5,1.242609941
-66.94542771,0.039941617,0.414407325,0.438482506,8.5,1.980531005
-66.66989243,0.041423709,0.397830667,0.461235059,7,1.824588377
-51.38226084,0.179781645,0.412307589,0.414590559,8.5,10.25159433
-55.27670069,0.141314138,0.3988596,0.438481311,7,3.102401362
-73.25285551,0.018726203,0.554455738,0.27693299,8.5,1.433919409
-57.79744556,0.111705208,0.388715617,0.456628042,8.5,1.969510956
-67.29825176,0.038299044,0.418574339,0.433695433,8.5,1.991230408
-74.90230961,0.022795883,0.677095494,0.136632329,10,0.302515977
-63.78352528,0.058318306,0.376188702,0.486189487,7,1.602875613
-60.18922918,0.08714228,0.38098232,0.471894596,8.5,1.615860513
-60.39354811,0.085162282,0.380797432,0.472603515,8.5,1.594389353
-63.52588075,0.059760621,0.38668731,0.46955645,8.5,1.757680017
-67.96253057,0.035306723,0.44012586,0.405371614,10,2.112963498
-62.46750405,0.067947967,0.371894,0.490341889,7,1.488938823
-65.7403978,0.046069662,0.414282215,0.434480907,10,2.051984683
-74.39830195,0.01646113,0.631363559,0.18727349,10,1.129407145
0.198269139,0.984531721,0.717765414,0.121569095,8.5,-52.18537284
-69.44658928,0.029626801,0.450471123,0.396944945,8.5,1.964632271
-68.02435947,0.035236118,0.414086751,0.442160532,7,1.861062178
-66.86554075,0.040212846,0.426043402,0.421321844,10,2.103491614
-58.52634145,0.103914967,0.385719934,0.462244135,8.5,1.771634067
-65.16968757,0.049298918,0.397240791,0.458037714,8.5,1.884283704
-60.27767914,0.086986091,0.372891839,0.485750595,7,1.354793609
-68.68039344,0.032409926,0.450890495,0.393134105,10,2.095608011
-58.53771265,0.103795251,0.38567665,0.46232686,8.5,1.769300391
-60.58995841,0.083432706,0.380628511,0.473160397,8.5,1.603928481
-59.06386297,0.097692697,0.390657587,0.454105714,10,1.901465138
-62.24421657,0.068988552,0.391933774,0.458013406,10,1.844122972
-63.8740167,0.057388724,0.388499037,0.467656014,8.5,1.785545805
-53.63745316,0.158955353,0.405705948,0.426511468,7,5.288888316
-63.57825228,0.05916084,0.397853825,0.452374367,10,1.924001121
-63.37511382,0.061167927,0.374467714,0.488002851,7,1.567213114
-62.59339444,0.066227476,0.392895701,0.45721931,10,1.893762726
-52.64466669,0.167002745,0.408838415,0.420679742,8.5,7.611535824
-64.60419413,0.052492084,0.404336749,0.445497864,10,2.019892262
-59.59076968,0.093721086,0.375125965,0.481323455,7,1.357491241
-44.33150814,0.246331307,0.429135515,0.384136218,10,32.08979287
-69.27249974,0.030318265,0.432783623,0.420369276,7,1.869986004
-65.2601642,0.048596455,0.40981159,0.439529779,10,2.035047243
-70.52963882,0.026056638,0.456760668,0.392127203,7,1.800444852
-61.81323997,0.072757594,0.381151459,0.474422072,8.5,1.6369826
-39.82899175,0.793202046,0.750922507,0.069058192,10,-48.35449208
-59.86823466,0.090944355,0.374042517,0.483440365,7,1.362494206
-69.33871895,0.029956553,0.462005745,0.380528919,10,2.062217515
15.41761,0.987345058,0.67169208,0.159111308,10,-52.63646419
-58.3028723,0.107426809,0.381847971,0.469147119,7,1.419940057
-65.8777892,0.04551753,0.390258384,0.470186669,7,1.772334043
-53.54708536,0.156607303,0.408727547,0.42030696,10,6.24046369
-74.6041,0.016537015,0.646273443,0.169972143,10,1.026191236
-68.80234837,0.032085607,0.42546466,0.440915335,7,1.85790237
-72.51019856,0.020487307,0.526042893,0.309864323,8.5,1.595263972
-75.24192418,0.019709001,0.671799198,0.142054662,7,0.377583216
-65.84057459,0.045730475,0.389920377,0.470621588,7,1.771407201
-64.84013688,0.051250227,0.394492028,0.460908123,8.5,1.885151856
-73.34553193,0.01853026,0.541849457,0.292015969,7,1.370424966
-70.15501595,0.027219732,0.463878349,0.38146133,8.5,1.927278746
-70.5107698,0.026034285,0.485338191,0.35387732,10,1.96148713
-62.89302597,0.064027965,0.394430341,0.455790285,10,1.876821417
-57.59850979,0.112964092,0.394633456,0.445782753,10,2.316769858
-65.41095102,0.047760069,0.410916927,0.438302826,10,2.069529349
-54.51308059,0.147772492,0.403372865,0.43014275,8.5,4.509954228
30.02373883,0.938170979,0.583950522,0.224289787,7,-22.36896057
29.28821543,0.950372965,0.594393187,0.217608114,8.5,-29.9724632
-58.5194052,0.103940337,0.385615364,0.46234977,8.5,1.786050811
-74.76573187,0.063326446,0.700381117,0.109893037,7,-5.82666054
-51.3030136,0.182679198,0.412671648,0.414353269,7,9.949284794
-66.52317456,0.042011839,0.409798277,0.443544124,8.5,1.959991045
-74.64257686,0.015998702,0.632176084,0.188059599,8.5,1.029517349
-60.28963794,0.086791476,0.372878816,0.485702366,7,1.340034282
-72.3244574,0.020950925,0.519817745,0.31680299,8.5,1.630469425
-65.93749057,0.045201142,0.390780056,0.469722752,7,1.77755205
-62.75083042,0.065322912,0.383349386,0.481700959,8.5,1.743665683
-63.890999,0.057274872,0.388593624,0.46755529,8.5,1.786840012
-5.377135945,0.978587606,0.728163862,0.109028009,10,-50.62701523
-58.24871359,0.107989038,0.381958091,0.468854789,7,1.456363334
-66.26392264,0.043167948,0.419371966,0.428823789,10,2.085553753
-64.27527178,0.054992391,0.378543664,0.483623426,7,1.659297425
-50.20231137,0.19374075,0.415857613,0.408497489,7,12.60851302
-73.87553483,0.017368016,0.584050515,0.242742496,8.5,1.273367554
-49.76854137,0.654487435,0.744894125,0.069937544,10,-58.4708049
-65.16222717,0.04916337,0.408979873,0.440415515,10,2.029047624
-70.8347983,0.025075596,0.478708522,0.364372769,8.5,1.858150443
-59.55927661,0.094069978,0.375356764,0.481010277,7,1.348436003
-69.41787243,0.029733212,0.450086368,0.397345379,8.5,1.953513282
-64.22561792,0.055090844,0.390523284,0.465632067,8.5,1.818621273
-67.46315526,0.037457061,0.433346991,0.413072666,10,2.117553799
-56.62873494,0.123535246,0.39831309,0.439122865,10,2.802051674
-58.98539823,0.099135447,0.384081308,0.465422165,8.5,1.692996438
-49.414531,0.198691438,0.419756033,0.400860681,10,15.18585522
-61.34829772,0.076254151,0.389775708,0.459399436,10,1.800840566
-67.83309785,0.036047085,0.411489857,0.445148031,7,1.863218058
-59.43364149,0.095339208,0.375941779,0.479999628,7,1.340704326
-18.82737155,0.947808003,0.748322788,0.087341236,7,-46.16851416
-66.39576449,0.04264205,0.408428192,0.445336058,8.5,1.958093398
-58.91174287,0.099238329,0.390972046,0.453355176,10,1.928893115
-40.24909378,0.281811808,0.434529042,0.374175441,10,49.28057163
-59.13964664,0.097452491,0.383590647,0.466326269,8.5,1.653476391
14.16007945,0.988231458,0.677724749,0.15691993,8.5,-53.07786937
25.45320058,0.79901394,0.521460584,0.267652919,8.5,113.997321
-65.94708607,0.044978184,0.404035651,0.450527518,8.5,1.930796069
-67.46333129,0.306955657,0.727021104,0.082654332,8.5,-49.80033786
-56.864415,0.5331344,0.738890488,0.072979412,10,-63.51111374
-58.93470644,0.100329292,0.377463474,0.476659357,7,1.450909881
-46.35098269,0.227831402,0.425725885,0.390289033,10,24.70701119
-73.51471098,0.018153934,0.549368831,0.283665566,7,1.330854018
-50.49595295,0.188563494,0.414490899,0.410736145,8.5,12.3758088
-64.06200387,0.056192402,0.389562296,0.467227229,8.5,1.806333787
-74.79073128,0.015636071,0.625380713,0.195489833,7,0.96293803
-67.33918493,0.038234717,0.405301836,0.452424982,7,1.852913415
-61.83390994,0.072532608,0.381028712,0.474411598,8.5,1.651446103
-67.79073254,0.036023525,0.437707081,0.408374382,10,2.117865971
-68.3820132,0.033740781,0.418900697,0.436433675,7,1.879470681
-53.78855534,0.155131318,0.405246734,0.4269997,8.5,5.63465716
-66.05714072,0.044403477,0.404929316,0.449314129,8.5,1.953660139
-60.16786134,0.087415062,0.381170154,0.471661504,8.5,1.604079655
-69.1631208,0.030721652,0.431026879,0.422165094,7,1.866127229
-58.71048914,0.101841603,0.38459439,0.464152568,8.5,1.783759019
-71.4814261,0.023226434,0.479351109,0.365641598,7,1.701968265
-40.58851729,0.784607305,0.750933444,0.069446976,7,-49.32122939
-51.25433844,0.18049739,0.415627867,0.408200465,10,10.56430851
-50.97161756,0.185990697,0.413583545,0.412706255,7,10.72884938
-59.38267081,0.095850511,0.376243722,0.479231854,7,1.324909319
-48.52081618,0.207048359,0.41769064,0.40497732,8.5,18.0261726
-57.31095656,0.1161158,0.395795804,0.443809359,10,2.42616721
-67.75305993,0.036190909,0.437237001,0.408653015,10,2.113067668
-74.77791193,0.017801724,0.661185311,0.153021028,10,0.838092379
16.91473215,0.986796037,0.66648665,0.164157804,10,-52.24433239
-64.20040383,0.055238975,0.390409399,0.465601667,8.5,1.810764644
-39.42913321,0.289259092,0.436273286,0.370996815,10,52.86845654
-32.75721407,0.865934521,0.75317915,0.072194783,8.5,-45.01462053
-69.90055777,0.02801099,0.472584438,0.368438419,10,2.018605816
4.208583407,0.986888063,0.707193927,0.129829446,10,-53.10745493
-58.34064179,0.105147268,0.392465267,0.450246148,10,2.050102623
-56.30785854,0.127993619,0.39538039,0.444530529,8.5,2.759146938
-5.894529907,0.977901598,0.729927359,0.10877962,8.5,-50.38677337
-55.41505456,0.137350326,0.398224024,0.439328555,8.5,3.662771093
-56.16358161,0.129575055,0.396013988,0.44338237,8.5,2.868809228
-49.69453199,0.198367426,0.416483553,0.407625399,7,14.07699726
-73.65342647,0.123775658,0.726431977,0.104410003,8.5,-16.33532401
-58.95109468,0.100380023,0.378311902,0.475255532,7,1.340745949
-69.78998346,0.02843127,0.456725287,0.389668368,8.5,1.951435268
-58.27244988,0.105878459,0.392706075,0.449797327,10,2.063765885
-60.45912981,0.084504532,0.380767954,0.48028111,8.5,1.642331735
-63.5809216,0.059149123,0.397858896,0.452371106,10,1.925854961
-57.99787699,0.110701477,0.383229854,0.466577241,7,1.527412457
-54.87375841,0.146501286,0.402524814,0.432009905,7,3.32572125
-73.67596508,0.017792115,0.573839663,0.254522721,8.5,1.328378808
-74.23533129,0.016681774,0.620724279,0.199003696,10,1.188928331
17.46791818,0.986882319,0.66505757,0.166973167,8.5,-51.84863126
-63.01467751,0.063730764,0.373219232,0.489233465,7,1.533264343
-53.2611445,0.160636204,0.406957466,0.423987023,8.5,6.49545258
-73.10742604,0.019073043,0.531943731,0.30404215,7,1.423152005
-64.1616368,0.055481119,0.39012627,0.465910152,8.5,1.812382523
-58.5555072,0.104426007,0.379997426,0.478030906,7,1.492812318
25.65214125,0.971946051,0.622825325,0.197235761,8.5,-42.47347561
-74.16397559,0.016805147,0.616318701,0.204423848,10,1.212593307
-50.33949148,0.189974111,0.414612541,0.410558056,8.5,12.81267416
-61.12917377,0.07852824,0.380369199,0.474183716,8.5,1.621166272
-55.14345125,0.139718084,0.403805012,0.429165002,10,4.071405381
-72.94145235,0.019463011,0.525428743,0.311660592,7,1.460354686
-27.75078165,0.903665434,0.751981873,0.075592802,10,-44.46470956
-60.82793642,0.458509176,0.735394208,0.076027461,7,-63.8815957
-66.63355709,0.041600346,0.397461562,0.461788121,7,1.821875315
-61.11809335,0.078188332,0.389328409,0.459574463,10,1.808426533
-67.48048444,0.037397839,0.433632427,0.412818694,10,2.111288181
-71.56063201,0.022949008,0.511336636,0.324081989,10,1.818471322
-63.68427902,0.058966456,0.375710438,0.486488717,7,1.59431579
-56.88428221,0.121671965,0.392804708,0.449157664,8.5,2.381834803
-70.9702707,0.024669037,0.481988745,0.360538198,8.5,1.834501799
-64.27560175,0.054754895,0.390877221,0.465093022,8.5,1.816632453
-57.18688618,0.117502046,0.39634478,0.442720883,10,2.4728808
-64.34804156,0.054292749,0.391363462,0.464565585,8.5,1.819437552
-63.97972846,0.05646313,0.400256075,0.449896367,10,1.951363846
-74.21924512,0.078376143,0.703391365,0.105471071,10,-7.80222031
-68.00238887,0.035127255,0.440650519,0.405035357,10,2.116750335
-50.34760396,0.645434048,0.744506944,0.070138902,10,-58.91389088
-69.01343597,0.031140656,0.456363611,0.386897046,10,2.079742023
-70.29704255,0.026730936,0.480603309,0.359271294,10,1.994099767
-74.16307964,0.01677922,0.582823617,0.244769296,7,1.16200373
-29.73199576,0.890202669,0.752399985,0.074240211,7,-44.64265631
-67.86366378,0.035903104,0.411816657,0.444844019,7,1.870301632
16.69939082,0.987182459,0.668103811,0.164557759,8.5,-52.27898568
-69.42927275,0.250866073,0.722699132,0.085617231,10,-40.46717688
-16.70798412,0.954646097,0.745302727,0.089794096,8.5,-47.16172998
-73.68506835,0.017772132,0.574298355,0.25401901,8.5,1.325109374
-72.85854419,0.019629504,0.553593423,0.275810566,10,1.565379187
-54.54965522,0.149040963,0.401692925,0.433700939,7,4.016200131
28.74531582,0.955609294,0.599845916,0.213894448,8.5,-33.22609712
-64.57298368,0.053160372,0.380440468,0.48159706,7,1.67498615
-60.0008249,0.088395811,0.389253624,0.457672537,10,1.803538519
-74.53124951,0.016059468,0.606190149,0.217948557,7,1.05192659
-63.47214489,0.059858464,0.397062376,0.453133632,10,1.93994531
-68.26276212,0.03422805,0.417273248,0.438344995,7,1.872446155
-68.69131701,0.032429691,0.437842463,0.411597834,8.5,1.994589818
-65.69641914,0.046511572,0.388657784,0.481969028,7,1.77708675
-64.86382963,0.051105614,0.394896188,0.460660636,8.5,1.861990063
-64.30822104,0.054785719,0.378852083,0.482964343,7,1.649365085
-75.04708432,0.015731933,0.647699641,0.169887001,7,0.830891291
-74.40469408,0.016463072,0.631809943,0.186464039,10,1.125810942
-54.71808999,0.144558353,0.400983837,0.439947695,8.5,4.558299105
-64.16992394,0.383679263,0.731009958,0.078539862,10,-58.18754666
-25.42033336,0.917823674,0.751665113,0.078342045,8.5,-44.74930835
-74.14707199,0.016812747,0.599259765,0.225251547,8.5,1.19501362
-72.88871464,0.019572248,0.539755699,0.293936815,8.5,1.516816066
-74.16657354,0.016798625,0.616479041,0.204039436,10,1.211501975
-63.87039247,0.057708128,0.37660746,0.485925839,7,1.608729198
-62.43820066,0.067731476,0.382264753,0.473633569,8.5,1.703416809
-8.10454786,0.974679304,0.732918076,0.103748136,10,-49.7437413
-70.62925564,0.025703679,0.474017946,0.369682656,8.5,1.880632354
-49.63773821,0.196867223,0.416337155,0.407629158,8.5,14.66212773
-61.16099129,0.078248576,0.380377685,0.47422404,8.5,1.622148098
-54.77800251,0.144967444,0.402472248,0.431766433,8.5,4.161675845
-61.29174283,0.449350821,0.73487743,0.076292551,7,-63.41396569
-74.18455569,0.01673523,0.584099014,0.261816193,7,1.156008301
-52.33713821,0.169447147,0.412758041,0.413223253,10,8.299244777
-56.91924598,0.120419854,0.397353839,0.440882178,10,2.611880258
-64.30937628,0.054839849,0.378867646,0.483368795,7,1.653180007
-57.89508379,0.111816299,0.383751667,0.465656208,7,1.561409027
-58.07042567,0.108763719,0.387549978,0.458792893,8.5,1.883490841
-58.92095047,0.494055039,0.736938663,0.074263611,10,-63.54421452
-70.9737457,0.024700403,0.466695748,0.380327291,7,1.763669638
-59.35704308,0.096137949,0.376186055,0.479889884,7,1.362881894
-58.56214665,0.104519096,0.380026292,0.472358949,7,1.430629195
-73.91676567,0.017280305,0.602024984,0.220434155,10,1.291622378
-65.78983133,0.045991573,0.389519704,0.471311736,7,1.763674117
-70.90240881,0.024838842,0.494354343,0.343525966,10,1.916752883
-63.72739513,0.058139991,0.398679237,0.451589958,10,1.938142647
-62.11640711,0.070630535,0.371370288,0.490686459,7,1.449522767
-71.796864,0.022305934,0.518041938,0.316433653,10,1.779909479
30.5068516,0.917396964,0.570630292,0.231345678,10,-7.998337995
-61.60045309,0.0741099,0.390235355,0.459210059,10,1.806961585
-63.25662414,0.061994523,0.374043924,0.488476765,7,1.554073058
-72.58587347,0.02031789,0.51257385,0.326568565,7,1.526903026
-61.50363983,0.075353488,0.38075829,0.474467946,8.5,1.621997384
-69.60014023,0.029057887,0.466698526,0.375117059,10,2.054325975
-62.91722725,0.06410656,0.384058608,0.47224047,8.5,1.710860185
24.35564365,0.786784034,0.519669687,0.270993543,10,126.4254158
-55.17762297,0.142504167,0.399594004,0.437341686,7,3.177108994
-67.78308313,0.036057009,0.437960302,0.407797913,10,2.077608649
-69.36237676,0.029988183,0.434399153,0.418238307,7,1.859504368
-26.38074308,0.395484011,0.450296794,0.345727121,7,119.6846984
2.924592383,0.986444131,0.711687049,0.127990661,8.5,-52.81954772
-64.88006392,0.050825894,0.406445167,0.443228697,10,2.039039197
-43.42045119,0.748410061,0.749509504,0.069331453,7,-51.97033879
-64.86891105,0.051075116,0.394933697,0.460618854,8.5,1.862371702
-75.0157812,0.01817258,0.665823641,0.149131796,8.5,0.659395836
-62.14188477,0.069647817,0.391377944,0.45855227,10,1.8571187
-21.71839369,0.430641401,0.45696623,0.333740948,10,142.8024433
-73.31642245,0.018571265,0.572486118,0.254137569,10,1.455008086
-63.23377786,0.061533634,0.395981998,0.454320138,10,1.903640097
-62.54115171,0.06693803,0.38255671,0.473390585,8.5,1.711247728
-55.62980359,0.135025415,0.397350808,0.440876214,8.5,3.447988562
-62.65849938,0.0656728,0.393207215,0.456977427,10,1.885454666
-60.7080155,0.082915683,0.371846618,0.487877944,7,1.373866249
-68.03744074,0.03498598,0.441160285,0.404131772,10,2.114989691
-52.83713918,0.164208511,0.411214472,0.416016656,10,7.389900893
-61.1280587,0.079096594,0.371230771,0.48947873,7,1.396523375
-59.75142679,0.090853377,0.389462979,0.457019043,10,1.832975854
-70.0617902,0.027571565,0.447202387,0.403130438,7,1.830251639
-63.20395396,0.062031491,0.38521623,0.471117572,8.5,1.73235665
-41.43545017,0.774106949,0.749983433,0.069140977,7,-50.0438728
-58.85820061,0.100447873,0.384511145,0.464576674,8.5,1.711728444
-54.40856993,0.147565205,0.406186585,0.424744455,10,4.96408917
-74.12147729,0.016861525,0.597753114,0.226949862,8.5,1.202657171
-71.5875606,0.022874809,0.512083792,0.323296071,10,1.814120837
-57.14552642,0.120623895,0.389659507,0.454768507,7,1.608077202
-74.93777903,0.042844504,0.69344221,0.117819024,8.5,-2.366125682
-64.6089521,0.052719125,0.393065449,0.463428634,8.5,1.848508905
-73.27531883,0.018664184,0.570665282,0.256211863,10,1.466654793
-48.21267878,0.68004018,0.746256224,0.069912338,7,-57.14018083
-63.44041802,0.060352056,0.386270719,0.470001241,8.5,1.751418055
-52.17570983,0.171786097,0.410179492,0.41832119,8.5,8.537122058
-70.32570435,0.026618874,0.481298365,0.358444672,10,1.981987968
-64.77270187,0.051885362,0.381754226,0.479948676,7,1.686054042
-57.60390098,0.112832271,0.394430009,0.446170537,10,2.336584475
-58.44544139,0.103982948,0.392174527,0.450658389,10,2.00679636
4.474469002,0.987048879,0.707380013,0.131434033,8.5,-53.07231701
-59.51630438,0.093179704,0.389811463,0.456079315,10,1.851064673
-63.22960013,0.061848168,0.38532588,0.470958759,8.5,1.734275379
-52.10535699,0.172003219,0.40930574,0.419750005,8.5,8.829626622
-41.37997876,0.774900686,0.750462085,0.069315789,7,-49.96757977
-46.613964,0.703779518,0.763834003,0.07679292,8.5,-55.85361622
-66.4573325,0.042208938,0.421453434,0.426518372,10,2.091093031
-62.78859214,0.065036059,0.383487799,0.472545824,8.5,1.711073649
-65.1618732,0.049562379,0.384468928,0.476977748,7,1.719328823
-46.55118469,0.70426502,0.74781287,0.069591742,8.5,-55.0108044
-54.97771424,0.142333337,0.400652764,0.435508889,8.5,4.064359585
-65.64876626,0.046584204,0.401271153,0.45351654,8.5,1.915973811
-56.90315233,0.120492881,0.397142458,0.441075043,10,2.651776875
-72.99575699,0.01931814,0.543909138,0.289187942,8.5,1.493304808
-70.4743715,0.026143765,0.484544327,0.354781846,10,1.964287429
-73.57800946,0.017995951,0.584596787,0.240318707,10,1.385954983
-74.57553471,0.06638545,0.701032349,0.108868588,8.5,-6.051203796
-57.3863796,0.115070244,0.395553554,0.451490697,10,2.475222438
-59.62450878,0.092693066,0.382247483,0.469180358,8.5,1.628676163
-66.49398042,0.042313054,0.396006115,0.46422457,7,1.818422345
-62.14132801,0.070466364,0.371378185,0.490662156,7,1.457414659
-61.58833909,0.441722096,0.734454465,0.07642529,8.5,-62.58037131
-68.52624981,0.033075588,0.435279578,0.414438988,8.5,2.000231012
-67.71867692,0.036435501,0.423921793,0.427319555,8.5,1.996740655
-71.55122335,0.022975022,0.511076869,0.324447738,10,1.819977085
-49.19919977,0.202899267,0.417164423,0.406385038,7,15.53766866
-70.50461782,0.026091964,0.471321683,0.3729788,8.5,1.887958989
-74.81990661,0.016053857,0.646328162,0.171515481,8.5,0.940722124
-64.51773256,0.05322369,0.392454432,0.463387545,8.5,1.835517528
-67.75143564,0.036389957,0.410364302,0.44655389,7,1.867688361
-56.82774187,0.123851075,0.390231124,0.453821173,7,1.940440503
-63.03318831,0.063268404,0.384513952,0.471735015,8.5,1.719167149
-73.56336195,0.018034955,0.568429287,0.278824717,8.5,1.356842982
-72.79356395,0.019815334,0.519903805,0.317877494,7,1.490599143
-26.66318058,0.91057014,0.75357945,0.077694236,8.5,-44.58205903
-74.70389753,0.058805067,0.699175632,0.111256484,8.5,-4.823539973
-64.50890939,0.053082317,0.403806553,0.446019959,10,1.993080499
-69.00759427,0.03117073,0.456311631,0.3870223,10,2.075082504
-59.29384458,0.095992979,0.383124764,0.46734176,8.5,1.656080727
-72.493306,0.020532483,0.525393661,0.310336301,8.5,1.605161178
-72.72240966,0.019985891,0.517347934,0.320519808,7,1.502955435
-68.84276958,0.031783253,0.453531957,0.391182533,10,2.087504885
-71.49247015,0.02313586,0.509451297,0.326338055,10,1.830855628
-71.07639102,0.024391464,0.469198903,0.377328578,7,1.747322248
-70.08605136,0.027439404,0.462567163,0.383090449,8.5,1.92451167
-70.32668794,0.026636118,0.481235966,0.358522981,10,1.99107917
-60.6630595,0.082784987,0.380627668,0.473266656,8.5,1.600083615
-64.76709592,0.051689463,0.3941913,0.461444659,8.5,1.854677098
-57.84909892,0.112331341,0.384019163,0.464963359,7,1.570636771
-75.2468146,0.026592136,0.682581308,0.129891224,7,-0.410107905
-63.35968296,0.060655578,0.396417249,0.453820657,10,1.939000368
-64.60602004,0.052675647,0.393056067,0.462702075,8.5,1.842333645
-46.84836273,0.222667114,0.420880961,0.399287568,8.5,23.40442582
-59.62311354,0.09202813,0.389364512,0.456843059,10,1.872835711
-35.36112893,0.841881321,0.753009798,0.070888546,8.5,-45.88241069
-66.97272033,0.039970154,0.401173418,0.457295586,7,1.831652693
-51.07010831,0.185648771,0.414561119,0.410830132,7,10.31149352
-73.72552933,0.017695329,0.559371613,0.27216714,7,1.278999367
-65.90843812,0.045184056,0.403671166,0.450941625,8.5,1.928675941
-65.69669967,0.046171883,0.413748829,0.435115147,10,2.058725817
22.18884222,0.769889295,0.516213005,0.268795741,10,142.8251598
-57.32889212,0.11829131,0.387583959,0.458727934,7,1.677401724
-64.47803428,0.053729794,0.379875748,0.482135096,7,1.663445848
-67.07773669,0.039205043,0.428582367,0.418452838,10,2.105826463
-60.97760035,0.080385152,0.371450461,0.488849628,7,1.374065734
4.237769791,0.9868155,0.706547243,0.130049663,7,-53.13313994
28.99047383,0.948699915,0.594684222,0.214997145,10,-29.40817383
30.48178866,0.906775479,0.56485719,0.234903924,10,0.844314014
-17.47619221,0.952543047,0.74564984,0.088562365,7,-46.72021829
-61.61464377,0.074413748,0.380878535,0.474498425,8.5,1.626984704
-58.7149348,0.101258646,0.391461496,0.452330155,10,1.963051923
-70.22123364,0.02695517,0.479123003,0.360974879,10,1.988353489
-66.57372435,0.041906107,0.396837442,0.462431482,7,1.819621781
-62.07339648,0.070632736,0.381565799,0.474323139,8.5,1.65945486
-67.41182159,0.037706749,0.433042125,0.413554608,10,2.077589534
-74.96070655,0.016948079,0.659351406,0.156640592,8.5,0.804104049
-65.65445569,0.046740983,0.388333757,0.472106854,7,1.756855275
-72.95683331,0.019398755,0.557407227,0.271399885,10,1.545046424
-20.00009904,0.943485278,0.748048901,0.085033976,7,-45.95613579
-21.00445656,0.939338474,0.749102141,0.083641369,8.5,-45.61131487
-60.09777113,0.088709113,0.373420669,0.48473433,7,1.348454218
10.48633958,0.669107847,0.49390143,0.287640854,10,211.6902137
24.84880197,0.973798355,0.6271819,0.192771991,10,-43.83239588
-58.7580689,0.102492925,0.379094242,0.474044225,7,1.405282344
-66.12738338,0.044026436,0.405774906,0.4484921,8.5,1.940050533
-55.3849658,0.137167756,0.403094686,0.430376269,10,3.797785789
-67.05306059,0.0393229,0.428240679,0.418888779,10,2.110435863
-56.49299526,0.125077689,0.398963189,0.437862399,10,2.872958719
-46.1807132,0.231824947,0.424424177,0.393382009,7,25.09944604
-59.60695473,0.093541781,0.375232393,0.480942208,7,1.326618036
-58.7343107,0.101735122,0.384948265,0.463726812,8.5,1.732152912
-67.48128866,0.037598364,0.407039846,0.450486144,7,1.855430266
-68.80039133,0.032015384,0.439662381,0.409402312,8.5,1.981709876
-22.7822851,0.931489537,0.75000655,0.081427229,7,-45.28878861
-66.36983725,0.042773273,0.408161638,0.445640803,8.5,1.956805301
-61.00109272,0.079323813,0.389325596,0.459371548,10,1.801844582
-55.55550358,0.1362164,0.398610121,0.438747086,8.5,3.403045063
-48.09675479,0.212262681,0.418281604,0.408287527,7,19.22248823
-72.42658399,0.020678774,0.537894428,0.293766859,10,1.663529931
-63.52601098,0.059749215,0.386624912,0.469656074,8.5,1.764331935
-62.68304201,0.066228903,0.372310176,0.490109894,7,1.506974
-70.41605523,0.026371522,0.469348943,0.375081733,8.5,1.902253649
-63.47633469,0.060105211,0.386448115,0.46980412,8.5,1.75372409
-53.12672387,0.162030177,0.407377573,0.423247817,8.5,6.728771245
-66.2826639,0.336296358,0.728559255,0.081009494,8.5,-53.64695067
-36.82062628,0.827064176,0.75227909,0.070142688,8.5,-46.5983196
-57.35975054,0.115619777,0.39569958,0.443933693,10,2.393097721
-51.46574974,0.178312816,0.414995881,0.409326263,10,10.11149896
-57.29410211,0.117129606,0.390811266,0.452813417,8.5,2.188048105
-74.81019518,0.015610938,0.626929141,0.193917249,7,0.955946096
24.716563,0.79029018,0.51886486,0.269666098,8.5,123.193282
-54.91151979,0.145431283,0.400849437,0.435114406,7,3.47252516
-55.54783684,0.135382608,0.402472422,0.431568932,10,3.644106446
-74.4937217,0.016175106,0.621443968,0.199746078,8.5,1.084009777
-74.66610183,0.015818343,0.615825056,0.208186327,7,1.008071316
-70.77681,0.025290145,0.462207795,0.385536083,7,1.778394658
-61.59703876,0.074562183,0.380857601,0.474480987,8.5,1.62612073
-60.98779732,0.080370365,0.371436663,0.48895756,7,1.384934755
-33.51044642,0.857720721,0.771008623,0.079811754,10,-44.8284274
-69.00974725,0.031158478,0.456303653,0.387003409,10,2.079758476
30.37061847,0.88422313,0.55226303,0.245245279,7,21.37722661
-57.07272451,0.11875365,0.396787524,0.441879197,10,2.528078376
-67.54976153,0.037076458,0.434528392,0.411715235,10,2.112128601
-73.74582987,0.017635406,0.592968641,0.230706074,10,1.339167808
-67.5860718,0.037008838,0.422173203,0.429551929,8.5,1.997510093
-55.40821808,0.137452268,0.398312771,0.439087024,8.5,3.660316566
-52.46827175,0.168119116,0.412438238,0.413772498,10,8.04199481
-70.18140171,0.027084158,0.47828943,0.361926592,10,1.992334372
-72.67725012,0.020076513,0.531917054,0.302803061,8.5,1.561535634
-48.15254555,0.212263784,0.418353695,0.404238074,7,18.84949374
-68.21293853,0.034262083,0.443760912,0.402263534,10,2.10627735
-71.73985984,0.022473758,0.502000245,0.337051996,8.5,1.732005414
-59.99951572,0.088489011,0.389282462,0.457753367,10,1.811801516
-61.94968278,0.071638153,0.381383084,0.474318065,8.5,1.644669145
-68.63744663,0.032571294,0.450226447,0.393885968,10,2.095122552
-66.38257353,0.042597107,0.420693948,0.42735359,10,2.083531903
-75.07769609,0.023044928,0.677645626,0.135525179,8.5,0.135521926
-65.31267856,0.048486217,0.398379301,0.456789285,8.5,1.896768081
-68.30119964,0.033903472,0.445063634,0.399759246,10,2.104391563
-70.9185629,0.024823204,0.480755821,0.361659603,8.5,1.840657475
-69.88578131,0.02806117,0.472237147,0.368722323,10,2.025852288
-58.99230996,0.09971991,0.377183679,0.477167936,7,1.445160227
-66.30066241,0.043316345,0.394140165,0.465195036,7,1.80258503
-52.18748023,0.17166663,0.410146713,0.41837882,8.5,8.513083621
-71.49144482,0.023197208,0.479651685,0.365288718,7,1.697420087
-53.09499053,0.162786238,0.408350802,0.421386567,8.5,6.667557476
-57.53843558,0.113690373,0.395076685,0.445283956,10,2.316712546
-62.29597495,0.068554837,0.392141492,0.457876337,10,1.839475152
-4.46960088,0.979735059,0.727305633,0.11164214,8.5,-50.83578085
-71.40600166,0.023392183,0.492905144,0.347846838,8.5,1.779503712
-45.34197909,0.237069995,0.424650959,0.392642988,8.5,28.57578025
-73.75893657,0.017610564,0.593645835,0.230109874,10,1.33529946
-73.68465918,0.017767637,0.589858735,0.234302306,10,1.356404158
-47.15165114,0.220332918,0.424256212,0.392912013,10,22.00944225
-52.2697952,0.173017007,0.410085417,0.419146029,7,7.824178389
-75.07751051,0.022969773,0.677528602,0.135658135,8.5,0.143917355
-51.08817534,0.185201516,0.413999717,0.411903915,7,10.3435986
-51.1660879,0.18091749,0.411616821,0.420794718,8.5,11.08285456
-23.43051105,0.92839368,0.750449587,0.080666789,7,-45.15898171
-68.24859957,0.034184176,0.431596796,0.418428496,8.5,1.959926674
-52.5089522,0.168392284,0.409234157,0.419983188,8.5,7.872638646
-71.33953299,0.023568815,0.505370639,0.33098151,10,1.852819284
-60.66743463,0.082744898,0.380624848,0.473277932,8.5,1.600115839
-70.94058603,0.024725197,0.495275238,0.342473103,10,1.911690573
29.46386418,0.862939211,0.544277943,0.249247345,10,43.19739295
-68.41753047,0.033439026,0.446814849,0.397824918,10,2.101894859
-73.34020515,0.018545325,0.54159183,0.292763985,7,1.374017416
-50.9977152,0.18350565,0.413087268,0.413235279,8.5,11.17053575
-74.10571498,0.016915101,0.612824928,0.208018858,10,1.231034561
-54.75417854,0.144876751,0.401794469,0.433095605,8.5,4.289248995
-64.82053875,0.051308646,0.406162729,0.443447323,10,2.018982968
-72.17954218,0.021322616,0.515136292,0.32188631,8.5,1.659384025
-57.43745675,0.524741889,0.73876757,0.073719401,7,-64.53934926
-71.00189032,0.024550319,0.496719592,0.340841727,10,1.908753875
-61.88309138,0.07176153,0.390715325,0.459075003,10,1.840098809
-14.48961732,0.961327032,0.741669308,0.092395245,10,-47.65821797
-21.00502944,0.434480674,0.454967365,0.337404996,8.5,147.9038791
-63.29044231,0.06171973,0.374138153,0.488333149,7,1.557376918
29.61147617,0.944297059,0.589189088,0.220498726,7,-26.4635446
-58.11055714,0.108333375,0.387382281,0.459106246,8.5,1.872124591
-60.44763541,0.084179393,0.388740755,0.459141113,10,1.83597779
-61.13969957,0.079019994,0.371297817,0.489349622,7,1.390251164
-72.01171667,0.021784936,0.494216616,0.347484134,7,1.622822045
-63.4667718,0.06049949,0.37483832,0.487715921,7,1.57266456
-56.01730602,0.130634734,0.395931082,0.449204827,8.5,3.162713424
-61.48380981,0.075018609,0.38976637,0.45965994,10,1.829786902
30.90170013,0.919201653,0.569740213,0.234549644,8.5,-8.900087974
-59.38666635,0.094950439,0.382846572,0.467889153,8.5,1.631432873
-69.06196228,0.264654076,0.724332197,0.0851281,8.5,-43.21808226
-62.95407159,0.064170967,0.373082903,0.489380451,7,1.522497798
-56.03333462,0.1328037,0.394811602,0.446204247,7,2.44837937
-72.55599272,0.150297047,0.714014189,0.094134424,10,-21.43493893
-65.83197202,0.04544144,0.415042846,0.433700801,10,2.064970123
-49.97619271,0.652909364,0.745106876,0.07044211,7,-58.97334721
-62.69596644,0.066120165,0.372381863,0.490150222,7,1.50307898
-75.01073362,0.017974937,0.665081843,0.150054666,8.5,0.684432581
-69.79946915,0.028457171,0.442203883,0.409127334,7,1.843474404
-74.91789868,0.015673785,0.654295854,0.183283587,8.5,0.928659791
-73.39500661,0.018394833,0.576012434,0.250086725,10,1.43476958
-61.6195774,0.073981611,0.390318132,0.459143616,10,1.804855973
-63.73344454,0.05833056,0.387479581,0.468715248,8.5,1.803594103
-54.77060906,0.145037998,0.402463682,0.431706034,8.5,4.174936014
-53.07078554,0.16260767,0.407548859,0.422957624,8.5,6.828037477
-66.81740502,0.04072825,0.39944099,0.459475898,7,1.828440986
-44.89092964,0.728021595,0.748884668,0.069364618,8.5,-53.15118638
-71.41439844,0.023356296,0.507358544,0.328564572,10,1.841382342
30.81249159,0.9264575,0.573967339,0.232468405,7,-14.1568487
-69.5058722,0.029365539,0.465039286,0.37704741,10,2.050928683
-63.17439265,0.062216758,0.384937727,0.480452421,8.5,1.77557279
-59.15103666,0.098293864,0.377133732,0.477445468,7,1.365681318
11.18089109,0.988519373,0.687076977,0.147439889,10,-53.69541757
-61.46355507,0.075630729,0.380561042,0.474621061,8.5,1.633973493
-57.72870539,0.111517299,0.394062845,0.446962981,10,2.282696964
-64.54110433,0.053079768,0.392391914,0.46323995,8.5,1.861390167
-72.16732009,0.021382855,0.498819774,0.343917511,7,1.608262343
-60.20091364,0.087686673,0.373136757,0.485409121,7,1.344572408
-72.56484153,0.020351019,0.527937128,0.307610466,8.5,1.584194097
-66.22317549,0.043696756,0.393446814,0.476728538,7,1.804812106
-68.47052588,0.277778699,0.724559831,0.083854506,10,-44.85693635
-55.61883804,0.137380339,0.396818264,0.442245683,7,2.81344623
-60.88102734,0.080703728,0.380126342,0.474169292,8.5,1.644810136
-58.90427588,0.10085524,0.378236322,0.475613473,7,1.394577349
-67.62121872,0.036757973,0.43542582,0.410960024,10,2.117611065
-39.49371905,0.28864707,0.436170943,0.371633361,10,52.64115423
-71.19119681,0.024021357,0.487352295,0.354271947,8.5,1.812054029
-57.88486617,0.112004245,0.384014265,0.464957273,7,1.53853333
-59.62044942,0.092654507,0.382149908,0.469417982,8.5,1.634144744
-67.3662565,0.037998787,0.419454816,0.432695598,8.5,1.988341775
-64.38982262,0.053802157,0.403110122,0.458053079,10,1.988953138
-74.83094797,0.018915038,0.666655121,0.146880023,10,0.72087272
-57.19240087,0.118294303,0.391408534,0.451691201,8.5,2.219430516
-66.15211855,0.043747797,0.418227968,0.430112099,10,2.079459449
-57.76144154,0.113337095,0.384805684,0.463780779,7,1.553711848
-74.56077991,0.016007361,0.608247427,0.214720097,7,1.042224494
-72.19929504,0.021300339,0.499811152,0.342761785,7,1.603085745
-63.57755132,0.05914672,0.397822914,0.452421239,10,1.926131059
-64.58924393,0.053027231,0.380581761,0.481502835,7,1.670706438
-67.7909482,0.036039944,0.437774489,0.408098626,10,2.110904976
-62.2119682,0.069159066,0.391862012,0.458117128,10,1.831184425
-57.43278025,0.115667962,0.39032751,0.453663785,8.5,2.109578318
-74.73854852,0.015959642,0.639625125,0.17906821,8.5,0.98572485
-56.0904088,0.130024922,0.395434264,0.44428298,8.5,3.035322436
-61.91886132,0.071889723,0.381327631,0.474345646,8.5,1.642879347
-59.97165828,0.088734182,0.389252285,0.457710364,10,1.818208923
-65.61876355,0.046748936,0.401009218,0.453866897,8.5,1.913782719
-71.24120916,0.023876527,0.488656994,0.353210215,8.5,1.801418283
-73.18896447,0.01888618,0.535229858,0.299597927,7,1.407342456
7.320616849,0.647233259,0.490626417,0.290766489,7,216.3569971
-73.31183299,0.018609151,0.540403173,0.29428746,7,1.378009963
-64.11811964,0.055549655,0.400884834,0.449231553,10,1.992607667
-60.91298023,0.080030297,0.389269543,0.459382193,10,1.790109019
-63.76942455,0.058430979,0.376083136,0.486424322,7,1.607303741
23.28720025,0.978498231,0.636594532,0.186308864,10,-46.71265529
-74.33919699,0.016518723,0.627393655,0.191414369,10,1.153203717
-44.91073001,0.240910702,0.425244576,0.391584688,8.5,30.23485366
-26.69380009,0.392060297,0.450946429,0.34386475,10,117.5144163
-1.994841164,0.982476932,0.72251375,0.116855296,8.5,-51.60862112
-70.34322015,0.026650118,0.45288523,0.396488832,7,1.809976905
-71.36073151,0.023510537,0.505921213,0.330270152,10,1.850565733
-67.62367539,0.036758073,0.435808615,0.41042171,10,2.078433776
-62.90523831,0.06454229,0.372925233,0.48956231,7,1.520892296
-66.48851864,0.042063732,0.421668517,0.426296532,10,2.106757841
-57.60413145,0.113001434,0.394876401,0.445490674,10,2.284846676
-13.48208677,0.963802668,0.740715442,0.094226088,10,-47.9771257
-40.41428801,0.282386926,0.433140717,0.377390963,7,48.64839818
-59.17583825,0.098008651,0.37722444,0.477411949,7,1.328066848
1.874491457,0.602273701,0.480328498,0.302976983,8.5,222.7234728
-55.20156099,0.564369266,0.740803637,0.072396299,8.5,-63.31169299
-67.98681731,0.035281609,0.427499728,0.423509285,8.5,2.002015192
-55.38578189,0.137995684,0.399155499,0.437797343,8.5,3.592752607
-63.10432273,0.062471533,0.395385812,0.454877395,10,1.891023834
-52.01112281,0.173454191,0.410634534,0.417521215,8.5,8.877445824
-67.94024762,0.035582966,0.412861187,0.443579543,7,1.868696234
-73.81107303,0.017489417,0.596356068,0.226943687,10,1.321258499
-59.18201743,0.097934625,0.376892889,0.478081715,7,1.375271173
-72.83302682,0.019718306,0.521391194,0.316623607,7,1.479609621
-72.54028628,0.020394494,0.541871153,0.288940574,10,1.636294637
-74.72369038,0.015725771,0.620152359,0.201815715,7,0.988161451
-55.60133611,0.137942861,0.397809231,0.440401023,7,2.716515771
-64.20896137,0.055424222,0.378173265,0.48403633,7,1.653835416
-65.1612148,0.049345314,0.397035282,0.468654871,8.5,1.915807748
-16.26078981,0.469427321,0.459670837,0.330182054,8.5,171.0127342
-67.49586804,0.03740851,0.421025674,0.430899476,8.5,1.995796954
-74.57236476,0.016461639,0.643777192,0.172847071,10,1.051590835
-65.2080438,0.049084456,0.397551454,0.457972389,8.5,1.887355259
-63.01801819,0.063110528,0.394982474,0.455286811,10,1.886194256
-74.75272591,0.015682636,0.622388628,0.198935898,7,0.977683277
-70.78562193,0.025262361,0.462457571,0.384720183,7,1.772946058
-59.49706862,0.093768453,0.382472377,0.475686192,8.5,1.69845135
-62.39264511,0.068469508,0.371789583,0.490659918,7,1.474359438
-71.61159152,0.022833387,0.498440307,0.341620108,8.5,1.749477395
-24.20989793,0.924457006,0.74989952,0.079305253,7,-45.08438402
-65.59255112,0.047093884,0.387819988,0.472956982,7,1.753063411
-63.28355217,0.061431122,0.385541015,0.470978709,8.5,1.739297868
-61.06131142,0.078762452,0.389431398,0.460079372,10,1.797229779
-56.2488511,0.127731183,0.399901525,0.436674019,10,3.051777558
-70.19494723,0.027072929,0.46489833,0.380235656,8.5,1.903622216
-20.35403982,0.942021828,0.749991794,0.085185677,8.5,-45.71734345
-64.87884708,0.050830503,0.406638432,0.44306597,10,2.014727733
-55.92008402,0.13224007,0.397070188,0.441493152,8.5,3.068686958
-46.40819303,0.227247398,0.425568836,0.390572361,10,24.50576086
-75.03745336,0.015671499,0.646704124,0.171079685,7,0.843206414
5.969479048,0.635597826,0.488515985,0.29256583,10,218.6994017
-59.24444995,0.095741427,0.389895864,0.45541252,10,1.921057298
29.19466077,0.949684536,0.594139046,0.21721853,7,-29.9571621
-58.36384665,0.106759605,0.381369746,0.470002334,7,1.433957667
-74.63438233,0.016604975,0.648630036,0.167362789,10,1.007540036
-64.1354657,0.055445239,0.401224712,0.448786506,10,1.96650931
-71.02981475,0.024493167,0.483360656,0.358883335,8.5,1.83343961
-71.9539238,0.02189646,0.522653635,0.311184441,10,1.758590968
-23.47712855,0.928047498,0.749979537,0.080002207,10,-45.04211009
-70.85762002,0.024972638,0.493271159,0.345055051,10,1.923942921
-57.00403223,0.120358037,0.39226128,0.45014206,8.5,2.315764699
-69.60880844,0.02901915,0.453613937,0.392985914,8.5,1.93467012
-70.77761189,0.025212823,0.49141421,0.346958434,10,1.930652831
-48.14717522,0.210902576,0.422346075,0.396318118,10,18.86201517
-61.30051033,0.077569004,0.371177952,0.490332241,7,1.398767689
-67.65522628,0.036823502,0.409189723,0.447587009,7,1.860831573
-52.3608298,0.169133648,0.412547133,0.413668807,10,8.279073543
-67.35569082,0.037948216,0.432083904,0.41459634,10,2.104087787
-62.28641586,0.06889483,0.381727369,0.474184025,8.5,1.708359748
-58.47121763,0.104441431,0.386015253,0.461610519,8.5,1.756208927
-58.68536738,0.102246045,0.385125737,0.463383971,8.5,1.740844422
-62.20933451,0.06954889,0.381923518,0.474003179,8.5,1.660838139
-67.45542217,0.037605299,0.420568257,0.431401765,8.5,1.990065605
-72.61049472,0.020241442,0.529538059,0.305723934,8.5,1.575155612
-59.26126336,0.097210485,0.376850028,0.478165517,7,1.338105653
-60.21537124,0.087556924,0.372993581,0.485454939,7,1.35875574
-68.67943502,0.032566689,0.423381436,0.431254669,7,1.871367843
-70.46900124,0.02616431,0.484400474,0.354968166,10,1.967663786
-64.37151645,0.054132799,0.39134664,0.474460464,8.5,1.860898973
-55.06880504,0.142749352,0.398396711,0.44399931,7,3.594912869
3.910501919,0.617247489,0.482840757,0.300299881,8.5,223.2772157
-73.83269551,0.017458006,0.581796294,0.245365334,8.5,1.285210761
-61.8497146,0.072401765,0.381056934,0.474561328,8.5,1.652754101
-59.17423431,0.097204585,0.383480557,0.466619446,8.5,1.669032683
-73.53558605,0.018095928,0.567088498,0.262363796,8.5,1.365329233
-7.335928379,0.975800732,0.731883103,0.10585501,7,-49.98729576
-57.67198981,0.112882298,0.388740169,0.456405338,8.5,2.073744063
-52.30338214,0.169819304,0.412892918,0.41297189,10,8.359819114
-75.08271591,0.022822273,0.677543007,0.135804537,8.5,0.18328498
-70.03899545,0.027558602,0.461796696,0.38352525,8.5,1.910665312
-52.0165847,0.172397067,0.41291409,0.412943611,10,9.04165216
-65.14122142,0.049677444,0.384295917,0.47707552,7,1.719290833
-60.8890365,0.081254989,0.371553395,0.488614513,7,1.38105756
-60.21202528,0.086406446,0.389125307,0.458240005,10,1.796626616
-61.21111467,0.078407854,0.371237285,0.489279626,7,1.394894514
-72.35046203,0.020885225,0.520671209,0.315781793,8.5,1.625635164
-50.80595651,0.18550789,0.413747435,0.412045618,8.5,11.6076044
-42.83609288,0.75624988,0.749895581,0.06935602,7,-51.22247484
21.80367845,0.981064169,0.644144026,0.180506343,10,-48.51090163
-72.81783519,0.019739067,0.537052089,0.296952526,8.5,1.534253877
-49.08050817,0.204289591,0.417880763,0.404992735,7,15.80892017
-62.21564806,0.069498827,0.381937916,0.473974409,8.5,1.661217491
-30.78703304,0.358614782,0.443328984,0.357870332,8.5,97.15650686
-28.48597367,0.898601531,0.75219441,0.075406653,7,-44.54634377
-74.78078485,0.01781425,0.66140872,0.152982665,10,0.838097762
-60.4107262,0.084518801,0.388741205,0.459075605,10,1.836830592
25.51904445,0.97118707,0.622837086,0.195870321,10,-42.28186991
-70.09918835,0.027395284,0.462766503,0.382687451,8.5,1.92983021
-58.47937109,0.103707803,0.392113098,0.450993243,10,2.010453556
-8.986272302,0.973056254,0.735199057,0.102886978,8.5,-49.49937217
-63.96462426,0.05677053,0.38895479,0.466982877,8.5,1.797415027
-74.22555153,0.016661749,0.603987045,0.221274721,8.5,1.170943727
-9.902348828,0.971499847,0.736619879,0.101192832,8.5,-49.07086418
-67.95669559,0.035319244,0.440031477,0.405462262,10,2.11411912
-17.58933992,0.95208775,0.747569391,0.089152717,8.5,-46.47973785
-59.97302367,0.088725795,0.389273113,0.457834816,10,1.816737802
-65.54321579,0.047003548,0.412348776,0.436694959,10,2.047682629
-56.93172811,0.12115122,0.392589333,0.449547597,8.5,2.355202006
-57.82805113,0.11059923,0.394118021,0.446950346,10,2.200121911
-74.39412858,0.016472076,0.631089098,0.187273828,10,1.130209635
-74.30909396,0.016565989,0.625436642,0.19382273,10,1.162933606
-74.29423454,0.016515429,0.590705809,0.235173319,7,1.124264695
-61.66993331,0.074407117,0.371070369,0.490383423,7,1.42466114
-69.36317512,0.029993388,0.434389694,0.417715613,7,1.861503101
-71.28060329,0.023795303,0.474221857,0.371432622,7,1.723938809
-74.090513,0.016940546,0.611923488,0.209437786,10,1.236184345
-55.84511042,0.553041533,0.740548798,0.072834957,8.5,-63.63297285
